property_id,year_built,base_price,address,town,state,property_style,total_units,owned_at_start,acquisition_basis,acquisition_date
1,1900,919889.50,M_242654_912103,Lynn,MA,Three-Family Residential,3,,,
2,1900,997403.31,M_242668_912086,Lynn,MA,Two-Family Residential,2,,,
3,1910,978386.74,M_242364_912491,Lynn,MA,Two-Family Residential,2,,,
4,1915,943889.50,M_242379_912492,Lynn,MA,Two-Family Residential,2,,,
5,1900,720121.55,M_242375_912411,Lynn,MA,Two-Family Residential,2,,,
6,1880,727414.36,M_242377_912375,Lynn,MA,Two-Family Residential,2,,,
7,1920,983867.40,M_242407_912496,Lynn,MA,Three-Family Residential,3,,,
8,1920,796795.58,M_242436_912486,Lynn,MA,Two-Family Residential,2,,,
9,1800,759524.86,M_242072_912322,Lynn,MA,Two-Family Residential,2,,,
10,1933,644232.04,M_242079_912334,Lynn,MA,Two-Family Residential,3,,,
11,1837,891845.30,M_242080_912351,Lynn,MA,Two-Family Residential,2,,,
12,1910,960110.50,M_242096_912367,Lynn,MA,Three-Family Residential,3,,,
13,1983,790718.23,M_242272_912440,Lynn,MA,Two-Family Residential,2,,,
14,1920,1010629.83,M_242293_912493,Lynn,MA,Two-Family Residential,2,,,
15,1880,889149.17,M_242237_912432,Lynn,MA,Two-Family Residential,2,,,
16,1986,715337.02,M_242243_912410,Lynn,MA,Two-Family Residential,2,,,
17,1806,794265.19,M_242111_912386,Lynn,MA,Two-Family Residential,2,,,
18,1920,903524.86,M_242482_912548,Lynn,MA,Two-Family Residential,3,,,
19,1900,778232.04,M_242327_912532,Lynn,MA,Two-Family Residential,2,,,
20,1900,816464.09,M_242283_912560,Lynn,MA,Three-Family Residential,3,,,
21,1910,727690.61,M_242255_912585,Lynn,MA,Two-Family Residential,2,,,
22,1900,612033.15,M_242253_912600,Lynn,MA,Two-Family Residential,2,,,
23,1900,746475.14,M_242247_912532,Lynn,MA,Two-Family Residential,2,,,
24,1910,897259.67,M_242099_912480,Lynn,MA,Two-Family Residential,2,,,
25,2022,1589392.27,M_242124_912545,Lynn,MA,Two-Family Residential,2,,,
26,1950,1958563.54,M_242155_912565,Lynn,MA,Two-Family Residential,2,,,
27,1991,800110.50,M_242020_912445,Lynn,MA,Two-Family Residential,2,,,
28,1991,840662.98,M_242002_912482,Lynn,MA,Two-Family Residential,2,,,
29,1900,840475.14,M_242032_912475,Lynn,MA,Two-Family Residential,2,,,
30,1929,933690.61,M_242205_912603,Lynn,MA,Two-Family Residential,2,,,
31,1983,832928.18,M_241776_913153,Lynn,MA,Two-Family Residential,2,,,
32,1976,54793922.65,M_242007_913222,Lynn,MA,Affordable Housing Units (Greater than 50% of the units qualify),4,,,
33,1984,764464.09,M_242092_913404,Lynn,MA,Two-Family Residential,2,,,
34,1984,772574.59,M_242102_913386,Lynn,MA,Two-Family Residential,2,,,
35,1984,792950.28,M_242120_913402,Lynn,MA,Two-Family Residential,2,,,
36,1900,695911.60,M_241952_913797,Lynn,MA,Two-Family Residential,2,,,
37,1948,889480.66,M_241788_913631,Lynn,MA,Two-Family Residential,2,,,
38,1975,674254.14,M_241815_913578,Lynn,MA,Two-Family Residential,2,,,
39,1975,709613.26,M_241812_913616,Lynn,MA,Two-Family Residential,2,,,
40,1975,770828.73,M_241839_913599,Lynn,MA,Two-Family Residential,2,,,
41,1890,683016.57,M_241635_913710,Lynn,MA,Two-Family Residential,2,,,
42,1983,1071933.70,M_241632_913644,Lynn,MA,Two-Family Residential,2,,,
43,1880,849812.15,M_241876_913876,Lynn,MA,Two-Family Residential,2,,,
44,1875,894740.33,M_243476_912056,Lynn,MA,Two-Family Residential,2,,,
45,1900,687734.81,M_243413_911974,Lynn,MA,Two-Family Residential,2,,,
46,1900,977569.06,M_243347_911921,Lynn,MA,Three-Family Residential,3,,,
47,1890,654828.73,M_243427_911988,Lynn,MA,Two-Family Residential,2,,,
48,1916,684408.84,M_243099_911652,Lynn,MA,Two-Family Residential,2,,,
49,1900,766618.78,M_243071_911718,Lynn,MA,Two-Family Residential,2,,,
50,1905,704950.28,M_243168_911816,Lynn,MA,Two-Family Residential,2,,,
51,1900,712486.19,M_243179_911827,Lynn,MA,Three-Family Residential,3,,,
52,1910,823049.72,M_243205_911852,Lynn,MA,Two-Family Residential,2,,,
53,1900,918674.03,M_243215_911862,Lynn,MA,Three-Family Residential,3,,,
54,1850,735248.62,M_243226_911873,Lynn,MA,Three-Family Residential,3,,,
55,1901,1744640.88,M_243254_911890,Lynn,MA,Apartments with Four to Eight Units,6,,,
56,1870,811558.01,M_243184_911799,Lynn,MA,Two-Family Residential,2,,,
57,1870,899116.02,M_243142_911756,Lynn,MA,Three-Family Residential,3,,,
58,1900,867845.30,M_243131_911745,Lynn,MA,Three-Family Residential,3,,,
59,1920,1039834.25,M_243089_911702,Lynn,MA,Apartments with Four to Eight Units,2,,,
60,1900,824861.88,M_243079_911690,Lynn,MA,Three-Family Residential,3,,,
61,1890,912486.19,M_243057_911668,Lynn,MA,Three-Family Residential,3,,,
62,1900,640541.44,M_243237_911914,Lynn,MA,Two-Family Residential,2,,,
63,1910,955359.12,M_243262_911922,Lynn,MA,Three-Family Residential,3,,,
64,1900,953701.66,M_242952_911726,Lynn,MA,Apartments with Four to Eight Units,4,,,
65,1900,835591.16,M_242955_911767,Lynn,MA,Two-Family Residential,2,,,
66,1875,768265.19,M_242975_911758,Lynn,MA,Two-Family Residential,2,,,
67,1870,714441.99,M_243090_911796,Lynn,MA,Two-Family Residential,2,,,
68,1900,700972.38,M_243073_911813,Lynn,MA,Two-Family Residential,2,,,
69,1930,786099.45,M_243054_911802,Lynn,MA,Two-Family Residential,2,,,
70,1920,767027.62,M_243053_911774,Lynn,MA,Two-Family Residential,2,,,
71,1925,908762.43,M_243024_911788,Lynn,MA,Two-Family Residential,2,,,
72,1880,1052154.70,M_242982_911646,Lynn,MA,Apartments with Four to Eight Units,6,,,
73,1900,901325.97,M_242994_911636,Lynn,MA,Apartments with Four to Eight Units,6,,,
74,1900,732784.53,M_243551_911862,Lynn,MA,Two-Family Residential,2,,,
75,1910,849613.26,M_243557_911931,Lynn,MA,Three-Family Residential,3,,,
76,1900,969723.76,M_243564_911922,Lynn,MA,Three-Family Residential,3,,,
77,1910,943867.40,M_243541_911959,Lynn,MA,Three-Family Residential,3,,,
78,1870,979911.60,M_243517_911988,Lynn,MA,Two-Family Residential,2,,,
79,1900,755469.61,M_243424_911923,Lynn,MA,Three-Family Residential,3,,,
80,2004,981215.47,M_243349_912099,Lynn,MA,Two-Family Residential,2,,,
81,1925,885082.87,M_243404_912126,Lynn,MA,Three-Family Residential,3,,,
82,1900,728022.10,M_243415_912132,Lynn,MA,Two-Family Residential,2,,,
83,1920,782276.24,M_243428_912139,Lynn,MA,Two-Family Residential,2,,,
84,1890,1016353.59,M_243441_912146,Lynn,MA,Three-Family Residential,3,,,
85,1890,963425.41,M_243454_912154,Lynn,MA,Three-Family Residential,3,,,
86,1900,904198.90,M_243434_912108,Lynn,MA,Three-Family Residential,3,,,
87,1908,852044.20,M_243424_912103,Lynn,MA,Three-Family Residential,3,,,
88,1923,838563.54,M_243389_912122,Lynn,MA,Three-Family Residential,3,,,
89,1923,575679.56,M_243396_912112,Lynn,MA,Two-Family Residential,2,,,
90,1890,825193.37,M_243394_912195,Lynn,MA,Two-Family Residential,2,,,
91,1925,844972.38,M_243434_912200,Lynn,MA,Three-Family Residential,3,,,
92,1903,1336574.59,M_243421_912193,Lynn,MA,Apartments with Four to Eight Units,6,,,
93,1925,887955.80,M_243395_912173,Lynn,MA,Three-Family Residential,3,,,
94,1925,1222541.44,M_243377_912167,Lynn,MA,Apartments with Four to Eight Units,4,,,
95,1900,954806.63,M_243362_912157,Lynn,MA,Three-Family Residential,3,,,
96,1890,971933.70,M_243343_912136,Lynn,MA,Three-Family Residential,3,,,
97,1880,679613.26,M_243342_912144,Lynn,MA,Two-Family Residential,2,,,
98,1900,1101878.45,M_243447_912207,Lynn,MA,Three-Family Residential,3,,,
99,1900,950497.24,M_243423_912240,Lynn,MA,Three-Family Residential,3,,,
100,1900,660541.44,M_243412_912232,Lynn,MA,Two-Family Residential,2,,,
101,1890,950386.74,M_243347_912309,Lynn,MA,Three-Family Residential,3,,,
102,1900,714176.80,M_243384_912273,Lynn,MA,Two-Family Residential,2,,,
103,1900,921325.97,M_243380_912255,Lynn,MA,Two-Family Residential,2,,,
104,1900,685314.92,M_243350_912254,Lynn,MA,Two-Family Residential,2,,,
105,1900,712640.88,M_243336_912246,Lynn,MA,Two-Family Residential,2,,,
106,1910,961325.97,M_243307_912383,Lynn,MA,Three-Family Residential,3,,,
107,1910,780552.49,M_243349_912401,Lynn,MA,Three-Family Residential,3,,,
108,1900,892265.19,M_243319_912330,Lynn,MA,Three-Family Residential,3,,,
109,1950,670055.25,M_243296_912313,Lynn,MA,Two-Family Residential,2,,,
110,1890,860850.83,M_243298_912218,Lynn,MA,Two-Family Residential,2,,,
111,1900,826419.89,M_243299_912201,Lynn,MA,Two-Family Residential,2,,,
112,1905,925558.01,M_243072_912149,Lynn,MA,Two-Family Residential,2,,,
113,1905,820762.43,M_243059_912156,Lynn,MA,Two-Family Residential,2,,,
114,1900,728740.33,M_243057_912263,Lynn,MA,Two-Family Residential,2,,,
115,1929,782817.68,M_243137_912347,Lynn,MA,Two-Family Residential,2,,,
116,1929,869071.82,M_243137_912362,Lynn,MA,Two-Family Residential,2,,,
117,1929,756972.38,M_243135_912377,Lynn,MA,Two-Family Residential,2,,,
118,1929,792685.08,M_243133_912393,Lynn,MA,Two-Family Residential,2,,,
119,1900,998674.03,M_243133_912411,Lynn,MA,Three-Family Residential,3,,,
120,1905,937259.67,M_243130_912445,Lynn,MA,Two-Family Residential,2,,,
121,1880,794806.63,M_243080_912423,Lynn,MA,Two-Family Residential,2,,,
122,1920,1041325.97,M_243082_912408,Lynn,MA,Three-Family Residential,3,,,
123,1908,697337.02,M_243058_912301,Lynn,MA,Two-Family Residential,2,,,
124,1880,712707.18,M_243041_912300,Lynn,MA,Three-Family Residential,3,,,
125,1900,715248.62,M_243047_912314,Lynn,MA,Three-Family Residential,3,,,
126,1920,903867.40,M_243044_912390,Lynn,MA,Three-Family Residential,3,,,
127,1920,842121.55,M_243077_912303,Lynn,MA,Two-Family Residential,2,,,
128,1900,1067955.80,M_242997_912368,Lynn,MA,Three-Family Residential,3,,,
129,1900,723734.81,M_242998_912353,Lynn,MA,Two-Family Residential,2,,,
130,1920,867513.81,M_242997_912338,Lynn,MA,Three-Family Residential,3,,,
131,1900,841988.95,M_243003_912324,Lynn,MA,Three-Family Residential,3,,,
132,1890,972375.69,M_242972_912297,Lynn,MA,Three-Family Residential,3,,,
133,1900,872154.70,M_242970_912351,Lynn,MA,Three-Family Residential,3,,,
134,1880,851756.91,M_242950_912287,Lynn,MA,Two-Family Residential,2,,,
135,1900,1010055.25,M_242924_912345,Lynn,MA,Three-Family Residential,3,,,
136,1900,982541.44,M_242842_912323,Lynn,MA,Two-Family Residential,2,,,
137,1900,920220.99,M_242893_912323,Lynn,MA,Three-Family Residential,3,,,
138,1920,889359.12,M_242912_912301,Lynn,MA,Two-Family Residential,2,,,
139,1900,710243.09,M_242910_912272,Lynn,MA,Two-Family Residential,2,,,
140,1924,817127.07,M_242899_912279,Lynn,MA,Three-Family Residential,3,,,
141,1920,1101988.95,M_242890_912287,Lynn,MA,Three-Family Residential,3,,,
142,1900,935690.61,M_242877_912298,Lynn,MA,Three-Family Residential,3,,,
143,1900,1521878.45,M_242863_912310,Lynn,MA,Apartments with Four to Eight Units,6,,,
144,1905,844640.88,M_243473_912083,Lynn,MA,Three-Family Residential,3,,,
145,1900,881325.97,M_243492_912082,Lynn,MA,Three-Family Residential,3,,,
146,1900,1036906.08,M_243399_912043,Lynn,MA,Three-Family Residential,4,,,
147,1900,647071.82,M_243417_912061,Lynn,MA,Two-Family Residential,2,,,
148,1900,860662.98,M_243085_912083,Lynn,MA,Three-Family Residential,3,,,
149,1900,906629.83,M_243096_912073,Lynn,MA,Three-Family Residential,3,,,
150,1884,722430.94,M_242997_912155,Lynn,MA,Two-Family Residential,2,,,
151,1900,1249281.77,M_243005_912137,Lynn,MA,Apartments with Four to Eight Units,4,,,
152,1900,972928.18,M_243017_912125,Lynn,MA,Three-Family Residential,3,,,
153,1900,917237.57,M_243032_912114,Lynn,MA,Three-Family Residential,3,,,
154,1880,836011.05,M_243051_912113,Lynn,MA,Two-Family Residential,2,,,
155,1900,865569.06,M_242898_912140,Lynn,MA,Two-Family Residential,2,,,
156,1900,791944.75,M_242928_912144,Lynn,MA,Two-Family Residential,3,,,
157,1900,845966.85,M_242946_912150,Lynn,MA,Three-Family Residential,3,,,
158,1920,940994.48,M_242696_912063,Lynn,MA,Three-Family Residential,3,,,
159,1920,926077.35,M_242738_912048,Lynn,MA,Three-Family Residential,3,,,
160,1900,792994.48,M_242767_912045,Lynn,MA,Two-Family Residential,2,,,
161,1935,938121.55,M_242789_912048,Lynn,MA,Three-Family Residential,3,,,
162,1935,775325.97,M_242812_912049,Lynn,MA,Two-Family Residential,2,,,
163,1890,736154.70,M_242760_912120,Lynn,MA,Two-Family Residential,2,,,
164,1903,701966.85,M_242804_912128,Lynn,MA,Two-Family Residential,2,,,
165,1900,967624.31,M_242811_912086,Lynn,MA,Three-Family Residential,3,,,
166,1920,799878.45,M_242687_912188,Lynn,MA,Two-Family Residential,2,,,
167,1880,753259.67,M_242716_912184,Lynn,MA,Three-Family Residential,3,,,
168,1920,745977.90,M_242793_912173,Lynn,MA,Two-Family Residential,2,,,
169,1920,823834.25,M_242809_912174,Lynn,MA,Two-Family Residential,2,,,
170,1920,932154.70,M_242853_912177,Lynn,MA,Three-Family Residential,3,,,
171,1920,872375.69,M_242866_912177,Lynn,MA,Three-Family Residential,3,,,
172,1900,876906.08,M_242880_912179,Lynn,MA,Three-Family Residential,3,,,
173,1910,827193.37,M_242892_912180,Lynn,MA,Two-Family Residential,2,,,
174,1915,712375.69,M_242907_912182,Lynn,MA,Two-Family Residential,2,,,
175,1906,821425.41,M_242922_912184,Lynn,MA,Two-Family Residential,2,,,
176,1920,777613.26,M_242936_912187,Lynn,MA,Two-Family Residential,2,,,
177,1920,862430.94,M_242954_912189,Lynn,MA,Three-Family Residential,3,,,
178,1915,968839.78,M_242832_912177,Lynn,MA,Three-Family Residential,3,,,
179,1920,793701.66,M_242772_912171,Lynn,MA,Three-Family Residential,3,,,
180,1880,645027.62,M_242827_912282,Lynn,MA,Two-Family Residential,2,,,
181,1910,814397.79,M_242688_912235,Lynn,MA,Two-Family Residential,2,,,
182,1930,832243.09,M_242761_912279,Lynn,MA,Two-Family Residential,2,,,
183,1910,738331.49,M_243261_912628,Lynn,MA,Two-Family Residential,2,,,
184,1860,626430.94,M_243242_912652,Lynn,MA,Two-Family Residential,2,,,
185,1900,850972.38,M_243125_912581,Lynn,MA,Two-Family Residential,2,,,
186,1880,955580.11,M_243112_912669,Lynn,MA,Two-Family Residential,2,,,
187,1900,888629.83,M_243289_912553,Lynn,MA,Two-Family Residential,2,,,
188,1900,737458.56,M_243081_912653,Lynn,MA,Three-Family Residential,3,,,
189,1926,879469.61,M_243072_912636,Lynn,MA,Two-Family Residential,2,,,
190,1919,922983.43,M_243073_912621,Lynn,MA,Three-Family Residential,3,,,
191,1900,906187.85,M_243074_912606,Lynn,MA,Three-Family Residential,3,,,
192,1894,738464.09,M_243075_912590,Lynn,MA,Two-Family Residential,2,,,
193,1850,629038.67,M_243076_912562,Lynn,MA,Two-Family Residential,2,,,
194,1900,645027.62,M_243078_912551,Lynn,MA,Two-Family Residential,2,,,
195,1911,705900.55,M_243074_912544,Lynn,MA,Two-Family Residential,2,,,
196,1900,719038.67,M_243077_912514,Lynn,MA,Two-Family Residential,2,,,
197,1910,890828.73,M_243079_912439,Lynn,MA,Three-Family Residential,3,,,
198,1900,784795.58,M_243043_912436,Lynn,MA,Two-Family Residential,2,,,
199,1880,845292.82,M_243041_912482,Lynn,MA,Two-Family Residential,2,,,
200,1890,954033.15,M_243041_912513,Lynn,MA,Three-Family Residential,3,,,
201,1916,796066.30,M_243040_912528,Lynn,MA,Two-Family Residential,2,,,
202,1893,775215.47,M_243038_912559,Lynn,MA,Two-Family Residential,2,,,
203,1900,756574.59,M_243037_912605,Lynn,MA,Three-Family Residential,3,,,
204,1964,755823.20,M_242920_912612,Lynn,MA,Two-Family Residential,2,,,
205,1920,837348.07,M_242929_912643,Lynn,MA,Three-Family Residential,3,,,
206,1920,709491.71,M_242957_912587,Lynn,MA,Two-Family Residential,2,,,
207,1930,1171591.16,M_242954_912636,Lynn,MA,Two-Family Residential,2,,,
208,1900,955248.62,M_242970_912640,Lynn,MA,Three-Family Residential,3,,,
209,1900,756232.04,M_242993_912598,Lynn,MA,Two-Family Residential,2,,,
210,1991,891911.60,M_242987_912580,Lynn,MA,Two-Family Residential,2,,,
211,1860,956795.58,M_242983_912520,Lynn,MA,Three-Family Residential,3,,,
212,1880,771734.81,M_242996_912506,Lynn,MA,Two-Family Residential,2,,,
213,1880,923425.41,M_242996_912476,Lynn,MA,Three-Family Residential,3,,,
214,1908,854696.13,M_242994_912453,Lynn,MA,Three-Family Residential,3,,,
215,1910,839226.52,M_243000_912439,Lynn,MA,Three-Family Residential,3,,,
216,1900,657734.81,M_242990_912409,Lynn,MA,Two-Family Residential,2,,,
217,1830,1065303.87,M_242987_912389,Lynn,MA,Three-Family Residential,3,,,
218,1880,807082.87,M_242889_912520,Lynn,MA,Two-Family Residential,2,,,
219,1900,653878.45,M_242891_912546,Lynn,MA,Two-Family Residential,2,,,
220,1966,804419.89,M_242931_912567,Lynn,MA,Two-Family Residential,2,,,
221,1910,782464.09,M_242881_912583,Lynn,MA,Two-Family Residential,2,,,
222,1900,778121.55,M_242878_912596,Lynn,MA,Three-Family Residential,3,,,
223,1900,977348.07,M_242972_912481,Lynn,MA,Three-Family Residential,3,,,
224,1873,939226.52,M_242983_912495,Lynn,MA,Three-Family Residential,3,,,
225,1900,855381.22,M_242917_912471,Lynn,MA,Two-Family Residential,2,,,
226,1880,951602.21,M_242933_912483,Lynn,MA,Three-Family Residential,3,,,
227,1912,916243.09,M_242939_912418,Lynn,MA,Three-Family Residential,3,,,
228,1910,865348.07,M_242936_912407,Lynn,MA,Two-Family Residential,2,,,
229,1900,780331.49,M_242943_912453,Lynn,MA,Two-Family Residential,2,,,
230,1926,903116.02,M_242864_912437,Lynn,MA,Two-Family Residential,2,,,
231,1910,686453.04,M_242929_912366,Lynn,MA,Two-Family Residential,2,,,
232,1920,773480.66,M_242877_912399,Lynn,MA,Three-Family Residential,3,,,
233,1900,826077.35,M_242904_912366,Lynn,MA,Three-Family Residential,3,,,
234,1920,921104.97,M_242869_912351,Lynn,MA,Three-Family Residential,3,,,
235,1860,865790.06,M_242755_912387,Lynn,MA,Two-Family Residential,2,,,
236,1927,734994.48,M_242783_912429,Lynn,MA,Two-Family Residential,2,,,
237,1900,932961.33,M_242807_912444,Lynn,MA,Two-Family Residential,2,,,
238,1900,846662.98,M_242819_912457,Lynn,MA,Two-Family Residential,2,,,
239,1900,1070077.35,M_242808_912368,Lynn,MA,Two-Family Residential,2,,,
240,1900,848729.28,M_242774_912381,Lynn,MA,Three-Family Residential,3,,,
241,1880,749182.32,M_242802_912593,Lynn,MA,Two-Family Residential,2,,,
242,1900,766662.98,M_242814_912600,Lynn,MA,Two-Family Residential,2,,,
243,1900,797281.77,M_242825_912611,Lynn,MA,Two-Family Residential,2,,,
244,1900,930497.24,M_242837_912615,Lynn,MA,Three-Family Residential,3,,,
245,1900,835546.96,M_242844_912573,Lynn,MA,Two-Family Residential,2,,,
246,1880,707226.52,M_242826_912554,Lynn,MA,Two-Family Residential,2,,,
247,1880,787403.31,M_242821_912566,Lynn,MA,Three-Family Residential,3,,,
248,1880,748839.78,M_242815_912579,Lynn,MA,Two-Family Residential,2,,,
249,1910,905381.22,M_242848_912526,Lynn,MA,Two-Family Residential,2,,,
250,1910,715182.32,M_242773_912572,Lynn,MA,Two-Family Residential,2,,,
251,1900,788585.64,M_242782_912578,Lynn,MA,Two-Family Residential,2,,,
252,1880,778519.34,M_242798_912534,Lynn,MA,Two-Family Residential,2,,,
253,1910,813966.85,M_242788_912479,Lynn,MA,Two-Family Residential,2,,,
254,1900,804464.09,M_242633_912522,Lynn,MA,Two-Family Residential,2,,,
255,1900,675535.91,M_242680_912527,Lynn,MA,Two-Family Residential,2,,,
256,1880,769281.77,M_242699_912429,Lynn,MA,Three-Family Residential,3,,,
257,1889,592651.93,M_242691_912440,Lynn,MA,Two-Family Residential,2,,,
258,1900,1133480.66,M_242647_912500,Lynn,MA,Three-Family Residential,3,,,
259,1910,841646.41,M_242734_912493,Lynn,MA,Two-Family Residential,2,,,
260,1900,748121.55,M_242756_912337,Lynn,MA,Two-Family Residential,2,,,
261,1890,1216795.58,M_242771_912319,Lynn,MA,Apartments with Four to Eight Units,5,,,
262,1880,882696.13,M_242792_912310,Lynn,MA,Two-Family Residential,2,,,
263,1880,875745.86,M_242626_912287,Lynn,MA,Two-Family Residential,2,,,
264,1900,757127.07,M_242670_912346,Lynn,MA,Two-Family Residential,2,,,
265,1900,793149.17,M_242687_912353,Lynn,MA,Two-Family Residential,2,,,
266,1880,771977.90,M_242697_912365,Lynn,MA,Two-Family Residential,2,,,
267,1880,740939.23,M_242639_912247,Lynn,MA,Two-Family Residential,2,,,
268,1900,778187.85,M_242609_912257,Lynn,MA,Two-Family Residential,2,,,
269,1892,816430.94,M_242597_912363,Lynn,MA,Two-Family Residential,2,,,
270,1900,770430.94,M_242614_912389,Lynn,MA,Two-Family Residential,2,,,
271,1900,789767.96,M_242624_912400,Lynn,MA,Two-Family Residential,2,,,
272,1900,772817.68,M_242662_912410,Lynn,MA,Three-Family Residential,3,,,
273,1880,799602.21,M_242646_912385,Lynn,MA,Two-Family Residential,2,,,
274,1870,853812.15,M_242638_912372,Lynn,MA,Three-Family Residential,3,,,
275,1900,847171.27,M_242629_912358,Lynn,MA,Two-Family Residential,2,,,
276,1900,808486.19,M_242620_912347,Lynn,MA,Two-Family Residential,2,,,
277,1900,830530.39,M_242609_912335,Lynn,MA,Two-Family Residential,2,,,
278,1890,777458.56,M_242601_912323,Lynn,MA,Two-Family Residential,2,,,
279,1888,758541.44,M_242644_912419,Lynn,MA,Two-Family Residential,2,,,
280,1900,847138.12,M_242590_912448,Lynn,MA,Two-Family Residential,2,,,
281,1910,882640.88,M_242610_912448,Lynn,MA,Two-Family Residential,2,,,
282,1878,863104.97,M_242600_912434,Lynn,MA,Two-Family Residential,5,,,
283,1880,827403.31,M_243209_912754,Lynn,MA,Three-Family Residential,3,,,
284,1900,873149.17,M_243197_912752,Lynn,MA,Three-Family Residential,3,,,
285,1900,960497.24,M_243149_912850,Lynn,MA,Two-Family Residential,2,,,
286,1900,873922.65,M_243151_912834,Lynn,MA,Three-Family Residential,3,,,
287,1900,991049.72,M_243155_912788,Lynn,MA,Three-Family Residential,3,,,
288,1887,787911.60,M_243157_912773,Lynn,MA,Two-Family Residential,2,,,
289,1900,950276.24,M_243156_912746,Lynn,MA,Three-Family Residential,3,,,
290,1915,1005524.86,M_243121_912769,Lynn,MA,Three-Family Residential,3,,,
291,1910,901104.97,M_243121_912784,Lynn,MA,Two-Family Residential,2,,,
292,1910,812983.43,M_243125_912928,Lynn,MA,Two-Family Residential,2,,,
293,1900,818917.13,M_243101_912958,Lynn,MA,Two-Family Residential,2,,,
294,1925,812220.99,M_243052_912943,Lynn,MA,Two-Family Residential,2,,,
295,1900,779403.31,M_243053_912919,Lynn,MA,Two-Family Residential,2,,,
296,1900,971049.72,M_243054_912899,Lynn,MA,Three-Family Residential,3,,,
297,1881,971149.17,M_243062_912819,Lynn,MA,Two-Family Residential,2,,,
298,1927,879292.82,M_243041_912715,Lynn,MA,Two-Family Residential,2,,,
299,1870,756176.80,M_243024_912702,Lynn,MA,Two-Family Residential,2,,,
300,1910,860895.03,M_243030_912748,Lynn,MA,Two-Family Residential,2,,,
301,1915,776961.33,M_243029_912760,Lynn,MA,Two-Family Residential,2,,,
302,1928,1017060.77,M_243020_912832,Lynn,MA,Two-Family Residential,2,,,
303,1930,895215.47,M_243006_912923,Lynn,MA,Two-Family Residential,2,,,
304,1910,841038.67,M_242896_912691,Lynn,MA,Two-Family Residential,2,,,
305,1910,791878.45,M_242909_912695,Lynn,MA,Two-Family Residential,2,,,
306,1910,947867.40,M_242956_912902,Lynn,MA,Two-Family Residential,2,,,
307,1920,863425.41,M_242970_912790,Lynn,MA,Three-Family Residential,3,,,
308,1920,910055.25,M_242972_912774,Lynn,MA,Three-Family Residential,3,,,
309,1920,904419.89,M_242974_912758,Lynn,MA,Three-Family Residential,3,,,
310,1900,886132.60,M_242975_912742,Lynn,MA,Two-Family Residential,2,,,
311,1920,993160.22,M_242979_912723,Lynn,MA,Two-Family Residential,2,,,
312,1925,860994.48,M_242625_912574,Lynn,MA,Three-Family Residential,3,,,
313,1880,919779.01,M_242611_912563,Lynn,MA,Three-Family Residential,3,,,
314,1930,930729.28,M_242568_912609,Lynn,MA,Two-Family Residential,2,,,
315,1880,708839.78,M_242493_912634,Lynn,MA,Two-Family Residential,2,,,
316,1920,879944.75,M_242518_912550,Lynn,MA,Two-Family Residential,2,,,
317,1910,826961.33,M_242504_912548,Lynn,MA,Two-Family Residential,2,,,
318,1910,772232.04,M_243096_913001,Lynn,MA,Two-Family Residential,2,,,
319,1910,864320.44,M_243097_912987,Lynn,MA,Two-Family Residential,2,,,
320,1905,842674.03,M_242980_913218,Lynn,MA,Two-Family Residential,2,,,
321,1910,845977.90,M_242993_913222,Lynn,MA,Two-Family Residential,2,,,
322,1905,888187.85,M_243006_913229,Lynn,MA,Two-Family Residential,2,,,
323,1910,839524.86,M_243039_913118,Lynn,MA,Two-Family Residential,2,,,
324,1900,853259.67,M_243041_913045,Lynn,MA,Three-Family Residential,3,,,
325,1910,956574.59,M_243002_913017,Lynn,MA,Three-Family Residential,3,,,
326,1910,806243.09,M_242997_913099,Lynn,MA,Two-Family Residential,2,,,
327,1910,933348.07,M_243040_913082,Lynn,MA,Two-Family Residential,2,,,
328,1900,637988.95,M_243041_913036,Lynn,MA,Two-Family Residential,2,,,
329,1870,791127.07,M_242954_912932,Lynn,MA,Two-Family Residential,2,,,
330,1910,947292.82,M_242955_912917,Lynn,MA,Three-Family Residential,3,,,
331,1890,864640.88,M_242946_913190,Lynn,MA,Three-Family Residential,3,,,
332,1880,863005.52,M_242940_913177,Lynn,MA,Two-Family Residential,2,,,
333,1910,925790.06,M_242941_913132,Lynn,MA,Two-Family Residential,2,,,
334,1949,893712.71,M_242835_913190,Lynn,MA,Two-Family Residential,2,,,
335,1950,809160.22,M_242806_913156,Lynn,MA,Two-Family Residential,2,,,
336,1900,926508.29,M_242794_913140,Lynn,MA,Two-Family Residential,2,,,
337,1920,955337.02,M_242782_913125,Lynn,MA,Two-Family Residential,2,,,
338,1920,811867.40,M_242749_913095,Lynn,MA,Two-Family Residential,2,,,
339,1885,1125414.36,M_242901_913238,Lynn,MA,Three-Family Residential,3,,,
340,1979,959226.52,M_242970_913272,Lynn,MA,Two-Family Residential,2,,,
341,1883,766077.35,M_242878_913546,Lynn,MA,Two-Family Residential,2,,,
342,1959,916176.80,M_242754_913510,Lynn,MA,Two-Family Residential,2,,,
343,1956,800707.18,M_242697_913489,Lynn,MA,Two-Family Residential,2,,,
344,1830,817127.07,M_242878_913496,Lynn,MA,Two-Family Residential,2,,,
345,1830,716000.00,M_242896_913495,Lynn,MA,Two-Family Residential,2,,,
346,1930,746607.73,M_242668_913528,Lynn,MA,Two-Family Residential,2,,,
347,1900,813093.92,M_242484_913623,Lynn,MA,Two-Family Residential,2,,,
348,2024,5913480.66,M_242529_913313,Lynn,MA,Apartments with More than Eight Units,4,,,
349,1984,742353.59,M_242138_913407,Lynn,MA,Two-Family Residential,2,,,
350,1984,711823.20,M_242175_913419,Lynn,MA,Two-Family Residential,2,,,
351,1900,731337.02,M_242676_913785,Lynn,MA,Two-Family Residential,2,,,
352,1920,763138.12,M_242555_913666,Lynn,MA,Two-Family Residential,2,,,
353,1915,769933.70,M_242231_913750,Lynn,MA,Two-Family Residential,2,,,
354,1976,840441.99,M_242008_913691,Lynn,MA,Two-Family Residential,2,,,
355,1926,824707.18,M_242547_913813,Lynn,MA,Two-Family Residential,2,,,
356,1920,811138.12,M_242579_913835,Lynn,MA,Two-Family Residential,2,,,
357,1900,783359.12,M_242221_913863,Lynn,MA,Two-Family Residential,2,,,
358,1880,693480.66,M_242294_913774,Lynn,MA,Two-Family Residential,2,,,
359,1985,826850.83,M_242279_913781,Lynn,MA,Two-Family Residential,2,,,
360,1900,670309.39,M_242321_914036,Lynn,MA,Two-Family Residential,2,,,
361,1965,771712.71,M_242229_913950,Lynn,MA,Two-Family Residential,2,,,
362,1905,1071712.71,M_244198_912364,Lynn,MA,Three-Family Residential,3,,,
363,1900,1014364.64,M_244208_912336,Lynn,MA,Three-Family Residential,3,,,
364,1900,996574.59,M_244218_912322,Lynn,MA,Three-Family Residential,3,,,
365,1900,1378342.54,M_244161_912344,Lynn,MA,Apartments with Four to Eight Units,6,,,
366,1910,842762.43,M_244169_912333,Lynn,MA,Three-Family Residential,3,,,
367,1900,907845.30,M_244135_912332,Lynn,MA,Three-Family Residential,3,,,
368,1920,857016.57,M_244155_912319,Lynn,MA,Three-Family Residential,3,,,
369,2002,1040220.99,M_244079_912312,Lynn,MA,Two-Family Residential,2,,,
370,1900,912596.69,M_244045_912305,Lynn,MA,Three-Family Residential,3,,,
371,1900,907292.82,M_244103_912316,Lynn,MA,Three-Family Residential,3,,,
372,2010,1982099.45,M_244158_912032,Lynn,MA,Apartments with Four to Eight Units,6,,,
373,1900,818828.73,M_244141_912046,Lynn,MA,Two-Family Residential,2,,,
374,1900,695513.81,M_244170_912059,Lynn,MA,Two-Family Residential,2,,,
375,1900,724685.08,M_244193_912068,Lynn,MA,Two-Family Residential,2,,,
376,1900,834596.69,M_244195_912034,Lynn,MA,Two-Family Residential,2,,,
377,1900,813867.40,M_244200_912023,Lynn,MA,Two-Family Residential,2,,,
378,2002,1079779.01,M_244210_912003,Lynn,MA,Two-Family Residential,2,,,
379,1900,620828.73,M_244280_912022,Lynn,MA,Two-Family Residential,2,,,
380,2012,1192917.13,M_244247_912037,Lynn,MA,Two-Family Residential,2,,,
381,1900,746729.28,M_244234_912052,Lynn,MA,Two-Family Residential,2,,,
382,1900,834033.15,M_244215_912086,Lynn,MA,Three-Family Residential,3,,,
383,1920,749138.12,M_244231_912087,Lynn,MA,Two-Family Residential,2,,,
384,1900,638033.15,M_244287_912049,Lynn,MA,Two-Family Residential,2,,,
385,1989,1671491.71,M_244232_912071,Lynn,MA,Apartments with Four to Eight Units,6,,,
386,2024,1327182.32,M_244294_912035,Lynn,MA,Two-Family Residential,2,,,
387,1900,836629.83,M_244214_912281,Lynn,MA,Two-Family Residential,2,,,
388,1890,628662.98,M_244258_912191,Lynn,MA,Two-Family Residential,2,,,
389,1900,829988.95,M_244260_912207,Lynn,MA,Two-Family Residential,2,,,
390,1910,762651.93,M_244254_912219,Lynn,MA,Three-Family Residential,3,,,
391,1880,1018895.03,M_244247_912233,Lynn,MA,Three-Family Residential,3,,,
392,1900,834220.99,M_244240_912247,Lynn,MA,Two-Family Residential,2,,,
393,1860,871104.97,M_244277_912153,Lynn,MA,Two-Family Residential,2,,,
394,1900,825635.36,M_244152_912274,Lynn,MA,Three-Family Residential,3,,,
395,1900,761447.51,M_244170_912279,Lynn,MA,Two-Family Residential,2,,,
396,1870,984972.38,M_244181_912282,Lynn,MA,Three-Family Residential,3,,,
397,1920,822243.09,M_244181_912263,Lynn,MA,Two-Family Residential,2,,,
398,1900,917900.55,M_244187_912250,Lynn,MA,Three-Family Residential,3,,,
399,1900,792817.68,M_244192_912238,Lynn,MA,Two-Family Residential,2,,,
400,1920,924640.88,M_244224_912177,Lynn,MA,Three-Family Residential,3,,,
401,1900,898011.05,M_244231_912163,Lynn,MA,Three-Family Residential,3,,,
402,1900,850961.33,M_244237_912151,Lynn,MA,Two-Family Residential,2,,,
403,1900,789215.47,M_244227_912125,Lynn,MA,Two-Family Residential,2,,,
404,1900,812983.43,M_244215_912119,Lynn,MA,Two-Family Residential,2,,,
405,1900,1007624.31,M_244204_912113,Lynn,MA,Three-Family Residential,3,,,
406,1900,831889.50,M_244201_912146,Lynn,MA,Two-Family Residential,2,,,
407,1900,889458.56,M_244196_912157,Lynn,MA,Two-Family Residential,3,,,
408,1900,886740.33,M_244184_912165,Lynn,MA,Three-Family Residential,3,,,
409,1900,697911.60,M_244201_912173,Lynn,MA,Two-Family Residential,2,,,
410,1900,994342.54,M_244177_912194,Lynn,MA,Two-Family Residential,2,,,
411,1880,918585.64,M_244168_912212,Lynn,MA,Two-Family Residential,2,,,
412,1900,784353.59,M_244160_912230,Lynn,MA,Two-Family Residential,2,,,
413,1900,956795.58,M_244153_912250,Lynn,MA,Three-Family Residential,3,,,
414,1900,715292.82,M_244178_912176,Lynn,MA,Two-Family Residential,2,,,
415,1900,857569.06,M_244040_912259,Lynn,MA,Three-Family Residential,3,,,
416,1910,957790.06,M_244097_912263,Lynn,MA,Three-Family Residential,3,,,
417,1900,900552.49,M_244095_912247,Lynn,MA,Three-Family Residential,3,,,
418,1900,829281.77,M_244114_912225,Lynn,MA,Three-Family Residential,3,,,
419,1925,957569.06,M_244093_912224,Lynn,MA,Three-Family Residential,3,,,
420,1900,883082.87,M_244121_912193,Lynn,MA,Two-Family Residential,2,,,
421,1890,933038.67,M_244145_912158,Lynn,MA,Three-Family Residential,3,,,
422,1900,945182.32,M_244148_912137,Lynn,MA,Two-Family Residential,2,,,
423,1920,694983.43,M_244155_912091,Lynn,MA,Two-Family Residential,2,,,
424,1878,752928.18,M_244130_912081,Lynn,MA,Three-Family Residential,3,,,
425,1920,965082.87,M_244126_912102,Lynn,MA,Two-Family Residential,2,,,
426,1900,906629.83,M_244097_912160,Lynn,MA,Three-Family Residential,3,,,
427,1900,1058121.55,M_244069_912216,Lynn,MA,Apartments with Four to Eight Units,5,,,
428,1890,957569.06,M_244056_912242,Lynn,MA,Three-Family Residential,3,,,
429,1920,892265.19,M_244072_912270,Lynn,MA,Three-Family Residential,3,,,
430,1900,774530.39,M_243973_912246,Lynn,MA,Two-Family Residential,2,,,
431,1925,799745.86,M_243993_912249,Lynn,MA,Two-Family Residential,2,,,
432,1925,627104.97,M_243978_912232,Lynn,MA,Two-Family Residential,2,,,
433,1920,826386.74,M_243983_912205,Lynn,MA,Two-Family Residential,2,,,
434,1900,808077.35,M_244014_912214,Lynn,MA,Two-Family Residential,2,,,
435,1925,1051049.72,M_244034_912161,Lynn,MA,Three-Family Residential,3,,,
436,1925,663867.40,M_244055_912129,Lynn,MA,Three-Family Residential,3,,,
437,1920,738309.39,M_244081_912095,Lynn,MA,Two-Family Residential,2,,,
438,1920,576088.40,M_244060_912079,Lynn,MA,Two-Family Residential,2,,,
439,1925,811613.26,M_244066_912042,Lynn,MA,Two-Family Residential,2,,,
440,1910,723502.76,M_244095_912034,Lynn,MA,Two-Family Residential,2,,,
441,1900,851734.81,M_244100_912021,Lynn,MA,Two-Family Residential,2,,,
442,1900,775226.52,M_244107_912007,Lynn,MA,Two-Family Residential,2,,,
443,1900,853071.82,M_244114_911991,Lynn,MA,Two-Family Residential,2,,,
444,1883,870055.25,M_244038_912186,Lynn,MA,Three-Family Residential,3,,,
445,1883,1717900.55,M_244027_912178,Lynn,MA,Apartments with Four to Eight Units,6,,,
446,1920,1000331.49,M_244080_912048,Lynn,MA,Three-Family Residential,3,,,
447,1905,867955.80,M_243935_911992,Lynn,MA,Three-Family Residential,3,,,
448,1905,795027.62,M_244016_911901,Lynn,MA,Three-Family Residential,3,,,
449,1880,731823.20,M_243947_911957,Lynn,MA,Two-Family Residential,2,,,
450,1900,1001436.46,M_243940_911970,Lynn,MA,Three-Family Residential,3,,,
451,1880,848243.09,M_243891_911977,Lynn,MA,Two-Family Residential,2,,,
452,1903,1287734.81,M_243899_911955,Lynn,MA,Apartments with Four to Eight Units,3,,,
453,1880,782331.49,M_243924_911915,Lynn,MA,Two-Family Residential,2,,,
454,1892,829060.77,M_243911_911888,Lynn,MA,Three-Family Residential,3,,,
455,1910,932441.99,M_243897_911912,Lynn,MA,Two-Family Residential,2,,,
456,1900,786607.73,M_243890_911923,Lynn,MA,Two-Family Residential,2,,,
457,1900,953370.17,M_243863_911969,Lynn,MA,Two-Family Residential,2,,,
458,1900,772541.44,M_243861_911895,Lynn,MA,Two-Family Residential,2,,,
459,1900,766497.24,M_243877_911870,Lynn,MA,Two-Family Residential,2,,,
460,1900,1580441.99,M_243892_911844,Lynn,MA,Apartments with Four to Eight Units,6,,,
461,1910,861767.96,M_243923_912058,Lynn,MA,Three-Family Residential,3,,,
462,1910,740220.99,M_243938_912063,Lynn,MA,Two-Family Residential,2,,,
463,1900,900552.49,M_243946_912042,Lynn,MA,Three-Family Residential,3,,,
464,1891,800519.34,M_243932_912036,Lynn,MA,Two-Family Residential,2,,,
465,1910,851823.20,M_243904_912022,Lynn,MA,Three-Family Residential,3,,,
466,1900,1658232.04,M_243903_912038,Lynn,MA,Apartments with Four to Eight Units,6,,,
467,1900,874950.28,M_243794_912077,Lynn,MA,Two-Family Residential,2,,,
468,1900,883314.92,M_243811_912081,Lynn,MA,Three-Family Residential,3,,,
469,1920,918232.04,M_243843_912062,Lynn,MA,Three-Family Residential,3,,,
470,1900,829922.65,M_243854_912034,Lynn,MA,Two-Family Residential,2,,,
471,1900,922574.59,M_243869_912019,Lynn,MA,Two-Family Residential,2,,,
472,1900,744762.43,M_243857_912015,Lynn,MA,Two-Family Residential,2,,,
473,1910,801756.91,M_243846_912011,Lynn,MA,Two-Family Residential,2,,,
474,1910,792519.34,M_243834_912006,Lynn,MA,Two-Family Residential,2,,,
475,1900,1527955.80,M_243828_912026,Lynn,MA,Apartments with Four to Eight Units,6,,,
476,1900,953259.67,M_243823_912039,Lynn,MA,Three-Family Residential,3,,,
477,1900,886519.34,M_243817_912051,Lynn,MA,Three-Family Residential,3,,,
478,1900,961657.46,M_243810_912062,Lynn,MA,Three-Family Residential,3,,,
479,1900,888176.80,M_243839_912075,Lynn,MA,Three-Family Residential,3,,,
480,1890,1084861.88,M_243839_912090,Lynn,MA,Three-Family Residential,3,,,
481,1900,770397.79,M_243883_912217,Lynn,MA,Two-Family Residential,2,,,
482,1900,799226.52,M_243891_912220,Lynn,MA,Three-Family Residential,3,,,
483,1910,743425.41,M_243895_912198,Lynn,MA,Two-Family Residential,2,,,
484,1910,929060.77,M_243891_912176,Lynn,MA,Three-Family Residential,3,,,
485,1910,928497.24,M_243897_912164,Lynn,MA,Two-Family Residential,2,,,
486,1900,896618.78,M_243901_912151,Lynn,MA,Two-Family Residential,2,,,
487,1900,937900.55,M_243919_912110,Lynn,MA,Three-Family Residential,3,,,
488,1910,795303.87,M_243924_912096,Lynn,MA,Two-Family Residential,2,,,
489,1900,963756.91,M_243904_912097,Lynn,MA,Three-Family Residential,3,,,
490,1910,816563.54,M_243881_912095,Lynn,MA,Two-Family Residential,2,,,
491,1900,936022.10,M_243872_912129,Lynn,MA,Two-Family Residential,2,,,
492,1900,958961.33,M_243862_912154,Lynn,MA,Two-Family Residential,2,,,
493,1900,810386.74,M_243670_912146,Lynn,MA,Three-Family Residential,3,,,
494,1890,830828.73,M_243742_912147,Lynn,MA,Three-Family Residential,3,,,
495,1900,820000.00,M_243738_912159,Lynn,MA,Three-Family Residential,3,,,
496,1900,814254.14,M_243757_912172,Lynn,MA,Three-Family Residential,3,,,
497,1900,814143.65,M_243759_912161,Lynn,MA,Three-Family Residential,3,,,
498,1900,813591.16,M_243761_912150,Lynn,MA,Three-Family Residential,3,,,
499,1890,1023535.91,M_243764_912140,Lynn,MA,Three-Family Residential,3,,,
500,1900,955690.61,M_243775_912189,Lynn,MA,Three-Family Residential,3,,,
501,1900,898232.04,M_243818_912137,Lynn,MA,Three-Family Residential,3,,,
502,1905,900453.04,M_243797_912124,Lynn,MA,Two-Family Residential,2,,,
503,1900,899679.56,M_243783_912115,Lynn,MA,Two-Family Residential,2,,,
504,1910,647900.55,M_243779_912129,Lynn,MA,Two-Family Residential,2,,,
505,1900,912220.99,M_243767_912118,Lynn,MA,Two-Family Residential,2,,,
506,1900,883016.57,M_243752_912116,Lynn,MA,Two-Family Residential,2,,,
507,1920,928508.29,M_243738_912114,Lynn,MA,Three-Family Residential,3,,,
508,1905,786309.39,M_243724_912112,Lynn,MA,Two-Family Residential,2,,,
509,1900,1481546.96,M_243708_912115,Lynn,MA,Apartments with Four to Eight Units,3,,,
510,1880,952486.19,M_243654_912087,Lynn,MA,Three-Family Residential,3,,,
511,1900,842541.44,M_243735_912170,Lynn,MA,Three-Family Residential,3,,,
512,1900,1034917.13,M_243718_912159,Lynn,MA,Three-Family Residential,3,,,
513,1900,795204.42,M_243804_912164,Lynn,MA,Two-Family Residential,2,,,
514,1900,875027.62,M_243800_912179,Lynn,MA,Two-Family Residential,2,,,
515,1915,1007237.57,M_243659_912061,Lynn,MA,Two-Family Residential,2,,,
516,1920,839779.01,M_243736_912077,Lynn,MA,Two-Family Residential,2,,,
517,1900,947071.82,M_243761_912051,Lynn,MA,Three-Family Residential,3,,,
518,1910,901922.65,M_243768_912037,Lynn,MA,Two-Family Residential,2,,,
519,1900,917679.56,M_243746_911981,Lynn,MA,Three-Family Residential,3,,,
520,1900,715845.30,M_243711_911957,Lynn,MA,Two-Family Residential,2,,,
521,1900,699447.51,M_243697_911967,Lynn,MA,Two-Family Residential,2,,,
522,1900,728011.05,M_243686_911999,Lynn,MA,Two-Family Residential,2,,,
523,1910,867513.81,M_243682_912010,Lynn,MA,Three-Family Residential,3,,,
524,1890,659723.76,M_243716_912014,Lynn,MA,Two-Family Residential,2,,,
525,1890,645679.56,M_243732_912017,Lynn,MA,Two-Family Residential,2,,,
526,1900,641602.21,M_243681_912033,Lynn,MA,Two-Family Residential,2,,,
527,1900,774276.24,M_243669_912028,Lynn,MA,Two-Family Residential,2,,,
528,1900,918563.54,M_243759_912068,Lynn,MA,Three-Family Residential,3,,,
529,1910,822430.94,M_243724_911919,Lynn,MA,Three-Family Residential,3,,,
530,1900,709071.82,M_243774_911904,Lynn,MA,Two-Family Residential,2,,,
531,1890,680762.43,M_243796_911872,Lynn,MA,Two-Family Residential,2,,,
532,1915,753591.16,M_243804_911858,Lynn,MA,Three-Family Residential,3,,,
533,1909,712464.09,M_243811_911846,Lynn,MA,Two-Family Residential,2,,,
534,1900,828618.78,M_243825_911818,Lynn,MA,Three-Family Residential,3,,,
535,1910,1015359.12,M_243738_911852,Lynn,MA,Three-Family Residential,3,,,
536,1900,645922.65,M_243769_911847,Lynn,MA,Two-Family Residential,2,,,
537,1893,1156574.59,M_243774_911833,Lynn,MA,Apartments with Four to Eight Units,6,,,
538,1920,839337.02,M_243781_911732,Lynn,MA,Three-Family Residential,3,,,
539,2023,1205613.26,M_243772_911756,Lynn,MA,Two-Family Residential,2,,,
540,1900,868375.69,M_243753_911810,Lynn,MA,Two-Family Residential,2,,,
541,1910,1345303.87,M_243749_911824,Lynn,MA,Apartments with Four to Eight Units,6,,,
542,1900,849171.27,M_243743_911838,Lynn,MA,Three-Family Residential,3,,,
543,1910,752375.69,M_243711_911762,Lynn,MA,Three-Family Residential,3,,,
544,1900,801414.36,M_243725_911767,Lynn,MA,Two-Family Residential,2,,,
545,1900,923646.41,M_243731_911754,Lynn,MA,Three-Family Residential,3,,,
546,1900,898121.55,M_243736_911721,Lynn,MA,Three-Family Residential,3,,,
547,1899,765038.67,M_243697_911717,Lynn,MA,Two-Family Residential,2,,,
548,1910,662519.34,M_243686_911703,Lynn,MA,Two-Family Residential,2,,,
549,1900,820994.48,M_243700_911756,Lynn,MA,Three-Family Residential,3,,,
550,1900,798895.03,M_243702_911745,Lynn,MA,Three-Family Residential,3,,,
551,1900,1018895.03,M_243630_911814,Lynn,MA,Three-Family Residential,3,,,
552,1890,800917.13,M_243676_911823,Lynn,MA,Two-Family Residential,2,,,
553,1880,902320.44,M_243685_911795,Lynn,MA,Three-Family Residential,3,,,
554,1920,800441.99,M_243635_911801,Lynn,MA,Three-Family Residential,3,,,
555,1900,889060.77,M_243594_911875,Lynn,MA,Three-Family Residential,3,,,
556,1900,904972.38,M_243607_911879,Lynn,MA,Three-Family Residential,3,,,
557,1900,1075248.62,M_243636_911890,Lynn,MA,Three-Family Residential,3,,,
558,1905,820552.49,M_243679_911881,Lynn,MA,Three-Family Residential,3,,,
559,1910,1006740.33,M_243684_911867,Lynn,MA,Three-Family Residential,3,,,
560,1920,913513.81,M_243660_911867,Lynn,MA,Two-Family Residential,2,,,
561,1910,831381.22,M_243573_911936,Lynn,MA,Three-Family Residential,3,,,
562,1910,929392.27,M_243616_911962,Lynn,MA,Three-Family Residential,3,,,
563,1910,844751.38,M_243628_911966,Lynn,MA,Three-Family Residential,3,,,
564,1910,953922.65,M_243649_911966,Lynn,MA,Three-Family Residential,3,,,
565,1910,815138.12,M_243654_911953,Lynn,MA,Three-Family Residential,3,,,
566,1900,863425.41,M_243626_911935,Lynn,MA,Three-Family Residential,3,,,
567,1900,843425.41,M_243614_911931,Lynn,MA,Three-Family Residential,3,,,
568,1900,866961.33,M_243603_911927,Lynn,MA,Three-Family Residential,3,,,
569,1900,873591.16,M_243591_911920,Lynn,MA,Three-Family Residential,3,,,
570,1910,920000.00,M_243612_912074,Lynn,MA,Three-Family Residential,3,,,
571,1900,811911.60,M_243578_912012,Lynn,MA,Two-Family Residential,2,,,
572,1900,835723.76,M_243571_912024,Lynn,MA,Two-Family Residential,2,,,
573,1900,779325.97,M_243560_912037,Lynn,MA,Two-Family Residential,2,,,
574,1900,1128508.29,M_243551_912049,Lynn,MA,Three-Family Residential,3,,,
575,1920,961657.46,M_243546_911998,Lynn,MA,Three-Family Residential,3,,,
576,1880,966961.33,M_243979_912798,Lynn,MA,Two-Family Residential,2,,,
577,1900,636795.58,M_244002_912756,Lynn,MA,Two-Family Residential,2,,,
578,1910,1161215.47,M_243792_912480,Lynn,MA,Three-Family Residential,3,,,
579,1873,1141104.97,M_243807_912466,Lynn,MA,Apartments with Four to Eight Units,4,,,
580,1930,638342.54,M_243633_912657,Lynn,MA,Two-Family Residential,2,,,
581,1900,720441.99,M_243640_912643,Lynn,MA,Two-Family Residential,2,,,
582,1890,822983.43,M_243646_912630,Lynn,MA,Three-Family Residential,3,,,
583,1900,805524.86,M_243660_912605,Lynn,MA,Three-Family Residential,3,,,
584,2025,1146077.35,M_243637_912578,Lynn,MA,Two-Family Residential,2,,,
585,1925,810497.24,M_243566_912630,Lynn,MA,Two-Family Residential,2,,,
586,1910,821988.95,M_243572_912616,Lynn,MA,Three-Family Residential,3,,,
587,1920,749171.27,M_243596_912563,Lynn,MA,Two-Family Residential,2,,,
588,1907,1433038.67,M_243572_912560,Lynn,MA,Apartments with Four to Eight Units,6,,,
589,1900,954143.65,M_243549_912590,Lynn,MA,Three-Family Residential,3,,,
590,1900,693790.06,M_243512_912555,Lynn,MA,Two-Family Residential,2,,,
591,1900,812375.69,M_243529_912539,Lynn,MA,Three-Family Residential,3,,,
592,1900,824740.33,M_243502_912525,Lynn,MA,Two-Family Residential,2,,,
593,1900,814088.40,M_243490_912518,Lynn,MA,Two-Family Residential,2,,,
594,1900,870939.23,M_243437_912539,Lynn,MA,Three-Family Residential,3,,,
595,1925,843701.66,M_243442_912525,Lynn,MA,Two-Family Residential,2,,,
596,1900,786828.73,M_243447_912501,Lynn,MA,Two-Family Residential,2,,,
597,1900,815138.12,M_243436_912490,Lynn,MA,Three-Family Residential,3,,,
598,1900,886519.34,M_243427_912485,Lynn,MA,Three-Family Residential,3,,,
599,1900,833149.17,M_243415_912483,Lynn,MA,Three-Family Residential,3,,,
600,1900,1022430.94,M_243404_912471,Lynn,MA,Three-Family Residential,3,,,
601,1915,859116.02,M_243397_912482,Lynn,MA,Three-Family Residential,3,,,
602,1915,932044.20,M_243404_912504,Lynn,MA,Three-Family Residential,3,,,
603,1893,842320.44,M_243396_912521,Lynn,MA,Three-Family Residential,3,,,
604,1910,948044.20,M_243449_912449,Lynn,MA,Two-Family Residential,2,,,
605,1910,759756.91,M_243468_912458,Lynn,MA,Two-Family Residential,2,,,
606,1910,811823.20,M_243588_912516,Lynn,MA,Three-Family Residential,3,,,
607,1910,886298.34,M_243610_912533,Lynn,MA,Three-Family Residential,3,,,
608,1910,836464.09,M_243671_912561,Lynn,MA,Three-Family Residential,3,,,
609,1920,724574.59,M_243685_912570,Lynn,MA,Two-Family Residential,2,,,
610,1925,806629.83,M_243689_912561,Lynn,MA,Three-Family Residential,3,,,
611,2019,1450276.24,M_243695_912552,Lynn,MA,Three-Family Residential,3,,,
612,1920,931270.72,M_243698_912506,Lynn,MA,Three-Family Residential,3,,,
613,1900,802895.03,M_243681_912499,Lynn,MA,Two-Family Residential,2,,,
614,1900,1020342.54,M_243658_912487,Lynn,MA,Two-Family Residential,2,,,
615,2020,1116795.58,M_243644_912480,Lynn,MA,Two-Family Residential,2,,,
616,1900,726939.23,M_243631_912475,Lynn,MA,Two-Family Residential,2,,,
617,1900,804574.59,M_243612_912467,Lynn,MA,Two-Family Residential,2,,,
618,1900,856497.24,M_243587_912455,Lynn,MA,Two-Family Residential,2,,,
619,1900,886850.83,M_243520_912421,Lynn,MA,Three-Family Residential,3,,,
620,1900,850718.23,M_243507_912415,Lynn,MA,Three-Family Residential,3,,,
621,1910,1083535.91,M_243493_912411,Lynn,MA,Three-Family Residential,3,,,
622,1910,908287.29,M_243698_912454,Lynn,MA,Three-Family Residential,3,,,
623,1900,752574.59,M_243742_912462,Lynn,MA,Two-Family Residential,2,,,
624,1884,747723.76,M_243765_912431,Lynn,MA,Two-Family Residential,2,,,
625,1910,1039005.52,M_243763_912412,Lynn,MA,Three-Family Residential,3,,,
626,1900,889723.76,M_243726_912447,Lynn,MA,Three-Family Residential,3,,,
627,1900,780883.98,M_243715_912436,Lynn,MA,Three-Family Residential,3,,,
628,1890,1247182.32,M_243731_912419,Lynn,MA,Apartments with Four to Eight Units,4,,,
629,1910,976022.10,M_243753_912399,Lynn,MA,Three-Family Residential,3,,,
630,1910,797458.56,M_243722_912402,Lynn,MA,Three-Family Residential,3,,,
631,1910,664972.38,M_243552_912396,Lynn,MA,Two-Family Residential,2,,,
632,1920,591149.17,M_243566_912401,Lynn,MA,Two-Family Residential,2,,,
633,1910,959779.01,M_243581_912402,Lynn,MA,Three-Family Residential,3,,,
634,1893,718784.53,M_243595_912382,Lynn,MA,Three-Family Residential,3,,,
635,1920,952817.68,M_243662_912428,Lynn,MA,Three-Family Residential,3,,,
636,1925,1488508.29,M_243680_912403,Lynn,MA,Apartments with Four to Eight Units,6,,,
637,1925,1456132.60,M_243693_912384,Lynn,MA,Apartments with Four to Eight Units,6,,,
638,1905,910430.94,M_243636_912258,Lynn,MA,Two-Family Residential,2,,,
639,1900,741988.95,M_243627_912270,Lynn,MA,Three-Family Residential,3,,,
640,1900,855801.10,M_243623_912285,Lynn,MA,Three-Family Residential,3,,,
641,1920,896198.90,M_243614_912297,Lynn,MA,Two-Family Residential,2,,,
642,1900,755370.17,M_243605_912312,Lynn,MA,Two-Family Residential,2,,,
643,1900,870563.54,M_243590_912344,Lynn,MA,Two-Family Residential,2,,,
644,1910,686950.28,M_243512_912375,Lynn,MA,Two-Family Residential,2,,,
645,1910,731204.42,M_243522_912380,Lynn,MA,Two-Family Residential,2,,,
646,1920,821215.47,M_243520_912363,Lynn,MA,Two-Family Residential,2,,,
647,1903,1139790.06,M_243499_912348,Lynn,MA,Apartments with Four to Eight Units,2,,,
648,1910,858475.14,M_243533_912353,Lynn,MA,Two-Family Residential,2,,,
649,1900,926187.85,M_243529_912330,Lynn,MA,Three-Family Residential,3,,,
650,1900,1025082.87,M_243540_912335,Lynn,MA,Three-Family Residential,3,,,
651,1900,972928.18,M_243546_912322,Lynn,MA,Three-Family Residential,3,,,
652,1900,863867.40,M_243552_912312,Lynn,MA,Three-Family Residential,3,,,
653,1920,685414.36,M_243548_912270,Lynn,MA,Three-Family Residential,3,,,
654,1900,855270.72,M_243581_912246,Lynn,MA,Two-Family Residential,2,,,
655,1903,924088.40,M_243544_912197,Lynn,MA,Three-Family Residential,3,,,
656,1903,1645966.85,M_243508_912270,Lynn,MA,Apartments with Four to Eight Units,6,,,
657,1925,669845.30,M_243517_912298,Lynn,MA,Two-Family Residential,2,,,
658,1925,816906.08,M_243493_912290,Lynn,MA,Three-Family Residential,3,,,
659,1925,719270.72,M_243479_912329,Lynn,MA,Two-Family Residential,2,,,
660,1925,848508.29,M_243474_912343,Lynn,MA,Three-Family Residential,3,,,
661,1900,805745.86,M_243523_912256,Lynn,MA,Three-Family Residential,3,,,
662,1999,1355359.12,M_243581_912268,Lynn,MA,Three-Family Residential,3,,,
663,1873,711248.62,M_243503_912175,Lynn,MA,Two-Family Residential,2,,,
664,1860,650408.84,M_243492_912182,Lynn,MA,Two-Family Residential,2,,,
665,1920,901325.97,M_243476_912241,Lynn,MA,Three-Family Residential,3,,,
666,1910,996132.60,M_243480_912226,Lynn,MA,Three-Family Residential,3,,,
667,1920,796342.54,M_243484_912212,Lynn,MA,Two-Family Residential,2,,,
668,1900,838022.10,M_243445_912316,Lynn,MA,Two-Family Residential,2,,,
669,1910,809171.27,M_243449_912306,Lynn,MA,Three-Family Residential,3,,,
670,1920,720541.44,M_243455_912283,Lynn,MA,Two-Family Residential,2,,,
671,1905,845856.35,M_243468_912264,Lynn,MA,Three-Family Residential,3,,,
672,1900,737591.16,M_243435_912246,Lynn,MA,Two-Family Residential,2,,,
673,1900,1433701.66,M_243429_912348,Lynn,MA,Apartments with Four to Eight Units,6,,,
674,1900,871182.32,M_243434_912333,Lynn,MA,Two-Family Residential,2,,,
675,1900,809171.27,M_243415_912334,Lynn,MA,Three-Family Residential,3,,,
676,1910,688607.73,M_243375_912422,Lynn,MA,Two-Family Residential,2,,,
677,1898,834906.08,M_243387_912433,Lynn,MA,Two-Family Residential,2,,,
678,1905,929392.27,M_243335_912522,Lynn,MA,Three-Family Residential,3,,,
679,1925,783679.56,M_243341_912508,Lynn,MA,Two-Family Residential,2,,,
680,1920,672674.03,M_243348_912494,Lynn,MA,Two-Family Residential,2,,,
681,1925,906850.83,M_243355_912482,Lynn,MA,Three-Family Residential,3,,,
682,1920,727657.46,M_243361_912467,Lynn,MA,Two-Family Residential,2,,,
683,1890,1081767.96,M_243512_912097,Lynn,MA,Three-Family Residential,3,,,
684,1900,1376022.10,M_244119_912507,Lynn,MA,Apartments with Four to Eight Units,6,,,
685,1915,904419.89,M_244133_912510,Lynn,MA,Three-Family Residential,3,,,
686,1900,980883.98,M_244191_912378,Lynn,MA,Three-Family Residential,3,,,
687,1900,840906.08,M_244138_912486,Lynn,MA,Two-Family Residential,2,,,
688,1900,777679.56,M_244124_912496,Lynn,MA,Three-Family Residential,3,,,
689,1915,809977.90,M_243980_912394,Lynn,MA,Two-Family Residential,2,,,
690,1915,724364.64,M_243990_912401,Lynn,MA,Two-Family Residential,2,,,
691,1900,964972.38,M_244035_912431,Lynn,MA,Three-Family Residential,3,,,
692,1915,949060.77,M_244047_912439,Lynn,MA,Three-Family Residential,3,,,
693,1900,905149.17,M_244059_912450,Lynn,MA,Two-Family Residential,2,,,
694,2005,1165635.36,M_244077_912465,Lynn,MA,Two-Family Residential,2,,,
695,1900,1077127.07,M_244101_912468,Lynn,MA,Three-Family Residential,3,,,
696,1913,895226.52,M_244120_912426,Lynn,MA,Two-Family Residential,2,,,
697,1905,1018011.05,M_244147_912371,Lynn,MA,Three-Family Residential,3,,,
698,1900,1196464.09,M_244154_912357,Lynn,MA,Apartments with Four to Eight Units,6,,,
699,1900,853038.67,M_244129_912345,Lynn,MA,Three-Family Residential,3,,,
700,1905,932055.25,M_244123_912359,Lynn,MA,Two-Family Residential,2,,,
701,1915,858232.04,M_244097_912407,Lynn,MA,Three-Family Residential,3,,,
702,1900,948287.29,M_244087_912430,Lynn,MA,Three-Family Residential,3,,,
703,1900,851270.72,M_244081_912443,Lynn,MA,Three-Family Residential,3,,,
704,1915,999005.52,M_244078_912375,Lynn,MA,Two-Family Residential,2,,,
705,1900,961546.96,M_244008_912338,Lynn,MA,Three-Family Residential,3,,,
706,1900,1026519.34,M_244001_912362,Lynn,MA,Apartments with Four to Eight Units,4,,,
707,1900,982099.45,M_243991_912383,Lynn,MA,Three-Family Residential,3,,,
708,1900,852817.68,M_244092_912419,Lynn,MA,Three-Family Residential,3,,,
709,1878,1024397.79,M_244093_912483,Lynn,MA,Two-Family Residential,2,,,
710,1900,911270.72,M_244113_912440,Lynn,MA,Three-Family Residential,3,,,
711,1900,832530.39,M_244104_912455,Lynn,MA,Two-Family Residential,2,,,
712,1900,937679.56,M_244109_912385,Lynn,MA,Three-Family Residential,3,,,
713,1900,855248.62,M_244103_912396,Lynn,MA,Three-Family Residential,3,,,
714,1700,765988.95,M_244021_912312,Lynn,MA,Two-Family Residential,2,,,
715,1900,959889.50,M_244059_912315,Lynn,MA,Three-Family Residential,3,,,
716,1900,855248.62,M_244089_912347,Lynn,MA,Three-Family Residential,3,,,
717,1900,908508.29,M_244094_912335,Lynn,MA,Three-Family Residential,3,,,
718,1900,721988.95,M_244024_912299,Lynn,MA,Two-Family Residential,2,,,
719,1900,959447.51,M_243928_912508,Lynn,MA,Three-Family Residential,3,,,
720,2011,1040552.49,M_243928_912477,Lynn,MA,Two-Family Residential,2,,,
721,1910,851027.62,M_243932_912432,Lynn,MA,Two-Family Residential,2,,,
722,1920,1073701.66,M_243929_912362,Lynn,MA,Apartments with Four to Eight Units,4,,,
723,1900,813370.17,M_243952_912366,Lynn,MA,Three-Family Residential,3,,,
724,1890,922651.93,M_243972_912316,Lynn,MA,Three-Family Residential,3,,,
725,1903,1203756.91,M_243956_912285,Lynn,MA,Apartments with Four to Eight Units,5,,,
726,1820,697535.91,M_243881_912282,Lynn,MA,Two-Family Residential,2,,,
727,1900,736121.55,M_243889_912263,Lynn,MA,Two-Family Residential,2,,,
728,1900,913779.01,M_243856_912281,Lynn,MA,Two-Family Residential,2,,,
729,1900,834453.04,M_243837_912331,Lynn,MA,Two-Family Residential,2,,,
730,1900,839878.45,M_243831_912345,Lynn,MA,Two-Family Residential,2,,,
731,1900,701734.81,M_243855_912353,Lynn,MA,Two-Family Residential,2,,,
732,1880,650850.83,M_243860_912346,Lynn,MA,Two-Family Residential,2,,,
733,1885,668342.54,M_243907_912325,Lynn,MA,Two-Family Residential,2,,,
734,1900,709779.01,M_243887_912351,Lynn,MA,Two-Family Residential,2,,,
735,1910,843977.90,M_243901_912356,Lynn,MA,Three-Family Residential,3,,,
736,1900,703149.17,M_243996_912293,Lynn,MA,Two-Family Residential,2,,,
737,1899,772817.68,M_243986_912289,Lynn,MA,Three-Family Residential,3,,,
738,1905,755580.11,M_243975_912285,Lynn,MA,Three-Family Residential,3,,,
739,1900,804198.90,M_243863_912262,Lynn,MA,Three-Family Residential,3,,,
740,1885,972375.69,M_243940_912421,Lynn,MA,Three-Family Residential,3,,,
741,1880,776254.14,M_243944_912404,Lynn,MA,Two-Family Residential,2,,,
742,1900,824198.90,M_243847_912365,Lynn,MA,Two-Family Residential,2,,,
743,1900,679591.16,M_243753_912325,Lynn,MA,Two-Family Residential,2,,,
744,1905,854696.13,M_243760_912332,Lynn,MA,Three-Family Residential,3,,,
745,1920,850828.73,M_243798_912310,Lynn,MA,Two-Family Residential,2,,,
746,1884,830685.08,M_243804_912296,Lynn,MA,Two-Family Residential,2,,,
747,1900,808154.70,M_243815_912269,Lynn,MA,Two-Family Residential,2,,,
748,1890,1083204.42,M_243818_912248,Lynn,MA,Three-Family Residential,3,,,
749,1880,907215.47,M_243804_912244,Lynn,MA,Two-Family Residential,2,,,
750,1920,706541.44,M_243777_912290,Lynn,MA,Two-Family Residential,2,,,
751,1880,744276.24,M_243772_912303,Lynn,MA,Two-Family Residential,2,,,
752,1920,833701.66,M_243767_912315,Lynn,MA,Three-Family Residential,3,,,
753,1910,981790.06,M_243768_912241,Lynn,MA,Two-Family Residential,2,,,
754,1900,935690.61,M_243752_912238,Lynn,MA,Three-Family Residential,3,,,
755,1890,801668.51,M_243732_912253,Lynn,MA,Two-Family Residential,2,,,
756,1890,1048950.28,M_243734_912271,Lynn,MA,Three-Family Residential,3,,,
757,1900,968176.80,M_243736_912284,Lynn,MA,Three-Family Residential,3,,,
758,1900,998011.05,M_243790_912247,Lynn,MA,Three-Family Residential,3,,,
759,1910,816176.80,M_243786_912271,Lynn,MA,Two-Family Residential,2,,,
760,1910,1010386.74,M_243665_912216,Lynn,MA,Three-Family Residential,3,,,
761,1923,1565082.87,M_243687_912221,Lynn,MA,Apartments with Four to Eight Units,6,,,
762,1900,970718.23,M_243677_912160,Lynn,MA,Three-Family Residential,3,,,
763,1900,816176.80,M_243692_912166,Lynn,MA,Two-Family Residential,2,,,
764,1900,900441.99,M_243785_912200,Lynn,MA,Three-Family Residential,3,,,
765,1910,896685.08,M_243725_912184,Lynn,MA,Three-Family Residential,3,,,
766,1900,879889.50,M_243735_912188,Lynn,MA,Three-Family Residential,3,,,
767,1845,628773.48,M_243899_912930,Lynn,MA,Two-Family Residential,2,,,
768,1900,791933.70,M_243963_912924,Lynn,MA,Two-Family Residential,2,,,
769,1846,799127.07,M_243976_912838,Lynn,MA,Two-Family Residential,2,,,
770,1875,841204.42,M_243939_912874,Lynn,MA,Two-Family Residential,2,,,
771,1880,715646.41,M_243914_912918,Lynn,MA,Two-Family Residential,2,,,
772,1880,1173038.67,M_243803_912910,Lynn,MA,Three-Family Residential,3,,,
773,1900,843535.91,M_243838_912952,Lynn,MA,Three-Family Residential,3,,,
774,1900,850696.13,M_243833_912978,Lynn,MA,Two-Family Residential,2,,,
775,2023,1081988.95,M_243684_912938,Lynn,MA,Three-Family Residential,3,,,
776,1900,628176.80,M_243749_912944,Lynn,MA,Three-Family Residential,3,,,
777,1985,859116.02,M_243731_912947,Lynn,MA,Two-Family Residential,2,,,
778,1910,879116.02,M_243707_912941,Lynn,MA,Three-Family Residential,3,,,
779,1900,1032265.19,M_243367_912740,Lynn,MA,Three-Family Residential,3,,,
780,1900,770983.43,M_243388_912748,Lynn,MA,Two-Family Residential,2,,,
781,1900,1063646.41,M_243455_912799,Lynn,MA,Apartments with Four to Eight Units,4,,,
782,1900,957392.27,M_243391_912701,Lynn,MA,Two-Family Residential,2,,,
783,1910,1015966.85,M_243378_912691,Lynn,MA,Two-Family Residential,2,,,
784,1900,866497.24,M_243363_912682,Lynn,MA,Two-Family Residential,2,,,
785,1900,885878.45,M_243346_912677,Lynn,MA,Two-Family Residential,2,,,
786,1903,1611933.70,M_243334_912669,Lynn,MA,Apartments with Four to Eight Units,3,,,
787,1910,854309.39,M_243321_912650,Lynn,MA,Three-Family Residential,3,,,
788,1904,756110.50,M_243313_912684,Lynn,MA,Two-Family Residential,2,,,
789,1920,790497.24,M_243345_912730,Lynn,MA,Two-Family Residential,2,,,
790,1900,896243.09,M_243442_912764,Lynn,MA,Three-Family Residential,3,,,
791,1870,975723.76,M_243603_912720,Lynn,MA,Two-Family Residential,2,,,
792,1915,725966.85,M_243617_912689,Lynn,MA,Two-Family Residential,2,,,
793,1910,764309.39,M_243615_912675,Lynn,MA,Two-Family Residential,2,,,
794,1910,833491.71,M_243598_912657,Lynn,MA,Two-Family Residential,3,,,
795,1920,1216740.33,M_243573_912725,Lynn,MA,Two-Family Residential,2,,,
796,1900,842795.58,M_243593_912741,Lynn,MA,Two-Family Residential,2,,,
797,1910,787204.42,M_243419_912667,Lynn,MA,Two-Family Residential,2,,,
798,1900,921325.97,M_243438_912669,Lynn,MA,Three-Family Residential,3,,,
799,1910,734276.24,M_243479_912689,Lynn,MA,Two-Family Residential,2,,,
800,1910,804850.83,M_243487_912697,Lynn,MA,Two-Family Residential,2,,,
801,1910,649325.97,M_243537_912684,Lynn,MA,Two-Family Residential,2,,,
802,1915,1001878.45,M_243490_912655,Lynn,MA,Three-Family Residential,3,,,
803,1900,720243.09,M_243478_912649,Lynn,MA,Two-Family Residential,2,,,
804,1900,777491.71,M_243428_912645,Lynn,MA,Two-Family Residential,2,,,
805,1900,794508.29,M_243334_912621,Lynn,MA,Two-Family Residential,2,,,
806,1900,984309.39,M_243352_912623,Lynn,MA,Three-Family Residential,3,,,
807,1900,854784.53,M_243404_912608,Lynn,MA,Two-Family Residential,2,,,
808,1895,740386.74,M_243411_912593,Lynn,MA,Two-Family Residential,2,,,
809,1900,881104.97,M_243361_912576,Lynn,MA,Three-Family Residential,3,,,
810,1900,906298.34,M_243354_912595,Lynn,MA,Three-Family Residential,3,,,
811,1905,867845.30,M_243345_912606,Lynn,MA,Three-Family Residential,3,,,
812,1890,719403.31,M_243251_912712,Lynn,MA,Two-Family Residential,2,,,
813,1900,1034143.65,M_243315_912563,Lynn,MA,Three-Family Residential,3,,,
814,1920,763535.91,M_243322_912550,Lynn,MA,Three-Family Residential,3,,,
815,1900,1008508.29,M_243328_912537,Lynn,MA,Three-Family Residential,3,,,
816,1900,726662.98,M_243904_913060,Lynn,MA,Two-Family Residential,2,,,
817,1900,945966.85,M_243902_913034,Lynn,MA,Three-Family Residential,3,,,
818,1900,772917.13,M_243880_913043,Lynn,MA,Two-Family Residential,2,,,
819,1915,854143.65,M_243845_913193,Lynn,MA,Three-Family Residential,3,,,
820,1920,702254.14,M_243839_913173,Lynn,MA,Two-Family Residential,2,,,
821,1880,992110.50,M_243838_913156,Lynn,MA,Two-Family Residential,2,,,
822,1880,708232.04,M_243842_913101,Lynn,MA,Two-Family Residential,2,,,
823,1900,863966.85,M_243842_913089,Lynn,MA,Two-Family Residential,2,,,
824,1935,851591.16,M_243842_913077,Lynn,MA,Two-Family Residential,2,,,
825,1910,1042430.94,M_243841_913062,Lynn,MA,Three-Family Residential,3,,,
826,1900,688928.18,M_243842_913047,Lynn,MA,Two-Family Residential,2,,,
827,1873,1252044.20,M_243841_913028,Lynn,MA,Apartments with Four to Eight Units,6,,,
828,1873,1245745.86,M_243840_913012,Lynn,MA,Apartments with Four to Eight Units,6,,,
829,1905,883204.42,M_243791_913060,Lynn,MA,Three-Family Residential,3,,,
830,1900,855524.86,M_243794_913104,Lynn,MA,Two-Family Residential,2,,,
831,1900,977569.06,M_243789_913183,Lynn,MA,Three-Family Residential,3,,,
832,1900,699381.22,M_243811_913186,Lynn,MA,Two-Family Residential,2,,,
833,1900,716817.68,M_243793_913197,Lynn,MA,Two-Family Residential,2,,,
834,1880,766928.18,M_243752_913190,Lynn,MA,Two-Family Residential,2,,,
835,1829,991491.71,M_243741_913169,Lynn,MA,Two-Family Residential,2,,,
836,1890,786961.33,M_243741_913151,Lynn,MA,Two-Family Residential,2,,,
837,1895,738475.14,M_243741_913118,Lynn,MA,Two-Family Residential,2,,,
838,1900,895469.61,M_243740_913102,Lynn,MA,Three-Family Residential,3,,,
839,1900,948508.29,M_243738_913071,Lynn,MA,Three-Family Residential,3,,,
840,1920,841767.96,M_243746_913035,Lynn,MA,Three-Family Residential,3,,,
841,1900,862198.90,M_243727_913026,Lynn,MA,Two-Family Residential,2,,,
842,1900,1069502.76,M_243709_913005,Lynn,MA,Three-Family Residential,3,,,
843,1890,824530.39,M_243708_913027,Lynn,MA,Two-Family Residential,2,,,
844,1900,1050187.85,M_243712_913135,Lynn,MA,Two-Family Residential,2,,,
845,1900,645314.92,M_243681_913121,Lynn,MA,Two-Family Residential,2,,,
846,1890,665038.67,M_243677_913035,Lynn,MA,Two-Family Residential,2,,,
847,1900,706762.43,M_243679_913020,Lynn,MA,Two-Family Residential,2,,,
848,1900,878674.03,M_243679_913007,Lynn,MA,Three-Family Residential,3,,,
849,1883,1236795.58,M_243645_912955,Lynn,MA,Apartments with Four to Eight Units,4,,,
850,1925,883812.15,M_243653_912996,Lynn,MA,Two-Family Residential,2,,,
851,1900,864088.40,M_243654_913033,Lynn,MA,Three-Family Residential,3,,,
852,1893,1046961.33,M_243655_913077,Lynn,MA,Apartments with Four to Eight Units,3,,,
853,1900,798674.03,M_243653_913095,Lynn,MA,Two-Family Residential,2,,,
854,1920,798762.43,M_243655_913124,Lynn,MA,Two-Family Residential,2,,,
855,1920,967513.81,M_243657_913154,Lynn,MA,Three-Family Residential,3,,,
856,1920,767348.07,M_243657_913170,Lynn,MA,Two-Family Residential,2,,,
857,1900,821988.95,M_243658_913200,Lynn,MA,Three-Family Residential,3,,,
858,1890,960773.48,M_243613_913172,Lynn,MA,Three-Family Residential,3,,,
859,1890,831911.60,M_243612_913157,Lynn,MA,Two-Family Residential,2,,,
860,1930,912375.69,M_243610_913112,Lynn,MA,Three-Family Residential,3,,,
861,1915,828508.29,M_243614_913097,Lynn,MA,Three-Family Residential,3,,,
862,1890,838674.03,M_243611_913080,Lynn,MA,Three-Family Residential,3,,,
863,1925,951491.71,M_243609_912990,Lynn,MA,Three-Family Residential,3,,,
864,1884,881988.95,M_243609_912975,Lynn,MA,Two-Family Residential,2,,,
865,1910,932508.29,M_243609_912960,Lynn,MA,Two-Family Residential,2,,,
866,1890,805082.87,M_243606_912916,Lynn,MA,Three-Family Residential,3,,,
867,1900,794994.48,M_243578_912898,Lynn,MA,Two-Family Residential,2,,,
868,1900,758806.63,M_243575_912915,Lynn,MA,Two-Family Residential,2,,,
869,1880,730895.03,M_243576_912930,Lynn,MA,Two-Family Residential,2,,,
870,1910,872154.70,M_243582_912960,Lynn,MA,Three-Family Residential,3,,,
871,1900,755845.30,M_243582_912975,Lynn,MA,Two-Family Residential,2,,,
872,1900,746618.78,M_243583_912989,Lynn,MA,Two-Family Residential,2,,,
873,1900,746475.14,M_243583_913005,Lynn,MA,Two-Family Residential,2,,,
874,1900,794685.08,M_243583_913020,Lynn,MA,Two-Family Residential,2,,,
875,1900,952265.19,M_243584_913036,Lynn,MA,Three-Family Residential,3,,,
876,1900,724928.18,M_243585_913050,Lynn,MA,Two-Family Residential,2,,,
877,1906,1066629.83,M_243585_913080,Lynn,MA,Three-Family Residential,3,,,
878,1880,728718.23,M_243585_913111,Lynn,MA,Two-Family Residential,2,,,
879,1935,820022.10,M_243585_913141,Lynn,MA,Two-Family Residential,2,,,
880,1927,888353.59,M_243616_913127,Lynn,MA,Two-Family Residential,2,,,
881,1900,712640.88,M_243542_912930,Lynn,MA,Two-Family Residential,2,,,
882,1900,833922.65,M_243543_912916,Lynn,MA,Three-Family Residential,3,,,
883,1900,899668.51,M_243539_912881,Lynn,MA,Three-Family Residential,3,,,
884,1870,796132.60,M_243488_912992,Lynn,MA,Three-Family Residential,3,,,
885,1890,853889.50,M_243493_913002,Lynn,MA,Two-Family Residential,2,,,
886,1920,736541.44,M_243514_912980,Lynn,MA,Two-Family Residential,2,,,
887,1870,632331.49,M_243514_912968,Lynn,MA,Two-Family Residential,2,,,
888,1900,600928.18,M_243513_912944,Lynn,MA,Two-Family Residential,2,,,
889,1900,648011.05,M_243513_912932,Lynn,MA,Two-Family Residential,2,,,
890,1900,643359.12,M_243512_912920,Lynn,MA,Two-Family Residential,2,,,
891,1900,774839.78,M_243512_912908,Lynn,MA,Two-Family Residential,2,,,
892,1900,671845.30,M_243513_912897,Lynn,MA,Two-Family Residential,2,,,
893,1910,1075690.61,M_243520_912869,Lynn,MA,Apartments with Four to Eight Units,4,,,
894,1760,958883.98,M_243488_912886,Lynn,MA,Two-Family Residential,2,,,
895,1890,854585.64,M_243490_912916,Lynn,MA,Three-Family Residential,3,,,
896,1890,887513.81,M_243490_912931,Lynn,MA,Three-Family Residential,3,,,
897,1890,881546.96,M_243490_912946,Lynn,MA,Three-Family Residential,3,,,
898,1890,740375.69,M_243491_912961,Lynn,MA,Two-Family Residential,2,,,
899,1890,985193.37,M_243491_912975,Lynn,MA,Three-Family Residential,3,,,
900,1910,920000.00,M_243541_913112,Lynn,MA,Three-Family Residential,3,,,
901,1890,727138.12,M_243541_913067,Lynn,MA,Two-Family Residential,2,,,
902,1915,837082.87,M_243541_913037,Lynn,MA,Two-Family Residential,2,,,
903,1880,841458.56,M_243508_913046,Lynn,MA,Two-Family Residential,2,,,
904,1880,759524.86,M_243495_913046,Lynn,MA,Two-Family Residential,2,,,
905,1910,950165.75,M_243481_913047,Lynn,MA,Three-Family Residential,3,,,
906,1930,1030486.19,M_243486_913068,Lynn,MA,Two-Family Residential,2,,,
907,1920,1022839.78,M_243443_913067,Lynn,MA,Two-Family Residential,2,,,
908,1920,924276.24,M_243444_913052,Lynn,MA,Two-Family Residential,2,,,
909,1900,997414.36,M_243443_913038,Lynn,MA,Two-Family Residential,2,,,
910,1900,833370.17,M_243444_913022,Lynn,MA,Three-Family Residential,3,,,
911,1900,829049.72,M_243446_912991,Lynn,MA,Two-Family Residential,2,,,
912,1900,840430.94,M_243447_912947,Lynn,MA,Two-Family Residential,2,,,
913,1900,930276.24,M_243450_912917,Lynn,MA,Three-Family Residential,3,,,
914,1900,947071.82,M_243444_912877,Lynn,MA,Three-Family Residential,3,,,
915,1900,804198.90,M_243442_912848,Lynn,MA,Three-Family Residential,3,,,
916,1900,792596.69,M_243433_912842,Lynn,MA,Three-Family Residential,3,,,
917,1895,792718.23,M_243421_912828,Lynn,MA,Two-Family Residential,2,,,
918,1900,769370.17,M_243419_912848,Lynn,MA,Two-Family Residential,2,,,
919,1900,796342.54,M_243419_912863,Lynn,MA,Two-Family Residential,2,,,
920,1900,877027.62,M_243419_912878,Lynn,MA,Two-Family Residential,2,,,
921,1890,723646.41,M_243420_912895,Lynn,MA,Three-Family Residential,3,,,
922,1900,654320.44,M_243425_912907,Lynn,MA,Two-Family Residential,2,,,
923,1900,797325.97,M_243418_912987,Lynn,MA,Two-Family Residential,2,,,
924,1900,759005.52,M_243416_913016,Lynn,MA,Two-Family Residential,2,,,
925,1900,761657.46,M_243415_913032,Lynn,MA,Two-Family Residential,2,,,
926,1900,807845.30,M_243411_913092,Lynn,MA,Three-Family Residential,3,,,
927,1900,751812.15,M_243339_913021,Lynn,MA,Two-Family Residential,2,,,
928,1900,757624.31,M_243369_913012,Lynn,MA,Two-Family Residential,2,,,
929,1900,724232.04,M_243371_912983,Lynn,MA,Two-Family Residential,2,,,
930,1880,751303.87,M_243372_912953,Lynn,MA,Two-Family Residential,2,,,
931,1900,847734.81,M_243376_912908,Lynn,MA,Three-Family Residential,3,,,
932,1905,690331.49,M_243377_912878,Lynn,MA,Two-Family Residential,2,,,
933,1905,701093.92,M_243378_912861,Lynn,MA,Two-Family Residential,2,,,
934,1900,720983.43,M_243385_912830,Lynn,MA,Two-Family Residential,2,,,
935,1880,855226.52,M_243350_912857,Lynn,MA,Two-Family Residential,2,,,
936,1900,798232.04,M_243347_912876,Lynn,MA,Two-Family Residential,2,,,
937,1900,720961.33,M_243343_912892,Lynn,MA,Two-Family Residential,2,,,
938,1900,793580.11,M_243342_912966,Lynn,MA,Two-Family Residential,2,,,
939,1900,739569.06,M_243342_912982,Lynn,MA,Two-Family Residential,2,,,
940,1880,736475.14,M_243341_912996,Lynn,MA,Two-Family Residential,2,,,
941,1920,719226.52,M_243387_912847,Lynn,MA,Two-Family Residential,2,,,
942,1900,633745.86,M_243377_912843,Lynn,MA,Two-Family Residential,2,,,
943,1900,1111049.72,M_243374_912923,Lynn,MA,Three-Family Residential,3,,,
944,1900,837569.06,M_243380_912895,Lynn,MA,Three-Family Residential,3,,,
945,1900,667580.11,M_243365_912891,Lynn,MA,Two-Family Residential,2,,,
946,1900,776022.10,M_243367_913074,Lynn,MA,Two-Family Residential,2,,,
947,1900,743403.31,M_243367_913059,Lynn,MA,Two-Family Residential,2,,,
948,1900,770364.64,M_243359_913044,Lynn,MA,Two-Family Residential,2,,,
949,1900,861480.66,M_243375_913045,Lynn,MA,Two-Family Residential,2,,,
950,1900,916475.14,M_243293_912965,Lynn,MA,Two-Family Residential,2,,,
951,1900,769093.92,M_243295_912949,Lynn,MA,Two-Family Residential,2,,,
952,1900,616906.08,M_243297_912885,Lynn,MA,Two-Family Residential,2,,,
953,1900,785580.11,M_243299_912869,Lynn,MA,Two-Family Residential,2,,,
954,1900,901767.96,M_243300_912856,Lynn,MA,Three-Family Residential,3,,,
955,1900,921325.97,M_243302_912840,Lynn,MA,Three-Family Residential,3,,,
956,1900,818165.75,M_243305_912822,Lynn,MA,Two-Family Residential,2,,,
957,1900,1585635.36,M_243320_912788,Lynn,MA,Apartments with Four to Eight Units,6,,,
958,1920,898331.49,M_243248_912898,Lynn,MA,Two-Family Residential,2,,,
959,1910,780110.50,M_243266_912890,Lynn,MA,Two-Family Residential,2,,,
960,1910,682066.30,M_243170_912932,Lynn,MA,Two-Family Residential,2,,,
961,1915,751027.62,M_243168_912959,Lynn,MA,Two-Family Residential,2,,,
962,1910,799403.31,M_243167_912988,Lynn,MA,Two-Family Residential,2,,,
963,1900,708453.04,M_243794_913299,Lynn,MA,Two-Family Residential,2,,,
964,1925,1017933.70,M_243699_913504,Lynn,MA,Two-Family Residential,2,,,
965,1929,945248.62,M_243703_913486,Lynn,MA,Two-Family Residential,2,,,
966,1920,835933.70,M_243708_913467,Lynn,MA,Two-Family Residential,2,,,
967,1912,1073779.01,M_243666_913491,Lynn,MA,Two-Family Residential,2,,,
968,1900,838453.04,M_243603_913428,Lynn,MA,Three-Family Residential,3,,,
969,1900,800861.88,M_243617_913433,Lynn,MA,Two-Family Residential,2,,,
970,1900,772044.20,M_243634_913441,Lynn,MA,Three-Family Residential,3,,,
971,1920,921668.51,M_243637_913430,Lynn,MA,Two-Family Residential,2,,,
972,1900,700839.78,M_243648_913410,Lynn,MA,Two-Family Residential,2,,,
973,1900,711248.62,M_243635_913406,Lynn,MA,Two-Family Residential,2,,,
974,1920,920994.48,M_243616_913378,Lynn,MA,Three-Family Residential,3,,,
975,1900,677613.26,M_243662_913353,Lynn,MA,Two-Family Residential,2,,,
976,1900,1016022.10,M_243696_913320,Lynn,MA,Apartments with Four to Eight Units,4,,,
977,1900,784895.03,M_243683_913322,Lynn,MA,Two-Family Residential,2,,,
978,1900,633171.27,M_243671_913322,Lynn,MA,Two-Family Residential,2,,,
979,1915,761215.47,M_243513_913414,Lynn,MA,Two-Family Residential,2,,,
980,1920,820883.98,M_243564_913457,Lynn,MA,Three-Family Residential,3,,,
981,1910,785082.87,M_243570_913479,Lynn,MA,Three-Family Residential,3,,,
982,1900,769679.56,M_243607_913500,Lynn,MA,Two-Family Residential,2,,,
983,1920,902651.93,M_243621_913477,Lynn,MA,Three-Family Residential,3,,,
984,1910,1050939.23,M_243585_913461,Lynn,MA,Three-Family Residential,3,,,
985,1900,767867.40,M_243504_913494,Lynn,MA,Two-Family Residential,2,,,
986,1900,787524.86,M_243621_913641,Lynn,MA,Two-Family Residential,2,,,
987,1987,963646.41,M_243614_913598,Lynn,MA,Two-Family Residential,2,,,
988,1925,839049.72,M_243549_913515,Lynn,MA,Two-Family Residential,2,,,
989,1989,988618.78,M_243612_913574,Lynn,MA,Two-Family Residential,2,,,
990,1900,928508.29,M_243422_913497,Lynn,MA,Two-Family Residential,2,,,
991,1900,720386.74,M_243501_913615,Lynn,MA,Two-Family Residential,2,,,
992,1900,720287.29,M_243228_913381,Lynn,MA,Two-Family Residential,2,,,
993,1930,1005193.37,M_243085_913458,Lynn,MA,Two-Family Residential,2,,,
994,1890,810055.25,M_243804_913265,Lynn,MA,Three-Family Residential,3,,,
995,1900,965193.37,M_243738_913268,Lynn,MA,Three-Family Residential,3,,,
996,1910,890707.18,M_243753_913278,Lynn,MA,Two-Family Residential,2,,,
997,1920,850828.73,M_243658_913215,Lynn,MA,Three-Family Residential,3,,,
998,1900,767182.32,M_243658_913230,Lynn,MA,Two-Family Residential,2,,,
999,1890,747646.41,M_243614_913278,Lynn,MA,Two-Family Residential,2,,,
1000,1890,889613.26,M_243614_913262,Lynn,MA,Three-Family Residential,3,,,
1001,1890,905292.82,M_243614_913247,Lynn,MA,Two-Family Residential,2,,,
1002,1890,792441.99,M_243614_913232,Lynn,MA,Two-Family Residential,2,,,
1003,1920,814530.39,M_243587_913187,Lynn,MA,Two-Family Residential,2,,,
1004,1900,980441.99,M_243587_913202,Lynn,MA,Three-Family Residential,3,,,
1005,1920,852475.14,M_243587_913217,Lynn,MA,Two-Family Residential,2,,,
1006,1920,938077.35,M_243588_913262,Lynn,MA,Two-Family Residential,2,,,
1007,1930,832254.14,M_243588_913278,Lynn,MA,Two-Family Residential,2,,,
1008,1910,757900.55,M_243586_913294,Lynn,MA,Three-Family Residential,3,,,
1009,1928,858928.18,M_243467_913385,Lynn,MA,Two-Family Residential,2,,,
1010,1928,998464.09,M_243485_913384,Lynn,MA,Two-Family Residential,2,,,
1011,1915,900994.48,M_243507_913372,Lynn,MA,Three-Family Residential,3,,,
1012,1890,854353.59,M_243535_913340,Lynn,MA,Two-Family Residential,2,,,
1013,1900,711966.85,M_243548_913340,Lynn,MA,Two-Family Residential,2,,,
1014,1900,925745.86,M_243541_913309,Lynn,MA,Three-Family Residential,3,,,
1015,1900,1136464.09,M_243541_913295,Lynn,MA,Apartments with Four to Eight Units,3,,,
1016,1900,759834.25,M_243541_913248,Lynn,MA,Two-Family Residential,2,,,
1017,1890,823535.91,M_243541_913233,Lynn,MA,Three-Family Residential,3,,,
1018,1880,776165.75,M_243540_913217,Lynn,MA,Two-Family Residential,2,,,
1019,1900,769591.16,M_243541_913203,Lynn,MA,Two-Family Residential,2,,,
1020,1900,750939.23,M_243546_913173,Lynn,MA,Two-Family Residential,2,,,
1021,1900,858464.09,M_243540_913158,Lynn,MA,Two-Family Residential,2,,,
1022,1900,795845.30,M_243411_913106,Lynn,MA,Two-Family Residential,2,,,
1023,1900,681491.71,M_243410_913138,Lynn,MA,Two-Family Residential,2,,,
1024,1900,715237.57,M_243409_913167,Lynn,MA,Two-Family Residential,2,,,
1025,1900,738751.38,M_243409_913183,Lynn,MA,Two-Family Residential,2,,,
1026,2009,964143.65,M_243398_913378,Lynn,MA,Two-Family Residential,2,,,
1027,2009,968972.38,M_243427_913388,Lynn,MA,Two-Family Residential,2,,,
1028,1900,750298.34,M_243361_913194,Lynn,MA,Two-Family Residential,2,,,
1029,1903,883116.02,M_243362_913165,Lynn,MA,Apartments with Four to Eight Units,2,,,
1030,1900,690607.73,M_243363_913149,Lynn,MA,Two-Family Residential,2,,,
1031,1900,750453.04,M_243364_913134,Lynn,MA,Two-Family Residential,2,,,
1032,1900,756397.79,M_243335_913132,Lynn,MA,Two-Family Residential,2,,,
1033,1910,724817.68,M_243347_913358,Lynn,MA,Two-Family Residential,2,,,
1034,1900,773281.77,M_243360_913360,Lynn,MA,Two-Family Residential,2,,,
1035,1890,787270.72,M_243353_913333,Lynn,MA,Two-Family Residential,2,,,
1036,1915,952850.83,M_243354_913318,Lynn,MA,Two-Family Residential,2,,,
1037,1900,804309.39,M_243356_913286,Lynn,MA,Three-Family Residential,3,,,
1038,1900,773104.97,M_243356_913271,Lynn,MA,Two-Family Residential,2,,,
1039,1900,714718.23,M_243358_913225,Lynn,MA,Two-Family Residential,2,,,
1040,1988,950165.75,M_243322_913329,Lynn,MA,Two-Family Residential,2,,,
1041,1870,921038.67,M_243323_913352,Lynn,MA,Two-Family Residential,2,,,
1042,2022,1299127.07,M_243327_913239,Lynn,MA,Two-Family Residential,2,,,
1043,1930,1037403.31,M_243226_913327,Lynn,MA,Two-Family Residential,2,,,
1044,1880,800187.85,M_243245_913328,Lynn,MA,Two-Family Residential,2,,,
1045,1900,1000508.29,M_243276_913341,Lynn,MA,Two-Family Residential,2,,,
1046,1930,1062795.58,M_243277_913317,Lynn,MA,Two-Family Residential,2,,,
1047,1920,900872.93,M_243279_913298,Lynn,MA,Two-Family Residential,2,,,
1048,1905,780287.29,M_243280_913283,Lynn,MA,Two-Family Residential,2,,,
1049,1910,846265.19,M_243279_913267,Lynn,MA,Two-Family Residential,2,,,
1050,1910,890895.03,M_243275_913252,Lynn,MA,Two-Family Residential,2,,,
1051,1900,888331.49,M_243279_913237,Lynn,MA,Two-Family Residential,2,,,
1052,1900,753779.01,M_243282_913220,Lynn,MA,Two-Family Residential,2,,,
1053,1900,875878.45,M_243291_913115,Lynn,MA,Two-Family Residential,2,,,
1054,1910,791171.27,M_243257_913307,Lynn,MA,Two-Family Residential,2,,,
1055,1900,909281.77,M_243178_913322,Lynn,MA,Three-Family Residential,3,,,
1056,1910,935624.31,M_243166_913009,Lynn,MA,Two-Family Residential,2,,,
1057,1911,831801.10,M_243159_913218,Lynn,MA,Two-Family Residential,2,,,
1058,1910,941878.45,M_243079_913275,Lynn,MA,Two-Family Residential,2,,,
1059,1900,1073259.67,M_243094_913065,Lynn,MA,Three-Family Residential,3,,,
1060,1920,875359.12,M_243091_913091,Lynn,MA,Two-Family Residential,2,,,
1061,1926,998088.40,M_243089_913106,Lynn,MA,Two-Family Residential,2,,,
1062,1925,939679.56,M_243088_913121,Lynn,MA,Two-Family Residential,2,,,
1063,1927,829966.85,M_243089_913137,Lynn,MA,Two-Family Residential,2,,,
1064,1884,858784.53,M_243087_913154,Lynn,MA,Three-Family Residential,3,,,
1065,1920,932983.43,M_243086_913170,Lynn,MA,Two-Family Residential,2,,,
1066,1910,790928.18,M_243108_913039,Lynn,MA,Two-Family Residential,2,,,
1067,1910,1029944.75,M_243128_913373,Lynn,MA,Three-Family Residential,3,,,
1068,1880,1127513.81,M_243125_913344,Lynn,MA,Three-Family Residential,3,,,
1069,1920,1010176.80,M_243085_913323,Lynn,MA,Two-Family Residential,2,,,
1070,1900,1003712.71,M_243068_913345,Lynn,MA,Two-Family Residential,2,,,
1071,1900,902232.04,M_243040_913365,Lynn,MA,Two-Family Residential,2,,,
1072,1910,756419.89,M_243031_913371,Lynn,MA,Two-Family Residential,2,,,
1073,1900,870707.18,M_243031_913221,Lynn,MA,Two-Family Residential,2,,,
1074,1900,1041359.12,M_242979_913358,Lynn,MA,Two-Family Residential,2,,,
1075,1900,873381.22,M_243002_913317,Lynn,MA,Two-Family Residential,2,,,
1076,1870,846497.24,M_243006_913303,Lynn,MA,Two-Family Residential,2,,,
1077,1911,844795.58,M_243019_913294,Lynn,MA,Two-Family Residential,2,,,
1078,1911,868497.24,M_243025_913284,Lynn,MA,Two-Family Residential,2,,,
1079,1880,891756.91,M_243352_913633,Lynn,MA,Two-Family Residential,2,,,
1080,1912,779502.76,M_243275_913609,Lynn,MA,Two-Family Residential,2,,,
1081,1900,794044.20,M_243181_913553,Lynn,MA,Two-Family Residential,2,,,
1082,1930,1040000.00,M_243120_913546,Lynn,MA,Three-Family Residential,3,,,
1083,1951,691160.22,M_243105_913664,Lynn,MA,Two-Family Residential,2,,,
1084,1890,917348.07,M_243007_913497,Lynn,MA,Three-Family Residential,3,,,
1085,1925,833060.77,M_242993_913505,Lynn,MA,Two-Family Residential,2,,,
1086,1915,788718.23,M_242979_913513,Lynn,MA,Two-Family Residential,2,,,
1087,1925,771425.41,M_242967_913521,Lynn,MA,Two-Family Residential,2,,,
1088,1970,512232.04,M_242943_913542,Lynn,MA,Two-Family Residential,2,,,
1089,1970,666508.29,M_242931_913603,Lynn,MA,Two-Family Residential,2,,,
1090,1900,826574.59,M_243016_913715,Lynn,MA,Two-Family Residential,2,,,
1091,1900,698408.84,M_243028_913712,Lynn,MA,Two-Family Residential,2,,,
1092,1900,918585.64,M_242921_913471,Lynn,MA,Two-Family Residential,2,,,
1093,1890,706618.78,M_242926_913446,Lynn,MA,Two-Family Residential,2,,,
1094,1890,749381.22,M_243299_914375,Lynn,MA,Two-Family Residential,2,,,
1095,1900,815248.62,M_244902_912119,Lynn,MA,Three-Family Residential,3,,,
1096,1900,845745.86,M_244911_912125,Lynn,MA,Three-Family Residential,3,,,
1097,1890,696397.79,M_244872_912099,Lynn,MA,Two-Family Residential,2,,,
1098,1983,867403.31,M_244816_912083,Lynn,MA,Three-Family Residential,3,,,
1099,1900,707182.32,M_244776_912054,Lynn,MA,Two-Family Residential,2,,,
1100,1900,942486.19,M_244828_912089,Lynn,MA,Two-Family Residential,2,,,
1101,1900,659944.75,M_244938_912052,Lynn,MA,Two-Family Residential,2,,,
1102,1900,842651.93,M_244943_912042,Lynn,MA,Three-Family Residential,3,,,
1103,1900,700265.19,M_244955_912056,Lynn,MA,Two-Family Residential,2,,,
1104,1900,767845.30,M_244972_912075,Lynn,MA,Three-Family Residential,3,,,
1105,1890,1538342.54,M_245040_912171,Lynn,MA,Apartments with Four to Eight Units,8,,,
1106,1910,831502.76,M_245029_912160,Lynn,MA,Two-Family Residential,3,,,
1107,1890,936220.99,M_244978_912121,Lynn,MA,Two-Family Residential,2,,,
1108,1900,857016.57,M_244944_912098,Lynn,MA,Three-Family Residential,3,,,
1109,1900,861878.45,M_245002_912142,Lynn,MA,Three-Family Residential,3,,,
1110,1900,694232.04,M_245008_912131,Lynn,MA,Two-Family Residential,2,,,
1111,1900,866099.45,M_244970_912117,Lynn,MA,Two-Family Residential,2,,,
1112,1900,1040110.50,M_245087_912088,Lynn,MA,Apartments with Four to Eight Units,5,,,
1113,1900,827712.71,M_244772_912004,Lynn,MA,Two-Family Residential,2,,,
1114,1900,791226.52,M_244859_912037,Lynn,MA,Two-Family Residential,2,,,
1115,1890,905856.35,M_244880_912055,Lynn,MA,Three-Family Residential,3,,,
1116,1900,912596.69,M_244913_912015,Lynn,MA,Three-Family Residential,3,,,
1117,1910,803867.40,M_244758_912593,Lynn,MA,Two-Family Residential,2,,,
1118,1968,11411270.72,M_244772_912465,Lynn,MA,Affordable Housing Units (Greater than 50% of the units qualify),4,,,
1119,1900,1057458.56,M_244675_912509,Lynn,MA,Three-Family Residential,3,,,
1120,1915,912320.44,M_244664_912522,Lynn,MA,Two-Family Residential,2,,,
1121,1900,814143.65,M_244670_912568,Lynn,MA,Three-Family Residential,3,,,
1122,1910,805414.36,M_244653_912532,Lynn,MA,Three-Family Residential,3,,,
1123,1900,1298895.03,M_244497_912469,Lynn,MA,Apartments with Four to Eight Units,4,,,
1124,2002,1102762.43,M_244523_912472,Lynn,MA,Two-Family Residential,2,,,
1125,2023,1236132.60,M_244580_912507,Lynn,MA,Two-Family Residential,2,,,
1126,1900,1011270.72,M_244657_912456,Lynn,MA,Three-Family Residential,3,,,
1127,1900,1063093.92,M_244651_912439,Lynn,MA,Three-Family Residential,3,,,
1128,1915,907182.32,M_244670_912426,Lynn,MA,Three-Family Residential,3,,,
1129,1915,1002209.94,M_244681_912408,Lynn,MA,Three-Family Residential,3,,,
1130,1880,847016.57,M_244696_912390,Lynn,MA,Two-Family Residential,2,,,
1131,2015,1609281.77,M_244703_912375,Lynn,MA,Apartments with Four to Eight Units,4,,,
1132,2003,996552.49,M_244615_912367,Lynn,MA,Two-Family Residential,2,,,
1133,1890,1159116.02,M_244596_912367,Lynn,MA,Apartments with Four to Eight Units,4,,,
1134,1900,1025812.15,M_244532_912419,Lynn,MA,Two-Family Residential,2,,,
1135,1880,890000.00,M_244524_912432,Lynn,MA,Two-Family Residential,2,,,
1136,1920,1550386.74,M_244506_912450,Lynn,MA,Apartments with Four to Eight Units,6,,,
1137,1900,769723.76,M_244430_912439,Lynn,MA,Two-Family Residential,2,,,
1138,1900,1168950.28,M_244457_912450,Lynn,MA,Apartments with Four to Eight Units,5,,,
1139,1896,917458.56,M_244487_912399,Lynn,MA,Three-Family Residential,3,,,
1140,1900,945767.96,M_244460_912389,Lynn,MA,Two-Family Residential,2,,,
1141,1880,902762.43,M_244451_912405,Lynn,MA,Three-Family Residential,3,,,
1142,1900,680961.33,M_244363_912404,Lynn,MA,Two-Family Residential,2,,,
1143,1910,1006298.34,M_244399_912395,Lynn,MA,Three-Family Residential,3,,,
1144,1900,972486.19,M_244419_912382,Lynn,MA,Two-Family Residential,2,,,
1145,1910,722895.03,M_244428_912365,Lynn,MA,Two-Family Residential,2,,,
1146,2003,1040994.48,M_244435_912347,Lynn,MA,Two-Family Residential,2,,,
1147,1900,900000.00,M_244368_912347,Lynn,MA,Three-Family Residential,3,,,
1148,1900,847734.81,M_244356_912368,Lynn,MA,Three-Family Residential,3,,,
1149,1900,928729.28,M_244351_912379,Lynn,MA,Three-Family Residential,3,,,
1150,1910,801756.91,M_244372_912382,Lynn,MA,Two-Family Residential,2,,,
1151,1900,934806.63,M_244352_912399,Lynn,MA,Three-Family Residential,3,,,
1152,1900,1021988.95,M_244400_912372,Lynn,MA,Three-Family Residential,3,,,
1153,1890,1325856.35,M_244407_912346,Lynn,MA,Apartments with Four to Eight Units,4,,,
1154,1900,965281.77,M_244886_912134,Lynn,MA,Two-Family Residential,2,,,
1155,1910,1011823.20,M_244929_912154,Lynn,MA,Three-Family Residential,3,,,
1156,1900,1137348.07,M_244944_912165,Lynn,MA,Apartments with Four to Eight Units,3,,,
1157,1900,702099.45,M_244965_912167,Lynn,MA,Two-Family Residential,2,,,
1158,1900,1336685.08,M_244973_912184,Lynn,MA,Apartments with Four to Eight Units,2,,,
1159,1900,749060.77,M_244989_912191,Lynn,MA,Three-Family Residential,3,,,
1160,1900,649900.55,M_245000_912214,Lynn,MA,Two-Family Residential,2,,,
1161,2025,1990276.24,M_244850_912119,Lynn,MA,Apartments with Four to Eight Units,5,,,
1162,1900,1111381.22,M_244227_912344,Lynn,MA,Apartments with Four to Eight Units,4,,,
1163,1900,912375.69,M_244242_912349,Lynn,MA,Three-Family Residential,3,,,
1164,1900,962099.45,M_244255_912353,Lynn,MA,Three-Family Residential,3,,,
1165,1900,738143.65,M_244267_912357,Lynn,MA,Two-Family Residential,2,,,
1166,1890,1239779.01,M_244303_912375,Lynn,MA,Apartments with Four to Eight Units,5,,,
1167,1900,912596.69,M_244252_912329,Lynn,MA,Three-Family Residential,3,,,
1168,1925,1020000.00,M_244237_912327,Lynn,MA,Three-Family Residential,3,,,
1169,1900,771049.72,M_244273_912331,Lynn,MA,Three-Family Residential,3,,,
1170,1860,692364.64,M_244302_912294,Lynn,MA,Two-Family Residential,2,,,
1171,1920,815911.60,M_244338_912294,Lynn,MA,Three-Family Residential,3,,,
1172,1900,882430.94,M_244380_912197,Lynn,MA,Three-Family Residential,3,,,
1173,1900,1019447.51,M_244333_912211,Lynn,MA,Three-Family Residential,3,,,
1174,1986,753038.67,M_244320_912237,Lynn,MA,Two-Family Residential,2,,,
1175,1880,771900.55,M_244315_912250,Lynn,MA,Two-Family Residential,2,,,
1176,1890,1250055.25,M_244361_912144,Lynn,MA,Three-Family Residential,3,,,
1177,1900,914850.83,M_244381_912143,Lynn,MA,Two-Family Residential,2,,,
1178,1900,631856.35,M_244422_912145,Lynn,MA,Two-Family Residential,2,,,
1179,1900,921878.45,M_244404_912134,Lynn,MA,Three-Family Residential,3,,,
1180,1900,840883.98,M_244410_912123,Lynn,MA,Three-Family Residential,3,,,
1181,1900,670364.64,M_244372_912120,Lynn,MA,Two-Family Residential,2,,,
1182,1900,728276.24,M_244269_912280,Lynn,MA,Two-Family Residential,2,,,
1183,1900,724309.39,M_244298_912195,Lynn,MA,Two-Family Residential,2,,,
1184,1900,830441.99,M_244306_912172,Lynn,MA,Two-Family Residential,2,,,
1185,1890,777900.55,M_244275_912252,Lynn,MA,Three-Family Residential,3,,,
1186,1900,1284419.89,M_244199_912896,Lynn,MA,Apartments with Four to Eight Units,6,,,
1187,1880,961701.66,M_244086_912848,Lynn,MA,Two-Family Residential,2,,,
1188,1923,1180662.98,M_244101_912841,Lynn,MA,Apartments with Four to Eight Units,4,,,
1189,1900,817016.57,M_244028_912820,Lynn,MA,Three-Family Residential,3,,,
1190,1890,1336574.59,M_244772_912893,Lynn,MA,Apartments with Four to Eight Units,4,,,
1191,1880,660298.34,M_244777_912907,Lynn,MA,Two-Family Residential,2,,,
1192,1880,670309.39,M_244789_912895,Lynn,MA,Two-Family Residential,2,,,
1193,1880,739679.56,M_244786_912916,Lynn,MA,Two-Family Residential,2,,,
1194,1900,1154806.63,M_244785_912750,Lynn,MA,Three-Family Residential,3,,,
1195,1860,709248.62,M_244774_912796,Lynn,MA,Two-Family Residential,2,,,
1196,1900,760110.50,M_244770_912818,Lynn,MA,Two-Family Residential,2,,,
1197,1870,1164640.88,M_244766_912835,Lynn,MA,Three-Family Residential,3,,,
1198,1900,1612707.18,M_244767_912853,Lynn,MA,Apartments with Four to Eight Units,6,,,
1199,1910,990386.74,M_244790_912761,Lynn,MA,Apartments with Four to Eight Units,4,,,
1200,1880,1258563.54,M_244726_913016,Lynn,MA,Apartments with Four to Eight Units,6,,,
1201,1910,887624.31,M_244732_913001,Lynn,MA,Three-Family Residential,4,,,
1202,1880,855900.55,M_244744_912991,Lynn,MA,Two-Family Residential,3,,,
1203,1880,692209.94,M_244766_912970,Lynn,MA,Two-Family Residential,2,,,
1204,1860,835292.82,M_244773_912953,Lynn,MA,Two-Family Residential,2,,,
1205,1900,995580.11,M_244722_912968,Lynn,MA,Three-Family Residential,3,,,
1206,1900,938121.55,M_244700_912988,Lynn,MA,Three-Family Residential,3,,,
1207,1873,856762.43,M_244692_913012,Lynn,MA,Two-Family Residential,2,,,
1208,1900,902541.44,M_244730_912954,Lynn,MA,Three-Family Residential,3,,,
1209,1897,1084198.90,M_244634_913014,Lynn,MA,Apartments with Four to Eight Units,6,,,
1210,1900,977436.46,M_244625_913002,Lynn,MA,Two-Family Residential,2,,,
1211,1900,1116464.09,M_244615_913022,Lynn,MA,Three-Family Residential,3,,,
1212,1900,767016.57,M_244606_913034,Lynn,MA,Two-Family Residential,2,,,
1213,1885,952530.39,M_244586_913055,Lynn,MA,Two-Family Residential,2,,,
1214,1900,874707.18,M_244543_913035,Lynn,MA,Two-Family Residential,2,,,
1215,1880,701546.96,M_244553_913024,Lynn,MA,Two-Family Residential,2,,,
1216,1900,1032817.68,M_244564_913012,Lynn,MA,Three-Family Residential,3,,,
1217,1900,914696.13,M_244575_913003,Lynn,MA,Three-Family Residential,3,,,
1218,1880,898784.53,M_244584_912993,Lynn,MA,Three-Family Residential,3,,,
1219,1880,833005.52,M_244604_912984,Lynn,MA,Two-Family Residential,2,,,
1220,1870,814883.98,M_244594_912972,Lynn,MA,Two-Family Residential,2,,,
1221,1900,939524.86,M_244585_912952,Lynn,MA,Two-Family Residential,2,,,
1222,1900,804044.20,M_244576_912962,Lynn,MA,Two-Family Residential,2,,,
1223,1900,840883.98,M_244566_912974,Lynn,MA,Two-Family Residential,2,,,
1224,1900,863646.41,M_244555_912984,Lynn,MA,Three-Family Residential,3,,,
1225,1900,827414.36,M_244545_912997,Lynn,MA,Two-Family Residential,2,,,
1226,1900,996132.60,M_244534_913009,Lynn,MA,Three-Family Residential,3,,,
1227,1915,1030055.25,M_244523_913022,Lynn,MA,Three-Family Residential,3,,,
1228,1900,890386.74,M_244655_912979,Lynn,MA,Two-Family Residential,2,,,
1229,1900,817127.07,M_244665_912969,Lynn,MA,Three-Family Residential,3,,,
1230,1900,1136022.10,M_244664_912949,Lynn,MA,Three-Family Residential,3,,,
1231,1880,1164751.38,M_244692_912933,Lynn,MA,Apartments with Four to Eight Units,6,,,
1232,1900,871856.35,M_244727_912908,Lynn,MA,Two-Family Residential,2,,,
1233,1880,1064861.88,M_244673_912911,Lynn,MA,Apartments with Four to Eight Units,6,,,
1234,1926,875248.62,M_244726_912851,Lynn,MA,Three-Family Residential,3,,,
1235,1926,911049.72,M_244708_912850,Lynn,MA,Three-Family Residential,3,,,
1236,1926,797790.06,M_244688_912848,Lynn,MA,Three-Family Residential,3,,,
1237,1921,816574.59,M_244670_912846,Lynn,MA,Three-Family Residential,3,,,
1238,1926,811381.22,M_244651_912840,Lynn,MA,Three-Family Residential,3,,,
1239,1926,873480.66,M_244653_912822,Lynn,MA,Three-Family Residential,3,,,
1240,1926,814696.13,M_244672_912820,Lynn,MA,Three-Family Residential,3,,,
1241,1926,844972.38,M_244692_912822,Lynn,MA,Three-Family Residential,3,,,
1242,1926,820441.99,M_244711_912824,Lynn,MA,Three-Family Residential,3,,,
1243,1926,817237.57,M_244730_912827,Lynn,MA,Three-Family Residential,3,,,
1244,1970,1150497.24,M_244723_912815,Lynn,MA,Apartments with Four to Eight Units,4,,,
1245,1810,1062961.33,M_244700_912806,Lynn,MA,Two-Family Residential,2,,,
1246,1880,975845.30,M_244722_912792,Lynn,MA,Two-Family Residential,2,,,
1247,1900,805425.41,M_244650_912769,Lynn,MA,Two-Family Residential,2,,,
1248,1900,1365966.85,M_244657_912747,Lynn,MA,Apartments with Four to Eight Units,6,,,
1249,1880,999889.50,M_244633_912772,Lynn,MA,Three-Family Residential,3,,,
1250,1950,1076022.10,M_244631_912787,Lynn,MA,Three-Family Residential,3,,,
1251,1960,827513.81,M_244629_912802,Lynn,MA,Two-Family Residential,2,,,
1252,1900,841281.77,M_244628_912818,Lynn,MA,Two-Family Residential,2,,,
1253,2014,1596353.59,M_244624_912851,Lynn,MA,Three-Family Residential,3,,,
1254,1900,1020220.99,M_244621_912871,Lynn,MA,Three-Family Residential,3,,,
1255,1900,909834.25,M_244619_912890,Lynn,MA,Three-Family Residential,3,,,
1256,1910,885524.86,M_244612_912926,Lynn,MA,Three-Family Residential,3,,,
1257,1880,810817.68,M_244618_912933,Lynn,MA,Two-Family Residential,2,,,
1258,1900,617580.11,M_244635_912919,Lynn,MA,Two-Family Residential,2,,,
1259,1900,552254.14,M_244644_912928,Lynn,MA,Two-Family Residential,2,,,
1260,1880,814563.54,M_244656_912917,Lynn,MA,Two-Family Residential,2,,,
1261,1873,859425.41,M_244643_912959,Lynn,MA,Two-Family Residential,2,,,
1262,1900,774243.09,M_244606_912915,Lynn,MA,Two-Family Residential,2,,,
1263,1900,675204.42,M_244620_912907,Lynn,MA,Two-Family Residential,2,,,
1264,1900,1001878.45,M_244618_912834,Lynn,MA,Three-Family Residential,3,,,
1265,1888,700906.08,M_244632_912832,Lynn,MA,Two-Family Residential,2,,,
1266,1900,916618.78,M_244626_912943,Lynn,MA,Two-Family Residential,2,,,
1267,1900,973812.15,M_244479_913012,Lynn,MA,Three-Family Residential,3,,,
1268,1875,1022651.93,M_244489_913000,Lynn,MA,Three-Family Residential,3,,,
1269,1872,695779.01,M_244510_912977,Lynn,MA,Two-Family Residential,2,,,
1270,1915,797027.62,M_244519_912967,Lynn,MA,Two-Family Residential,2,,,
1271,1890,873812.15,M_244552_912924,Lynn,MA,Three-Family Residential,3,,,
1272,1903,1341104.97,M_244560_912909,Lynn,MA,Apartments with Four to Eight Units,2,,,
1273,1900,1007734.81,M_244566_912873,Lynn,MA,Three-Family Residential,3,,,
1274,1900,1003093.92,M_244580_912834,Lynn,MA,Three-Family Residential,3,,,
1275,1900,776000.00,M_244568_912828,Lynn,MA,Two-Family Residential,2,,,
1276,1900,1201602.21,M_244584_912792,Lynn,MA,Two-Family Residential,2,,,
1277,1910,1459779.01,M_244567_912759,Lynn,MA,Apartments with Four to Eight Units,4,,,
1278,1890,1153259.67,M_244560_912777,Lynn,MA,Three-Family Residential,3,,,
1279,1880,1323204.42,M_244548_912810,Lynn,MA,Three-Family Residential,3,,,
1280,1900,1081215.47,M_244542_912827,Lynn,MA,Apartments with Four to Eight Units,4,,,
1281,1900,940773.48,M_244535_912843,Lynn,MA,Three-Family Residential,3,,,
1282,1900,797889.50,M_244528_912858,Lynn,MA,Two-Family Residential,2,,,
1283,1900,1087856.35,M_244522_912873,Lynn,MA,Two-Family Residential,2,,,
1284,1880,817359.12,M_244510_912885,Lynn,MA,Two-Family Residential,2,,,
1285,1900,950276.24,M_244503_912900,Lynn,MA,Three-Family Residential,3,,,
1286,1900,828066.30,M_244497_912914,Lynn,MA,Three-Family Residential,3,,,
1287,1890,940331.49,M_244487_912957,Lynn,MA,Three-Family Residential,3,,,
1288,1890,997281.77,M_244456_913003,Lynn,MA,Two-Family Residential,2,,,
1289,1900,872154.70,M_244486_912941,Lynn,MA,Three-Family Residential,3,,,
1290,1880,837900.55,M_244505_912949,Lynn,MA,Three-Family Residential,3,,,
1291,1890,923093.92,M_244576_912847,Lynn,MA,Three-Family Residential,3,,,
1292,1900,669613.26,M_244556_912851,Lynn,MA,Three-Family Residential,3,,,
1293,1900,1309834.25,M_244569_912859,Lynn,MA,Apartments with Four to Eight Units,6,,,
1294,1890,850497.24,M_244422_912978,Lynn,MA,Three-Family Residential,3,,,
1295,1890,856198.90,M_244428_912968,Lynn,MA,Two-Family Residential,2,,,
1296,1890,980000.00,M_244433_912955,Lynn,MA,Three-Family Residential,3,,,
1297,1900,842872.93,M_244445_912925,Lynn,MA,Three-Family Residential,3,,,
1298,1900,913491.71,M_244453_912907,Lynn,MA,Two-Family Residential,2,,,
1299,1920,916939.23,M_244472_912871,Lynn,MA,Two-Family Residential,2,,,
1300,1900,871823.20,M_244498_912800,Lynn,MA,Three-Family Residential,3,,,
1301,1910,1115138.12,M_244511_912778,Lynn,MA,Apartments with Four to Eight Units,4,,,
1302,1890,1823756.91,M_244478_912788,Lynn,MA,Apartments with Four to Eight Units,8,,,
1303,1900,1261546.96,M_244465_912811,Lynn,MA,Apartments with Four to Eight Units,6,,,
1304,1941,927038.67,M_244457_912828,Lynn,MA,Two-Family Residential,2,,,
1305,1910,737646.41,M_244450_912842,Lynn,MA,Two-Family Residential,2,,,
1306,1900,772662.98,M_244445_912859,Lynn,MA,Two-Family Residential,2,,,
1307,1910,918895.03,M_244436_912872,Lynn,MA,Three-Family Residential,3,,,
1308,1910,843613.26,M_244426_912894,Lynn,MA,Two-Family Residential,2,,,
1309,1915,946629.83,M_244412_912924,Lynn,MA,Three-Family Residential,3,,,
1310,1900,1036906.08,M_244404_912943,Lynn,MA,Apartments with Four to Eight Units,4,,,
1311,1910,805613.26,M_244397_912959,Lynn,MA,Two-Family Residential,2,,,
1312,1910,975801.10,M_244479_912854,Lynn,MA,Three-Family Residential,3,,,
1313,1920,675005.52,M_244470_912844,Lynn,MA,Two-Family Residential,2,,,
1314,1900,822165.75,M_244342_912956,Lynn,MA,Two-Family Residential,2,,,
1315,1900,958895.03,M_244347_912946,Lynn,MA,Three-Family Residential,3,,,
1316,1900,981215.47,M_244354_912933,Lynn,MA,Two-Family Residential,2,,,
1317,1900,829977.90,M_244363_912915,Lynn,MA,Two-Family Residential,2,,,
1318,1900,855381.22,M_244377_912900,Lynn,MA,Two-Family Residential,2,,,
1319,1880,852154.70,M_244415_912833,Lynn,MA,Three-Family Residential,3,,,
1320,1910,1645856.35,M_244407_912822,Lynn,MA,Apartments with Four to Eight Units,6,,,
1321,1900,776906.08,M_244419_912813,Lynn,MA,Three-Family Residential,3,,,
1322,1880,772342.54,M_244423_912804,Lynn,MA,Two-Family Residential,2,,,
1323,1880,858375.69,M_244439_912779,Lynn,MA,Two-Family Residential,2,,,
1324,1900,769558.01,M_244454_912764,Lynn,MA,Two-Family Residential,2,,,
1325,1902,947955.80,M_244388_912769,Lynn,MA,Two-Family Residential,2,,,
1326,1900,1286629.83,M_244348_912839,Lynn,MA,Apartments with Four to Eight Units,6,,,
1327,1900,588696.13,M_244366_912847,Lynn,MA,Two-Family Residential,2,,,
1328,1907,822220.99,M_244355_912865,Lynn,MA,Two-Family Residential,2,,,
1329,1900,981657.46,M_244339_912857,Lynn,MA,Three-Family Residential,3,,,
1330,1900,807071.82,M_244338_912876,Lynn,MA,Three-Family Residential,3,,,
1331,1850,1230861.88,M_244324_912909,Lynn,MA,Two-Family Residential,2,,,
1332,1890,965414.36,M_244312_912930,Lynn,MA,Three-Family Residential,3,,,
1333,1910,929834.25,M_244396_912867,Lynn,MA,Three-Family Residential,3,,,
1334,1880,984088.40,M_244177_912806,Lynn,MA,Three-Family Residential,3,,,
1335,1880,983569.06,M_244196_912827,Lynn,MA,Two-Family Residential,2,,,
1336,1925,988950.28,M_244264_912907,Lynn,MA,Three-Family Residential,3,,,
1337,1880,1005193.37,M_244278_912892,Lynn,MA,Three-Family Residential,3,,,
1338,1900,924276.24,M_244281_912872,Lynn,MA,Two-Family Residential,2,,,
1339,1880,655668.51,M_244276_912854,Lynn,MA,Two-Family Residential,2,,,
1340,1880,991602.21,M_244296_912859,Lynn,MA,Three-Family Residential,3,,,
1341,1900,848254.14,M_244288_912847,Lynn,MA,Two-Family Residential,2,,,
1342,1903,1435580.11,M_244302_912840,Lynn,MA,Apartments with Four to Eight Units,6,,,
1343,1895,1124309.39,M_244253_912818,Lynn,MA,Three-Family Residential,3,,,
1344,1910,850530.39,M_244258_912795,Lynn,MA,Two-Family Residential,2,,,
1345,1900,884751.38,M_244272_912801,Lynn,MA,Three-Family Residential,3,,,
1346,1900,1159558.01,M_244289_912809,Lynn,MA,Three-Family Residential,3,,,
1347,1900,893038.67,M_244303_912815,Lynn,MA,Three-Family Residential,3,,,
1348,1900,1003867.40,M_244316_912822,Lynn,MA,Three-Family Residential,3,,,
1349,1988,945524.86,M_244317_912799,Lynn,MA,Three-Family Residential,3,,,
1350,1900,899303.87,M_244328_912781,Lynn,MA,Two-Family Residential,2,,,
1351,1890,1097348.07,M_244252_912697,Lynn,MA,Three-Family Residential,3,,,
1352,1910,2131602.21,M_244235_912690,Lynn,MA,Apartments with Four to Eight Units,4,,,
1353,1951,621325.97,M_244220_912710,Lynn,MA,Two-Family Residential,2,,,
1354,1900,907524.86,M_244217_912724,Lynn,MA,Two-Family Residential,2,,,
1355,1880,1006408.84,M_244187_912771,Lynn,MA,Three-Family Residential,3,,,
1356,1900,897535.91,M_244195_912788,Lynn,MA,Two-Family Residential,2,,,
1357,1880,904640.88,M_244180_912785,Lynn,MA,Three-Family Residential,3,,,
1358,1890,929878.45,M_244260_912719,Lynn,MA,Two-Family Residential,2,,,
1359,1890,868552.49,M_244144_912751,Lynn,MA,Two-Family Residential,2,,,
1360,1890,821215.47,M_244159_912727,Lynn,MA,Three-Family Residential,3,,,
1361,1890,933812.15,M_244162_912719,Lynn,MA,Three-Family Residential,3,,,
1362,1900,872154.70,M_244172_912730,Lynn,MA,Three-Family Residential,3,,,
1363,2003,2129900.55,M_244654_912573,Lynn,MA,Apartments with Four to Eight Units,2,,,
1364,1920,799756.91,M_244612_912580,Lynn,MA,Two-Family Residential,2,,,
1365,1900,1007071.82,M_244608_912600,Lynn,MA,Three-Family Residential,3,,,
1366,1900,830276.24,M_244591_912606,Lynn,MA,Three-Family Residential,3,,,
1367,1920,637049.72,M_244586_912615,Lynn,MA,Two-Family Residential,2,,,
1368,1880,1069171.27,M_244589_912631,Lynn,MA,Apartments with Four to Eight Units,5,,,
1369,1890,1006519.34,M_244626_912622,Lynn,MA,Apartments with Four to Eight Units,6,,,
1370,1900,969049.72,M_244635_912633,Lynn,MA,Two-Family Residential,2,,,
1371,1900,1136464.09,M_244646_912639,Lynn,MA,Apartments with Four to Eight Units,4,,,
1372,1860,918563.54,M_244652_912616,Lynn,MA,Three-Family Residential,3,,,
1373,1910,950607.73,M_244456_912597,Lynn,MA,Apartments with Four to Eight Units,4,,,
1374,1915,867403.31,M_244467_912600,Lynn,MA,Three-Family Residential,3,,,
1375,1915,855248.62,M_244535_912598,Lynn,MA,Three-Family Residential,3,,,
1376,1890,1867878.45,M_244553_912589,Lynn,MA,Apartments with More than Eight Units,8,,,
1377,1900,786961.33,M_244566_912567,Lynn,MA,Two-Family Residential,2,,,
1378,1900,922088.40,M_244495_912513,Lynn,MA,Two-Family Residential,2,,,
1379,1900,983215.47,M_244476_912502,Lynn,MA,Two-Family Residential,2,,,
1380,1987,973480.66,M_244473_912531,Lynn,MA,Apartments with Four to Eight Units,6,,,
1381,1905,1204640.88,M_244470_912568,Lynn,MA,Three-Family Residential,3,,,
1382,1900,1336574.59,M_244517_912612,Lynn,MA,Apartments with Four to Eight Units,5,,,
1383,2003,1276795.58,M_244523_912530,Lynn,MA,Apartments with Four to Eight Units,5,,,
1384,1900,943370.17,M_244272_912581,Lynn,MA,Two-Family Residential,3,,,
1385,1915,654143.65,M_244287_912582,Lynn,MA,Three-Family Residential,3,,,
1386,1900,987403.31,M_244298_912583,Lynn,MA,Three-Family Residential,3,,,
1387,1871,919337.02,M_244370_912590,Lynn,MA,Two-Family Residential,2,,,
1388,1890,1071723.76,M_244387_912595,Lynn,MA,Two-Family Residential,2,,,
1389,1915,776176.80,M_244396_912567,Lynn,MA,Two-Family Residential,2,,,
1390,1915,838044.20,M_244410_912536,Lynn,MA,Two-Family Residential,2,,,
1391,1900,779248.62,M_244414_912527,Lynn,MA,Two-Family Residential,2,,,
1392,1900,732220.99,M_244421_912519,Lynn,MA,Two-Family Residential,2,,,
1393,1880,665801.10,M_244406_912507,Lynn,MA,Two-Family Residential,2,,,
1394,1900,809834.25,M_244413_912493,Lynn,MA,Three-Family Residential,3,,,
1395,1866,855911.60,M_244434_912498,Lynn,MA,Three-Family Residential,3,,,
1396,1880,785149.17,M_244443_912481,Lynn,MA,Two-Family Residential,2,,,
1397,1900,936022.10,M_244423_912478,Lynn,MA,Three-Family Residential,3,,,
1398,1900,997679.56,M_244291_912506,Lynn,MA,Affordable Housing Units (Greater than 50% of the units qualify),6,,,
1399,1900,875911.60,M_244327_912426,Lynn,MA,Three-Family Residential,3,,,
1400,1900,909392.27,M_244344_912439,Lynn,MA,Three-Family Residential,3,,,
1401,1900,973480.66,M_244388_912577,Lynn,MA,Three-Family Residential,3,,,
1402,1900,866408.84,M_244238_912524,Lynn,MA,Three-Family Residential,3,,,
1403,1900,877237.57,M_244243_912514,Lynn,MA,Three-Family Residential,3,,,
1404,1900,1320331.49,M_244253_912485,Lynn,MA,Apartments with Four to Eight Units,8,,,
1405,1915,1037900.55,M_244269_912461,Lynn,MA,Three-Family Residential,3,,,
1406,2023,2285193.37,M_244244_912395,Lynn,MA,Apartments with Four to Eight Units,4,,,
1407,1900,947292.82,M_244225_912386,Lynn,MA,Three-Family Residential,3,,,
1408,1900,1119005.52,M_244213_912382,Lynn,MA,Three-Family Residential,3,,,
1409,1890,800651.93,M_244250_912501,Lynn,MA,Two-Family Residential,2,,,
1410,1880,772464.09,M_244386_913453,Lynn,MA,Two-Family Residential,2,,,
1411,1920,829281.77,M_244332_913464,Lynn,MA,Three-Family Residential,3,,,
1412,1880,684486.19,M_244316_913450,Lynn,MA,Two-Family Residential,3,,,
1413,1920,777149.17,M_244333_913440,Lynn,MA,Two-Family Residential,2,,,
1414,1900,932154.70,M_244338_913432,Lynn,MA,Three-Family Residential,3,,,
1415,1910,788618.78,M_244376_913415,Lynn,MA,Three-Family Residential,3,,,
1416,1920,1119005.52,M_244364_913403,Lynn,MA,Three-Family Residential,3,,,
1417,1900,819226.52,M_244349_913375,Lynn,MA,Three-Family Residential,3,,,
1418,1920,879149.17,M_244342_913364,Lynn,MA,Three-Family Residential,3,,,
1419,1920,932375.69,M_244334_913383,Lynn,MA,Three-Family Residential,3,,,
1420,1896,613911.60,M_244318_913404,Lynn,MA,Two-Family Residential,2,,,
1421,1895,789370.17,M_244311_913416,Lynn,MA,Two-Family Residential,2,,,
1422,1910,807834.25,M_244279_913465,Lynn,MA,Two-Family Residential,2,,,
1423,1910,957237.57,M_244347_913397,Lynn,MA,Three-Family Residential,3,,,
1424,1910,839005.52,M_244274_913402,Lynn,MA,Three-Family Residential,3,,,
1425,1910,866187.85,M_244281_913392,Lynn,MA,Three-Family Residential,3,,,
1426,1910,673889.50,M_244289_913382,Lynn,MA,Two-Family Residential,2,,,
1427,1880,785988.95,M_244311_913352,Lynn,MA,Two-Family Residential,2,,,
1428,1900,1117790.06,M_244323_913337,Lynn,MA,Apartments with Four to Eight Units,4,,,
1429,1920,1041767.96,M_244274_913371,Lynn,MA,Three-Family Residential,3,,,
1430,1910,875790.06,M_244274_913336,Lynn,MA,Two-Family Residential,2,,,
1431,1900,707657.46,M_244284_913327,Lynn,MA,Two-Family Residential,2,,,
1432,1750,989436.46,M_244299_913312,Lynn,MA,Two-Family Residential,2,,,
1433,1920,829049.72,M_244270_913305,Lynn,MA,Two-Family Residential,2,,,
1434,1860,697259.67,M_244250_913326,Lynn,MA,Two-Family Residential,2,,,
1435,1880,679348.07,M_244245_913337,Lynn,MA,Two-Family Residential,2,,,
1436,1900,867182.32,M_244245_913363,Lynn,MA,Three-Family Residential,3,,,
1437,1900,956685.08,M_244245_913375,Lynn,MA,Three-Family Residential,3,,,
1438,1900,782364.64,M_244249_913388,Lynn,MA,Two-Family Residential,2,,,
1439,1860,653646.41,M_244257_913396,Lynn,MA,Two-Family Residential,2,,,
1440,1896,754762.43,M_244169_913290,Lynn,MA,Two-Family Residential,2,,,
1441,1889,895027.62,M_244180_913307,Lynn,MA,Three-Family Residential,3,,,
1442,1900,849171.27,M_244182_913334,Lynn,MA,Three-Family Residential,3,,,
1443,1880,938375.69,M_244182_913349,Lynn,MA,Two-Family Residential,2,,,
1444,1900,1025635.36,M_244183_913363,Lynn,MA,Three-Family Residential,3,,,
1445,1900,892596.69,M_244184_913378,Lynn,MA,Two-Family Residential,2,,,
1446,1915,869513.81,M_244184_913393,Lynn,MA,Two-Family Residential,2,,,
1447,1913,871513.81,M_244185_913408,Lynn,MA,Two-Family Residential,2,,,
1448,1900,1004640.88,M_244186_913423,Lynn,MA,Three-Family Residential,3,,,
1449,1900,756640.88,M_244238_913428,Lynn,MA,Two-Family Residential,2,,,
1450,1900,763325.97,M_244228_913419,Lynn,MA,Two-Family Residential,4,,,
1451,1900,751900.55,M_244212_913347,Lynn,MA,Two-Family Residential,2,,,
1452,1900,557403.31,M_244218_913317,Lynn,MA,Two-Family Residential,2,,,
1453,1900,682530.39,M_244205_913312,Lynn,MA,Two-Family Residential,2,,,
1454,1900,739337.02,M_244220_913301,Lynn,MA,Two-Family Residential,2,,,
1455,1910,741823.20,M_244241_913281,Lynn,MA,Two-Family Residential,2,,,
1456,1920,833038.67,M_244253_913243,Lynn,MA,Three-Family Residential,3,,,
1457,1910,937790.06,M_244244_913251,Lynn,MA,Three-Family Residential,3,,,
1458,1890,878011.05,M_244233_913260,Lynn,MA,Three-Family Residential,3,,,
1459,1900,937679.56,M_244205_913286,Lynn,MA,Three-Family Residential,3,,,
1460,1900,932486.19,M_244182_913289,Lynn,MA,Two-Family Residential,2,,,
1461,1900,868287.29,M_244263_913262,Lynn,MA,Three-Family Residential,3,,,
1462,1925,976132.60,M_244172_913262,Lynn,MA,Two-Family Residential,2,,,
1463,1900,1038563.54,M_244192_913258,Lynn,MA,Three-Family Residential,3,,,
1464,1910,830386.74,M_244215_913237,Lynn,MA,Three-Family Residential,3,,,
1465,1910,949944.75,M_244226_913228,Lynn,MA,Three-Family Residential,3,,,
1466,1900,784640.88,M_244234_913219,Lynn,MA,Three-Family Residential,3,,,
1467,1900,988176.80,M_244219_913213,Lynn,MA,Three-Family Residential,3,,,
1468,1910,743646.41,M_244205_913225,Lynn,MA,Three-Family Residential,3,,,
1469,1910,801966.85,M_244194_913236,Lynn,MA,Two-Family Residential,2,,,
1470,1915,973591.16,M_244188_913208,Lynn,MA,Three-Family Residential,3,,,
1471,1900,869723.76,M_244209_913200,Lynn,MA,Three-Family Residential,3,,,
1472,1900,919116.02,M_244202_913190,Lynn,MA,Three-Family Residential,3,,,
1473,1910,867955.80,M_244195_913181,Lynn,MA,Three-Family Residential,3,,,
1474,1910,830828.73,M_244170_913216,Lynn,MA,Three-Family Residential,3,,,
1475,1890,864088.40,M_244172_913232,Lynn,MA,Three-Family Residential,3,,,
1476,1900,830762.43,M_244173_913247,Lynn,MA,Two-Family Residential,2,,,
1477,1900,716906.08,M_244136_913393,Lynn,MA,Two-Family Residential,2,,,
1478,1900,855734.81,M_244135_913377,Lynn,MA,Two-Family Residential,2,,,
1479,1889,842674.03,M_244134_913363,Lynn,MA,Two-Family Residential,2,,,
1480,1880,854475.14,M_244132_913318,Lynn,MA,Three-Family Residential,3,,,
1481,1890,903867.40,M_244130_913303,Lynn,MA,Three-Family Residential,3,,,
1482,1880,972375.69,M_244130_913287,Lynn,MA,Three-Family Residential,3,,,
1483,1900,832596.69,M_244128_913272,Lynn,MA,Two-Family Residential,2,,,
1484,1900,858353.59,M_244127_913256,Lynn,MA,Two-Family Residential,2,,,
1485,1890,940331.49,M_244126_913242,Lynn,MA,Three-Family Residential,3,,,
1486,1890,798508.29,M_244125_913212,Lynn,MA,Two-Family Residential,2,,,
1487,1900,1042320.44,M_244114_913192,Lynn,MA,Three-Family Residential,3,,,
1488,1920,854364.64,M_244131_913194,Lynn,MA,Three-Family Residential,3,,,
1489,1860,750707.18,M_244133_913178,Lynn,MA,Two-Family Residential,2,,,
1490,1900,1062209.94,M_244133_913162,Lynn,MA,Three-Family Residential,3,,,
1491,1895,834287.29,M_244141_913147,Lynn,MA,Two-Family Residential,2,,,
1492,1880,862320.44,M_244115_913154,Lynn,MA,Three-Family Residential,3,,,
1493,1880,933038.67,M_244117_913118,Lynn,MA,Three-Family Residential,3,,,
1494,1820,881513.81,M_244151_913130,Lynn,MA,Two-Family Residential,2,,,
1495,1910,898232.04,M_244140_913117,Lynn,MA,Three-Family Residential,3,,,
1496,1900,1132375.69,M_244113_913091,Lynn,MA,Three-Family Residential,3,,,
1497,1900,910939.23,M_244095_913071,Lynn,MA,Three-Family Residential,3,,,
1498,1963,1324530.39,M_244078_913057,Lynn,MA,Apartments with Four to Eight Units,8,,,
1499,1910,754784.53,M_244078_913079,Lynn,MA,Two-Family Residential,2,,,
1500,1900,806519.34,M_244081_913095,Lynn,MA,Three-Family Residential,3,,,
1501,2018,1113933.70,M_244083_913106,Lynn,MA,Two-Family Residential,2,,,
1502,1900,786519.34,M_244093_913121,Lynn,MA,Three-Family Residential,3,,,
1503,1910,754044.20,M_244082_913133,Lynn,MA,Two-Family Residential,2,,,
1504,1900,856751.38,M_244095_913226,Lynn,MA,Two-Family Residential,2,,,
1505,1890,952375.69,M_244102_913262,Lynn,MA,Three-Family Residential,3,,,
1506,1890,991027.62,M_244093_913268,Lynn,MA,Two-Family Residential,2,,,
1507,1890,746519.34,M_244100_913304,Lynn,MA,Two-Family Residential,2,,,
1508,1900,851491.71,M_244088_913159,Lynn,MA,Three-Family Residential,3,,,
1509,1861,712353.59,M_244045_913317,Lynn,MA,Two-Family Residential,2,,,
1510,1900,992154.70,M_244052_913208,Lynn,MA,Three-Family Residential,3,,,
1511,1890,970342.54,M_244050_913178,Lynn,MA,Two-Family Residential,2,,,
1512,1910,781513.81,M_244049_913169,Lynn,MA,Two-Family Residential,2,,,
1513,1900,760906.08,M_244048_913157,Lynn,MA,Two-Family Residential,2,,,
1514,1900,914950.28,M_244046_913144,Lynn,MA,Two-Family Residential,2,,,
1515,1900,841834.25,M_244044_913116,Lynn,MA,Two-Family Residential,2,,,
1516,1900,798828.73,M_244044_913095,Lynn,MA,Two-Family Residential,2,,,
1517,1900,788066.30,M_244043_913075,Lynn,MA,Two-Family Residential,2,,,
1518,1900,842541.44,M_244043_913061,Lynn,MA,Three-Family Residential,3,,,
1519,1910,925193.37,M_244026_913074,Lynn,MA,Three-Family Residential,3,,,
1520,1910,674099.45,M_244026_913089,Lynn,MA,Two-Family Residential,2,,,
1521,1910,844309.39,M_244037_913209,Lynn,MA,Three-Family Residential,3,,,
1522,1890,943425.41,M_244037_913222,Lynn,MA,Three-Family Residential,3,,,
1523,1900,734696.13,M_244041_913296,Lynn,MA,Two-Family Residential,2,,,
1524,1890,1096574.59,M_243985_913318,Lynn,MA,Three-Family Residential,3,,,
1525,1910,1096011.05,M_243999_913317,Lynn,MA,Two-Family Residential,2,,,
1526,1900,889502.76,M_244013_913315,Lynn,MA,Three-Family Residential,3,,,
1527,1900,830055.25,M_244008_913278,Lynn,MA,Three-Family Residential,3,,,
1528,1900,922430.94,M_243967_913283,Lynn,MA,Three-Family Residential,3,,,
1529,1890,839226.52,M_243965_913313,Lynn,MA,Two-Family Residential,2,,,
1530,1880,725127.07,M_244010_913296,Lynn,MA,Two-Family Residential,2,,,
1531,1900,867734.81,M_244058_913353,Lynn,MA,Three-Family Residential,3,,,
1532,1910,889944.75,M_243918_913302,Lynn,MA,Two-Family Residential,2,,,
1533,1905,995248.62,M_243924_913287,Lynn,MA,Two-Family Residential,2,,,
1534,1920,967071.82,M_244323_913259,Lynn,MA,Three-Family Residential,3,,,
1535,1910,1004596.69,M_244327_913270,Lynn,MA,Two-Family Residential,2,,,
1536,1900,1171602.21,M_244337_913295,Lynn,MA,Apartments with Four to Eight Units,6,,,
1537,1910,745767.96,M_244352_913302,Lynn,MA,Two-Family Residential,2,,,
1538,1910,793259.67,M_244358_913311,Lynn,MA,Three-Family Residential,3,,,
1539,1880,872817.68,M_244372_913318,Lynn,MA,Two-Family Residential,2,,,
1540,1910,712596.69,M_244358_913326,Lynn,MA,Two-Family Residential,2,,,
1541,1910,746232.04,M_244372_913341,Lynn,MA,Two-Family Residential,2,,,
1542,1910,862983.43,M_244336_913277,Lynn,MA,Three-Family Residential,3,,,
1543,1900,634033.15,M_244376_913354,Lynn,MA,Three-Family Residential,3,,,
1544,1900,833911.60,M_244387_913345,Lynn,MA,Two-Family Residential,2,,,
1545,1900,827845.30,M_244301_913250,Lynn,MA,Three-Family Residential,3,,,
1546,1900,627093.92,M_244450_913289,Lynn,MA,Two-Family Residential,2,,,
1547,1910,627403.31,M_244442_913298,Lynn,MA,Two-Family Residential,2,,,
1548,1900,1570497.24,M_244421_913343,Lynn,MA,Apartments with Four to Eight Units,6,,,
1549,1920,842872.93,M_244424_913366,Lynn,MA,Three-Family Residential,3,,,
1550,1890,868950.28,M_244465_913203,Lynn,MA,Three-Family Residential,3,,,
1551,1834,730651.93,M_244447_913197,Lynn,MA,Two-Family Residential,3,,,
1552,1900,1012486.19,M_244422_913158,Lynn,MA,Three-Family Residential,3,,,
1553,1920,803591.16,M_244411_913144,Lynn,MA,Two-Family Residential,2,,,
1554,1900,857569.06,M_244401_913123,Lynn,MA,Three-Family Residential,3,,,
1555,1880,922872.93,M_244391_913133,Lynn,MA,Three-Family Residential,3,,,
1556,1925,994806.63,M_244383_913141,Lynn,MA,Three-Family Residential,3,,,
1557,1880,828176.80,M_244368_913157,Lynn,MA,Three-Family Residential,3,,,
1558,1915,902232.04,M_244364_913174,Lynn,MA,Two-Family Residential,2,,,
1559,1880,1567845.30,M_244350_913187,Lynn,MA,Apartments with Four to Eight Units,3,,,
1560,1900,779624.31,M_244333_913196,Lynn,MA,Two-Family Residential,2,,,
1561,1890,1003867.40,M_244344_913202,Lynn,MA,Apartments with Four to Eight Units,2,,,
1562,1880,795558.01,M_244207_913140,Lynn,MA,Two-Family Residential,2,,,
1563,1880,869944.75,M_244239_913168,Lynn,MA,Three-Family Residential,3,,,
1564,1900,1023535.91,M_244247_913150,Lynn,MA,Three-Family Residential,3,,,
1565,1900,795370.17,M_244265_913168,Lynn,MA,Two-Family Residential,2,,,
1566,1900,965082.87,M_244254_913184,Lynn,MA,Three-Family Residential,3,,,
1567,1890,1055359.12,M_244272_913200,Lynn,MA,Three-Family Residential,3,,,
1568,1900,825734.81,M_244326_913139,Lynn,MA,Two-Family Residential,2,,,
1569,1890,797370.17,M_244337_913128,Lynn,MA,Two-Family Residential,2,,,
1570,1890,670541.44,M_244368_913108,Lynn,MA,Two-Family Residential,2,,,
1571,1900,877370.17,M_244346_913072,Lynn,MA,Two-Family Residential,2,,,
1572,1885,824265.19,M_244332_913050,Lynn,MA,Two-Family Residential,3,,,
1573,1900,923381.22,M_244305_913023,Lynn,MA,Two-Family Residential,2,,,
1574,1875,902110.50,M_244295_913009,Lynn,MA,Two-Family Residential,2,,,
1575,1851,694806.63,M_244279_912987,Lynn,MA,Two-Family Residential,2,,,
1576,1890,869281.77,M_244270_913007,Lynn,MA,Three-Family Residential,3,,,
1577,1900,867403.31,M_244240_913098,Lynn,MA,Three-Family Residential,3,,,
1578,1880,877569.06,M_244323_913042,Lynn,MA,Apartments with Four to Eight Units,4,,,
1579,1880,931270.72,M_244317_913035,Lynn,MA,Three-Family Residential,3,,,
1580,1880,766453.04,M_244289_913136,Lynn,MA,Two-Family Residential,2,,,
1581,1900,868220.99,M_244187_913109,Lynn,MA,Two-Family Residential,2,,,
1582,1900,811602.21,M_244223_912918,Lynn,MA,Apartments with Four to Eight Units,6,,,
1583,1900,1300773.48,M_244216_912933,Lynn,MA,Apartments with Four to Eight Units,6,,,
1584,1900,1256464.09,M_244205_912952,Lynn,MA,Apartments with Four to Eight Units,6,,,
1585,1890,1264972.38,M_244194_912973,Lynn,MA,Apartments with Four to Eight Units,6,,,
1586,1900,818232.04,M_244183_912990,Lynn,MA,Three-Family Residential,3,,,
1587,1900,881988.95,M_244177_913000,Lynn,MA,Three-Family Residential,3,,,
1588,1930,950828.73,M_244171_913010,Lynn,MA,Three-Family Residential,3,,,
1589,1791,349116.02,M_244162_913031,Lynn,MA,Two-Family Residential,2,,,
1590,1920,834585.64,M_244088_913007,Lynn,MA,Three-Family Residential,3,,,
1591,1900,881657.46,M_244104_913016,Lynn,MA,Three-Family Residential,3,,,
1592,1925,978563.54,M_244123_913031,Lynn,MA,Three-Family Residential,3,,,
1593,1900,853149.17,M_244132_913015,Lynn,MA,Three-Family Residential,3,,,
1594,1890,949060.77,M_244138_913001,Lynn,MA,Three-Family Residential,3,,,
1595,1920,756441.99,M_244147_912989,Lynn,MA,Two-Family Residential,2,,,
1596,1890,737325.97,M_244107_913002,Lynn,MA,Two-Family Residential,2,,,
1597,1890,921790.06,M_244132_912950,Lynn,MA,Two-Family Residential,2,,,
1598,1900,691977.90,M_244133_912932,Lynn,MA,Two-Family Residential,2,,,
1599,1880,798209.94,M_244145_912938,Lynn,MA,Two-Family Residential,2,,,
1600,1900,1268618.78,M_244166_912955,Lynn,MA,Apartments with Four to Eight Units,6,,,
1601,1900,1287624.31,M_244178_912935,Lynn,MA,Apartments with Four to Eight Units,6,,,
1602,1900,1239226.52,M_244190_912915,Lynn,MA,Apartments with Four to Eight Units,6,,,
1603,1872,883248.62,M_244131_912887,Lynn,MA,Two-Family Residential,2,,,
1604,1900,986961.33,M_244112_912920,Lynn,MA,Three-Family Residential,3,,,
1605,1900,940000.00,M_244098_912933,Lynn,MA,Three-Family Residential,3,,,
1606,1915,6232375.69,M_244080_912977,Lynn,MA,Apartments with More than Eight Units,5,,,
1607,1880,815027.62,M_244078_912989,Lynn,MA,Three-Family Residential,3,,,
1608,1900,979447.51,M_244045_912926,Lynn,MA,Three-Family Residential,3,,,
1609,1870,970309.39,M_244078_912866,Lynn,MA,Two-Family Residential,2,,,
1610,1890,863646.41,M_244048_912843,Lynn,MA,Three-Family Residential,3,,,
1611,1880,862320.44,M_244041_912856,Lynn,MA,Three-Family Residential,3,,,
1612,1860,786209.94,M_244035_912869,Lynn,MA,Two-Family Residential,2,,,
1613,1902,912817.68,M_244026_912882,Lynn,MA,Three-Family Residential,3,,,
1614,1908,971602.21,M_244018_912895,Lynn,MA,Three-Family Residential,3,,,
1615,1890,861878.45,M_244004_912922,Lynn,MA,Three-Family Residential,3,,,
1616,1900,820453.04,M_243995_912936,Lynn,MA,Two-Family Residential,2,,,
1617,1920,847955.80,M_243987_912950,Lynn,MA,Three-Family Residential,3,,,
1618,1910,811690.61,M_243981_913243,Lynn,MA,Two-Family Residential,2,,,
1619,1920,805204.42,M_244002_913249,Lynn,MA,Two-Family Residential,2,,,
1620,1890,738011.05,M_243984_913195,Lynn,MA,Three-Family Residential,3,,,
1621,1900,844430.94,M_243986_913175,Lynn,MA,Two-Family Residential,2,,,
1622,1910,798994.48,M_243986_913159,Lynn,MA,Two-Family Residential,2,,,
1623,1900,680607.73,M_243984_913130,Lynn,MA,Two-Family Residential,2,,,
1624,1892,1057580.11,M_243982_913115,Lynn,MA,Two-Family Residential,2,,,
1625,1890,896883.98,M_243968_913097,Lynn,MA,Two-Family Residential,2,,,
1626,1915,995447.51,M_243991_913098,Lynn,MA,Two-Family Residential,2,,,
1627,1915,908839.78,M_243984_913083,Lynn,MA,Three-Family Residential,3,,,
1628,1900,1065635.36,M_243989_913066,Lynn,MA,Three-Family Residential,3,,,
1629,1900,975801.10,M_243989_913053,Lynn,MA,Apartments with Four to Eight Units,6,,,
1630,1885,918674.03,M_243998_913038,Lynn,MA,Apartments with Four to Eight Units,6,,,
1631,1885,1007182.32,M_243986_913035,Lynn,MA,Apartments with Four to Eight Units,4,,,
1632,1905,832806.63,M_243958_913033,Lynn,MA,Two-Family Residential,2,,,
1633,2021,1226077.35,M_243939_913022,Lynn,MA,Three-Family Residential,3,,,
1634,2021,1281104.97,M_243939_913030,Lynn,MA,Three-Family Residential,3,,,
1635,1915,834364.64,M_243940_913039,Lynn,MA,Three-Family Residential,3,,,
1636,1905,847513.81,M_243944_913060,Lynn,MA,Three-Family Residential,3,,,
1637,1905,762165.75,M_243947_913100,Lynn,MA,Two-Family Residential,2,,,
1638,1905,1021878.45,M_243950_913131,Lynn,MA,Three-Family Residential,3,,,
1639,1900,706662.98,M_243954_913176,Lynn,MA,Two-Family Residential,2,,,
1640,1905,852707.18,M_243948_913049,Lynn,MA,Three-Family Residential,3,,,
1641,1908,797016.57,M_243951_913068,Lynn,MA,Three-Family Residential,3,,,
1642,1900,743646.41,M_243914_913166,Lynn,MA,Two-Family Residential,2,,,
1643,1900,950386.74,M_243913_913150,Lynn,MA,Three-Family Residential,3,,,
1644,1910,972243.09,M_243911_913135,Lynn,MA,Two-Family Residential,3,,,
1645,1900,977127.07,M_243910_913120,Lynn,MA,Three-Family Residential,3,,,
1646,1900,939337.02,M_243909_913106,Lynn,MA,Three-Family Residential,3,,,
1647,1900,828795.58,M_243886_913122,Lynn,MA,Two-Family Residential,2,,,
1648,1890,816464.09,M_243889_913171,Lynn,MA,Three-Family Residential,3,,,
1649,1900,702132.60,M_243890_913182,Lynn,MA,Two-Family Residential,2,,,
1650,1900,704740.33,M_243893_913212,Lynn,MA,Two-Family Residential,2,,,
1651,1900,901104.97,M_243908_913092,Lynn,MA,Three-Family Residential,3,,,
1652,1915,722773.48,M_243843_913256,Lynn,MA,Two-Family Residential,2,,,
1653,1915,755734.81,M_243848_913234,Lynn,MA,Two-Family Residential,2,,,
1654,1910,800110.50,M_243847_913221,Lynn,MA,Three-Family Residential,3,,,
1655,1900,708530.39,M_244698_913123,Lynn,MA,Two-Family Residential,2,,,
1656,1900,1035359.12,M_244655_913185,Lynn,MA,Three-Family Residential,3,,,
1657,1910,810651.93,M_244615_913297,Lynn,MA,Two-Family Residential,2,,,
1658,1880,1056685.08,M_244625_913308,Lynn,MA,Two-Family Residential,2,,,
1659,1900,977016.57,M_244636_913277,Lynn,MA,Three-Family Residential,3,,,
1660,1910,944640.88,M_244625_913264,Lynn,MA,Three-Family Residential,3,,,
1661,1910,1233701.66,M_244617_913251,Lynn,MA,Apartments with Four to Eight Units,4,,,
1662,1900,1117569.06,M_244608_913241,Lynn,MA,Three-Family Residential,3,,,
1663,1900,906187.85,M_244599_913232,Lynn,MA,Three-Family Residential,3,,,
1664,1900,854364.64,M_244598_913273,Lynn,MA,Three-Family Residential,3,,,
1665,1900,1071602.21,M_244587_913265,Lynn,MA,Apartments with Four to Eight Units,6,,,
1666,1900,836110.50,M_244547_913085,Lynn,MA,Two-Family Residential,2,,,
1667,1900,925303.87,M_244620_913145,Lynn,MA,Three-Family Residential,3,,,
1668,1900,840662.98,M_244595_913083,Lynn,MA,Three-Family Residential,3,,,
1669,1900,975447.51,M_244575_913066,Lynn,MA,Two-Family Residential,2,,,
1670,1905,848453.04,M_244565_913076,Lynn,MA,Two-Family Residential,2,,,
1671,1900,970607.73,M_244482_913153,Lynn,MA,Three-Family Residential,3,,,
1672,1900,730486.19,M_244491_913161,Lynn,MA,Two-Family Residential,2,,,
1673,1900,959447.51,M_244504_913166,Lynn,MA,Three-Family Residential,3,,,
1674,1900,1081546.96,M_244511_913174,Lynn,MA,Three-Family Residential,3,,,
1675,1920,737005.52,M_244537_913197,Lynn,MA,Two-Family Residential,2,,,
1676,1900,910607.73,M_244540_913205,Lynn,MA,Three-Family Residential,3,,,
1677,1988,1700552.49,M_244562_913202,Lynn,MA,Apartments with Four to Eight Units,8,,,
1678,1900,911381.22,M_244592_913176,Lynn,MA,Three-Family Residential,3,,,
1679,1880,874475.14,M_244581_913165,Lynn,MA,Three-Family Residential,3,,,
1680,1880,899889.50,M_244573_913156,Lynn,MA,Three-Family Residential,3,,,
1681,1905,701933.70,M_244557_913154,Lynn,MA,Two-Family Residential,2,,,
1682,1920,932154.70,M_244547_913140,Lynn,MA,Three-Family Residential,3,,,
1683,1900,1066298.34,M_244538_913132,Lynn,MA,Three-Family Residential,3,,,
1684,1915,738011.05,M_244530_913107,Lynn,MA,Two-Family Residential,2,,,
1685,1915,986519.34,M_244513_913129,Lynn,MA,Three-Family Residential,3,,,
1686,1890,1473591.16,M_244499_913143,Lynn,MA,Apartments with Four to Eight Units,6,,,
1687,1900,987469.61,M_244577_913186,Lynn,MA,Two-Family Residential,2,,,
1688,1900,735966.85,M_244557_913168,Lynn,MA,Two-Family Residential,2,,,
1689,1900,1082541.44,M_244442_913111,Lynn,MA,Apartments with Four to Eight Units,4,,,
1690,1900,925524.86,M_244472_913113,Lynn,MA,Three-Family Residential,3,,,
1691,1900,908508.29,M_244482_913102,Lynn,MA,Three-Family Residential,3,,,
1692,1900,831381.22,M_244501_913082,Lynn,MA,Three-Family Residential,3,,,
1693,1900,892044.20,M_244509_913073,Lynn,MA,Three-Family Residential,3,,,
1694,1900,826232.04,M_244517_913065,Lynn,MA,Two-Family Residential,2,,,
1695,1900,976353.59,M_244525_913057,Lynn,MA,Three-Family Residential,3,,,
1696,1900,679060.77,M_244533_913048,Lynn,MA,Two-Family Residential,2,,,
1697,1915,710453.04,M_244511_913034,Lynn,MA,Two-Family Residential,2,,,
1698,1900,893591.16,M_244498_913048,Lynn,MA,Three-Family Residential,3,,,
1699,1900,1180441.99,M_244475_913075,Lynn,MA,Three-Family Residential,3,,,
1700,1900,814872.93,M_244463_913088,Lynn,MA,Two-Family Residential,2,,,
1701,1915,796994.48,M_244453_913099,Lynn,MA,Two-Family Residential,2,,,
1702,1900,811303.87,M_244494_913093,Lynn,MA,Two-Family Residential,2,,,
1703,1915,827502.76,M_244436_913064,Lynn,MA,Two-Family Residential,2,,,
1704,1900,899779.01,M_244444_913054,Lynn,MA,Three-Family Residential,3,,,
1705,1915,818563.54,M_244460_913035,Lynn,MA,Three-Family Residential,3,,,
1706,1915,725359.12,M_244470_913024,Lynn,MA,Two-Family Residential,2,,,
1707,1870,849171.27,M_244438_913032,Lynn,MA,Three-Family Residential,3,,,
1708,1910,651524.86,M_244417_913070,Lynn,MA,Two-Family Residential,2,,,
1709,1900,809955.80,M_244359_913012,Lynn,MA,Two-Family Residential,2,,,
1710,1900,782994.48,M_244397_913028,Lynn,MA,Two-Family Residential,2,,,
1711,1900,746961.33,M_244405_913015,Lynn,MA,Two-Family Residential,2,,,
1712,1910,994950.28,M_244296_912942,Lynn,MA,Two-Family Residential,3,,,
1713,1915,879226.52,M_244307_912949,Lynn,MA,Three-Family Residential,3,,,
1714,1900,827182.32,M_244316_912957,Lynn,MA,Two-Family Residential,2,,,
1715,1915,890541.44,M_244336_912969,Lynn,MA,Two-Family Residential,2,,,
1716,1900,649602.21,M_244348_913533,Lynn,MA,Two-Family Residential,2,,,
1717,1900,793779.01,M_244383_913611,Lynn,MA,Two-Family Residential,2,,,
1718,1880,801823.20,M_244414_913563,Lynn,MA,Two-Family Residential,2,,,
1719,1900,730585.64,M_244297_913576,Lynn,MA,Two-Family Residential,2,,,
1720,1900,850828.73,M_244304_913568,Lynn,MA,Three-Family Residential,3,,,
1721,1986,1321325.97,M_244331_913553,Lynn,MA,Apartments with Four to Eight Units,6,,,
1722,1910,763867.40,M_244301_913625,Lynn,MA,Two-Family Residential,2,,,
1723,1900,784906.08,M_244347_913597,Lynn,MA,Two-Family Residential,2,,,
1724,1900,688055.25,M_244331_913587,Lynn,MA,Two-Family Residential,2,,,
1725,1900,788176.80,M_244310_913613,Lynn,MA,Three-Family Residential,3,,,
1726,1910,1236574.59,M_244195_913704,Lynn,MA,Apartments with Four to Eight Units,7,,,
1727,1900,992486.19,M_244214_913715,Lynn,MA,Three-Family Residential,3,,,
1728,1900,827469.61,M_244282_913723,Lynn,MA,Two-Family Residential,2,,,
1729,1890,1311049.72,M_244253_913616,Lynn,MA,Apartments with Four to Eight Units,5,,,
1730,1900,736850.83,M_244238_913648,Lynn,MA,Two-Family Residential,2,,,
1731,1900,885878.45,M_244261_913641,Lynn,MA,Two-Family Residential,2,,,
1732,1880,890165.75,M_244244_913629,Lynn,MA,Three-Family Residential,3,,,
1733,1900,946408.84,M_244297_913681,Lynn,MA,Three-Family Residential,3,,,
1734,1914,831558.01,M_244222_913691,Lynn,MA,Two-Family Residential,2,,,
1735,1890,1109834.25,M_244169_913621,Lynn,MA,Apartments with Four to Eight Units,6,,,
1736,1900,629060.77,M_244222_913589,Lynn,MA,Two-Family Residential,2,,,
1737,1910,1176795.58,M_244246_913564,Lynn,MA,Three-Family Residential,3,,,
1738,1920,762839.78,M_244265_913539,Lynn,MA,Two-Family Residential,2,,,
1739,1920,827790.06,M_244290_913508,Lynn,MA,Two-Family Residential,2,,,
1740,1920,795712.71,M_244299_913495,Lynn,MA,Two-Family Residential,2,,,
1741,1900,847403.31,M_244306_913485,Lynn,MA,Three-Family Residential,3,,,
1742,1910,949613.26,M_244228_913546,Lynn,MA,Three-Family Residential,3,,,
1743,1920,956353.59,M_244222_913555,Lynn,MA,Three-Family Residential,3,,,
1744,1920,877016.57,M_244218_913567,Lynn,MA,Three-Family Residential,3,,,
1745,1900,246983.43,M_244263_913485,Lynn,MA,Two-Family Residential,2,,,
1746,1915,991491.71,M_244181_913441,Lynn,MA,Three-Family Residential,3,,,
1747,1925,975580.11,M_244189_913454,Lynn,MA,Three-Family Residential,3,,,
1748,1925,989171.27,M_244188_913470,Lynn,MA,Three-Family Residential,3,,,
1749,1900,884309.39,M_244190_913485,Lynn,MA,Two-Family Residential,2,,,
1750,1915,982099.45,M_244191_913500,Lynn,MA,Three-Family Residential,3,,,
1751,1925,940000.00,M_244192_913514,Lynn,MA,Three-Family Residential,3,,,
1752,1900,997679.56,M_244186_913530,Lynn,MA,Three-Family Residential,3,,,
1753,1915,914364.64,M_244189_913546,Lynn,MA,Three-Family Residential,3,,,
1754,1915,691060.77,M_244187_913560,Lynn,MA,Two-Family Residential,2,,,
1755,1904,925635.36,M_244188_913581,Lynn,MA,Three-Family Residential,3,,,
1756,1900,543602.21,M_244211_913514,Lynn,MA,Two-Family Residential,2,,,
1757,1900,929171.27,M_244224_913462,Lynn,MA,Three-Family Residential,3,,,
1758,1900,963977.90,M_244227_913444,Lynn,MA,Three-Family Residential,3,,,
1759,1910,812453.04,M_244225_913478,Lynn,MA,Two-Family Residential,2,,,
1760,1910,734585.64,M_244218_913476,Lynn,MA,Two-Family Residential,2,,,
1761,1910,1077900.55,M_244117_913549,Lynn,MA,Apartments with Four to Eight Units,6,,,
1762,1890,875248.62,M_244138_913565,Lynn,MA,Three-Family Residential,3,,,
1763,1880,864530.39,M_244156_913574,Lynn,MA,Three-Family Residential,3,,,
1764,1905,807513.81,M_244154_913559,Lynn,MA,Three-Family Residential,3,,,
1765,1900,894917.13,M_244146_913545,Lynn,MA,Three-Family Residential,3,,,
1766,1890,897790.06,M_244145_913530,Lynn,MA,Three-Family Residential,3,,,
1767,1900,970276.24,M_244144_913514,Lynn,MA,Three-Family Residential,3,,,
1768,1880,932817.68,M_244143_913498,Lynn,MA,Three-Family Residential,3,,,
1769,1880,896795.58,M_244142_913484,Lynn,MA,Three-Family Residential,3,,,
1770,1890,899635.36,M_244142_913470,Lynn,MA,Two-Family Residential,2,,,
1771,1880,862055.25,M_244140_913454,Lynn,MA,Two-Family Residential,2,,,
1772,1880,810817.68,M_244145_913440,Lynn,MA,Two-Family Residential,2,,,
1773,1880,858629.83,M_244138_913423,Lynn,MA,Two-Family Residential,2,,,
1774,1880,861988.95,M_244137_913409,Lynn,MA,Three-Family Residential,3,,,
1775,1880,739005.52,M_244106_913407,Lynn,MA,Two-Family Residential,2,,,
1776,1872,742453.04,M_244109_913437,Lynn,MA,Two-Family Residential,2,,,
1777,1920,859447.51,M_244111_913474,Lynn,MA,Two-Family Residential,2,,,
1778,1920,986961.33,M_243969_913396,Lynn,MA,Three-Family Residential,3,,,
1779,1920,910718.23,M_243984_913395,Lynn,MA,Three-Family Residential,3,,,
1780,1900,744497.24,M_244062_913398,Lynn,MA,Two-Family Residential,2,,,
1781,1900,1380994.48,M_244060_913380,Lynn,MA,Apartments with Four to Eight Units,4,,,
1782,1910,926198.90,M_244011_913363,Lynn,MA,Two-Family Residential,2,,,
1783,1910,941325.97,M_243997_913364,Lynn,MA,Three-Family Residential,3,,,
1784,1910,942861.88,M_243974_913359,Lynn,MA,Two-Family Residential,2,,,
1785,1895,1014585.64,M_243975_913374,Lynn,MA,Three-Family Residential,3,,,
1786,1910,954696.13,M_244064_913443,Lynn,MA,Three-Family Residential,3,,,
1787,1910,898232.04,M_244063_913428,Lynn,MA,Three-Family Residential,3,,,
1788,1881,827348.07,M_243813_913318,Lynn,MA,Two-Family Residential,2,,,
1789,1900,906629.83,M_243912_913378,Lynn,MA,Three-Family Residential,3,,,
1790,1890,934530.39,M_243932_913385,Lynn,MA,Two-Family Residential,2,,,
1791,1900,1032596.69,M_243922_913347,Lynn,MA,Three-Family Residential,3,,,
1792,1900,1066077.35,M_243921_913333,Lynn,MA,Three-Family Residential,3,,,
1793,1920,850276.24,M_243920_913317,Lynn,MA,Two-Family Residential,2,,,
1794,1920,819093.92,M_243814_913298,Lynn,MA,Two-Family Residential,2,,,
1795,1926,898508.29,M_243787_913406,Lynn,MA,Two-Family Residential,2,,,
1796,1920,992475.14,M_243860_913502,Lynn,MA,Two-Family Residential,2,,,
1797,1900,1108441.99,M_243868_913518,Lynn,MA,Two-Family Residential,2,,,
1798,1900,935513.81,M_243876_913530,Lynn,MA,Two-Family Residential,2,,,
1799,1920,1090828.73,M_243883_913543,Lynn,MA,Two-Family Residential,2,,,
1800,1910,943093.92,M_243925_913557,Lynn,MA,Three-Family Residential,3,,,
1801,1914,976331.49,M_243947_913566,Lynn,MA,Two-Family Residential,2,,,
1802,1900,1152044.20,M_243969_913573,Lynn,MA,Three-Family Residential,3,,,
1803,1920,872552.49,M_243995_913596,Lynn,MA,Two-Family Residential,2,,,
1804,1920,855491.71,M_244011_913624,Lynn,MA,Two-Family Residential,2,,,
1805,1920,1026972.38,M_244035_913653,Lynn,MA,Two-Family Residential,2,,,
1806,1900,891104.97,M_244048_913698,Lynn,MA,Two-Family Residential,2,,,
1807,1910,935248.62,M_243908_913423,Lynn,MA,Three-Family Residential,3,,,
1808,1906,868552.49,M_243893_913416,Lynn,MA,Two-Family Residential,2,,,
1809,1900,838276.24,M_243772_913525,Lynn,MA,Two-Family Residential,2,,,
1810,1910,902287.29,M_243758_913447,Lynn,MA,Two-Family Residential,2,,,
1811,1925,947204.42,M_243745_913512,Lynn,MA,Two-Family Residential,2,,,
1812,1930,807922.65,M_243789_913605,Lynn,MA,Two-Family Residential,2,,,
1813,1930,1003767.96,M_243843_913561,Lynn,MA,Two-Family Residential,2,,,
1814,1880,878475.14,M_243813_913530,Lynn,MA,Two-Family Residential,2,,,
1815,1910,978254.14,M_243802_913589,Lynn,MA,Two-Family Residential,2,,,
1816,1930,901281.77,M_243855_913652,Lynn,MA,Two-Family Residential,2,,,
1817,1920,889801.10,M_243916_913604,Lynn,MA,Two-Family Residential,2,,,
1818,1914,864419.89,M_243901_913598,Lynn,MA,Two-Family Residential,2,,,
1819,1930,975679.56,M_243872_913587,Lynn,MA,Two-Family Residential,2,,,
1820,1930,977458.56,M_243977_913731,Lynn,MA,Two-Family Residential,3,,,
1821,1910,948839.78,M_243989_913755,Lynn,MA,Two-Family Residential,2,,,
1822,1910,886961.33,M_243999_913743,Lynn,MA,Three-Family Residential,3,,,
1823,1880,942430.94,M_244010_913731,Lynn,MA,Three-Family Residential,2,,,
1824,1900,908828.73,M_244005_913711,Lynn,MA,Two-Family Residential,2,,,
1825,1930,1008397.79,M_243948_913615,Lynn,MA,Two-Family Residential,2,,,
1826,1900,970718.23,M_244078_913719,Lynn,MA,Three-Family Residential,3,,,
1827,1900,880508.29,M_244115_913748,Lynn,MA,Two-Family Residential,2,,,
1828,1900,933160.22,M_244186_913751,Lynn,MA,Two-Family Residential,2,,,
1829,1900,754475.14,M_244163_913728,Lynn,MA,Three-Family Residential,3,,,
1830,1900,650176.80,M_244141_913706,Lynn,MA,Two-Family Residential,2,,,
1831,1880,727988.95,M_244121_913688,Lynn,MA,Two-Family Residential,2,,,
1832,1910,1224198.90,M_244109_913696,Lynn,MA,Three-Family Residential,3,,,
1833,1890,790872.93,M_244097_913706,Lynn,MA,Two-Family Residential,2,,,
1834,1890,941049.72,M_244022_913785,Lynn,MA,Two-Family Residential,2,,,
1835,1870,931933.70,M_244046_913792,Lynn,MA,Three-Family Residential,3,,,
1836,1890,836751.38,M_244099_913834,Lynn,MA,Two-Family Residential,2,,,
1837,1900,838828.73,M_244149_913838,Lynn,MA,Two-Family Residential,3,,,
1838,1921,1039215.47,M_244205_913835,Lynn,MA,Two-Family Residential,2,,,
1839,1900,862364.64,M_244241_913777,Lynn,MA,Two-Family Residential,2,,,
1840,1915,788983.43,M_244120_913808,Lynn,MA,Two-Family Residential,2,,,
1841,1850,895049.72,M_244090_913791,Lynn,MA,Two-Family Residential,2,,,
1842,1910,803248.62,M_244078_913780,Lynn,MA,Two-Family Residential,2,,,
1843,1910,762618.78,M_244055_913750,Lynn,MA,Two-Family Residential,2,,,
1844,1950,729723.76,M_244045_913762,Lynn,MA,Two-Family Residential,2,,,
1845,1910,882475.14,M_244034_913773,Lynn,MA,Two-Family Residential,2,,,
1846,1920,855580.11,M_244323_913798,Lynn,MA,Two-Family Residential,2,,,
1847,1890,1092928.18,M_244295_913787,Lynn,MA,Three-Family Residential,3,,,
1848,1900,809325.97,M_244187_913951,Lynn,MA,Two-Family Residential,2,,,
1849,1998,945303.87,M_244262_913862,Lynn,MA,Two-Family Residential,2,,,
1850,1930,840331.49,M_244167_913893,Lynn,MA,Two-Family Residential,2,,,
1851,1880,875071.82,M_244128_913890,Lynn,MA,Two-Family Residential,2,,,
1852,1900,789613.26,M_244048_913845,Lynn,MA,Three-Family Residential,3,,,
1853,1900,806574.59,M_243944_913801,Lynn,MA,Two-Family Residential,2,,,
1854,1880,815016.57,M_243916_913818,Lynn,MA,Two-Family Residential,2,,,
1855,1870,1022696.13,M_243878_913793,Lynn,MA,Two-Family Residential,3,,,
1856,1910,996795.58,M_243900_913767,Lynn,MA,Three-Family Residential,3,,,
1857,1926,914585.64,M_243702_913593,Lynn,MA,Two-Family Residential,2,,,
1858,1900,777171.27,M_243862_913769,Lynn,MA,Two-Family Residential,2,,,
1859,1883,1089447.51,M_243977_913881,Lynn,MA,Two-Family Residential,2,,,
1860,1900,852265.19,M_243866_913874,Lynn,MA,Two-Family Residential,2,,,
1861,1915,684088.40,M_244025_914015,Lynn,MA,Two-Family Residential,2,,,
1862,1900,887955.80,M_243929_913897,Lynn,MA,Two-Family Residential,2,,,
1863,1910,773558.01,M_244042_914032,Lynn,MA,Two-Family Residential,2,,,
1864,1900,962386.74,M_243847_913826,Lynn,MA,Two-Family Residential,2,,,
1865,1873,937171.27,M_243702_913787,Lynn,MA,Two-Family Residential,2,,,
1866,1880,835038.67,M_243913_913988,Lynn,MA,Two-Family Residential,2,,,
1867,1885,813303.87,M_243927_914003,Lynn,MA,Two-Family Residential,2,,,
1868,1982,780220.99,M_243943_914014,Lynn,MA,Two-Family Residential,2,,,
1869,1880,780640.88,M_243973_914038,Lynn,MA,Two-Family Residential,2,,,
1870,1989,1140441.99,M_243702_913882,Lynn,MA,Two-Family Residential,2,,,
1871,1963,784972.38,M_243676_914148,Lynn,MA,Two-Family Residential,2,,,
1872,1961,1347624.31,M_243530_914689,Lynn,MA,Two-Family Residential,2,,,
1873,1941,1009944.75,M_243741_914556,Lynn,MA,Two-Family Residential,2,,,
1874,1950,1466961.33,M_243707_914516,Lynn,MA,Two-Family Residential,2,,,
1875,1892,717425.41,M_243604_914437,Lynn,MA,Two-Family Residential,2,,,
1876,1955,674950.28,M_243411_914357,Lynn,MA,Two-Family Residential,2,,,
1877,1897,715690.61,M_243517_914390,Lynn,MA,Two-Family Residential,2,,,
1878,1949,928508.29,M_243437_914588,Lynn,MA,Two-Family Residential,2,,,
1879,1940,628618.78,M_243628_914291,Lynn,MA,Two-Family Residential,2,,,
1880,1925,672651.93,M_243447_914292,Lynn,MA,Two-Family Residential,2,,,
1881,1910,765668.51,M_243530_914334,Lynn,MA,Two-Family Residential,2,,,
1882,1840,785944.75,M_243168_916146,Lynn,MA,Two-Family Residential,2,,,
1883,1900,865104.97,M_243379_916193,Lynn,MA,Two-Family Residential,2,,,
1884,1900,775425.41,M_243378_915982,Lynn,MA,Two-Family Residential,2,,,
1885,1923,841801.10,M_243350_915966,Lynn,MA,Two-Family Residential,2,,,
1886,1915,800486.19,M_243242_916133,Lynn,MA,Two-Family Residential,2,,,
1887,1910,741823.20,M_243305_915951,Lynn,MA,Two-Family Residential,2,,,
1888,1880,719668.51,M_243380_915870,Lynn,MA,Two-Family Residential,2,,,
1889,1900,682320.44,M_243318_915898,Lynn,MA,Two-Family Residential,2,,,
1890,1890,699988.95,M_243306_915895,Lynn,MA,Two-Family Residential,2,,,
1891,1900,714574.59,M_243390_915910,Lynn,MA,Two-Family Residential,2,,,
1892,1915,786718.23,M_243318_915821,Lynn,MA,Two-Family Residential,2,,,
1893,1911,835314.92,M_243445_915915,Lynn,MA,Two-Family Residential,2,,,
1894,1900,1028508.29,M_245551_912971,Lynn,MA,Apartments with Four to Eight Units,3,,,
1895,1900,992707.18,M_245537_912975,Lynn,MA,Apartments with Four to Eight Units,4,,,
1896,1900,939447.51,M_245391_912984,Lynn,MA,Three-Family Residential,3,,,
1897,2016,1315248.62,M_245466_912964,Lynn,MA,Apartments with Four to Eight Units,4,,,
1898,1910,1089392.27,M_245372_913056,Lynn,MA,Apartments with Four to Eight Units,5,,,
1899,1900,833966.85,M_245388_913044,Lynn,MA,Two-Family Residential,2,,,
1900,1900,898342.54,M_245378_913037,Lynn,MA,Two-Family Residential,2,,,
1901,1900,834696.13,M_245375_913028,Lynn,MA,Three-Family Residential,3,,,
1902,1900,964972.38,M_245363_913022,Lynn,MA,Three-Family Residential,3,,,
1903,1850,1012817.68,M_244870_912995,Lynn,MA,Three-Family Residential,3,,,
1904,1900,953591.16,M_244899_912996,Lynn,MA,Three-Family Residential,3,,,
1905,1900,641425.41,M_244919_912985,Lynn,MA,Two-Family Residential,2,,,
1906,1900,798563.54,M_244905_912958,Lynn,MA,Three-Family Residential,3,,,
1907,1880,1461104.97,M_244927_912966,Lynn,MA,Apartments with Four to Eight Units,4,,,
1908,1880,746530.39,M_244945_912938,Lynn,MA,Two-Family Residential,2,,,
1909,1900,990055.25,M_244971_912943,Lynn,MA,Three-Family Residential,3,,,
1910,1880,813480.66,M_244949_912862,Lynn,MA,Three-Family Residential,3,,,
1911,1891,707878.45,M_244905_912935,Lynn,MA,Two-Family Residential,2,,,
1912,1900,923646.41,M_244850_912957,Lynn,MA,Three-Family Residential,3,,,
1913,1900,1033149.17,M_244999_912935,Lynn,MA,Apartments with Four to Eight Units,4,,,
1914,1920,1054696.13,M_245155_912977,Lynn,MA,Three-Family Residential,3,,,
1915,1873,1421546.96,M_245177_912970,Lynn,MA,Apartments with Four to Eight Units,8,,,
1916,1910,695337.02,M_245128_912920,Lynn,MA,Two-Family Residential,2,,,
1917,1900,1165966.85,M_245117_912930,Lynn,MA,Three-Family Residential,3,,,
1918,1910,829988.95,M_244895_913060,Lynn,MA,Two-Family Residential,2,,,
1919,1890,923591.16,M_244904_913089,Lynn,MA,Two-Family Residential,2,,,
1920,1900,925082.87,M_244952_913057,Lynn,MA,Three-Family Residential,3,,,
1921,1890,690254.14,M_244966_913047,Lynn,MA,Two-Family Residential,2,,,
1922,1890,840883.98,M_244979_913039,Lynn,MA,Three-Family Residential,3,,,
1923,1890,709259.67,M_245010_913020,Lynn,MA,Two-Family Residential,2,,,
1924,1880,975248.62,M_245032_913008,Lynn,MA,Apartments with Four to Eight Units,3,,,
1925,2007,1004751.38,M_245047_913000,Lynn,MA,Two-Family Residential,2,,,
1926,1890,774364.64,M_245061_912990,Lynn,MA,Two-Family Residential,2,,,
1927,1900,703215.47,M_245073_912983,Lynn,MA,Two-Family Residential,2,,,
1928,1890,765049.72,M_245090_912973,Lynn,MA,Two-Family Residential,2,,,
1929,1900,775182.32,M_245062_912962,Lynn,MA,Two-Family Residential,2,,,
1930,1920,946961.33,M_245049_912969,Lynn,MA,Three-Family Residential,3,,,
1931,1900,1175801.10,M_245037_912977,Lynn,MA,Apartments with Four to Eight Units,5,,,
1932,1900,834707.18,M_245009_912990,Lynn,MA,Two-Family Residential,2,,,
1933,1920,881988.95,M_244987_912995,Lynn,MA,Three-Family Residential,3,,,
1934,1890,881513.81,M_244948_913023,Lynn,MA,Two-Family Residential,2,,,
1935,1900,1294088.40,M_244923_913046,Lynn,MA,Apartments with Four to Eight Units,2,,,
1936,1900,873569.06,M_244903_913047,Lynn,MA,Two-Family Residential,2,,,
1937,1920,881325.97,M_244985_913010,Lynn,MA,Three-Family Residential,3,,,
1938,1900,1005635.36,M_244907_913069,Lynn,MA,Apartments with Four to Eight Units,4,,,
1939,1903,1072817.68,M_245009_913094,Lynn,MA,Three-Family Residential,3,,,
1940,1883,1121104.97,M_245041_913061,Lynn,MA,Apartments with Four to Eight Units,4,,,
1941,1890,1204751.38,M_245057_913050,Lynn,MA,Apartments with Four to Eight Units,6,,,
1942,1900,874364.64,M_245111_913020,Lynn,MA,Two-Family Residential,2,,,
1943,1900,826419.89,M_245111_912989,Lynn,MA,Two-Family Residential,2,,,
1944,1890,728232.04,M_245081_913012,Lynn,MA,Two-Family Residential,2,,,
1945,1890,794906.08,M_245053_913032,Lynn,MA,Two-Family Residential,2,,,
1946,1890,857613.26,M_245044_913038,Lynn,MA,Two-Family Residential,2,,,
1947,1890,799558.01,M_245005_913064,Lynn,MA,Three-Family Residential,3,,,
1948,1900,990055.25,M_245093_913035,Lynn,MA,Three-Family Residential,3,,,
1949,1900,725447.51,M_245100_913029,Lynn,MA,Two-Family Residential,2,,,
1950,1900,796795.58,M_245119_913000,Lynn,MA,Three-Family Residential,3,,,
1951,1900,853370.17,M_245062_913027,Lynn,MA,Three-Family Residential,3,,,
1952,1900,984640.88,M_245069_913021,Lynn,MA,Three-Family Residential,3,,,
1953,1900,900596.69,M_244732_913074,Lynn,MA,Two-Family Residential,2,,,
1954,1900,1138121.55,M_244741_913089,Lynn,MA,Apartments with Four to Eight Units,6,,,
1955,1890,768287.29,M_244758_913078,Lynn,MA,Apartments with Four to Eight Units,4,,,
1956,1900,750519.34,M_244772_913071,Lynn,MA,Two-Family Residential,2,,,
1957,1900,1014917.13,M_244798_913054,Lynn,MA,Three-Family Residential,3,,,
1958,1900,900331.49,M_244810_913047,Lynn,MA,Three-Family Residential,3,,,
1959,1900,873812.15,M_244823_913043,Lynn,MA,Two-Family Residential,2,,,
1960,1900,856353.59,M_244841_913038,Lynn,MA,Three-Family Residential,3,,,
1961,1910,1060883.98,M_244835_913027,Lynn,MA,Three-Family Residential,3,,,
1962,1910,867845.30,M_244830_913017,Lynn,MA,Three-Family Residential,3,,,
1963,1910,700740.33,M_244825_913001,Lynn,MA,Two-Family Residential,2,,,
1964,1910,773259.67,M_244811_913000,Lynn,MA,Three-Family Residential,3,,,
1965,1910,924419.89,M_244795_913007,Lynn,MA,Three-Family Residential,3,,,
1966,1915,902651.93,M_244790_913020,Lynn,MA,Three-Family Residential,3,,,
1967,1910,885745.86,M_244755_913053,Lynn,MA,Three-Family Residential,3,,,
1968,1910,755723.76,M_244744_913062,Lynn,MA,Two-Family Residential,2,,,
1969,1900,1206629.83,M_244764_913041,Lynn,MA,Apartments with Four to Eight Units,6,,,
1970,1910,573204.42,M_244775_913047,Lynn,MA,Two-Family Residential,2,,,
1971,1905,954917.13,M_244819_913082,Lynn,MA,Three-Family Residential,3,,,
1972,1900,1067624.31,M_244825_913093,Lynn,MA,Three-Family Residential,3,,,
1973,1900,1158839.78,M_244836_913107,Lynn,MA,Two-Family Residential,2,,,
1974,1910,903502.76,M_244843_913124,Lynn,MA,Two-Family Residential,2,,,
1975,1900,1103060.77,M_244850_913140,Lynn,MA,Two-Family Residential,2,,,
1976,1910,1017679.56,M_244862_913181,Lynn,MA,Three-Family Residential,3,,,
1977,1910,860640.88,M_244902_913170,Lynn,MA,Two-Family Residential,2,,,
1978,1880,1087734.81,M_244889_913148,Lynn,MA,Apartments with Four to Eight Units,4,,,
1979,1900,1316574.59,M_244879_913131,Lynn,MA,Apartments with Four to Eight Units,6,,,
1980,1890,1224419.89,M_244872_913113,Lynn,MA,Three-Family Residential,3,,,
1981,1900,1004375.69,M_244864_913097,Lynn,MA,Two-Family Residential,2,,,
1982,1900,1472265.19,M_244854_913163,Lynn,MA,Apartments with Four to Eight Units,5,,,
1983,1890,704928.18,M_244868_913157,Lynn,MA,Two-Family Residential,2,,,
1984,1900,2108618.78,M_244762_913130,Lynn,MA,Apartments with More than Eight Units,3,,,
1985,1900,952486.19,M_244799_913116,Lynn,MA,Three-Family Residential,3,,,
1986,1900,888618.78,M_244778_913108,Lynn,MA,Three-Family Residential,3,,,
1987,1900,977458.56,M_244964_913210,Lynn,MA,Three-Family Residential,3,,,
1988,1916,980552.49,M_244970_913223,Lynn,MA,Three-Family Residential,3,,,
1989,1910,967403.31,M_245007_913233,Lynn,MA,Three-Family Residential,3,,,
1990,1900,1260331.49,M_245001_913217,Lynn,MA,Apartments with Four to Eight Units,6,,,
1991,1900,976685.08,M_244986_913166,Lynn,MA,Three-Family Residential,3,,,
1992,1890,1033480.66,M_245013_913143,Lynn,MA,Three-Family Residential,3,,,
1993,1900,934917.13,M_245017_913152,Lynn,MA,Three-Family Residential,3,,,
1994,1900,918232.04,M_245025_913164,Lynn,MA,Three-Family Residential,3,,,
1995,1905,653591.16,M_245033_913177,Lynn,MA,Three-Family Residential,3,,,
1996,1910,948066.30,M_245041_913190,Lynn,MA,Three-Family Residential,3,,,
1997,1900,869602.21,M_245090_913278,Lynn,MA,Two-Family Residential,2,,,
1998,1900,1134143.65,M_245095_913262,Lynn,MA,Three-Family Residential,3,,,
1999,1900,942983.43,M_245125_913234,Lynn,MA,Three-Family Residential,3,,,
2000,1890,867182.32,M_245114_913218,Lynn,MA,Three-Family Residential,3,,,
2001,1900,814320.44,M_245108_913197,Lynn,MA,Two-Family Residential,3,,,
2002,1900,1176353.59,M_245102_913183,Lynn,MA,Three-Family Residential,3,,,
2003,1900,788839.78,M_245055_913168,Lynn,MA,Three-Family Residential,3,,,
2004,1890,790607.73,M_245047_913160,Lynn,MA,Three-Family Residential,3,,,
2005,1900,790939.23,M_245041_913150,Lynn,MA,Three-Family Residential,3,,,
2006,1880,1014254.14,M_245107_913251,Lynn,MA,Three-Family Residential,3,,,
2007,1900,897138.12,M_245073_913159,Lynn,MA,Two-Family Residential,2,,,
2008,1890,1066298.34,M_245086_913151,Lynn,MA,Three-Family Residential,3,,,
2009,1887,995359.12,M_245099_913144,Lynn,MA,Two-Family Residential,2,,,
2010,1900,958895.03,M_245111_913136,Lynn,MA,Three-Family Residential,3,,,
2011,1890,987071.82,M_245124_913127,Lynn,MA,Three-Family Residential,3,,,
2012,1900,968707.18,M_245137_913119,Lynn,MA,Two-Family Residential,2,,,
2013,1890,839922.65,M_245150_913110,Lynn,MA,Two-Family Residential,2,,,
2014,1910,999392.27,M_245163_913101,Lynn,MA,Two-Family Residential,2,,,
2015,1910,900519.34,M_245190_913085,Lynn,MA,Two-Family Residential,2,,,
2016,1880,822419.89,M_245202_913076,Lynn,MA,Two-Family Residential,2,,,
2017,1895,1086961.33,M_245214_913068,Lynn,MA,Three-Family Residential,3,,,
2018,1900,870795.58,M_245224_913059,Lynn,MA,Two-Family Residential,3,,,
2019,1873,1499005.52,M_245109_913104,Lynn,MA,Apartments with Four to Eight Units,6,,,
2020,1880,885193.37,M_245079_913096,Lynn,MA,Three-Family Residential,3,,,
2021,1910,1072375.69,M_245094_913115,Lynn,MA,Three-Family Residential,3,,,
2022,1910,705690.61,M_245071_913116,Lynn,MA,Two-Family Residential,2,,,
2023,1920,772850.83,M_245140_913184,Lynn,MA,Two-Family Residential,2,,,
2024,1898,1084751.38,M_245144_913197,Lynn,MA,Apartments with Four to Eight Units,4,,,
2025,1920,833104.97,M_245150_913211,Lynn,MA,Two-Family Residential,2,,,
2026,1900,1080000.00,M_245195_913168,Lynn,MA,Three-Family Residential,3,,,
2027,1900,974917.13,M_245230_913127,Lynn,MA,Three-Family Residential,3,,,
2028,1900,857569.06,M_245239_913114,Lynn,MA,Three-Family Residential,3,,,
2029,1900,629116.02,M_245250_913104,Lynn,MA,Two-Family Residential,2,,,
2030,1900,1067624.31,M_245261_913093,Lynn,MA,Three-Family Residential,3,,,
2031,1900,1281988.95,M_245277_913083,Lynn,MA,Apartments with Four to Eight Units,7,,,
2032,1895,1399889.50,M_245270_913067,Lynn,MA,Apartments with Four to Eight Units,6,,,
2033,1900,1035359.12,M_245253_913080,Lynn,MA,Three-Family Residential,3,,,
2034,1920,862651.93,M_245228_913101,Lynn,MA,Three-Family Residential,3,,,
2035,1910,1162209.94,M_245216_913113,Lynn,MA,Apartments with Four to Eight Units,6,,,
2036,1900,1412707.18,M_245207_913121,Lynn,MA,Apartments with Four to Eight Units,6,,,
2037,1928,765535.91,M_245184_913143,Lynn,MA,Two-Family Residential,2,,,
2038,1900,976906.08,M_245159_913158,Lynn,MA,Three-Family Residential,2,,,
2039,1920,1061569.06,M_245143_913162,Lynn,MA,Two-Family Residential,2,,,
2040,1900,883988.95,M_245192_913130,Lynn,MA,Two-Family Residential,2,,,
2041,1900,896132.60,M_245223_913261,Lynn,MA,Three-Family Residential,3,,,
2042,1880,708872.93,M_245310_913279,Lynn,MA,Two-Family Residential,2,,,
2043,1880,821392.27,M_245330_913289,Lynn,MA,Two-Family Residential,2,,,
2044,1900,851491.71,M_245349_913283,Lynn,MA,Three-Family Residential,3,,,
2045,1900,982342.54,M_245374_913285,Lynn,MA,Two-Family Residential,2,,,
2046,1900,852011.05,M_245370_913265,Lynn,MA,Two-Family Residential,2,,,
2047,1880,1262762.43,M_245375_913243,Lynn,MA,Apartments with Four to Eight Units,4,,,
2048,1900,779767.96,M_245421_913212,Lynn,MA,Two-Family Residential,2,,,
2049,1900,989127.07,M_245450_913085,Lynn,MA,Two-Family Residential,2,,,
2050,1900,799447.51,M_245438_913086,Lynn,MA,Three-Family Residential,3,,,
2051,1900,609226.52,M_245410_913099,Lynn,MA,Two-Family Residential,2,,,
2052,1880,882740.33,M_245396_913101,Lynn,MA,Two-Family Residential,3,,,
2053,1900,1127845.30,M_245298_913106,Lynn,MA,Three-Family Residential,3,,,
2054,1880,846629.83,M_245212_913192,Lynn,MA,Three-Family Residential,3,,,
2055,2003,1090298.34,M_245327_913258,Lynn,MA,Two-Family Residential,2,,,
2056,1900,895292.82,M_245438_913277,Lynn,MA,Two-Family Residential,2,,,
2057,1890,855602.21,M_245454_913280,Lynn,MA,Two-Family Residential,2,,,
2058,1880,849845.30,M_245364_913344,Lynn,MA,Two-Family Residential,3,,,
2059,1880,899790.06,M_245412_913320,Lynn,MA,Two-Family Residential,2,,,
2060,1880,944044.20,M_245431_913333,Lynn,MA,Two-Family Residential,2,,,
2061,1900,1598232.04,M_245431_913313,Lynn,MA,Apartments with Four to Eight Units,6,,,
2062,1880,878662.98,M_245398_913317,Lynn,MA,Two-Family Residential,2,,,
2063,1870,1091491.71,M_245365_913326,Lynn,MA,Three-Family Residential,3,,,
2064,1890,844475.14,M_245375_913371,Lynn,MA,Two-Family Residential,2,,,
2065,1900,820552.49,M_245338_913331,Lynn,MA,Two-Family Residential,2,,,
2066,1900,961878.45,M_245316_913327,Lynn,MA,Three-Family Residential,3,,,
2067,1900,1176243.09,M_245283_913317,Lynn,MA,Apartments with Four to Eight Units,6,,,
2068,1900,748696.13,M_245284_913358,Lynn,MA,Two-Family Residential,2,,,
2069,1890,794629.83,M_245391_913378,Lynn,MA,Two-Family Residential,2,,,
2070,1898,969944.75,M_245149_913300,Lynn,MA,Apartments with Four to Eight Units,4,,,
2071,1898,999447.51,M_245153_913290,Lynn,MA,Apartments with Four to Eight Units,4,,,
2072,1880,2085524.86,M_245140_913271,Lynn,MA,Apartments with Four to Eight Units,8,,,
2073,1900,943867.40,M_245131_913283,Lynn,MA,Three-Family Residential,3,,,
2074,1850,1186961.33,M_245242_913317,Lynn,MA,Three-Family Residential,3,,,
2075,1900,1052486.19,M_245217_913308,Lynn,MA,Two-Family Residential,2,,,
2076,1900,1001988.95,M_245205_913301,Lynn,MA,Three-Family Residential,3,,,
2077,1880,876552.49,M_245189_913294,Lynn,MA,Two-Family Residential,2,,,
2078,2020,1460662.98,M_245190_913315,Lynn,MA,Three-Family Residential,3,,,
2079,1900,720795.58,M_244798_912904,Lynn,MA,Two-Family Residential,2,,,
2080,1900,811027.62,M_244871_912767,Lynn,MA,Two-Family Residential,2,,,
2081,1987,959226.52,M_244802_912933,Lynn,MA,Two-Family Residential,2,,,
2082,1880,1089281.77,M_244911_913708,Lynn,MA,Apartments with Four to Eight Units,4,,,
2083,1910,706254.14,M_244894_913688,Lynn,MA,Two-Family Residential,2,,,
2084,1910,999491.71,M_244842_913624,Lynn,MA,Two-Family Residential,2,,,
2085,1900,874265.19,M_244821_913641,Lynn,MA,Two-Family Residential,2,,,
2086,1890,750596.69,M_244719_913501,Lynn,MA,Two-Family Residential,2,,,
2087,1900,647580.11,M_244710_913485,Lynn,MA,Two-Family Residential,2,,,
2088,1910,923204.42,M_244680_913447,Lynn,MA,Three-Family Residential,3,,,
2089,1899,1123204.42,M_244593_913492,Lynn,MA,Apartments with Four to Eight Units,3,,,
2090,1880,841138.12,M_244781_913574,Lynn,MA,Two-Family Residential,2,,,
2091,1910,1303756.91,M_244871_913199,Lynn,MA,Apartments with Four to Eight Units,4,,,
2092,1890,1540000.00,M_244778_913167,Lynn,MA,Apartments with Four to Eight Units,6,,,
2093,1910,1203535.91,M_244796_913203,Lynn,MA,Apartments with Four to Eight Units,6,,,
2094,1900,1416022.10,M_244829_913225,Lynn,MA,Apartments with Four to Eight Units,7,,,
2095,1910,991712.71,M_244835_913210,Lynn,MA,Three-Family Residential,3,,,
2096,1900,892596.69,M_244819_913176,Lynn,MA,Three-Family Residential,3,,,
2097,1900,888287.29,M_244815_913164,Lynn,MA,Three-Family Residential,3,,,
2098,2009,1186298.34,M_244808_913248,Lynn,MA,Two-Family Residential,2,,,
2099,1890,1645414.36,M_244704_913187,Lynn,MA,Apartments with Four to Eight Units,4,,,
2100,1900,937292.82,M_244730_913221,Lynn,MA,Two-Family Residential,2,,,
2101,1890,1119779.01,M_244780_913268,Lynn,MA,Apartments with Four to Eight Units,5,,,
2102,1920,837812.15,M_244730_913166,Lynn,MA,Two-Family Residential,2,,,
2103,1906,992928.18,M_244717_913135,Lynn,MA,Three-Family Residential,3,,,
2104,1920,1014143.65,M_244690_913163,Lynn,MA,Three-Family Residential,3,,,
2105,1915,931027.62,M_244700_913174,Lynn,MA,Two-Family Residential,2,,,
2106,1880,1028464.09,M_244698_913284,Lynn,MA,Two-Family Residential,2,,,
2107,1910,742386.74,M_244706_913295,Lynn,MA,Two-Family Residential,2,,,
2108,1900,856243.09,M_244737_913304,Lynn,MA,Three-Family Residential,3,,,
2109,1900,806397.79,M_244748_913301,Lynn,MA,Two-Family Residential,2,,,
2110,1920,932375.69,M_244680_913220,Lynn,MA,Three-Family Residential,3,,,
2111,1900,831414.36,M_244672_913208,Lynn,MA,Two-Family Residential,2,,,
2112,1905,861756.91,M_244645_913331,Lynn,MA,Two-Family Residential,2,,,
2113,1900,1033922.65,M_244656_913301,Lynn,MA,Three-Family Residential,3,,,
2114,1900,1036132.60,M_244646_913290,Lynn,MA,Three-Family Residential,3,,,
2115,1890,1124530.39,M_244696_913344,Lynn,MA,Three-Family Residential,3,,,
2116,1900,693812.15,M_244703_913410,Lynn,MA,Two-Family Residential,2,,,
2117,1900,825546.96,M_244714_913421,Lynn,MA,Two-Family Residential,2,,,
2118,1900,690861.88,M_244733_913430,Lynn,MA,Two-Family Residential,2,,,
2119,1900,673414.36,M_244751_913466,Lynn,MA,Two-Family Residential,2,,,
2120,1903,675812.15,M_244765_913450,Lynn,MA,Two-Family Residential,2,,,
2121,1900,760464.09,M_244764_913474,Lynn,MA,Two-Family Residential,2,,,
2122,1920,911933.70,M_244808_913507,Lynn,MA,Three-Family Residential,3,,,
2123,1900,906629.83,M_244824_913470,Lynn,MA,Three-Family Residential,3,,,
2124,1900,886077.35,M_244804_913457,Lynn,MA,Three-Family Residential,3,,,
2125,1900,843535.91,M_244795_913448,Lynn,MA,Three-Family Residential,3,,,
2126,1900,690828.73,M_244757_913421,Lynn,MA,Two-Family Residential,2,,,
2127,1900,885745.86,M_244777_913404,Lynn,MA,Three-Family Residential,3,,,
2128,1890,947071.82,M_244807_913375,Lynn,MA,Three-Family Residential,3,,,
2129,1880,906740.33,M_244820_913364,Lynn,MA,Three-Family Residential,3,,,
2130,1910,880994.48,M_244796_913314,Lynn,MA,Two-Family Residential,2,,,
2131,1910,968287.29,M_244783_913327,Lynn,MA,Three-Family Residential,3,,,
2132,1900,975878.45,M_244754_913377,Lynn,MA,Two-Family Residential,2,,,
2133,1840,813038.67,M_244737_913361,Lynn,MA,Two-Family Residential,2,,,
2134,1900,1071712.71,M_244721_913372,Lynn,MA,Apartments with Four to Eight Units,5,,,
2135,1865,936464.09,M_244737_913384,Lynn,MA,Three-Family Residential,3,,,
2136,1700,664972.38,M_244721_913393,Lynn,MA,Two-Family Residential,2,,,
2137,1900,902762.43,M_244817_913498,Lynn,MA,Three-Family Residential,3,,,
2138,1900,892044.20,M_244820_913433,Lynn,MA,Three-Family Residential,3,,,
2139,1900,844088.40,M_244829_913444,Lynn,MA,Three-Family Residential,3,,,
2140,1900,765513.81,M_244830_913300,Lynn,MA,Two-Family Residential,2,,,
2141,1900,895027.62,M_244835_913314,Lynn,MA,Three-Family Residential,3,,,
2142,1880,671480.66,M_244854_913321,Lynn,MA,Two-Family Residential,2,,,
2143,1910,710828.73,M_244851_913340,Lynn,MA,Two-Family Residential,2,,,
2144,1900,916685.08,M_244874_913380,Lynn,MA,Three-Family Residential,3,,,
2145,1890,1460331.49,M_244878_913421,Lynn,MA,Apartments with Four to Eight Units,6,,,
2146,1900,676795.58,M_244900_913367,Lynn,MA,Three-Family Residential,3,,,
2147,1900,1063535.91,M_244895_913355,Lynn,MA,Three-Family Residential,3,,,
2148,1910,915690.61,M_244887_913345,Lynn,MA,Three-Family Residential,3,,,
2149,1920,892972.38,M_244882_913335,Lynn,MA,Two-Family Residential,2,,,
2150,1900,874917.13,M_244863_913289,Lynn,MA,Three-Family Residential,3,,,
2151,1925,673359.12,M_244860_913373,Lynn,MA,Two-Family Residential,2,,,
2152,1900,868066.30,M_244861_913361,Lynn,MA,Three-Family Residential,3,,,
2153,1900,1030607.73,M_244873_913312,Lynn,MA,Apartments with Four to Eight Units,3,,,
2154,1900,1016132.60,M_244902_913263,Lynn,MA,Three-Family Residential,3,,,
2155,1890,1410607.73,M_244908_913278,Lynn,MA,Apartments with Four to Eight Units,6,,,
2156,1900,1039226.52,M_244928_913305,Lynn,MA,Two-Family Residential,3,,,
2157,1880,828055.25,M_244929_913321,Lynn,MA,Two-Family Residential,2,,,
2158,1900,779624.31,M_244935_913336,Lynn,MA,Two-Family Residential,2,,,
2159,1900,877977.90,M_244941_913350,Lynn,MA,Two-Family Residential,2,,,
2160,1900,902983.43,M_244941_913369,Lynn,MA,Three-Family Residential,3,,,
2161,1890,958895.03,M_244957_913363,Lynn,MA,Three-Family Residential,3,,,
2162,1888,1091933.70,M_244969_913340,Lynn,MA,Three-Family Residential,3,,,
2163,1905,976198.90,M_244963_913324,Lynn,MA,Two-Family Residential,2,,,
2164,1881,876353.59,M_244957_913310,Lynn,MA,Three-Family Residential,3,,,
2165,1900,1723646.41,M_244948_913288,Lynn,MA,Apartments with Four to Eight Units,4,,,
2166,1901,885635.36,M_244940_913271,Lynn,MA,Three-Family Residential,3,,,
2167,1901,967734.81,M_244976_913238,Lynn,MA,Three-Family Residential,3,,,
2168,1901,958784.53,M_244982_913252,Lynn,MA,Three-Family Residential,3,,,
2169,1901,948729.28,M_244989_913267,Lynn,MA,Three-Family Residential,3,,,
2170,1891,943392.27,M_244995_913282,Lynn,MA,Two-Family Residential,2,,,
2171,1900,814917.13,M_245002_913296,Lynn,MA,Two-Family Residential,2,,,
2172,1880,1023756.91,M_245007_913310,Lynn,MA,Three-Family Residential,3,,,
2173,1873,1432928.18,M_245010_913333,Lynn,MA,Apartments with Four to Eight Units,6,,,
2174,1900,1143204.42,M_245025_913326,Lynn,MA,Apartments with Four to Eight Units,3,,,
2175,1880,881756.91,M_245037_913321,Lynn,MA,Two-Family Residential,2,,,
2176,1900,1006740.33,M_245053_913320,Lynn,MA,Three-Family Residential,3,,,
2177,1880,914872.93,M_245047_913306,Lynn,MA,Two-Family Residential,2,,,
2178,1918,927071.82,M_245035_913296,Lynn,MA,Three-Family Residential,3,,,
2179,1900,923093.92,M_245027_913280,Lynn,MA,Three-Family Residential,3,,,
2180,1900,916353.59,M_245014_913248,Lynn,MA,Three-Family Residential,3,,,
2181,1900,984198.90,M_245074_913278,Lynn,MA,Three-Family Residential,3,,,
2182,1909,1073701.66,M_245080_913296,Lynn,MA,Three-Family Residential,3,,,
2183,1900,1835580.11,M_245265_913393,Lynn,MA,Apartments with Four to Eight Units,8,,,
2184,1910,991381.22,M_245303_913403,Lynn,MA,Three-Family Residential,3,,,
2185,1890,793502.76,M_245310_913385,Lynn,MA,Two-Family Residential,2,,,
2186,1890,890828.73,M_245271_913372,Lynn,MA,Two-Family Residential,2,,,
2187,1910,921325.97,M_245325_913418,Lynn,MA,Three-Family Residential,3,,,
2188,1890,764751.38,M_245383_913440,Lynn,MA,Three-Family Residential,3,,,
2189,1900,1194143.65,M_245391_913415,Lynn,MA,Apartments with Four to Eight Units,4,,,
2190,1900,751314.92,M_245337_913390,Lynn,MA,Two-Family Residential,2,,,
2191,1900,904198.90,M_245332_913403,Lynn,MA,Three-Family Residential,3,,,
2192,1890,1211436.46,M_245349_913425,Lynn,MA,Two-Family Residential,2,,,
2193,1890,1022983.43,M_245097_913326,Lynn,MA,Three-Family Residential,3,,,
2194,1910,702541.44,M_245128_913356,Lynn,MA,Two-Family Residential,2,,,
2195,1900,1100110.50,M_245145_913313,Lynn,MA,Three-Family Residential,3,,,
2196,1900,1090939.23,M_245116_913311,Lynn,MA,Three-Family Residential,3,,,
2197,1900,996132.60,M_245226_913365,Lynn,MA,Two-Family Residential,2,,,
2198,1870,1184386.74,M_245226_913340,Lynn,MA,Two-Family Residential,2,,,
2199,1880,828508.29,M_245173_913345,Lynn,MA,Three-Family Residential,3,,,
2200,1880,1147182.32,M_245245_913427,Lynn,MA,Three-Family Residential,3,,,
2201,1900,838939.23,M_245257_913433,Lynn,MA,Two-Family Residential,2,,,
2202,1900,788729.28,M_245292_913468,Lynn,MA,Three-Family Residential,3,,,
2203,1912,856685.08,M_245306_913476,Lynn,MA,Three-Family Residential,3,,,
2204,1900,828066.30,M_245318_913487,Lynn,MA,Three-Family Residential,3,,,
2205,1905,793878.45,M_245333_913460,Lynn,MA,Two-Family Residential,2,,,
2206,1900,883756.91,M_245315_913455,Lynn,MA,Three-Family Residential,3,,,
2207,1910,820883.98,M_245301_913448,Lynn,MA,Three-Family Residential,3,,,
2208,1910,925414.36,M_245288_913442,Lynn,MA,Two-Family Residential,2,,,
2209,1920,933591.16,M_245275_913435,Lynn,MA,Three-Family Residential,3,,,
2210,1900,1316353.59,M_245348_913504,Lynn,MA,Three-Family Residential,3,,,
2211,1920,862773.48,M_245033_913364,Lynn,MA,Two-Family Residential,2,,,
2212,1920,911602.21,M_245052_913390,Lynn,MA,Three-Family Residential,3,,,
2213,1890,901767.96,M_245119_913432,Lynn,MA,Three-Family Residential,3,,,
2214,1900,1057237.57,M_245140_913445,Lynn,MA,Three-Family Residential,3,,,
2215,1860,986408.84,M_245162_913457,Lynn,MA,Three-Family Residential,3,,,
2216,1880,814883.98,M_245181_913467,Lynn,MA,Two-Family Residential,2,,,
2217,1920,859569.06,M_245197_913484,Lynn,MA,Two-Family Residential,2,,,
2218,1900,733624.31,M_245212_913496,Lynn,MA,Two-Family Residential,2,,,
2219,1890,909392.27,M_245225_913502,Lynn,MA,Three-Family Residential,3,,,
2220,1900,1080220.99,M_245240_913512,Lynn,MA,Three-Family Residential,3,,,
2221,1900,800762.43,M_245266_913543,Lynn,MA,Two-Family Residential,2,,,
2222,1910,1143093.92,M_245280_913554,Lynn,MA,Three-Family Residential,3,,,
2223,1905,920243.09,M_245281_913533,Lynn,MA,Two-Family Residential,3,,,
2224,1910,1032044.20,M_245301_913521,Lynn,MA,Three-Family Residential,3,,,
2225,1900,1039889.50,M_245290_913514,Lynn,MA,Three-Family Residential,3,,,
2226,1900,839657.46,M_245234_913479,Lynn,MA,Two-Family Residential,2,,,
2227,1900,847657.46,M_245191_913443,Lynn,MA,Two-Family Residential,2,,,
2228,1905,755889.50,M_245142_913408,Lynn,MA,Two-Family Residential,2,,,
2229,1900,1013657.46,M_245089_913377,Lynn,MA,Two-Family Residential,2,,,
2230,1900,909834.25,M_245080_913364,Lynn,MA,Three-Family Residential,3,,,
2231,1900,703502.76,M_245070_913373,Lynn,MA,Two-Family Residential,2,,,
2232,1880,819911.60,M_245067_913350,Lynn,MA,Two-Family Residential,2,,,
2233,1900,929447.51,M_245057_913357,Lynn,MA,Two-Family Residential,2,,,
2234,1890,849502.76,M_245222_913469,Lynn,MA,Apartments with Four to Eight Units,4,,,
2235,1875,884055.25,M_245100_913421,Lynn,MA,Two-Family Residential,2,,,
2236,1900,723138.12,M_245067_913400,Lynn,MA,Two-Family Residential,2,,,
2237,1890,859558.01,M_245312_913591,Lynn,MA,Three-Family Residential,3,,,
2238,1920,1035801.10,M_245328_913538,Lynn,MA,Three-Family Residential,3,,,
2239,1910,767767.96,M_245317_913576,Lynn,MA,Two-Family Residential,2,,,
2240,1910,1044751.38,M_245302_913652,Lynn,MA,Three-Family Residential,3,,,
2241,1910,917955.80,M_245302_913620,Lynn,MA,Two-Family Residential,2,,,
2242,1900,999447.51,M_245298_913631,Lynn,MA,Three-Family Residential,3,,,
2243,1890,847226.52,M_245117_913577,Lynn,MA,Two-Family Residential,2,,,
2244,1900,922651.93,M_245134_913584,Lynn,MA,Three-Family Residential,3,,,
2245,1910,957458.56,M_245147_913589,Lynn,MA,Three-Family Residential,3,,,
2246,1900,890165.75,M_245162_913596,Lynn,MA,Three-Family Residential,3,,,
2247,1910,847403.31,M_245176_913601,Lynn,MA,Three-Family Residential,3,,,
2248,1920,876795.58,M_245209_913602,Lynn,MA,Three-Family Residential,3,,,
2249,1920,803337.02,M_245223_913621,Lynn,MA,Two-Family Residential,2,,,
2250,1920,908729.28,M_245225_913607,Lynn,MA,Three-Family Residential,3,,,
2251,1920,737016.57,M_245255_913636,Lynn,MA,Two-Family Residential,2,,,
2252,1920,1008066.30,M_245264_913582,Lynn,MA,Three-Family Residential,3,,,
2253,1870,1004475.14,M_245238_913575,Lynn,MA,Two-Family Residential,2,,,
2254,1860,915701.66,M_245208_913551,Lynn,MA,Two-Family Residential,2,,,
2255,1880,1078309.39,M_245142_913502,Lynn,MA,Two-Family Residential,3,,,
2256,1907,1367635.36,M_245110_913500,Lynn,MA,Two-Family Residential,2,,,
2257,1910,962541.44,M_245124_913535,Lynn,MA,Three-Family Residential,3,,,
2258,1910,724209.94,M_245174_913561,Lynn,MA,Two-Family Residential,2,,,
2259,1910,1050828.73,M_244955_913404,Lynn,MA,Two-Family Residential,2,,,
2260,1920,825635.36,M_244967_913427,Lynn,MA,Three-Family Residential,3,,,
2261,1890,853767.96,M_244972_913443,Lynn,MA,Two-Family Residential,2,,,
2262,1920,754088.40,M_244976_913452,Lynn,MA,Two-Family Residential,2,,,
2263,1900,923756.91,M_244980_913464,Lynn,MA,Two-Family Residential,2,,,
2264,1910,947182.32,M_245014_913459,Lynn,MA,Two-Family Residential,2,,,
2265,1890,937171.27,M_245025_913447,Lynn,MA,Two-Family Residential,2,,,
2266,1900,1067624.31,M_245036_913433,Lynn,MA,Three-Family Residential,3,,,
2267,1900,1079679.56,M_245019_913419,Lynn,MA,Two-Family Residential,2,,,
2268,1890,767546.96,M_245007_913398,Lynn,MA,Two-Family Residential,2,,,
2269,1900,1040861.88,M_244997_913383,Lynn,MA,Two-Family Residential,2,,,
2270,1900,714453.04,M_244982_913391,Lynn,MA,Two-Family Residential,2,,,
2271,1900,829171.27,M_244968_913397,Lynn,MA,Three-Family Residential,3,,,
2272,1900,796464.09,M_245001_913524,Lynn,MA,Three-Family Residential,3,,,
2273,1880,1175580.11,M_245014_913544,Lynn,MA,Three-Family Residential,3,,,
2274,1900,917790.06,M_245021_913558,Lynn,MA,Two-Family Residential,2,,,
2275,1925,1047635.36,M_245029_913572,Lynn,MA,Two-Family Residential,2,,,
2276,1920,849624.31,M_245035_913585,Lynn,MA,Two-Family Residential,2,,,
2277,1910,887436.46,M_245042_913599,Lynn,MA,Two-Family Residential,2,,,
2278,1910,950298.34,M_245085_913754,Lynn,MA,Two-Family Residential,2,,,
2279,1910,1047922.65,M_245075_913764,Lynn,MA,Two-Family Residential,2,,,
2280,1910,1099966.85,M_245062_913775,Lynn,MA,Two-Family Residential,2,,,
2281,1900,906187.85,M_245043_913787,Lynn,MA,Three-Family Residential,3,,,
2282,1910,977790.06,M_245078_913795,Lynn,MA,Three-Family Residential,3,,,
2283,1920,864497.24,M_245166_913742,Lynn,MA,Two-Family Residential,2,,,
2284,1900,815469.61,M_245149_913728,Lynn,MA,Two-Family Residential,2,,,
2285,1920,784574.59,M_245143_913714,Lynn,MA,Two-Family Residential,2,,,
2286,2019,1283071.82,M_245123_913661,Lynn,MA,Two-Family Residential,2,,,
2287,1900,723237.57,M_245138_913651,Lynn,MA,Two-Family Residential,2,,,
2288,1900,777922.65,M_245134_913643,Lynn,MA,Two-Family Residential,2,,,
2289,1890,1004640.88,M_245102_913630,Lynn,MA,Two-Family Residential,2,,,
2290,1880,1074629.83,M_245069_913563,Lynn,MA,Two-Family Residential,2,,,
2291,1890,695138.12,M_245027_913517,Lynn,MA,Two-Family Residential,2,,,
2292,1900,930806.63,M_245017_913509,Lynn,MA,Two-Family Residential,2,,,
2293,1910,834364.64,M_245000_913509,Lynn,MA,Three-Family Residential,3,,,
2294,1900,762000.00,M_245125_913766,Lynn,MA,Two-Family Residential,2,,,
2295,1900,859558.01,M_245142_913630,Lynn,MA,Three-Family Residential,3,,,
2296,1905,799856.35,M_245211_913706,Lynn,MA,Two-Family Residential,2,,,
2297,1870,1031712.71,M_245245_913672,Lynn,MA,Three-Family Residential,3,,,
2298,1910,820044.20,M_245217_913668,Lynn,MA,Two-Family Residential,2,,,
2299,1860,1067414.36,M_245188_913658,Lynn,MA,Two-Family Residential,2,,,
2300,1900,941635.36,M_245175_913652,Lynn,MA,Two-Family Residential,2,,,
2301,1900,1011270.72,M_244929_913426,Lynn,MA,Three-Family Residential,3,,,
2302,1910,993038.67,M_244918_913437,Lynn,MA,Three-Family Residential,3,,,
2303,1903,1007513.81,M_244909_913447,Lynn,MA,Three-Family Residential,3,,,
2304,1903,980883.98,M_244898_913458,Lynn,MA,Three-Family Residential,3,,,
2305,1880,1608287.29,M_244888_913471,Lynn,MA,Apartments with Four to Eight Units,8,,,
2306,2025,554806.63,M_244910_913492,Lynn,MA,Two-Family Residential,2,,,
2307,1920,880629.83,M_244946_913566,Lynn,MA,Two-Family Residential,2,,,
2308,1900,789745.86,M_244956_913532,Lynn,MA,Two-Family Residential,2,,,
2309,1900,864972.38,M_244944_913493,Lynn,MA,Three-Family Residential,3,,,
2310,1900,873812.15,M_244940_913482,Lynn,MA,Three-Family Residential,3,,,
2311,1910,743436.46,M_244936_913469,Lynn,MA,Two-Family Residential,2,,,
2312,1920,941436.46,M_244932_913456,Lynn,MA,Three-Family Residential,3,,,
2313,1900,827624.31,M_244829_913546,Lynn,MA,Three-Family Residential,3,,,
2314,1916,822099.45,M_244850_913550,Lynn,MA,Three-Family Residential,3,,,
2315,1923,1173812.15,M_244853_913535,Lynn,MA,Apartments with Four to Eight Units,5,,,
2316,1900,592364.64,M_244858_913520,Lynn,MA,Two-Family Residential,2,,,
2317,1900,820220.99,M_244845_913514,Lynn,MA,Three-Family Residential,3,,,
2318,1900,525458.56,M_244837_913527,Lynn,MA,Two-Family Residential,2,,,
2319,1900,665756.91,M_244870_913596,Lynn,MA,Two-Family Residential,2,,,
2320,1900,843546.96,M_244924_913647,Lynn,MA,Two-Family Residential,2,,,
2321,1915,879337.02,M_244932_913624,Lynn,MA,Two-Family Residential,2,,,
2322,1900,1102640.88,M_244941_913615,Lynn,MA,Two-Family Residential,2,,,
2323,1910,765756.91,M_244915_913597,Lynn,MA,Two-Family Residential,2,,,
2324,1920,1126817.68,M_244913_913581,Lynn,MA,Two-Family Residential,2,,,
2325,1915,925149.17,M_244915_913568,Lynn,MA,Two-Family Residential,2,,,
2326,1910,1027403.31,M_244916_913555,Lynn,MA,Two-Family Residential,2,,,
2327,1920,829944.75,M_244951_913664,Lynn,MA,Three-Family Residential,3,,,
2328,1920,731723.76,M_244954_913681,Lynn,MA,Two-Family Residential,2,,,
2329,1910,934917.13,M_244965_913692,Lynn,MA,Three-Family Residential,3,,,
2330,1910,970939.23,M_244984_913715,Lynn,MA,Three-Family Residential,3,,,
2331,1900,718939.23,M_244995_913726,Lynn,MA,Two-Family Residential,2,,,
2332,1900,747149.17,M_245004_913738,Lynn,MA,Two-Family Residential,2,,,
2333,1900,797558.01,M_245015_913749,Lynn,MA,Two-Family Residential,2,,,
2334,1920,844662.98,M_245025_913762,Lynn,MA,Two-Family Residential,2,,,
2335,1910,927259.67,M_245025_913728,Lynn,MA,Two-Family Residential,2,,,
2336,1910,806243.09,M_245036_913720,Lynn,MA,Two-Family Residential,2,,,
2337,1910,789635.36,M_245045_913706,Lynn,MA,Two-Family Residential,2,,,
2338,1910,1020044.20,M_245006_913616,Lynn,MA,Two-Family Residential,2,,,
2339,1910,1016353.59,M_244996_913628,Lynn,MA,Three-Family Residential,3,,,
2340,1910,1082022.10,M_244985_913638,Lynn,MA,Two-Family Residential,2,,,
2341,1910,966773.48,M_244975_913648,Lynn,MA,Two-Family Residential,2,,,
2342,1910,920961.33,M_244966_913660,Lynn,MA,Two-Family Residential,2,,,
2343,1910,812817.68,M_244977_913701,Lynn,MA,Three-Family Residential,3,,,
2344,1900,830607.73,M_245149_913808,Lynn,MA,Three-Family Residential,3,,,
2345,1900,1233812.15,M_245236_913746,Lynn,MA,Apartments with Four to Eight Units,5,,,
2346,1900,844762.43,M_244784_914165,Lynn,MA,Two-Family Residential,2,,,
2347,1910,868320.44,M_244845_914205,Lynn,MA,Two-Family Residential,2,,,
2348,1910,911292.82,M_244838_914192,Lynn,MA,Two-Family Residential,2,,,
2349,1910,858419.89,M_244831_914177,Lynn,MA,Two-Family Residential,2,,,
2350,1910,819237.57,M_244797_914158,Lynn,MA,Two-Family Residential,2,,,
2351,1900,676850.83,M_244936_914220,Lynn,MA,Two-Family Residential,2,,,
2352,1910,738640.88,M_244911_914169,Lynn,MA,Two-Family Residential,2,,,
2353,1900,908331.49,M_244893_914131,Lynn,MA,Two-Family Residential,2,,,
2354,1900,887513.81,M_244887_914115,Lynn,MA,Three-Family Residential,3,,,
2355,1910,776795.58,M_244968_914181,Lynn,MA,Three-Family Residential,3,,,
2356,1920,910828.73,M_245013_914273,Lynn,MA,Two-Family Residential,2,,,
2357,1910,779149.17,M_245038_914259,Lynn,MA,Two-Family Residential,2,,,
2358,1900,895546.96,M_245024_914246,Lynn,MA,Two-Family Residential,2,,,
2359,1907,836099.45,M_244987_914153,Lynn,MA,Two-Family Residential,2,,,
2360,1900,681513.81,M_244934_914111,Lynn,MA,Two-Family Residential,2,,,
2361,1900,874475.14,M_244995_914067,Lynn,MA,Two-Family Residential,2,,,
2362,1900,805071.82,M_245010_914081,Lynn,MA,Two-Family Residential,2,,,
2363,1900,853149.17,M_245036_914136,Lynn,MA,Two-Family Residential,2,,,
2364,1900,959193.37,M_245049_914165,Lynn,MA,Two-Family Residential,2,,,
2365,1910,849447.51,M_245065_914108,Lynn,MA,Two-Family Residential,2,,,
2366,1916,849160.22,M_245061_914099,Lynn,MA,Two-Family Residential,2,,,
2367,1900,745790.06,M_245012_914058,Lynn,MA,Two-Family Residential,2,,,
2368,1920,1003237.57,M_245047_913870,Lynn,MA,Two-Family Residential,2,,,
2369,1910,693933.70,M_245056_913889,Lynn,MA,Two-Family Residential,2,,,
2370,1890,716198.90,M_245057_913945,Lynn,MA,Two-Family Residential,2,,,
2371,1900,687646.41,M_245071_913993,Lynn,MA,Two-Family Residential,2,,,
2372,1900,888276.24,M_245096_914045,Lynn,MA,Two-Family Residential,3,,,
2373,1860,879911.60,M_245125_914011,Lynn,MA,Two-Family Residential,2,,,
2374,1900,985790.06,M_245076_913919,Lynn,MA,Two-Family Residential,2,,,
2375,1910,1024530.39,M_244718_914114,Lynn,MA,Two-Family Residential,2,,,
2376,1930,785082.87,M_244696_914083,Lynn,MA,Two-Family Residential,2,,,
2377,1900,606696.13,M_244861_914082,Lynn,MA,Two-Family Residential,2,,,
2378,1880,791558.01,M_244875_914076,Lynn,MA,Two-Family Residential,2,,,
2379,1920,912430.94,M_244903_914064,Lynn,MA,Two-Family Residential,2,,,
2380,1920,818121.55,M_244917_914056,Lynn,MA,Two-Family Residential,2,,,
2381,1900,791171.27,M_245010_914019,Lynn,MA,Two-Family Residential,2,,,
2382,1890,766364.64,M_245032_914017,Lynn,MA,Two-Family Residential,2,,,
2383,1900,877237.57,M_245020_913993,Lynn,MA,Three-Family Residential,3,,,
2384,1900,1147845.30,M_245006_913939,Lynn,MA,Apartments with Four to Eight Units,3,,,
2385,1893,770419.89,M_245006_913905,Lynn,MA,Two-Family Residential,2,,,
2386,1900,729093.92,M_245003_913852,Lynn,MA,Two-Family Residential,2,,,
2387,1910,808817.68,M_244997_913823,Lynn,MA,Two-Family Residential,2,,,
2388,1910,907734.81,M_244984_913795,Lynn,MA,Three-Family Residential,3,,,
2389,1910,652099.45,M_244842_913735,Lynn,MA,Two-Family Residential,2,,,
2390,1900,716441.99,M_245019_913914,Lynn,MA,Two-Family Residential,2,,,
2391,1914,974033.15,M_245056_913817,Lynn,MA,Three-Family Residential,3,,,
2392,1900,798895.03,M_245069_913808,Lynn,MA,Three-Family Residential,3,,,
2393,1910,733193.37,M_245077_913838,Lynn,MA,Two-Family Residential,2,,,
2394,1903,1252817.68,M_245084_913848,Lynn,MA,Apartments with Four to Eight Units,6,,,
2395,1910,748751.38,M_244976_914415,Lynn,MA,Two-Family Residential,2,,,
2396,1900,800994.48,M_244916_914455,Lynn,MA,Three-Family Residential,3,,,
2397,1900,860552.49,M_244948_914428,Lynn,MA,Three-Family Residential,3,,,
2398,1900,825491.71,M_244936_914435,Lynn,MA,Two-Family Residential,2,,,
2399,1911,1003248.62,M_244774_914706,Lynn,MA,Two-Family Residential,2,,,
2400,1925,965082.87,M_244706_914661,Lynn,MA,Two-Family Residential,2,,,
2401,1900,713204.42,M_244598_914582,Lynn,MA,Two-Family Residential,2,,,
2402,1900,771071.82,M_244721_914634,Lynn,MA,Two-Family Residential,2,,,
2403,1935,951038.67,M_244547_914615,Lynn,MA,Two-Family Residential,2,,,
2404,2023,1284397.79,M_244836_914255,Lynn,MA,Two-Family Residential,2,,,
2405,1963,1904861.88,M_244910_914390,Lynn,MA,Apartments with Four to Eight Units,8,,,
2406,1910,837469.61,M_244922_914382,Lynn,MA,Two-Family Residential,2,,,
2407,1924,866629.83,M_244918_914357,Lynn,MA,Two-Family Residential,2,,,
2408,1930,963933.70,M_244911_914344,Lynn,MA,Two-Family Residential,2,,,
2409,1900,721779.01,M_244886_914288,Lynn,MA,Two-Family Residential,2,,,
2410,1920,865215.47,M_244930_914275,Lynn,MA,Two-Family Residential,2,,,
2411,1910,715955.80,M_244950_914317,Lynn,MA,Two-Family Residential,2,,,
2412,1900,937403.31,M_244966_914367,Lynn,MA,Two-Family Residential,2,,,
2413,1900,804220.99,M_244978_914360,Lynn,MA,Two-Family Residential,2,,,
2414,1900,938751.38,M_244991_914354,Lynn,MA,Two-Family Residential,2,,,
2415,1890,869060.77,M_244976_914303,Lynn,MA,Three-Family Residential,3,,,
2416,1900,723502.76,M_244579_914994,Lynn,MA,Two-Family Residential,2,,,
2417,1910,609204.42,M_244466_915062,Lynn,MA,Two-Family Residential,2,,,
2418,1991,1165303.87,M_244504_915017,Lynn,MA,Apartments with Four to Eight Units,4,,,
2419,1912,964751.38,M_244753_914830,Lynn,MA,Two-Family Residential,2,,,
2420,1910,674254.14,M_244296_915042,Lynn,MA,Two-Family Residential,2,,,
2421,1920,683524.86,M_244280_915035,Lynn,MA,Two-Family Residential,2,,,
2422,1880,745668.51,M_244269_915025,Lynn,MA,Two-Family Residential,2,,,
2423,1900,770132.60,M_244232_914947,Lynn,MA,Two-Family Residential,2,,,
2424,1880,794718.23,M_244245_914955,Lynn,MA,Two-Family Residential,2,,,
2425,1910,723955.80,M_244292_914982,Lynn,MA,Two-Family Residential,2,,,
2426,1861,882939.23,M_244413_915006,Lynn,MA,Two-Family Residential,2,,,
2427,1920,664254.14,M_244468_914942,Lynn,MA,Two-Family Residential,2,,,
2428,1920,879558.01,M_244491_914933,Lynn,MA,Three-Family Residential,3,,,
2429,1900,862519.34,M_244469_914916,Lynn,MA,Two-Family Residential,2,,,
2430,1885,810607.73,M_244454_914903,Lynn,MA,Three-Family Residential,3,,,
2431,1880,796022.10,M_244442_914896,Lynn,MA,Three-Family Residential,3,,,
2432,1900,808740.33,M_244428_914889,Lynn,MA,Two-Family Residential,2,,,
2433,1885,797270.72,M_244371_914851,Lynn,MA,Two-Family Residential,2,,,
2434,1900,983955.80,M_244444_914962,Lynn,MA,Two-Family Residential,2,,,
2435,1910,715602.21,M_244575_914845,Lynn,MA,Two-Family Residential,2,,,
2436,1910,868994.48,M_244607_914816,Lynn,MA,Two-Family Residential,2,,,
2437,1930,800950.28,M_244517_914692,Lynn,MA,Two-Family Residential,2,,,
2438,1900,811790.06,M_244580_914734,Lynn,MA,Two-Family Residential,2,,,
2439,1903,1033370.17,M_244637_914779,Lynn,MA,Three-Family Residential,3,,,
2440,1920,754685.08,M_244645_914764,Lynn,MA,Two-Family Residential,2,,,
2441,1920,942596.69,M_244648_914695,Lynn,MA,Two-Family Residential,2,,,
2442,1900,667005.52,M_243886_915416,Lynn,MA,Two-Family Residential,2,,,
2443,1925,828375.69,M_243911_915393,Lynn,MA,Two-Family Residential,2,,,
2444,1930,732375.69,M_244041_915365,Lynn,MA,Two-Family Residential,2,,,
2445,1920,973458.56,M_244095_915327,Lynn,MA,Two-Family Residential,3,,,
2446,1947,868729.28,M_244219_915355,Lynn,MA,Two-Family Residential,2,,,
2447,1900,891149.17,M_244221_915543,Lynn,MA,Two-Family Residential,2,,,
2448,1870,734486.19,M_244318_915525,Lynn,MA,Two-Family Residential,2,,,
2449,1930,791668.51,M_244435_915635,Lynn,MA,Two-Family Residential,2,,,
2450,1910,973922.65,M_244442_915505,Lynn,MA,Three-Family Residential,3,,,
2451,1925,728883.98,M_244418_915639,Lynn,MA,Two-Family Residential,2,,,
2452,1900,771337.02,M_244326_915447,Lynn,MA,Two-Family Residential,2,,,
2453,1900,982541.44,M_244343_915457,Lynn,MA,Three-Family Residential,3,,,
2454,1900,774066.30,M_244349_915469,Lynn,MA,Two-Family Residential,2,,,
2455,1923,622209.94,M_244403_915454,Lynn,MA,Two-Family Residential,2,,,
2456,1820,823580.11,M_244345_915250,Lynn,MA,Two-Family Residential,2,,,
2457,1900,864198.90,M_244066_915300,Lynn,MA,Three-Family Residential,3,,,
2458,1900,829204.42,M_244200_915258,Lynn,MA,Two-Family Residential,2,,,
2459,1900,821005.52,M_244179_915229,Lynn,MA,Two-Family Residential,2,,,
2460,1900,851712.71,M_244147_915237,Lynn,MA,Three-Family Residential,3,,,
2461,1900,732508.29,M_244203_915209,Lynn,MA,Two-Family Residential,2,,,
2462,1900,784209.94,M_244235_915233,Lynn,MA,Two-Family Residential,2,,,
2463,1920,785524.86,M_244304_915149,Lynn,MA,Three-Family Residential,3,,,
2464,1900,760662.98,M_244292_915156,Lynn,MA,Three-Family Residential,3,,,
2465,1920,738066.30,M_244604_915263,Lynn,MA,Two-Family Residential,2,,,
2466,1900,726784.53,M_244427_915348,Lynn,MA,Two-Family Residential,2,,,
2467,1900,858453.04,M_244505_915359,Lynn,MA,Three-Family Residential,3,,,
2468,1900,917480.66,M_244518_915355,Lynn,MA,Two-Family Residential,2,,,
2469,1900,770386.74,M_244534_915353,Lynn,MA,Two-Family Residential,2,,,
2470,1900,832585.64,M_244547_915351,Lynn,MA,Two-Family Residential,2,,,
2471,1920,724685.08,M_244595_915311,Lynn,MA,Two-Family Residential,2,,,
2472,1900,753933.70,M_244551_915319,Lynn,MA,Two-Family Residential,2,,,
2473,1900,875690.61,M_244462_915335,Lynn,MA,Three-Family Residential,3,,,
2474,1900,807447.51,M_244447_915337,Lynn,MA,Two-Family Residential,2,,,
2475,1900,791602.21,M_244470_915436,Lynn,MA,Three-Family Residential,3,,,
2476,1900,907292.82,M_244478_915447,Lynn,MA,Three-Family Residential,3,,,
2477,1916,903535.91,M_244486_915460,Lynn,MA,Three-Family Residential,3,,,
2478,1900,756254.14,M_244494_915471,Lynn,MA,Two-Family Residential,2,,,
2479,1910,781756.91,M_244501_915481,Lynn,MA,Two-Family Residential,2,,,
2480,1880,812077.35,M_244507_915405,Lynn,MA,Two-Family Residential,2,,,
2481,1920,775182.32,M_243977_915338,Lynn,MA,Two-Family Residential,2,,,
2482,1900,912475.14,M_244030_915261,Lynn,MA,Two-Family Residential,2,,,
2483,1880,687801.10,M_244122_915197,Lynn,MA,Two-Family Residential,2,,,
2484,1820,756928.18,M_244135_915189,Lynn,MA,Two-Family Residential,2,,,
2485,1920,848850.83,M_244199_915152,Lynn,MA,Two-Family Residential,2,,,
2486,1920,703314.92,M_244227_915146,Lynn,MA,Two-Family Residential,2,,,
2487,1800,851270.72,M_244272_915122,Lynn,MA,Three-Family Residential,3,,,
2488,1925,664464.09,M_244263_915110,Lynn,MA,Two-Family Residential,2,,,
2489,1930,742707.18,M_244187_915100,Lynn,MA,Two-Family Residential,2,,,
2490,1910,1077458.56,M_244056_915114,Lynn,MA,Three-Family Residential,3,,,
2491,1890,663215.47,M_244294_915094,Lynn,MA,Two-Family Residential,2,,,
2492,1910,822209.94,M_243913_915805,Lynn,MA,Two-Family Residential,2,,,
2493,1898,877878.45,M_243944_915729,Lynn,MA,Two-Family Residential,2,,,
2494,1920,1180000.00,M_243717_915620,Lynn,MA,Two-Family Residential,2,,,
2495,1900,754585.64,M_243908_915473,Lynn,MA,Two-Family Residential,2,,,
2496,1925,776574.59,M_244195_915626,Lynn,MA,Two-Family Residential,2,,,
2497,1881,948607.73,M_244188_915612,Lynn,MA,Two-Family Residential,2,,,
2498,1928,798751.38,M_243973_915701,Lynn,MA,Two-Family Residential,2,,,
2499,1910,784751.38,M_244249_915689,Lynn,MA,Two-Family Residential,2,,,
2500,1820,873314.92,M_244339_915679,Lynn,MA,Two-Family Residential,2,,,
2501,1910,853325.97,M_243596_916339,Lynn,MA,Two-Family Residential,2,,,
2502,1910,868895.03,M_243552_916076,Lynn,MA,Two-Family Residential,2,,,
2503,1910,843093.92,M_243782_915904,Lynn,MA,Two-Family Residential,2,,,
2504,1890,867071.82,M_246350_912223,Lynn,MA,Three-Family Residential,3,,,
2505,1900,1231491.71,M_246445_912225,Lynn,MA,Three-Family Residential,3,,,
2506,1932,1029314.92,M_246448_912207,Lynn,MA,Two-Family Residential,2,,,
2507,1963,2888176.80,M_246412_912087,Lynn,MA,Apartments with More than Eight Units,6,,,
2508,1900,1425082.87,M_246332_912132,Lynn,MA,Apartments with Four to Eight Units,6,,,
2509,1910,758541.44,M_246200_912111,Lynn,MA,Two-Family Residential,2,,,
2510,1900,955756.91,M_246223_912121,Lynn,MA,Two-Family Residential,2,,,
2511,1910,1066408.84,M_246235_912122,Lynn,MA,Apartments with Four to Eight Units,5,,,
2512,1900,909944.75,M_246249_912125,Lynn,MA,Three-Family Residential,3,,,
2513,1900,1368397.79,M_246262_912131,Lynn,MA,Apartments with Four to Eight Units,5,,,
2514,1910,791823.20,M_246281_912143,Lynn,MA,Apartments with Four to Eight Units,5,,,
2515,1900,876419.89,M_246293_912150,Lynn,MA,Two-Family Residential,2,,,
2516,1900,816574.59,M_246329_912165,Lynn,MA,Three-Family Residential,3,,,
2517,1910,859779.01,M_246346_912173,Lynn,MA,Three-Family Residential,3,,,
2518,1920,1094707.18,M_246361_912180,Lynn,MA,Two-Family Residential,2,,,
2519,1900,1103756.91,M_246401_912199,Lynn,MA,Three-Family Residential,3,,,
2520,1920,937569.06,M_246415_912206,Lynn,MA,Three-Family Residential,3,,,
2521,1885,794386.74,M_246429_912211,Lynn,MA,Two-Family Residential,2,,,
2522,1890,1184088.40,M_246558_912454,Lynn,MA,Three-Family Residential,3,,,
2523,1887,1198430.94,M_246580_912465,Lynn,MA,Two-Family Residential,2,,,
2524,1900,875856.35,M_246616_912399,Lynn,MA,Two-Family Residential,2,,,
2525,1987,980618.78,M_246662_912379,Lynn,MA,Two-Family Residential,2,,,
2526,1890,1749834.25,M_246544_912391,Lynn,MA,Apartments with Four to Eight Units,5,,,
2527,1900,1300994.48,M_246420_912327,Lynn,MA,Apartments with Four to Eight Units,4,,,
2528,1900,1001580.11,M_246404_912353,Lynn,MA,Two-Family Residential,2,,,
2529,1906,1084574.59,M_246420_912451,Lynn,MA,Two-Family Residential,2,,,
2530,1890,898320.44,M_246454_912470,Lynn,MA,Two-Family Residential,2,,,
2531,1851,1038121.55,M_246358_912484,Lynn,MA,Three-Family Residential,3,,,
2532,1880,1654806.63,M_246331_912471,Lynn,MA,Apartments with Four to Eight Units,5,,,
2533,1890,1444198.90,M_246338_912502,Lynn,MA,Apartments with Four to Eight Units,6,,,
2534,1930,1588640.88,M_246378_912526,Lynn,MA,Two-Family Residential,2,,,
2535,1836,812353.59,M_246545_912568,Lynn,MA,Two-Family Residential,2,,,
2536,1880,1036773.48,M_246524_912626,Lynn,MA,Two-Family Residential,2,,,
2537,1880,873701.66,M_246529_912692,Lynn,MA,Three-Family Residential,3,,,
2538,1880,1050828.73,M_246512_912683,Lynn,MA,Two-Family Residential,2,,,
2539,1836,1219182.32,M_246465_912649,Lynn,MA,Two-Family Residential,2,,,
2540,1880,794475.14,M_246432_912729,Lynn,MA,Two-Family Residential,2,,,
2541,1853,1458563.54,M_246439_912747,Lynn,MA,Apartments with Four to Eight Units,5,,,
2542,1900,1014585.64,M_246486_912762,Lynn,MA,Apartments with Four to Eight Units,4,,,
2543,1865,1306298.34,M_246398_912706,Lynn,MA,Apartments with Four to Eight Units,5,,,
2544,1900,938839.78,M_246412_912672,Lynn,MA,Two-Family Residential,2,,,
2545,1900,826850.83,M_246393_912660,Lynn,MA,Two-Family Residential,2,,,
2546,1900,967668.51,M_246387_912642,Lynn,MA,Two-Family Residential,2,,,
2547,1900,1135911.60,M_246425_912631,Lynn,MA,Three-Family Residential,3,,,
2548,1934,1000298.34,M_246329_912549,Lynn,MA,Two-Family Residential,2,,,
2549,1850,830718.23,M_246310_912536,Lynn,MA,Three-Family Residential,3,,,
2550,1893,1039325.97,M_246287_912611,Lynn,MA,Two-Family Residential,2,,,
2551,1890,882232.04,M_246283_912626,Lynn,MA,Two-Family Residential,2,,,
2552,1900,1195502.76,M_246304_912624,Lynn,MA,Two-Family Residential,2,,,
2553,1900,967845.30,M_246318_912631,Lynn,MA,Three-Family Residential,3,,,
2554,1900,961226.52,M_246328_912684,Lynn,MA,Two-Family Residential,2,,,
2555,1903,1731049.72,M_246247_912693,Lynn,MA,Apartments with Four to Eight Units,6,,,
2556,1894,1479922.65,M_246267_912698,Lynn,MA,Two-Family Residential,2,,,
2557,1903,727248.62,M_246296_912705,Lynn,MA,Two-Family Residential,2,,,
2558,1913,948508.29,M_246308_912710,Lynn,MA,Three-Family Residential,3,,,
2559,1698,836464.09,M_246321_912712,Lynn,MA,Three-Family Residential,3,,,
2560,1900,953480.66,M_246379_912726,Lynn,MA,Apartments with Four to Eight Units,8,,,
2561,1900,1097613.26,M_246167_912579,Lynn,MA,Two-Family Residential,2,,,
2562,1900,986309.39,M_246137_912566,Lynn,MA,Two-Family Residential,2,,,
2563,1900,986629.83,M_246138_912517,Lynn,MA,Three-Family Residential,3,,,
2564,1900,1179779.01,M_246156_912520,Lynn,MA,Apartments with Four to Eight Units,5,,,
2565,1920,1157779.01,M_246224_912542,Lynn,MA,Two-Family Residential,2,,,
2566,1902,1229613.26,M_246230_912524,Lynn,MA,Three-Family Residential,3,,,
2567,1900,886375.69,M_246248_912509,Lynn,MA,Two-Family Residential,2,,,
2568,1870,985988.95,M_246177_912483,Lynn,MA,Two-Family Residential,2,,,
2569,1880,988309.39,M_246165_912480,Lynn,MA,Two-Family Residential,2,,,
2570,1890,707138.12,M_246153_912481,Lynn,MA,Two-Family Residential,2,,,
2571,1910,1208839.78,M_246131_912466,Lynn,MA,Apartments with Four to Eight Units,6,,,
2572,1890,1059116.02,M_246119_912463,Lynn,MA,Apartments with Four to Eight Units,5,,,
2573,1950,809060.77,M_246101_912504,Lynn,MA,Apartments with Four to Eight Units,4,,,
2574,1910,1220552.49,M_246094_912580,Lynn,MA,Apartments with Four to Eight Units,4,,,
2575,1900,1594364.64,M_246173_912609,Lynn,MA,Apartments with Four to Eight Units,4,,,
2576,1900,774309.39,M_246126_912587,Lynn,MA,Two-Family Residential,2,,,
2577,1900,1056917.13,M_246298_912420,Lynn,MA,Two-Family Residential,2,,,
2578,1880,1082906.08,M_246218_912401,Lynn,MA,Two-Family Residential,2,,,
2579,1900,2602320.44,M_246175_912387,Lynn,MA,Apartments with More than Eight Units,6,,,
2580,1890,892817.68,M_246142_912371,Lynn,MA,Three-Family Residential,3,,,
2581,1873,1169834.25,M_246129_912386,Lynn,MA,Three-Family Residential,3,,,
2582,1900,968176.80,M_246125_912400,Lynn,MA,Three-Family Residential,3,,,
2583,1890,933370.17,M_246186_912348,Lynn,MA,Apartments with Four to Eight Units,5,,,
2584,1910,1006077.35,M_246188_912297,Lynn,MA,Three-Family Residential,3,,,
2585,1900,716718.23,M_246211_912299,Lynn,MA,Two-Family Residential,2,,,
2586,1890,916895.03,M_246202_912271,Lynn,MA,Two-Family Residential,2,,,
2587,1890,1216685.08,M_246154_912291,Lynn,MA,Apartments with Four to Eight Units,4,,,
2588,1890,520817.68,M_246163_912310,Lynn,MA,Two-Family Residential,2,,,
2589,1900,991491.71,M_246204_912313,Lynn,MA,Three-Family Residential,3,,,
2590,1965,658895.03,M_246182_912312,Lynn,MA,Three-Family Residential,3,,,
2591,1890,1180000.00,M_246170_912338,Lynn,MA,Apartments with Four to Eight Units,4,,,
2592,1900,1201657.46,M_246399_912247,Lynn,MA,Three-Family Residential,3,,,
2593,1915,803116.02,M_246285_912335,Lynn,MA,Two-Family Residential,2,,,
2594,1900,1097977.90,M_246243_912325,Lynn,MA,Two-Family Residential,2,,,
2595,1940,1175027.62,M_246246_912359,Lynn,MA,Apartments with Four to Eight Units,4,,,
2596,1900,756033.15,M_246270_912366,Lynn,MA,Two-Family Residential,2,,,
2597,1850,805823.20,M_246299_912379,Lynn,MA,Two-Family Residential,2,,,
2598,1890,771569.06,M_246224_912232,Lynn,MA,Two-Family Residential,2,,,
2599,1871,1092928.18,M_246134_912144,Lynn,MA,Three-Family Residential,3,,,
2600,1905,1553149.17,M_246140_912202,Lynn,MA,Apartments with Four to Eight Units,8,,,
2601,1910,799856.35,M_246175_912205,Lynn,MA,Two-Family Residential,2,,,
2602,1900,1237016.57,M_246113_912244,Lynn,MA,Apartments with Four to Eight Units,4,,,
2603,1900,1017458.56,M_246094_912228,Lynn,MA,Apartments with Four to Eight Units,6,,,
2604,1900,1009392.27,M_246093_912218,Lynn,MA,Apartments with Four to Eight Units,6,,,
2605,1890,950353.59,M_246105_912201,Lynn,MA,Two-Family Residential,3,,,
2606,1870,928309.39,M_246085_912202,Lynn,MA,Two-Family Residential,2,,,
2607,1870,1042795.58,M_246101_912185,Lynn,MA,Two-Family Residential,2,,,
2608,1950,770618.78,M_246070_912180,Lynn,MA,Two-Family Residential,2,,,
2609,1909,953480.66,M_246053_912200,Lynn,MA,Three-Family Residential,3,,,
2610,1910,942320.44,M_246034_912265,Lynn,MA,Three-Family Residential,3,,,
2611,1860,761546.96,M_246064_912253,Lynn,MA,Three-Family Residential,3,,,
2612,1910,900220.99,M_246095_912243,Lynn,MA,Three-Family Residential,3,,,
2613,2017,941911.60,M_245989_912333,Lynn,MA,Two-Family Residential,2,,,
2614,1860,506972.38,M_246039_912344,Lynn,MA,Two-Family Residential,2,,,
2615,1910,892044.20,M_246067_912341,Lynn,MA,Three-Family Residential,3,,,
2616,1900,702629.83,M_246067_912331,Lynn,MA,Two-Family Residential,2,,,
2617,1900,658475.14,M_246034_912335,Lynn,MA,Two-Family Residential,3,,,
2618,1873,912486.19,M_245998_912323,Lynn,MA,Apartments with Four to Eight Units,6,,,
2619,1900,895580.11,M_246005_912336,Lynn,MA,Three-Family Residential,3,,,
2620,1988,813259.67,M_246101_912282,Lynn,MA,Three-Family Residential,3,,,
2621,1910,1661657.46,M_246077_912291,Lynn,MA,Apartments with Four to Eight Units,6,,,
2622,1880,903823.20,M_246060_912463,Lynn,MA,Two-Family Residential,2,,,
2623,1850,795580.11,M_246079_912426,Lynn,MA,Three-Family Residential,3,,,
2624,1900,835801.10,M_246083_912402,Lynn,MA,Two-Family Residential,2,,,
2625,1900,862651.93,M_246060_912397,Lynn,MA,Three-Family Residential,3,,,
2626,1920,932486.19,M_246008_912409,Lynn,MA,Three-Family Residential,3,,,
2627,1915,801436.46,M_246039_912489,Lynn,MA,Three-Family Residential,3,,,
2628,1863,683314.92,M_246478_912803,Lynn,MA,Two-Family Residential,2,,,
2629,1900,826397.79,M_246465_912802,Lynn,MA,Two-Family Residential,2,,,
2630,1900,1320552.49,M_246070_912639,Lynn,MA,Apartments with Four to Eight Units,6,,,
2631,1910,1031823.20,M_246055_912841,Lynn,MA,Three-Family Residential,3,,,
2632,1900,842254.14,M_246079_912813,Lynn,MA,Two-Family Residential,2,,,
2633,1890,787303.87,M_246207_912772,Lynn,MA,Two-Family Residential,2,,,
2634,1900,925856.35,M_246197_912769,Lynn,MA,Three-Family Residential,3,,,
2635,1873,986298.34,M_246185_912739,Lynn,MA,Apartments with Four to Eight Units,5,,,
2636,1951,623392.27,M_246177_912761,Lynn,MA,Two-Family Residential,2,,,
2637,1870,953259.67,M_246159_912920,Lynn,MA,Two-Family Residential,2,,,
2638,1905,1326850.83,M_246182_912939,Lynn,MA,Apartments with Four to Eight Units,6,,,
2639,1775,616784.53,M_246206_912910,Lynn,MA,Two-Family Residential,2,,,
2640,1900,893370.17,M_246224_912896,Lynn,MA,Two-Family Residential,2,,,
2641,1900,830099.45,M_246222_912872,Lynn,MA,Two-Family Residential,2,,,
2642,1900,1491491.71,M_246233_912874,Lynn,MA,Apartments with Four to Eight Units,4,,,
2643,1900,1223535.91,M_246251_912842,Lynn,MA,Two-Family Residential,2,,,
2644,1835,1252309.39,M_246302_912772,Lynn,MA,Two-Family Residential,2,,,
2645,1880,806331.49,M_246229_912824,Lynn,MA,Two-Family Residential,2,,,
2646,1870,814795.58,M_246215_912838,Lynn,MA,Two-Family Residential,2,,,
2647,1870,915392.27,M_246201_912853,Lynn,MA,Two-Family Residential,2,,,
2648,1880,936906.08,M_246188_912867,Lynn,MA,Two-Family Residential,2,,,
2649,1900,855248.62,M_246174_912883,Lynn,MA,Two-Family Residential,2,,,
2650,1880,945966.85,M_246159_912898,Lynn,MA,Two-Family Residential,2,,,
2651,1904,640574.59,M_246274_912982,Lynn,MA,Two-Family Residential,2,,,
2652,1900,1398674.03,M_246294_913000,Lynn,MA,Apartments with Four to Eight Units,7,,,
2653,1900,823337.02,M_246302_912995,Lynn,MA,Two-Family Residential,2,,,
2654,2000,766972.38,M_246293_912979,Lynn,MA,Two-Family Residential,2,,,
2655,1900,690541.44,M_246295_912971,Lynn,MA,Two-Family Residential,2,,,
2656,1900,802928.18,M_246303_912961,Lynn,MA,Two-Family Residential,2,,,
2657,1900,826629.83,M_246306_912953,Lynn,MA,Three-Family Residential,3,,,
2658,1900,751005.52,M_246321_912941,Lynn,MA,Two-Family Residential,2,,,
2659,1900,642640.88,M_246339_912909,Lynn,MA,Two-Family Residential,2,,,
2660,1900,876066.30,M_246344_912879,Lynn,MA,Two-Family Residential,2,,,
2661,1900,769392.27,M_246349_912864,Lynn,MA,Two-Family Residential,2,,,
2662,1900,936906.08,M_246354_912849,Lynn,MA,Three-Family Residential,3,,,
2663,1910,912817.68,M_246359_912838,Lynn,MA,Three-Family Residential,3,,,
2664,1910,1035104.97,M_246362_912824,Lynn,MA,Two-Family Residential,2,,,
2665,1898,1334917.13,M_246368_912811,Lynn,MA,Apartments with Four to Eight Units,6,,,
2666,1910,970276.24,M_246372_912800,Lynn,MA,Three-Family Residential,3,,,
2667,1923,1703646.41,M_246379_912787,Lynn,MA,Apartments with Four to Eight Units,6,,,
2668,1880,1033812.15,M_246321_912840,Lynn,MA,Three-Family Residential,3,,,
2669,1913,1255690.61,M_246315_912854,Lynn,MA,Apartments with Four to Eight Units,4,,,
2670,1890,1022430.94,M_246309_912866,Lynn,MA,Three-Family Residential,3,,,
2671,1910,794762.43,M_246335_912896,Lynn,MA,Two-Family Residential,2,,,
2672,1900,810662.98,M_246367_912927,Lynn,MA,Two-Family Residential,2,,,
2673,1900,815801.10,M_246384_912933,Lynn,MA,Three-Family Residential,3,,,
2674,1910,868430.94,M_246400_912935,Lynn,MA,Two-Family Residential,2,,,
2675,1900,2887071.82,M_246423_912927,Lynn,MA,Apartments with More than Eight Units,6,,,
2676,1913,1031933.70,M_246430_912899,Lynn,MA,Apartments with Four to Eight Units,6,,,
2677,1895,1030276.24,M_246413_912820,Lynn,MA,Apartments with Four to Eight Units,6,,,
2678,1900,277569.06,M_246440_912828,Lynn,MA,Apartments with Four to Eight Units,6,,,
2679,1895,1233480.66,M_246421_912841,Lynn,MA,Apartments with Four to Eight Units,6,,,
2680,1880,1004453.04,M_246401_912854,Lynn,MA,Two-Family Residential,3,,,
2681,1893,840773.48,M_246378_912917,Lynn,MA,Three-Family Residential,3,,,
2682,1900,757314.92,M_246403_912867,Lynn,MA,Two-Family Residential,2,,,
2683,1900,980331.49,M_246392_912867,Lynn,MA,Three-Family Residential,3,,,
2684,1880,721613.26,M_246338_913022,Lynn,MA,Two-Family Residential,2,,,
2685,1900,710718.23,M_246356_913037,Lynn,MA,Three-Family Residential,3,,,
2686,1900,958254.14,M_246365_913018,Lynn,MA,Two-Family Residential,2,,,
2687,1900,585447.51,M_246369_913008,Lynn,MA,Two-Family Residential,2,,,
2688,1880,752099.45,M_246378_913006,Lynn,MA,Three-Family Residential,3,,,
2689,1920,929038.67,M_246393_912982,Lynn,MA,Two-Family Residential,2,,,
2690,1900,682220.99,M_246383_912957,Lynn,MA,Two-Family Residential,2,,,
2691,1890,920883.98,M_246362_912944,Lynn,MA,Three-Family Residential,3,,,
2692,1900,1050331.49,M_246362_912963,Lynn,MA,Two-Family Residential,2,,,
2693,1925,854928.18,M_246341_913004,Lynn,MA,Two-Family Residential,2,,,
2694,1925,857348.07,M_246349_912975,Lynn,MA,Two-Family Residential,2,,,
2695,1880,652320.44,M_246364_912981,Lynn,MA,Two-Family Residential,2,,,
2696,1915,1357127.07,M_246141_913040,Lynn,MA,Apartments with Four to Eight Units,6,,,
2697,1900,772475.14,M_246156_913054,Lynn,MA,Two-Family Residential,2,,,
2698,1900,839988.95,M_246182_913064,Lynn,MA,Two-Family Residential,2,,,
2699,1900,718662.98,M_246187_913074,Lynn,MA,Two-Family Residential,2,,,
2700,1900,664784.53,M_246209_913052,Lynn,MA,Two-Family Residential,2,,,
2701,1865,917955.80,M_246356_913081,Lynn,MA,Two-Family Residential,2,,,
2702,1910,780088.40,M_246315_913055,Lynn,MA,Two-Family Residential,2,,,
2703,1900,838563.54,M_246261_913015,Lynn,MA,Three-Family Residential,3,,,
2704,1898,942430.94,M_246242_913010,Lynn,MA,Three-Family Residential,3,,,
2705,1920,891911.60,M_246226_913001,Lynn,MA,Two-Family Residential,2,,,
2706,1900,647690.61,M_246289_913033,Lynn,MA,Two-Family Residential,2,,,
2707,1898,1054475.14,M_246155_913032,Lynn,MA,Apartments with Four to Eight Units,4,,,
2708,1930,645425.41,M_246310_913177,Lynn,MA,Two-Family Residential,2,,,
2709,1930,791546.96,M_246301_913172,Lynn,MA,Two-Family Residential,2,,,
2710,1900,787955.80,M_246278_913155,Lynn,MA,Two-Family Residential,2,,,
2711,1900,767027.62,M_246266_913177,Lynn,MA,Two-Family Residential,2,,,
2712,1900,703082.87,M_246282_913197,Lynn,MA,Two-Family Residential,2,,,
2713,1915,787491.71,M_246230_913156,Lynn,MA,Two-Family Residential,2,,,
2714,1900,801524.86,M_246247_913131,Lynn,MA,Two-Family Residential,2,,,
2715,1920,770475.14,M_246216_913106,Lynn,MA,Two-Family Residential,2,,,
2716,1870,642928.18,M_246201_913137,Lynn,MA,Two-Family Residential,2,,,
2717,1890,767303.87,M_246183_913162,Lynn,MA,Two-Family Residential,2,,,
2718,1900,581381.22,M_246182_913176,Lynn,MA,Two-Family Residential,2,,,
2719,1900,820441.99,M_246148_913155,Lynn,MA,Two-Family Residential,2,,,
2720,1900,765524.86,M_246131_913150,Lynn,MA,Three-Family Residential,3,,,
2721,1900,824220.99,M_246118_913142,Lynn,MA,Two-Family Residential,2,,,
2722,1908,907071.82,M_246106_913135,Lynn,MA,Three-Family Residential,3,,,
2723,1910,811602.21,M_246121_913107,Lynn,MA,Three-Family Residential,3,,,
2724,1910,733845.30,M_246133_913114,Lynn,MA,Two-Family Residential,2,,,
2725,1880,747160.22,M_246162_913134,Lynn,MA,Two-Family Residential,2,,,
2726,1880,721867.40,M_246167_913120,Lynn,MA,Two-Family Residential,2,,,
2727,1900,827955.80,M_246139_913091,Lynn,MA,Two-Family Residential,2,,,
2728,1880,864320.44,M_246155_913104,Lynn,MA,Two-Family Residential,2,,,
2729,1895,1200441.99,M_245967_913021,Lynn,MA,Apartments with Four to Eight Units,4,,,
2730,1900,777679.56,M_246035_913018,Lynn,MA,Three-Family Residential,3,,,
2731,1900,935889.50,M_246125_913000,Lynn,MA,Two-Family Residential,2,,,
2732,1912,1013701.66,M_246050_913001,Lynn,MA,Three-Family Residential,3,,,
2733,1912,740718.23,M_246042_913009,Lynn,MA,Two-Family Residential,2,,,
2734,1900,782640.88,M_246007_912927,Lynn,MA,Two-Family Residential,2,,,
2735,1900,923204.42,M_246019_912937,Lynn,MA,Three-Family Residential,3,,,
2736,1900,844530.39,M_246028_912951,Lynn,MA,Two-Family Residential,2,,,
2737,1912,1145414.36,M_246038_912944,Lynn,MA,Apartments with Four to Eight Units,6,,,
2738,1905,778662.98,M_245596_912961,Lynn,MA,Two-Family Residential,2,,,
2739,1900,966607.73,M_246074_913674,Lynn,MA,Two-Family Residential,3,,,
2740,1900,932254.14,M_246123_913636,Lynn,MA,Two-Family Residential,2,,,
2741,1900,1033370.17,M_246110_913649,Lynn,MA,Three-Family Residential,3,,,
2742,1860,800784.53,M_246099_913661,Lynn,MA,Two-Family Residential,2,,,
2743,1900,805392.27,M_246082_913666,Lynn,MA,Two-Family Residential,2,,,
2744,1900,685458.56,M_246194_913441,Lynn,MA,Two-Family Residential,2,,,
2745,1900,1119779.01,M_246259_913322,Lynn,MA,Three-Family Residential,3,,,
2746,1900,881988.95,M_246240_913358,Lynn,MA,Two-Family Residential,2,,,
2747,1890,642828.73,M_246232_913370,Lynn,MA,Two-Family Residential,2,,,
2748,1900,917790.06,M_246209_913412,Lynn,MA,Three-Family Residential,3,,,
2749,1900,675701.66,M_246200_913428,Lynn,MA,Two-Family Residential,2,,,
2750,1890,808872.93,M_245996_913169,Lynn,MA,Two-Family Residential,2,,,
2751,1890,965303.87,M_245985_913191,Lynn,MA,Three-Family Residential,3,,,
2752,1870,928508.29,M_245976_913200,Lynn,MA,Three-Family Residential,3,,,
2753,1930,899480.66,M_245967_913212,Lynn,MA,Two-Family Residential,2,,,
2754,1920,769569.06,M_245946_913237,Lynn,MA,Two-Family Residential,2,,,
2755,1890,921801.10,M_245938_913247,Lynn,MA,Two-Family Residential,2,,,
2756,1900,1369834.25,M_246008_913326,Lynn,MA,Apartments with Four to Eight Units,2,,,
2757,1900,691104.97,M_245989_913359,Lynn,MA,Two-Family Residential,2,,,
2758,1910,638861.88,M_246086_913250,Lynn,MA,Two-Family Residential,2,,,
2759,1900,665977.90,M_246085_913386,Lynn,MA,Two-Family Residential,2,,,
2760,1876,783027.62,M_246069_913392,Lynn,MA,Two-Family Residential,2,,,
2761,1876,1031602.21,M_246078_913403,Lynn,MA,Three-Family Residential,3,,,
2762,1925,1024861.88,M_246131_913382,Lynn,MA,Three-Family Residential,3,,,
2763,1910,740033.15,M_246139_913359,Lynn,MA,Two-Family Residential,2,,,
2764,1910,908839.78,M_246158_913345,Lynn,MA,Apartments with Four to Eight Units,3,,,
2765,1900,816353.59,M_246158_913365,Lynn,MA,Three-Family Residential,3,,,
2766,1900,790232.04,M_246173_913413,Lynn,MA,Two-Family Residential,2,,,
2767,1900,983093.92,M_246195_913347,Lynn,MA,Apartments with Four to Eight Units,4,,,
2768,1930,757149.17,M_246201_913335,Lynn,MA,Two-Family Residential,4,,,
2769,1900,1086850.83,M_246115_913280,Lynn,MA,Three-Family Residential,3,,,
2770,1900,872872.93,M_246147_913285,Lynn,MA,Two-Family Residential,2,,,
2771,1900,852817.68,M_246076_913271,Lynn,MA,Three-Family Residential,3,,,
2772,1900,886298.34,M_246053_913397,Lynn,MA,Three-Family Residential,3,,,
2773,1900,676983.43,M_246059_913380,Lynn,MA,Two-Family Residential,2,,,
2774,1900,819889.50,M_245949_913297,Lynn,MA,Three-Family Residential,3,,,
2775,1900,857900.55,M_245954_913334,Lynn,MA,Three-Family Residential,3,,,
2776,1900,897237.57,M_245975_913303,Lynn,MA,Apartments with Four to Eight Units,4,,,
2777,1900,1020331.49,M_245875_913248,Lynn,MA,Three-Family Residential,3,,,
2778,1900,930055.25,M_245883_913258,Lynn,MA,Three-Family Residential,3,,,
2779,1890,878232.04,M_245893_913241,Lynn,MA,Two-Family Residential,2,,,
2780,1900,906375.69,M_245905_913222,Lynn,MA,Two-Family Residential,2,,,
2781,1913,1476464.09,M_245893_913203,Lynn,MA,Apartments with Four to Eight Units,6,,,
2782,1900,942099.45,M_245916_913212,Lynn,MA,Three-Family Residential,3,,,
2783,1900,999447.51,M_245927_913202,Lynn,MA,Three-Family Residential,3,,,
2784,1900,833370.17,M_245917_913191,Lynn,MA,Two-Family Residential,2,,,
2785,1900,859845.30,M_245938_913188,Lynn,MA,Two-Family Residential,2,,,
2786,1900,1011712.71,M_245866_913202,Lynn,MA,Three-Family Residential,3,,,
2787,1900,836088.40,M_245875_913232,Lynn,MA,Two-Family Residential,2,,,
2788,1900,755359.12,M_245785_913156,Lynn,MA,Three-Family Residential,3,,,
2789,1900,880441.99,M_245832_913109,Lynn,MA,Three-Family Residential,3,,,
2790,1900,836773.48,M_245822_913118,Lynn,MA,Two-Family Residential,2,,,
2791,1910,763823.20,M_245813_913127,Lynn,MA,Two-Family Residential,2,,,
2792,1905,854453.04,M_245802_913137,Lynn,MA,Two-Family Residential,2,,,
2793,1900,736386.74,M_245790_913098,Lynn,MA,Two-Family Residential,2,,,
2794,1900,750795.58,M_245804_913091,Lynn,MA,Two-Family Residential,2,,,
2795,1900,582342.54,M_245790_913079,Lynn,MA,Two-Family Residential,2,,,
2796,1900,746298.34,M_245660_913092,Lynn,MA,Two-Family Residential,2,,,
2797,1880,1313259.67,M_245699_913099,Lynn,MA,Apartments with Four to Eight Units,4,,,
2798,1900,858419.89,M_245685_913049,Lynn,MA,Two-Family Residential,2,,,
2799,1900,981104.97,M_245653_913051,Lynn,MA,Three-Family Residential,3,,,
2800,1980,641679.56,M_245691_913083,Lynn,MA,Two-Family Residential,2,,,
2801,1910,713591.16,M_245682_913079,Lynn,MA,Three-Family Residential,3,,,
2802,1913,1002099.45,M_245604_913005,Lynn,MA,Three-Family Residential,3,,,
2803,1900,805856.35,M_245608_912991,Lynn,MA,Three-Family Residential,3,,,
2804,1900,675259.67,M_245610_912981,Lynn,MA,Two-Family Residential,2,,,
2805,1988,767513.81,M_245594_913167,Lynn,MA,Two-Family Residential,2,,,
2806,2008,1095690.61,M_245634_913191,Lynn,MA,Two-Family Residential,2,,,
2807,1880,786165.75,M_245648_913210,Lynn,MA,Two-Family Residential,2,,,
2808,1880,730320.44,M_245659_913204,Lynn,MA,Two-Family Residential,2,,,
2809,1900,895138.12,M_245660_913174,Lynn,MA,Three-Family Residential,3,,,
2810,1900,662861.88,M_245680_913172,Lynn,MA,Two-Family Residential,2,,,
2811,1900,807182.32,M_245679_913149,Lynn,MA,Three-Family Residential,3,,,
2812,1900,836132.60,M_245660_913134,Lynn,MA,Three-Family Residential,3,,,
2813,1900,920000.00,M_245648_913159,Lynn,MA,Apartments with Four to Eight Units,4,,,
2814,1890,1038232.04,M_245611_913118,Lynn,MA,Three-Family Residential,3,,,
2815,1989,1025635.36,M_245602_913141,Lynn,MA,Three-Family Residential,3,,,
2816,1880,709359.12,M_245484_913292,Lynn,MA,Two-Family Residential,2,,,
2817,1915,1002320.44,M_245510_913309,Lynn,MA,Three-Family Residential,3,,,
2818,1873,895690.61,M_245523_913334,Lynn,MA,Three-Family Residential,3,,,
2819,1911,774364.64,M_245529_913343,Lynn,MA,Three-Family Residential,3,,,
2820,1900,630143.65,M_245549_913323,Lynn,MA,Two-Family Residential,2,,,
2821,1950,895060.77,M_245569_913291,Lynn,MA,Two-Family Residential,2,,,
2822,1890,709303.87,M_245588_913332,Lynn,MA,Two-Family Residential,2,,,
2823,1900,811436.46,M_245577_913343,Lynn,MA,Two-Family Residential,2,,,
2824,1900,1004640.88,M_245577_913399,Lynn,MA,Three-Family Residential,3,,,
2825,1890,917679.56,M_245614_913367,Lynn,MA,Three-Family Residential,3,,,
2826,1900,677602.21,M_245625_913327,Lynn,MA,Two-Family Residential,2,,,
2827,1900,908176.80,M_245637_913340,Lynn,MA,Three-Family Residential,3,,,
2828,1900,887845.30,M_245653_913336,Lynn,MA,Three-Family Residential,3,,,
2829,1890,824740.33,M_245698_913279,Lynn,MA,Two-Family Residential,2,,,
2830,1890,921215.47,M_245722_913270,Lynn,MA,Three-Family Residential,3,,,
2831,1900,782209.94,M_245743_913241,Lynn,MA,Two-Family Residential,2,,,
2832,1900,892044.20,M_245756_913230,Lynn,MA,Three-Family Residential,3,,,
2833,1900,653657.46,M_245780_913222,Lynn,MA,Two-Family Residential,2,,,
2834,1900,1968397.79,M_245735_913183,Lynn,MA,Apartments with Four to Eight Units,6,,,
2835,1900,789966.85,M_245699_913220,Lynn,MA,Two-Family Residential,2,,,
2836,1880,661546.96,M_245616_913268,Lynn,MA,Three-Family Residential,3,,,
2837,1900,817790.06,M_245612_913233,Lynn,MA,Three-Family Residential,3,,,
2838,1900,842872.93,M_245604_913229,Lynn,MA,Three-Family Residential,3,,,
2839,1900,835591.16,M_245589_913205,Lynn,MA,Two-Family Residential,2,,,
2840,1900,790828.73,M_245601_913376,Lynn,MA,Three-Family Residential,3,,,
2841,1900,881988.95,M_245593_913364,Lynn,MA,Three-Family Residential,3,,,
2842,1900,817701.66,M_245584_913380,Lynn,MA,Two-Family Residential,2,,,
2843,1890,683049.72,M_245728_913254,Lynn,MA,Two-Family Residential,2,,,
2844,1880,759812.15,M_245509_913450,Lynn,MA,Two-Family Residential,2,,,
2845,1900,736441.99,M_245519_913441,Lynn,MA,Two-Family Residential,2,,,
2846,1900,784850.83,M_245529_913431,Lynn,MA,Two-Family Residential,2,,,
2847,1880,789756.91,M_245544_913428,Lynn,MA,Two-Family Residential,2,,,
2848,1890,820220.99,M_245538_913412,Lynn,MA,Three-Family Residential,3,,,
2849,1880,741436.46,M_245511_913407,Lynn,MA,Two-Family Residential,2,,,
2850,1920,765104.97,M_245500_913417,Lynn,MA,Two-Family Residential,2,,,
2851,1900,724585.64,M_245489_913427,Lynn,MA,Two-Family Residential,2,,,
2852,1900,662132.60,M_245477_913436,Lynn,MA,Two-Family Residential,2,,,
2853,1900,685944.75,M_245449_913339,Lynn,MA,Two-Family Residential,2,,,
2854,1900,747116.02,M_245460_913344,Lynn,MA,Two-Family Residential,2,,,
2855,1880,697348.07,M_245477_913333,Lynn,MA,Two-Family Residential,2,,,
2856,1890,565856.35,M_245459_913321,Lynn,MA,Two-Family Residential,2,,,
2857,1880,827292.82,M_245446_913316,Lynn,MA,Three-Family Residential,3,,,
2858,1900,908176.80,M_245423_913391,Lynn,MA,Three-Family Residential,3,,,
2859,1900,884309.39,M_245453_913398,Lynn,MA,Three-Family Residential,3,,,
2860,1900,601668.51,M_245460_913392,Lynn,MA,Two-Family Residential,2,,,
2861,1880,800088.40,M_245470_913374,Lynn,MA,Two-Family Residential,2,,,
2862,1900,816243.09,M_245485_913379,Lynn,MA,Three-Family Residential,3,,,
2863,1910,905856.35,M_245491_913356,Lynn,MA,Apartments with Four to Eight Units,4,,,
2864,2024,1185966.85,M_245442_913372,Lynn,MA,Three-Family Residential,3,,,
2865,1880,718917.13,M_245574_913475,Lynn,MA,Two-Family Residential,2,,,
2866,1900,760132.60,M_245689_913533,Lynn,MA,Two-Family Residential,2,,,
2867,1900,826674.03,M_245672_913524,Lynn,MA,Two-Family Residential,2,,,
2868,1910,877679.56,M_245662_913510,Lynn,MA,Three-Family Residential,3,,,
2869,1880,951933.70,M_245648_913495,Lynn,MA,Three-Family Residential,3,,,
2870,1900,671104.97,M_245631_913471,Lynn,MA,Two-Family Residential,2,,,
2871,1910,742917.13,M_245598_913429,Lynn,MA,Two-Family Residential,2,,,
2872,1915,749337.02,M_245589_913437,Lynn,MA,Two-Family Residential,2,,,
2873,1890,614143.65,M_245614_913427,Lynn,MA,Two-Family Residential,2,,,
2874,1911,1285414.36,M_245606_913418,Lynn,MA,Apartments with Four to Eight Units,4,,,
2875,1890,696430.94,M_245642_913409,Lynn,MA,Two-Family Residential,2,,,
2876,1890,764243.09,M_245648_913417,Lynn,MA,Two-Family Residential,2,,,
2877,1991,824806.63,M_245657_913424,Lynn,MA,Two-Family Residential,2,,,
2878,1900,851657.46,M_245687_913453,Lynn,MA,Two-Family Residential,2,,,
2879,1900,816950.28,M_245700_913487,Lynn,MA,Two-Family Residential,2,,,
2880,1890,772187.85,M_245715_913475,Lynn,MA,Two-Family Residential,2,,,
2881,1900,727558.01,M_245661_913402,Lynn,MA,Two-Family Residential,2,,,
2882,1890,754232.04,M_245650_913385,Lynn,MA,Two-Family Residential,2,,,
2883,1900,788464.09,M_245667_913426,Lynn,MA,Two-Family Residential,2,,,
2884,1880,730552.49,M_245767_913437,Lynn,MA,Two-Family Residential,2,,,
2885,1900,825104.97,M_245780_913419,Lynn,MA,Two-Family Residential,2,,,
2886,1900,697082.87,M_245791_913251,Lynn,MA,Two-Family Residential,2,,,
2887,1900,1109569.06,M_245743_913332,Lynn,MA,Two-Family Residential,2,,,
2888,1900,817403.31,M_245721_913337,Lynn,MA,Two-Family Residential,2,,,
2889,1900,738232.04,M_245710_913342,Lynn,MA,Three-Family Residential,3,,,
2890,1900,617679.56,M_245689_913364,Lynn,MA,Two-Family Residential,2,,,
2891,1900,682762.43,M_245701_913397,Lynn,MA,Three-Family Residential,3,,,
2892,1900,708419.89,M_245749_913546,Lynn,MA,Two-Family Residential,2,,,
2893,1900,790143.65,M_245783_913521,Lynn,MA,Two-Family Residential,2,,,
2894,1900,768044.20,M_245812_913506,Lynn,MA,Two-Family Residential,2,,,
2895,1890,777270.72,M_245836_913476,Lynn,MA,Two-Family Residential,2,,,
2896,1910,1186298.34,M_245848_913465,Lynn,MA,Apartments with Four to Eight Units,4,,,
2897,1900,811281.77,M_245875_913446,Lynn,MA,Two-Family Residential,2,,,
2898,1890,958895.03,M_245862_913431,Lynn,MA,Three-Family Residential,3,,,
2899,1900,813602.21,M_245777_913477,Lynn,MA,Two-Family Residential,2,,,
2900,1888,846077.35,M_245750_913496,Lynn,MA,Three-Family Residential,3,,,
2901,1904,918232.04,M_245842_913589,Lynn,MA,Three-Family Residential,3,,,
2902,1880,825812.15,M_245906_913562,Lynn,MA,Two-Family Residential,2,,,
2903,1900,819226.52,M_246099_913462,Lynn,MA,Three-Family Residential,3,,,
2904,1890,755093.92,M_246077_913445,Lynn,MA,Two-Family Residential,2,,,
2905,1890,812066.30,M_246068_913440,Lynn,MA,Two-Family Residential,2,,,
2906,1890,950607.73,M_246061_913463,Lynn,MA,Three-Family Residential,3,,,
2907,1900,894585.64,M_246055_913482,Lynn,MA,Three-Family Residential,3,,,
2908,1828,751337.02,M_246019_913525,Lynn,MA,Two-Family Residential,2,,,
2909,1826,755149.17,M_245991_913531,Lynn,MA,Two-Family Residential,2,,,
2910,1900,716000.00,M_245881_913538,Lynn,MA,Two-Family Residential,2,,,
2911,1881,790000.00,M_245865_913537,Lynn,MA,Two-Family Residential,2,,,
2912,1915,753082.87,M_245841_913519,Lynn,MA,Two-Family Residential,2,,,
2913,1915,716651.93,M_245816_913560,Lynn,MA,Two-Family Residential,2,,,
2914,1915,675381.22,M_245804_913567,Lynn,MA,Two-Family Residential,2,,,
2915,1900,592309.39,M_246071_913490,Lynn,MA,Two-Family Residential,2,,,
2916,1900,645701.66,M_245850_913573,Lynn,MA,Two-Family Residential,2,,,
2917,1900,858585.64,M_245818_913539,Lynn,MA,Two-Family Residential,2,,,
2918,1900,868618.78,M_245894_913608,Lynn,MA,Three-Family Residential,3,,,
2919,1880,900662.98,M_246040_913643,Lynn,MA,Three-Family Residential,3,,,
2920,1900,777955.80,M_246030_913625,Lynn,MA,Two-Family Residential,2,,,
2921,1828,999447.51,M_246025_913612,Lynn,MA,Three-Family Residential,3,,,
2922,1900,848287.29,M_245987_913627,Lynn,MA,Three-Family Residential,3,,,
2923,1834,910895.03,M_246054_913589,Lynn,MA,Two-Family Residential,2,,,
2924,1910,815392.27,M_246063_913601,Lynn,MA,Two-Family Residential,2,,,
2925,1900,868618.78,M_246100_913604,Lynn,MA,Three-Family Residential,3,,,
2926,1928,928066.30,M_246093_913589,Lynn,MA,Three-Family Residential,3,,,
2927,1928,888508.29,M_246081_913583,Lynn,MA,Three-Family Residential,3,,,
2928,1928,793259.67,M_246074_913574,Lynn,MA,Three-Family Residential,3,,,
2929,1900,851469.61,M_246122_913481,Lynn,MA,Two-Family Residential,2,,,
2930,1890,992928.18,M_246075_913527,Lynn,MA,Three-Family Residential,3,,,
2931,1900,810165.75,M_246069_913555,Lynn,MA,Three-Family Residential,3,,,
2932,1839,837966.85,M_246043_913574,Lynn,MA,Two-Family Residential,2,,,
2933,1889,932364.64,M_246084_913610,Lynn,MA,Two-Family Residential,2,,,
2934,1900,783712.71,M_245887_913502,Lynn,MA,Two-Family Residential,2,,,
2935,1910,791259.67,M_245901_913504,Lynn,MA,Two-Family Residential,2,,,
2936,1880,954917.13,M_245913_913510,Lynn,MA,Three-Family Residential,3,,,
2937,1870,794917.13,M_245906_913481,Lynn,MA,Two-Family Residential,2,,,
2938,1890,792099.45,M_245895_913470,Lynn,MA,Two-Family Residential,2,,,
2939,1880,882872.93,M_245885_913486,Lynn,MA,Three-Family Residential,3,,,
2940,1890,679259.67,M_245871_913491,Lynn,MA,Two-Family Residential,2,,,
2941,1900,835911.60,M_245970_913475,Lynn,MA,Three-Family Residential,3,,,
2942,1900,908508.29,M_246021_913463,Lynn,MA,Three-Family Residential,3,,,
2943,1880,807403.31,M_246004_913417,Lynn,MA,Three-Family Residential,3,,,
2944,1880,830607.73,M_245990_913431,Lynn,MA,Three-Family Residential,3,,,
2945,1900,734497.24,M_245974_913402,Lynn,MA,Two-Family Residential,2,,,
2946,1880,716662.98,M_245947_913423,Lynn,MA,Two-Family Residential,2,,,
2947,1900,654143.65,M_245948_913414,Lynn,MA,Two-Family Residential,2,,,
2948,1880,645745.86,M_245956_913400,Lynn,MA,Two-Family Residential,2,,,
2949,1987,651381.22,M_245953_913469,Lynn,MA,Two-Family Residential,2,,,
2950,1880,649955.80,M_245993_913463,Lynn,MA,Two-Family Residential,2,,,
2951,1900,662486.19,M_245897_913412,Lynn,MA,Two-Family Residential,2,,,
2952,1890,722430.94,M_245912_913387,Lynn,MA,Three-Family Residential,3,,,
2953,1890,895359.12,M_245934_913366,Lynn,MA,Three-Family Residential,3,,,
2954,1880,858828.73,M_245893_913375,Lynn,MA,Two-Family Residential,2,,,
2955,1900,701458.56,M_245882_913386,Lynn,MA,Two-Family Residential,2,,,
2956,1900,841104.97,M_245863_913370,Lynn,MA,Three-Family Residential,3,,,
2957,1900,751712.71,M_245842_913292,Lynn,MA,Three-Family Residential,3,,,
2958,1900,737955.80,M_245819_913294,Lynn,MA,Two-Family Residential,2,,,
2959,1890,882872.93,M_245862_913317,Lynn,MA,Two-Family Residential,2,,,
2960,1890,1395138.12,M_245820_913325,Lynn,MA,Apartments with Four to Eight Units,6,,,
2961,1900,1364530.39,M_245822_913347,Lynn,MA,Apartments with Four to Eight Units,6,,,
2962,1900,1497237.57,M_245843_913365,Lynn,MA,Apartments with Four to Eight Units,7,,,
2963,1900,894696.13,M_245864_913346,Lynn,MA,Three-Family Residential,3,,,
2964,1988,816243.09,M_245851_913330,Lynn,MA,Two-Family Residential,2,,,
2965,1928,891127.07,M_245860_913924,Lynn,MA,Two-Family Residential,2,,,
2966,1928,841237.57,M_245873_913916,Lynn,MA,Two-Family Residential,2,,,
2967,1928,850618.78,M_245887_913910,Lynn,MA,Two-Family Residential,2,,,
2968,1920,934276.24,M_245901_913903,Lynn,MA,Two-Family Residential,2,,,
2969,1910,832486.19,M_245927_913890,Lynn,MA,Three-Family Residential,3,,,
2970,1920,835955.80,M_245942_913887,Lynn,MA,Two-Family Residential,2,,,
2971,1910,876375.69,M_245910_913866,Lynn,MA,Two-Family Residential,2,,,
2972,1929,933116.02,M_245894_913871,Lynn,MA,Two-Family Residential,2,,,
2973,1927,854585.64,M_245882_913878,Lynn,MA,Two-Family Residential,2,,,
2974,1927,870320.44,M_245868_913884,Lynn,MA,Two-Family Residential,2,,,
2975,1930,920950.28,M_245853_913892,Lynn,MA,Two-Family Residential,2,,,
2976,1928,823900.55,M_245841_913898,Lynn,MA,Two-Family Residential,2,,,
2977,1928,939569.06,M_245825_913907,Lynn,MA,Two-Family Residential,2,,,
2978,1900,885966.85,M_245769_913929,Lynn,MA,Three-Family Residential,3,,,
2979,1900,924618.78,M_245758_913935,Lynn,MA,Two-Family Residential,2,,,
2980,1890,713613.26,M_245738_913947,Lynn,MA,Two-Family Residential,2,,,
2981,1890,917569.06,M_245652_913990,Lynn,MA,Three-Family Residential,3,,,
2982,1935,846795.58,M_245640_914000,Lynn,MA,Two-Family Residential,2,,,
2983,1930,975734.81,M_245626_914008,Lynn,MA,Two-Family Residential,2,,,
2984,1930,917027.62,M_245613_914015,Lynn,MA,Two-Family Residential,2,,,
2985,1920,808320.44,M_245599_914021,Lynn,MA,Two-Family Residential,2,,,
2986,1900,800132.60,M_245954_913832,Lynn,MA,Two-Family Residential,2,,,
2987,1900,820994.48,M_246009_913857,Lynn,MA,Three-Family Residential,3,,,
2988,1900,643370.17,M_246021_913844,Lynn,MA,Two-Family Residential,2,,,
2989,1890,1208508.29,M_245992_913784,Lynn,MA,Apartments with Four to Eight Units,6,,,
2990,1883,784872.93,M_246042_913708,Lynn,MA,Two-Family Residential,2,,,
2991,1900,802077.35,M_246026_913727,Lynn,MA,Two-Family Residential,2,,,
2992,1880,677325.97,M_246042_913743,Lynn,MA,Two-Family Residential,2,,,
2993,1900,799889.50,M_245434_913464,Lynn,MA,Three-Family Residential,3,,,
2994,1900,861657.46,M_245466_913478,Lynn,MA,Three-Family Residential,3,,,
2995,1900,694397.79,M_245478_913488,Lynn,MA,Two-Family Residential,2,,,
2996,1920,816795.58,M_245461_913444,Lynn,MA,Three-Family Residential,3,,,
2997,1920,831823.20,M_245454_913457,Lynn,MA,Three-Family Residential,3,,,
2998,1900,799226.52,M_245399_913452,Lynn,MA,Three-Family Residential,3,,,
2999,1875,746353.59,M_245418_913432,Lynn,MA,Two-Family Residential,2,,,
3000,1900,875580.11,M_245363_913515,Lynn,MA,Three-Family Residential,3,,,
3001,1900,799226.52,M_245376_913522,Lynn,MA,Three-Family Residential,3,,,
3002,1917,868618.78,M_245389_913529,Lynn,MA,Three-Family Residential,3,,,
3003,1905,968618.78,M_245401_913538,Lynn,MA,Three-Family Residential,3,,,
3004,1900,957569.06,M_245415_913560,Lynn,MA,Three-Family Residential,3,,,
3005,1910,961878.45,M_245423_913549,Lynn,MA,Three-Family Residential,3,,,
3006,1910,932154.70,M_245432_913536,Lynn,MA,Three-Family Residential,3,,,
3007,1920,813237.57,M_245444_913524,Lynn,MA,Two-Family Residential,2,,,
3008,1900,775325.97,M_245452_913511,Lynn,MA,Two-Family Residential,2,,,
3009,1900,878497.24,M_245429_913511,Lynn,MA,Two-Family Residential,2,,,
3010,1885,1023182.32,M_245388_913492,Lynn,MA,Two-Family Residential,2,,,
3011,1910,819944.75,M_245374_913485,Lynn,MA,Two-Family Residential,2,,,
3012,1910,961325.97,M_245341_913592,Lynn,MA,Three-Family Residential,3,,,
3013,1904,910220.99,M_245375_913627,Lynn,MA,Two-Family Residential,2,,,
3014,1910,750430.94,M_245379_913610,Lynn,MA,Two-Family Residential,2,,,
3015,1910,919668.51,M_245389_913598,Lynn,MA,Three-Family Residential,3,,,
3016,1910,926850.83,M_245398_913586,Lynn,MA,Three-Family Residential,3,,,
3017,1910,933922.65,M_245374_913579,Lynn,MA,Three-Family Residential,3,,,
3018,1910,958232.04,M_245361_913569,Lynn,MA,Three-Family Residential,3,,,
3019,1910,1065038.67,M_245349_913561,Lynn,MA,Two-Family Residential,3,,,
3020,1900,1080994.48,M_245335_913674,Lynn,MA,Three-Family Residential,3,,,
3021,1900,623558.01,M_245348_913664,Lynn,MA,Two-Family Residential,2,,,
3022,1900,860110.50,M_245355_913650,Lynn,MA,Three-Family Residential,3,,,
3023,1900,989093.92,M_245279_913864,Lynn,MA,Two-Family Residential,2,,,
3024,1900,677580.11,M_245330_913905,Lynn,MA,Two-Family Residential,2,,,
3025,1900,832475.14,M_245321_913876,Lynn,MA,Two-Family Residential,2,,,
3026,1900,704099.45,M_245312_913863,Lynn,MA,Two-Family Residential,2,,,
3027,1890,919668.51,M_245305_913849,Lynn,MA,Three-Family Residential,3,,,
3028,1895,1008685.08,M_245288_913822,Lynn,MA,Two-Family Residential,2,,,
3029,1895,805668.51,M_245265_913785,Lynn,MA,Two-Family Residential,2,,,
3030,2009,886397.79,M_245262_913771,Lynn,MA,Two-Family Residential,2,,,
3031,1910,948508.29,M_245281_913720,Lynn,MA,Three-Family Residential,3,,,
3032,1910,796674.03,M_245289_913731,Lynn,MA,Two-Family Residential,2,,,
3033,1900,734541.44,M_245303_913736,Lynn,MA,Two-Family Residential,2,,,
3034,1900,905745.86,M_245307_913766,Lynn,MA,Three-Family Residential,3,,,
3035,1900,662585.64,M_245311_913782,Lynn,MA,Two-Family Residential,2,,,
3036,1900,825414.36,M_245331_913805,Lynn,MA,Three-Family Residential,3,,,
3037,1915,777834.25,M_245339_913819,Lynn,MA,Two-Family Residential,2,,,
3038,1900,1005856.35,M_245346_913832,Lynn,MA,Three-Family Residential,3,,,
3039,1925,920674.03,M_245361_913858,Lynn,MA,Two-Family Residential,2,,,
3040,1890,833292.82,M_245409_913854,Lynn,MA,Two-Family Residential,2,,,
3041,1900,787049.72,M_245364_913756,Lynn,MA,Two-Family Residential,2,,,
3042,1910,679270.72,M_245413_913794,Lynn,MA,Two-Family Residential,2,,,
3043,1910,726795.58,M_245407_913783,Lynn,MA,Two-Family Residential,2,,,
3044,1910,720475.14,M_245380_913743,Lynn,MA,Two-Family Residential,2,,,
3045,1900,919447.51,M_245367_913736,Lynn,MA,Three-Family Residential,3,,,
3046,1910,733005.52,M_245354_913728,Lynn,MA,Two-Family Residential,2,,,
3047,1910,703226.52,M_245393_913798,Lynn,MA,Two-Family Residential,2,,,
3048,1900,1577348.07,M_245372_913700,Lynn,MA,Apartments with Four to Eight Units,6,,,
3049,1910,953922.65,M_245396_913710,Lynn,MA,Three-Family Residential,3,,,
3050,1910,949381.22,M_245426_913731,Lynn,MA,Two-Family Residential,2,,,
3051,1900,794011.05,M_245446_913781,Lynn,MA,Two-Family Residential,2,,,
3052,1900,975580.11,M_245420_913714,Lynn,MA,Three-Family Residential,3,,,
3053,1900,749469.61,M_245412_913701,Lynn,MA,Two-Family Residential,2,,,
3054,1900,843381.22,M_245404_913691,Lynn,MA,Two-Family Residential,2,,,
3055,1890,888618.78,M_245389_913674,Lynn,MA,Three-Family Residential,3,,,
3056,1890,1084309.39,M_245381_913687,Lynn,MA,Three-Family Residential,3,,,
3057,1890,934254.14,M_245403_913646,Lynn,MA,Three-Family Residential,3,,,
3058,1890,1046961.33,M_245423_913649,Lynn,MA,Three-Family Residential,3,,,
3059,1890,940000.00,M_245432_913661,Lynn,MA,Three-Family Residential,3,,,
3060,1900,936441.99,M_245440_913674,Lynn,MA,Two-Family Residential,2,,,
3061,1900,1000850.83,M_245450_913686,Lynn,MA,Two-Family Residential,2,,,
3062,1890,1046740.33,M_245459_913698,Lynn,MA,Three-Family Residential,3,,,
3063,1895,1075690.61,M_245468_913711,Lynn,MA,Three-Family Residential,3,,,
3064,1895,946187.85,M_245476_913723,Lynn,MA,Three-Family Residential,3,,,
3065,1910,1013812.15,M_245493_913693,Lynn,MA,Three-Family Residential,3,,,
3066,1910,1073922.65,M_245485_913680,Lynn,MA,Three-Family Residential,3,,,
3067,1910,1043204.42,M_245475_913668,Lynn,MA,Three-Family Residential,3,,,
3068,1923,1021104.97,M_245465_913657,Lynn,MA,Three-Family Residential,3,,,
3069,1910,976132.60,M_245457_913642,Lynn,MA,Three-Family Residential,3,,,
3070,1910,1132265.19,M_245447_913632,Lynn,MA,Three-Family Residential,3,,,
3071,1890,1041878.45,M_245433_913612,Lynn,MA,Three-Family Residential,3,,,
3072,1880,833038.67,M_245425_913622,Lynn,MA,Two-Family Residential,2,,,
3073,1900,927734.81,M_245494_913616,Lynn,MA,Three-Family Residential,3,,,
3074,1920,1097458.56,M_245513_913641,Lynn,MA,Three-Family Residential,3,,,
3075,1880,965414.36,M_245521_913652,Lynn,MA,Three-Family Residential,3,,,
3076,1900,967292.82,M_245533_913713,Lynn,MA,Three-Family Residential,3,,,
3077,1900,869613.26,M_245558_913690,Lynn,MA,Three-Family Residential,3,,,
3078,1880,797348.07,M_245574_913688,Lynn,MA,Three-Family Residential,3,,,
3079,1904,882209.94,M_245574_913672,Lynn,MA,Three-Family Residential,3,,,
3080,1890,1483977.90,M_245564_913660,Lynn,MA,Apartments with Four to Eight Units,4,,,
3081,1904,907513.81,M_245546_913635,Lynn,MA,Three-Family Residential,3,,,
3082,1904,854475.14,M_245536_913624,Lynn,MA,Three-Family Residential,3,,,
3083,1904,726972.38,M_245527_913611,Lynn,MA,Two-Family Residential,2,,,
3084,1910,913370.17,M_245518_913598,Lynn,MA,Apartments with Four to Eight Units,3,,,
3085,1881,923646.41,M_245535_913672,Lynn,MA,Three-Family Residential,3,,,
3086,1900,786917.13,M_245448_913834,Lynn,MA,Two-Family Residential,2,,,
3087,1900,797458.56,M_245571_913734,Lynn,MA,Three-Family Residential,3,,,
3088,1900,883867.40,M_245582_913722,Lynn,MA,Three-Family Residential,3,,,
3089,1900,659646.41,M_245597_913717,Lynn,MA,Two-Family Residential,2,,,
3090,1890,824198.90,M_245614_913714,Lynn,MA,Two-Family Residential,2,,,
3091,1900,846353.59,M_245403_913921,Lynn,MA,Two-Family Residential,2,,,
3092,1900,818530.39,M_245411_913934,Lynn,MA,Two-Family Residential,2,,,
3093,1900,792486.19,M_245490_913975,Lynn,MA,Three-Family Residential,3,,,
3094,1900,874077.35,M_245468_913954,Lynn,MA,Two-Family Residential,2,,,
3095,1910,924143.65,M_245400_913904,Lynn,MA,Two-Family Residential,4,,,
3096,1900,768828.73,M_245501_913869,Lynn,MA,Two-Family Residential,2,,,
3097,1900,903314.92,M_245599_913798,Lynn,MA,Three-Family Residential,3,,,
3098,1890,864121.55,M_245480_913880,Lynn,MA,Two-Family Residential,2,,,
3099,1880,688541.44,M_245533_913926,Lynn,MA,Two-Family Residential,2,,,
3100,1900,706353.59,M_245552_913999,Lynn,MA,Two-Family Residential,2,,,
3101,1900,913370.17,M_245556_913958,Lynn,MA,Three-Family Residential,3,,,
3102,1900,774806.63,M_245585_913977,Lynn,MA,Three-Family Residential,3,,,
3103,1910,800883.98,M_245579_913861,Lynn,MA,Three-Family Residential,3,,,
3104,1880,834696.13,M_245662_913922,Lynn,MA,Two-Family Residential,2,,,
3105,1880,770497.24,M_245719_913909,Lynn,MA,Two-Family Residential,2,,,
3106,1910,690044.20,M_245731_913903,Lynn,MA,Two-Family Residential,2,,,
3107,1910,767005.52,M_245704_913918,Lynn,MA,Two-Family Residential,2,,,
3108,1890,845303.87,M_245795_913839,Lynn,MA,Two-Family Residential,2,,,
3109,1900,788740.33,M_245788_913830,Lynn,MA,Two-Family Residential,2,,,
3110,1900,740883.98,M_245780_913821,Lynn,MA,Two-Family Residential,2,,,
3111,1890,573591.16,M_245755_913803,Lynn,MA,Two-Family Residential,2,,,
3112,1890,844696.13,M_245770_913792,Lynn,MA,Two-Family Residential,2,,,
3113,1900,678906.08,M_245725_913801,Lynn,MA,Two-Family Residential,2,,,
3114,1910,920331.49,M_245792_913871,Lynn,MA,Three-Family Residential,3,,,
3115,1910,813558.01,M_245606_913759,Lynn,MA,Two-Family Residential,2,,,
3116,1910,727049.72,M_245626_913770,Lynn,MA,Two-Family Residential,2,,,
3117,1910,793812.15,M_245636_913778,Lynn,MA,Two-Family Residential,2,,,
3118,1910,749314.92,M_245646_913785,Lynn,MA,Two-Family Residential,2,,,
3119,1900,763613.26,M_245668_913800,Lynn,MA,Two-Family Residential,2,,,
3120,1920,812044.20,M_245676_913809,Lynn,MA,Three-Family Residential,3,,,
3121,1900,742519.34,M_245655_913764,Lynn,MA,Two-Family Residential,2,,,
3122,1890,801436.46,M_245647_913754,Lynn,MA,Three-Family Residential,3,,,
3123,1880,747955.80,M_245648_913729,Lynn,MA,Three-Family Residential,3,,,
3124,1900,867281.77,M_245672_913711,Lynn,MA,Two-Family Residential,3,,,
3125,1900,888762.43,M_245718_913760,Lynn,MA,Two-Family Residential,2,,,
3126,1900,842541.44,M_245700_913713,Lynn,MA,Three-Family Residential,3,,,
3127,1900,813922.65,M_245691_913689,Lynn,MA,Three-Family Residential,3,,,
3128,1915,883646.41,M_245523_913531,Lynn,MA,Three-Family Residential,3,,,
3129,1910,816441.99,M_245543_913557,Lynn,MA,Two-Family Residential,2,,,
3130,1900,986740.33,M_245554_913571,Lynn,MA,Three-Family Residential,3,,,
3131,1900,904088.40,M_245573_913594,Lynn,MA,Three-Family Residential,3,,,
3132,1900,880662.98,M_245581_913608,Lynn,MA,Three-Family Residential,3,,,
3133,1920,852994.48,M_245589_913620,Lynn,MA,Two-Family Residential,2,,,
3134,1985,611823.20,M_245672_913666,Lynn,MA,Two-Family Residential,2,,,
3135,1900,1036795.58,M_245648_913644,Lynn,MA,Three-Family Residential,3,,,
3136,1900,837679.56,M_245633_913618,Lynn,MA,Three-Family Residential,3,,,
3137,1900,858243.09,M_245621_913607,Lynn,MA,Two-Family Residential,2,,,
3138,1910,1089502.76,M_245612_913596,Lynn,MA,Three-Family Residential,3,,,
3139,1900,787977.90,M_245606_913580,Lynn,MA,Two-Family Residential,2,,,
3140,1900,942209.94,M_245593_913572,Lynn,MA,Three-Family Residential,3,,,
3141,1900,993038.67,M_245587_913562,Lynn,MA,Three-Family Residential,3,,,
3142,1880,776265.19,M_245558_913528,Lynn,MA,Two-Family Residential,2,,,
3143,1900,753491.71,M_245553_913519,Lynn,MA,Two-Family Residential,2,,,
3144,1881,707977.90,M_245546_913511,Lynn,MA,Two-Family Residential,2,,,
3145,1880,1047403.31,M_245529_913497,Lynn,MA,Apartments with Four to Eight Units,6,,,
3146,1910,642441.99,M_245511_913509,Lynn,MA,Two-Family Residential,2,,,
3147,1900,623767.96,M_245534_913537,Lynn,MA,Two-Family Residential,2,,,
3148,1900,842430.94,M_245599_913502,Lynn,MA,Three-Family Residential,3,,,
3149,1910,912375.69,M_245616_913515,Lynn,MA,Three-Family Residential,3,,,
3150,1900,911933.70,M_245630_913530,Lynn,MA,Three-Family Residential,3,,,
3151,1900,708099.45,M_245643_913547,Lynn,MA,Two-Family Residential,2,,,
3152,1900,828121.55,M_245669_913565,Lynn,MA,Two-Family Residential,2,,,
3153,1900,771248.62,M_245698_913545,Lynn,MA,Two-Family Residential,2,,,
3154,1900,731193.37,M_245680_913609,Lynn,MA,Two-Family Residential,2,,,
3155,1900,795690.61,M_245689_913622,Lynn,MA,Three-Family Residential,3,,,
3156,1900,933701.66,M_245698_913635,Lynn,MA,Three-Family Residential,3,,,
3157,1900,611701.66,M_245735_913605,Lynn,MA,Two-Family Residential,2,,,
3158,1880,822430.94,M_245744_913597,Lynn,MA,Three-Family Residential,3,,,
3159,1880,784530.39,M_245731_913589,Lynn,MA,Three-Family Residential,3,,,
3160,1880,750629.83,M_245722_913577,Lynn,MA,Two-Family Residential,2,,,
3161,1910,892154.70,M_245689_913592,Lynn,MA,Three-Family Residential,3,,,
3162,1910,820773.48,M_245712_913653,Lynn,MA,Three-Family Residential,3,,,
3163,1910,719138.12,M_245722_913666,Lynn,MA,Two-Family Residential,2,,,
3164,1900,719149.17,M_245737_913672,Lynn,MA,Two-Family Residential,3,,,
3165,1900,820762.43,M_245797_913720,Lynn,MA,Two-Family Residential,2,,,
3166,1930,1177900.55,M_245822_913715,Lynn,MA,Three-Family Residential,3,,,
3167,1900,945635.36,M_245813_913703,Lynn,MA,Three-Family Residential,3,,,
3168,1910,828176.80,M_245743_913638,Lynn,MA,Three-Family Residential,3,,,
3169,1880,935248.62,M_245731_913647,Lynn,MA,Three-Family Residential,3,,,
3170,1910,835436.46,M_245807_913781,Lynn,MA,Two-Family Residential,2,,,
3171,1910,710994.48,M_245815_913792,Lynn,MA,Two-Family Residential,2,,,
3172,1900,808287.29,M_245834_913769,Lynn,MA,Three-Family Residential,3,,,
3173,1900,906298.34,M_245843_913762,Lynn,MA,Three-Family Residential,3,,,
3174,1860,698220.99,M_245860_913759,Lynn,MA,Two-Family Residential,2,,,
3175,1890,726872.93,M_245852_913747,Lynn,MA,Two-Family Residential,2,,,
3176,1899,899005.52,M_245828_913810,Lynn,MA,Three-Family Residential,3,,,
3177,1900,952486.19,M_245867_913836,Lynn,MA,Three-Family Residential,3,,,
3178,1987,910055.25,M_245891_913824,Lynn,MA,Two-Family Residential,2,,,
3179,1900,743624.31,M_245849_913809,Lynn,MA,Two-Family Residential,2,,,
3180,1900,843646.41,M_245779_913585,Lynn,MA,Three-Family Residential,3,,,
3181,1900,760707.18,M_245794_913605,Lynn,MA,Two-Family Residential,2,,,
3182,1880,716353.59,M_245809_913624,Lynn,MA,Two-Family Residential,2,,,
3183,1920,805381.22,M_245817_913605,Lynn,MA,Two-Family Residential,2,,,
3184,1880,754209.94,M_245834_913660,Lynn,MA,Two-Family Residential,2,,,
3185,1890,739889.50,M_245848_913688,Lynn,MA,Three-Family Residential,3,,,
3186,1892,836795.58,M_245864_913664,Lynn,MA,Three-Family Residential,3,,,
3187,1880,729955.80,M_245881_913615,Lynn,MA,Two-Family Residential,2,,,
3188,1910,806408.84,M_245858_913633,Lynn,MA,Three-Family Residential,3,,,
3189,1890,758419.89,M_245869_913716,Lynn,MA,Two-Family Residential,2,,,
3190,1910,672099.45,M_245909_913723,Lynn,MA,Two-Family Residential,2,,,
3191,1910,774353.59,M_245921_913713,Lynn,MA,Two-Family Residential,2,,,
3192,1910,944408.84,M_245945_913729,Lynn,MA,Two-Family Residential,2,,,
3193,1910,834165.75,M_245933_913749,Lynn,MA,Two-Family Residential,2,,,
3194,1900,786143.65,M_245910_913759,Lynn,MA,Two-Family Residential,2,,,
3195,1900,995690.61,M_245920_913774,Lynn,MA,Three-Family Residential,3,,,
3196,1900,750651.93,M_245932_913796,Lynn,MA,Two-Family Residential,2,,,
3197,1900,747690.61,M_245939_913806,Lynn,MA,Two-Family Residential,2,,,
3198,1900,956574.59,M_245968_913748,Lynn,MA,Three-Family Residential,3,,,
3199,1900,800773.48,M_245972_913734,Lynn,MA,Three-Family Residential,3,,,
3200,1900,1110751.38,M_245976_913704,Lynn,MA,Two-Family Residential,2,,,
3201,1908,767502.76,M_245952_913655,Lynn,MA,Two-Family Residential,2,,,
3202,1900,860994.48,M_245921_913668,Lynn,MA,Three-Family Residential,3,,,
3203,1900,782762.43,M_245931_913674,Lynn,MA,Three-Family Residential,3,,,
3204,1900,694254.14,M_245915_913682,Lynn,MA,Three-Family Residential,3,,,
3205,1900,933812.15,M_245904_913690,Lynn,MA,Three-Family Residential,3,,,
3206,1900,915138.12,M_245979_913722,Lynn,MA,Three-Family Residential,3,,,
3207,1900,842375.69,M_245894_913736,Lynn,MA,Two-Family Residential,2,,,
3208,1900,829060.77,M_245468_914496,Lynn,MA,Three-Family Residential,3,,,
3209,1850,811082.87,M_245458_914481,Lynn,MA,Two-Family Residential,2,,,
3210,1890,800386.74,M_245443_914446,Lynn,MA,Two-Family Residential,2,,,
3211,1890,888198.90,M_245484_914502,Lynn,MA,Two-Family Residential,2,,,
3212,1893,1007734.81,M_245273_914344,Lynn,MA,Three-Family Residential,3,,,
3213,1900,800309.39,M_245331_914336,Lynn,MA,Two-Family Residential,2,,,
3214,1900,733988.95,M_245318_914343,Lynn,MA,Two-Family Residential,2,,,
3215,1900,981215.47,M_245290_914365,Lynn,MA,Three-Family Residential,3,,,
3216,1910,833370.17,M_245299_914383,Lynn,MA,Three-Family Residential,3,,,
3217,1910,910243.09,M_245328_914394,Lynn,MA,Two-Family Residential,2,,,
3218,1903,769900.55,M_245368_914345,Lynn,MA,Two-Family Residential,2,,,
3219,1910,890718.23,M_245358_914332,Lynn,MA,Three-Family Residential,3,,,
3220,1910,844751.38,M_245350_914321,Lynn,MA,Three-Family Residential,3,,,
3221,1910,739447.51,M_245283_914265,Lynn,MA,Two-Family Residential,2,,,
3222,1900,1004872.93,M_245226_914383,Lynn,MA,Two-Family Residential,2,,,
3223,1880,806928.18,M_245199_914356,Lynn,MA,Two-Family Residential,2,,,
3224,1880,994806.63,M_245155_914346,Lynn,MA,Two-Family Residential,2,,,
3225,1880,870552.49,M_245070_914313,Lynn,MA,Two-Family Residential,2,,,
3226,1910,883955.80,M_245058_914298,Lynn,MA,Two-Family Residential,2,,,
3227,1910,1562762.43,M_245050_914282,Lynn,MA,Apartments with Four to Eight Units,4,,,
3228,1925,740353.59,M_245044_914269,Lynn,MA,Two-Family Residential,2,,,
3229,1900,952817.68,M_245086_914244,Lynn,MA,Three-Family Residential,3,,,
3230,1880,800696.13,M_245093_914260,Lynn,MA,Two-Family Residential,2,,,
3231,1900,783812.15,M_245102_914278,Lynn,MA,Two-Family Residential,2,,,
3232,1920,1210939.23,M_245103_914307,Lynn,MA,Apartments with Four to Eight Units,4,,,
3233,1915,919668.51,M_245116_914300,Lynn,MA,Three-Family Residential,3,,,
3234,2020,1770718.23,M_245137_914283,Lynn,MA,Apartments with Four to Eight Units,6,,,
3235,1900,1770055.25,M_245162_914279,Lynn,MA,Apartments with Four to Eight Units,8,,,
3236,1900,1047292.82,M_245130_914245,Lynn,MA,Apartments with Four to Eight Units,3,,,
3237,1900,1020662.98,M_245120_914210,Lynn,MA,Three-Family Residential,3,,,
3238,1930,765060.77,M_245089_914153,Lynn,MA,Two-Family Residential,2,,,
3239,1910,996132.60,M_245103_914202,Lynn,MA,Apartments with Four to Eight Units,5,,,
3240,1900,754110.50,M_245174_914218,Lynn,MA,Two-Family Residential,2,,,
3241,1900,922651.93,M_245257_914182,Lynn,MA,Three-Family Residential,3,,,
3242,1890,773823.20,M_245212_914199,Lynn,MA,Two-Family Residential,2,,,
3243,1880,742839.78,M_245200_914211,Lynn,MA,Two-Family Residential,2,,,
3244,1900,776872.93,M_245156_914174,Lynn,MA,Two-Family Residential,2,,,
3245,1900,703790.06,M_245161_914186,Lynn,MA,Two-Family Residential,2,,,
3246,1920,766541.44,M_245180_914168,Lynn,MA,Two-Family Residential,2,,,
3247,1900,692320.44,M_245196_914158,Lynn,MA,Two-Family Residential,2,,,
3248,1920,733160.22,M_245148_914102,Lynn,MA,Two-Family Residential,2,,,
3249,1928,761314.92,M_245177_914088,Lynn,MA,Two-Family Residential,2,,,
3250,1880,793977.90,M_245191_914079,Lynn,MA,Two-Family Residential,2,,,
3251,1890,968607.73,M_245148_914049,Lynn,MA,Two-Family Residential,2,,,
3252,1900,739171.27,M_245375_914266,Lynn,MA,Two-Family Residential,2,,,
3253,1930,1077458.56,M_245382_914278,Lynn,MA,Three-Family Residential,3,,,
3254,1900,825546.96,M_245411_914264,Lynn,MA,Two-Family Residential,2,,,
3255,1900,724209.94,M_245423_914257,Lynn,MA,Two-Family Residential,2,,,
3256,1900,893027.62,M_245431_914249,Lynn,MA,Two-Family Residential,2,,,
3257,1900,898928.18,M_245451_914242,Lynn,MA,Three-Family Residential,3,,,
3258,1900,768287.29,M_245440_914229,Lynn,MA,Three-Family Residential,3,,,
3259,1900,1033591.16,M_245394_914185,Lynn,MA,Three-Family Residential,3,,,
3260,1910,767204.42,M_245379_914195,Lynn,MA,Two-Family Residential,2,,,
3261,1880,1075359.12,M_245364_914210,Lynn,MA,Apartments with Four to Eight Units,4,,,
3262,1910,773370.17,M_245420_914195,Lynn,MA,Three-Family Residential,3,,,
3263,1920,851657.46,M_245473_914195,Lynn,MA,Two-Family Residential,2,,,
3264,1904,708751.38,M_245488_914215,Lynn,MA,Two-Family Residential,2,,,
3265,1895,662806.63,M_245511_914197,Lynn,MA,Two-Family Residential,2,,,
3266,1900,701867.40,M_245496_914177,Lynn,MA,Two-Family Residential,2,,,
3267,1900,721624.31,M_245477_914155,Lynn,MA,Two-Family Residential,2,,,
3268,1900,670077.35,M_245466_914128,Lynn,MA,Two-Family Residential,2,,,
3269,1910,918453.04,M_245455_914137,Lynn,MA,Three-Family Residential,3,,,
3270,1920,928508.29,M_245452_914170,Lynn,MA,Two-Family Residential,2,,,
3271,1900,701701.66,M_245491_914108,Lynn,MA,Two-Family Residential,2,,,
3272,1900,789679.56,M_245524_914138,Lynn,MA,Two-Family Residential,2,,,
3273,1925,869171.27,M_245570_914149,Lynn,MA,Three-Family Residential,3,,,
3274,1920,814530.39,M_245516_914089,Lynn,MA,Two-Family Residential,2,,,
3275,1940,1325988.95,M_245414_914320,Lynn,MA,Two-Family Residential,3,,,
3276,1920,928176.80,M_245455_914322,Lynn,MA,Three-Family Residential,3,,,
3277,1920,732110.50,M_245498_914287,Lynn,MA,Two-Family Residential,2,,,
3278,1920,670066.30,M_245545_914250,Lynn,MA,Two-Family Residential,2,,,
3279,1900,817524.86,M_245591_914213,Lynn,MA,Two-Family Residential,2,,,
3280,1910,843977.90,M_245613_914204,Lynn,MA,Three-Family Residential,3,,,
3281,1925,851480.66,M_245599_914183,Lynn,MA,Two-Family Residential,2,,,
3282,1900,886961.33,M_245595_914167,Lynn,MA,Three-Family Residential,3,,,
3283,1900,833480.66,M_245534_914224,Lynn,MA,Three-Family Residential,3,,,
3284,1900,726740.33,M_245505_914248,Lynn,MA,Three-Family Residential,3,,,
3285,1900,703138.12,M_245493_914258,Lynn,MA,Two-Family Residential,2,,,
3286,1900,762099.45,M_245481_914266,Lynn,MA,Two-Family Residential,2,,,
3287,1900,646574.59,M_245458_914378,Lynn,MA,Two-Family Residential,2,,,
3288,1910,858972.38,M_245462_914391,Lynn,MA,Two-Family Residential,2,,,
3289,1910,932806.63,M_245471_914398,Lynn,MA,Two-Family Residential,2,,,
3290,1910,857624.31,M_245477_914405,Lynn,MA,Two-Family Residential,2,,,
3291,1910,875679.56,M_245498_914368,Lynn,MA,Two-Family Residential,2,,,
3292,1900,737303.87,M_245584_914273,Lynn,MA,Two-Family Residential,2,,,
3293,1925,927116.02,M_245523_914318,Lynn,MA,Two-Family Residential,2,,,
3294,1925,882187.85,M_245503_914335,Lynn,MA,Two-Family Residential,2,,,
3295,1900,720596.69,M_245492_914343,Lynn,MA,Two-Family Residential,2,,,
3296,1911,552607.73,M_245482_914355,Lynn,MA,Two-Family Residential,2,,,
3297,1925,694453.04,M_245470_914360,Lynn,MA,Two-Family Residential,2,,,
3298,1910,963889.50,M_245489_914429,Lynn,MA,Two-Family Residential,2,,,
3299,1900,879911.60,M_245509_914421,Lynn,MA,Two-Family Residential,2,,,
3300,1910,877469.61,M_245531_914399,Lynn,MA,Two-Family Residential,2,,,
3301,1920,1027624.31,M_245542_914388,Lynn,MA,Three-Family Residential,3,,,
3302,1900,870640.88,M_245555_914369,Lynn,MA,Two-Family Residential,2,,,
3303,1920,839491.71,M_245546_914357,Lynn,MA,Two-Family Residential,2,,,
3304,1915,885138.12,M_245662_914286,Lynn,MA,Two-Family Residential,2,,,
3305,1920,758972.38,M_245619_914320,Lynn,MA,Two-Family Residential,2,,,
3306,1910,955469.61,M_245602_914336,Lynn,MA,Three-Family Residential,3,,,
3307,1910,875480.66,M_245518_914473,Lynn,MA,Two-Family Residential,2,,,
3308,1910,773281.77,M_245558_914484,Lynn,MA,Two-Family Residential,2,,,
3309,1905,966320.44,M_245605_914445,Lynn,MA,Two-Family Residential,2,,,
3310,1910,997348.07,M_245651_914407,Lynn,MA,Three-Family Residential,3,,,
3311,1910,1003535.91,M_245663_914398,Lynn,MA,Three-Family Residential,3,,,
3312,1910,973259.67,M_245674_914389,Lynn,MA,Three-Family Residential,3,,,
3313,1910,1004640.88,M_245686_914378,Lynn,MA,Three-Family Residential,3,,,
3314,1910,847403.31,M_245698_914369,Lynn,MA,Two-Family Residential,2,,,
3315,1910,984773.48,M_245710_914360,Lynn,MA,Two-Family Residential,2,,,
3316,1910,912110.50,M_245722_914351,Lynn,MA,Two-Family Residential,2,,,
3317,1910,938176.80,M_245734_914341,Lynn,MA,Two-Family Residential,2,,,
3318,1910,845889.50,M_245658_914368,Lynn,MA,Two-Family Residential,2,,,
3319,1920,877458.56,M_245646_914377,Lynn,MA,Three-Family Residential,3,,,
3320,1900,870055.25,M_245634_914386,Lynn,MA,Three-Family Residential,3,,,
3321,1900,823348.07,M_245623_914396,Lynn,MA,Two-Family Residential,2,,,
3322,1900,846906.08,M_245610_914405,Lynn,MA,Two-Family Residential,2,,,
3323,1900,856939.23,M_245600_914415,Lynn,MA,Two-Family Residential,2,,,
3324,1890,1045966.85,M_245574_914434,Lynn,MA,Three-Family Residential,3,,,
3325,1906,763602.21,M_245552_914453,Lynn,MA,Two-Family Residential,2,,,
3326,1890,946187.85,M_245539_914463,Lynn,MA,Two-Family Residential,2,,,
3327,1915,982696.13,M_245560_914530,Lynn,MA,Two-Family Residential,2,,,
3328,1915,902088.40,M_245568_914542,Lynn,MA,Two-Family Residential,2,,,
3329,1915,882762.43,M_245599_914548,Lynn,MA,Three-Family Residential,3,,,
3330,1915,953480.66,M_245610_914538,Lynn,MA,Three-Family Residential,3,,,
3331,1915,925193.37,M_245622_914529,Lynn,MA,Three-Family Residential,3,,,
3332,1915,983425.41,M_245633_914519,Lynn,MA,Three-Family Residential,3,,,
3333,1915,1030718.23,M_245645_914509,Lynn,MA,Three-Family Residential,3,,,
3334,1915,919535.91,M_245656_914501,Lynn,MA,Two-Family Residential,2,,,
3335,1915,958121.55,M_245668_914490,Lynn,MA,Three-Family Residential,3,,,
3336,1915,894883.98,M_245713_914457,Lynn,MA,Two-Family Residential,2,,,
3337,1900,968055.25,M_245767_914405,Lynn,MA,Two-Family Residential,2,,,
3338,1900,730165.75,M_245787_914404,Lynn,MA,Three-Family Residential,3,,,
3339,1915,858950.28,M_245755_914370,Lynn,MA,Two-Family Residential,2,,,
3340,1915,723226.52,M_245729_914395,Lynn,MA,Two-Family Residential,2,,,
3341,1915,916685.08,M_245721_914406,Lynn,MA,Three-Family Residential,3,,,
3342,1915,914176.80,M_245710_914417,Lynn,MA,Two-Family Residential,2,,,
3343,1915,927403.31,M_245699_914427,Lynn,MA,Three-Family Residential,3,,,
3344,1915,991314.92,M_245688_914438,Lynn,MA,Two-Family Residential,2,,,
3345,1915,937138.12,M_245677_914451,Lynn,MA,Two-Family Residential,2,,,
3346,1915,1018541.44,M_245639_914474,Lynn,MA,Two-Family Residential,2,,,
3347,1915,957569.06,M_245628_914484,Lynn,MA,Three-Family Residential,3,,,
3348,1900,701436.46,M_245616_914493,Lynn,MA,Two-Family Residential,2,,,
3349,1927,917348.07,M_245581_914523,Lynn,MA,Three-Family Residential,3,,,
3350,1900,824861.88,M_245677_914581,Lynn,MA,Three-Family Residential,3,,,
3351,1925,872928.18,M_245689_914572,Lynn,MA,Three-Family Residential,3,,,
3352,1900,871049.72,M_245699_914563,Lynn,MA,Three-Family Residential,3,,,
3353,1910,871049.72,M_245710_914553,Lynn,MA,Three-Family Residential,3,,,
3354,1910,839005.52,M_245734_914533,Lynn,MA,Three-Family Residential,3,,,
3355,1920,880132.60,M_245746_914523,Lynn,MA,Two-Family Residential,2,,,
3356,1920,730762.43,M_245729_914499,Lynn,MA,Two-Family Residential,2,,,
3357,1880,749182.32,M_245658_914558,Lynn,MA,Two-Family Residential,2,,,
3358,1890,773591.16,M_245727_914548,Lynn,MA,Three-Family Residential,3,,,
3359,1900,776519.34,M_245809_914382,Lynn,MA,Two-Family Residential,2,,,
3360,1910,798121.55,M_245817_914367,Lynn,MA,Three-Family Residential,3,,,
3361,1931,906784.53,M_245835_914317,Lynn,MA,Two-Family Residential,2,,,
3362,1928,912541.44,M_245812_914335,Lynn,MA,Two-Family Residential,2,,,
3363,1900,862320.44,M_245568_914076,Lynn,MA,Three-Family Residential,3,,,
3364,1900,944464.09,M_245600_914056,Lynn,MA,Two-Family Residential,2,,,
3365,1927,865734.81,M_245612_914048,Lynn,MA,Two-Family Residential,2,,,
3366,1920,1102022.10,M_245626_914041,Lynn,MA,Two-Family Residential,2,,,
3367,1926,849093.92,M_245588_914030,Lynn,MA,Two-Family Residential,2,,,
3368,1920,975513.81,M_245576_914038,Lynn,MA,Two-Family Residential,2,,,
3369,1900,536243.09,M_245201_914016,Lynn,MA,Three-Family Residential,3,,,
3370,1890,721303.87,M_245217_914039,Lynn,MA,Two-Family Residential,2,,,
3371,1910,744298.34,M_245305_914008,Lynn,MA,Two-Family Residential,2,,,
3372,1903,1238784.53,M_245317_914000,Lynn,MA,Apartments with Four to Eight Units,4,,,
3373,1900,800883.98,M_245368_913956,Lynn,MA,Three-Family Residential,3,,,
3374,1900,928839.78,M_245360_913943,Lynn,MA,Three-Family Residential,3,,,
3375,1900,852707.18,M_245347_913932,Lynn,MA,Three-Family Residential,3,,,
3376,1910,943679.56,M_245261_913929,Lynn,MA,Two-Family Residential,2,,,
3377,1895,929171.27,M_245239_913892,Lynn,MA,Three-Family Residential,3,,,
3378,1875,868861.88,M_245231_913877,Lynn,MA,Two-Family Residential,2,,,
3379,1900,797149.17,M_245303_913904,Lynn,MA,Two-Family Residential,2,,,
3380,1900,883977.90,M_245311_913917,Lynn,MA,Three-Family Residential,3,,,
3381,1880,854320.44,M_245253_914091,Lynn,MA,Two-Family Residential,2,,,
3382,1880,933591.16,M_245262_914102,Lynn,MA,Three-Family Residential,3,,,
3383,1900,868066.30,M_245277_914126,Lynn,MA,Three-Family Residential,3,,,
3384,1900,801624.31,M_245364_914054,Lynn,MA,Two-Family Residential,2,,,
3385,1900,687668.51,M_245389_914038,Lynn,MA,Two-Family Residential,2,,,
3386,1900,797292.82,M_245374_914015,Lynn,MA,Two-Family Residential,2,,,
3387,1900,822232.04,M_245363_914024,Lynn,MA,Two-Family Residential,2,,,
3388,1900,827337.02,M_245312_914058,Lynn,MA,Two-Family Residential,2,,,
3389,1900,702674.03,M_245300_914067,Lynn,MA,Two-Family Residential,2,,,
3390,1900,663635.36,M_245365_914147,Lynn,MA,Two-Family Residential,2,,,
3391,2008,1018674.03,M_245434_913973,Lynn,MA,Two-Family Residential,2,,,
3392,1900,948033.15,M_245474_914036,Lynn,MA,Two-Family Residential,2,,,
3393,1900,774696.13,M_245503_914030,Lynn,MA,Two-Family Residential,2,,,
3394,1900,941502.76,M_245331_914965,Lynn,MA,Two-Family Residential,2,,,
3395,1922,876563.54,M_245614_914741,Lynn,MA,Two-Family Residential,2,,,
3396,1910,732895.03,M_245585_914710,Lynn,MA,Two-Family Residential,2,,,
3397,1930,692961.33,M_245555_914720,Lynn,MA,Two-Family Residential,2,,,
3398,1880,696707.18,M_245595_914696,Lynn,MA,Two-Family Residential,2,,,
3399,1900,771723.76,M_245471_914562,Lynn,MA,Two-Family Residential,2,,,
3400,1900,807403.31,M_245485_914591,Lynn,MA,Three-Family Residential,3,,,
3401,1900,845414.36,M_245493_914601,Lynn,MA,Three-Family Residential,3,,,
3402,1910,736353.59,M_245536_914670,Lynn,MA,Two-Family Residential,2,,,
3403,1913,449701.66,M_245536_914678,Lynn,MA,Two-Family Residential,2,,,
3404,1890,812176.80,M_245543_914687,Lynn,MA,Two-Family Residential,2,,,
3405,1900,838585.64,M_245556_914671,Lynn,MA,Two-Family Residential,2,,,
3406,1848,695016.57,M_245555_914624,Lynn,MA,Two-Family Residential,2,,,
3407,1864,803204.42,M_245539_914593,Lynn,MA,Two-Family Residential,2,,,
3408,1931,1021325.97,M_245497_914805,Lynn,MA,Two-Family Residential,2,,,
3409,1900,756906.08,M_245397_914661,Lynn,MA,Two-Family Residential,2,,,
3410,1935,1022165.75,M_245436_914695,Lynn,MA,Two-Family Residential,2,,,
3411,1925,955856.35,M_245447_914707,Lynn,MA,Two-Family Residential,2,,,
3412,1935,876143.65,M_245461_914718,Lynn,MA,Two-Family Residential,2,,,
3413,1930,1012011.05,M_245469_914729,Lynn,MA,Two-Family Residential,2,,,
3414,1930,1014353.59,M_245478_914741,Lynn,MA,Two-Family Residential,2,,,
3415,1915,894696.13,M_245499_914709,Lynn,MA,Three-Family Residential,3,,,
3416,1900,864419.89,M_245471_914650,Lynn,MA,Three-Family Residential,3,,,
3417,1915,826055.25,M_245458_914648,Lynn,MA,Two-Family Residential,2,,,
3418,1900,688972.38,M_245415_914629,Lynn,MA,Two-Family Residential,2,,,
3419,1920,775646.41,M_245404_914639,Lynn,MA,Two-Family Residential,2,,,
3420,1900,1339204.42,M_245273_914690,Lynn,MA,Two-Family Residential,2,,,
3421,1900,778486.19,M_245320_914664,Lynn,MA,Two-Family Residential,2,,,
3422,1890,887767.96,M_245332_914638,Lynn,MA,Two-Family Residential,2,,,
3423,1880,932121.55,M_245407_914730,Lynn,MA,Two-Family Residential,2,,,
3424,1935,996850.83,M_245422_914744,Lynn,MA,Two-Family Residential,2,,,
3425,1922,794917.13,M_245402_914586,Lynn,MA,Two-Family Residential,2,,,
3426,1900,849447.51,M_245196_914454,Lynn,MA,Two-Family Residential,2,,,
3427,1890,718033.15,M_245215_914477,Lynn,MA,Two-Family Residential,2,,,
3428,1920,820883.98,M_245232_914481,Lynn,MA,Three-Family Residential,3,,,
3429,1900,886895.03,M_245313_914575,Lynn,MA,Two-Family Residential,2,,,
3430,1880,613303.87,M_245322_914602,Lynn,MA,Two-Family Residential,2,,,
3431,1863,753093.92,M_245337_914586,Lynn,MA,Two-Family Residential,2,,,
3432,1880,911480.66,M_245342_914566,Lynn,MA,Two-Family Residential,2,,,
3433,1900,891966.85,M_245391_914543,Lynn,MA,Two-Family Residential,2,,,
3434,1900,817790.06,M_245199_914524,Lynn,MA,Three-Family Residential,3,,,
3435,1920,889602.21,M_245215_914547,Lynn,MA,Two-Family Residential,2,,,
3436,1934,970486.19,M_245226_914558,Lynn,MA,Two-Family Residential,2,,,
3437,1930,888928.18,M_245236_914569,Lynn,MA,Two-Family Residential,2,,,
3438,1900,915690.61,M_245065_914414,Lynn,MA,Two-Family Residential,2,,,
3439,1890,813756.91,M_245133_914442,Lynn,MA,Two-Family Residential,2,,,
3440,1880,958895.03,M_245114_914420,Lynn,MA,Three-Family Residential,3,,,
3441,1915,909569.06,M_245067_914489,Lynn,MA,Two-Family Residential,2,,,
3442,1895,624232.04,M_245007_914401,Lynn,MA,Two-Family Residential,2,,,
3443,1772,772386.74,M_245677_914672,Lynn,MA,Two-Family Residential,2,,,
3444,1900,674254.14,M_245659_914651,Lynn,MA,Two-Family Residential,2,,,
3445,1915,934143.65,M_245577_914554,Lynn,MA,Three-Family Residential,3,,,
3446,1900,1060994.48,M_245585_914568,Lynn,MA,Three-Family Residential,3,,,
3447,1920,720066.30,M_245619_914618,Lynn,MA,Two-Family Residential,2,,,
3448,1930,706386.74,M_245634_914626,Lynn,MA,Two-Family Residential,2,,,
3449,1900,842872.93,M_245654_914600,Lynn,MA,Three-Family Residential,3,,,
3450,1901,784419.89,M_245666_914589,Lynn,MA,Two-Family Residential,2,,,
3451,1900,1019668.51,M_245635_914576,Lynn,MA,Three-Family Residential,3,,,
3452,1900,895359.12,M_245622_914586,Lynn,MA,Three-Family Residential,3,,,
3453,1915,725911.60,M_245606_914590,Lynn,MA,Two-Family Residential,2,,,
3454,1890,740961.33,M_244941_915216,Lynn,MA,Two-Family Residential,2,,,
3455,1890,736044.20,M_244951_915184,Lynn,MA,Two-Family Residential,2,,,
3456,1890,917790.06,M_244895_915236,Lynn,MA,Three-Family Residential,3,,,
3457,1920,1041436.46,M_244886_915248,Lynn,MA,Two-Family Residential,2,,,
3458,2006,990386.74,M_244876_915258,Lynn,MA,Two-Family Residential,2,,,
3459,1830,1110265.19,M_245038_915156,Lynn,MA,Two-Family Residential,2,,,
3460,1920,908397.79,M_244783_915243,Lynn,MA,Three-Family Residential,3,,,
3461,1900,667602.21,M_244824_915259,Lynn,MA,Two-Family Residential,2,,,
3462,1910,942430.94,M_244831_915247,Lynn,MA,Three-Family Residential,3,,,
3463,1900,1054066.30,M_244847_915219,Lynn,MA,Two-Family Residential,2,,,
3464,1930,984674.03,M_244862_915047,Lynn,MA,Two-Family Residential,2,,,
3465,1930,865370.17,M_244863_915028,Lynn,MA,Two-Family Residential,2,,,
3466,1900,916464.09,M_244939_915104,Lynn,MA,Two-Family Residential,2,,,
3467,1900,761767.96,M_244930_915147,Lynn,MA,Two-Family Residential,2,,,
3468,1900,812033.15,M_244904_915170,Lynn,MA,Two-Family Residential,2,,,
3469,1900,838762.43,M_244909_915104,Lynn,MA,Two-Family Residential,2,,,
3470,1910,866685.08,M_244908_915090,Lynn,MA,Two-Family Residential,3,,,
3471,1890,858176.80,M_244907_915074,Lynn,MA,Two-Family Residential,2,,,
3472,1914,688022.10,M_244984_915099,Lynn,MA,Two-Family Residential,2,,,
3473,1920,997867.40,M_245029_915073,Lynn,MA,Two-Family Residential,2,,,
3474,1910,817458.56,M_245064_915073,Lynn,MA,Two-Family Residential,2,,,
3475,1900,787801.10,M_245060_915035,Lynn,MA,Two-Family Residential,2,,,
3476,1900,1029281.77,M_245064_914982,Lynn,MA,Three-Family Residential,3,,,
3477,1900,926408.84,M_245126_915095,Lynn,MA,Three-Family Residential,3,,,
3478,1903,817966.85,M_245110_914983,Lynn,MA,Two-Family Residential,2,,,
3479,1900,916640.88,M_245101_915048,Lynn,MA,Two-Family Residential,2,,,
3480,1900,751049.72,M_245101_915064,Lynn,MA,Three-Family Residential,3,,,
3481,1900,863303.87,M_245216_915117,Lynn,MA,Two-Family Residential,2,,,
3482,1890,762751.38,M_245168_915034,Lynn,MA,Two-Family Residential,2,,,
3483,1890,770000.00,M_245172_915061,Lynn,MA,Two-Family Residential,2,,,
3484,1924,821988.95,M_245318_915030,Lynn,MA,Two-Family Residential,2,,,
3485,1900,811558.01,M_245101_915173,Lynn,MA,Two-Family Residential,2,,,
3486,1900,737038.67,M_245122_915294,Lynn,MA,Two-Family Residential,2,,,
3487,1910,934077.35,M_245127_915248,Lynn,MA,Two-Family Residential,2,,,
3488,1900,825524.86,M_245125_915147,Lynn,MA,Three-Family Residential,3,,,
3489,1910,819546.96,M_245208_915200,Lynn,MA,Two-Family Residential,2,,,
3490,1900,686718.23,M_245238_915201,Lynn,MA,Two-Family Residential,2,,,
3491,1900,884309.39,M_245254_915203,Lynn,MA,Three-Family Residential,3,,,
3492,1900,765104.97,M_245299_915206,Lynn,MA,Two-Family Residential,2,,,
3493,1900,926674.03,M_245176_915158,Lynn,MA,Two-Family Residential,2,,,
3494,1900,812375.69,M_245355_915161,Lynn,MA,Two-Family Residential,2,,,
3495,1900,831237.57,M_245294_915282,Lynn,MA,Two-Family Residential,2,,,
3496,1900,826806.63,M_245309_915283,Lynn,MA,Two-Family Residential,2,,,
3497,1900,794154.70,M_245205_915246,Lynn,MA,Two-Family Residential,2,,,
3498,1910,784883.98,M_245171_915236,Lynn,MA,Two-Family Residential,2,,,
3499,1900,745480.66,M_245191_915245,Lynn,MA,Two-Family Residential,2,,,
3500,1900,886453.04,M_245421_915261,Lynn,MA,Two-Family Residential,2,,,
3501,1920,796198.90,M_245431_915216,Lynn,MA,Two-Family Residential,2,,,
3502,1900,640994.48,M_245444_915132,Lynn,MA,Two-Family Residential,2,,,
3503,1920,837348.07,M_245435_915082,Lynn,MA,Three-Family Residential,3,,,
3504,1920,801392.27,M_245453_915079,Lynn,MA,Two-Family Residential,2,,,
3505,1900,773425.41,M_244607_915338,Lynn,MA,Two-Family Residential,2,,,
3506,1900,910596.69,M_244638_915334,Lynn,MA,Two-Family Residential,2,,,
3507,1900,858751.38,M_244655_915333,Lynn,MA,Two-Family Residential,2,,,
3508,1900,742187.85,M_244685_915329,Lynn,MA,Two-Family Residential,2,,,
3509,1910,787060.77,M_244537_915588,Lynn,MA,Two-Family Residential,2,,,
3510,1880,834165.75,M_244530_915686,Lynn,MA,Two-Family Residential,2,,,
3511,1920,700220.99,M_244552_915688,Lynn,MA,Two-Family Residential,2,,,
3512,1950,838618.78,M_244784_915510,Lynn,MA,Two-Family Residential,2,,,
3513,1890,935502.76,M_244915_915377,Lynn,MA,Two-Family Residential,2,,,
3514,1927,723436.46,M_244872_915374,Lynn,MA,Two-Family Residential,2,,,
3515,1910,936872.93,M_244846_915311,Lynn,MA,Two-Family Residential,2,,,
3516,1900,907403.31,M_244835_915336,Lynn,MA,Three-Family Residential,3,,,
3517,1920,922651.93,M_244799_915295,Lynn,MA,Two-Family Residential,2,,,
3518,1900,763370.17,M_244808_915284,Lynn,MA,Two-Family Residential,2,,,
3519,1920,714662.98,M_244448_915675,Lynn,MA,Two-Family Residential,2,,,
3520,1890,1066950.28,M_244566_916165,Lynn,MA,Two-Family Residential,2,,,
3521,1900,699127.07,M_244528_915702,Lynn,MA,Two-Family Residential,2,,,
3522,1926,910729.28,M_244527_915720,Lynn,MA,Two-Family Residential,2,,,
3523,1920,841922.65,M_244525_915735,Lynn,MA,Two-Family Residential,2,,,
3524,1930,778066.30,M_244598_916046,Lynn,MA,Two-Family Residential,2,,,
3525,1923,768729.28,M_244430_916472,Lynn,MA,Two-Family Residential,2,,,
3526,1900,797082.87,M_244223_916539,Lynn,MA,Two-Family Residential,2,,,
3527,1900,975259.67,M_244582_916293,Lynn,MA,Two-Family Residential,2,,,
3528,1900,767104.97,M_247127_913083,Lynn,MA,Two-Family Residential,2,,,
3529,1910,952044.20,M_247113_913073,Lynn,MA,Three-Family Residential,3,,,
3530,1920,1143535.91,M_247211_912960,Lynn,MA,Three-Family Residential,3,,,
3531,1900,1120331.49,M_247225_912967,Lynn,MA,Three-Family Residential,3,,,
3532,1900,1320276.24,M_247240_912947,Lynn,MA,Two-Family Residential,2,,,
3533,1912,828154.70,M_247223_912952,Lynn,MA,Two-Family Residential,2,,,
3534,1900,1312928.18,M_247196_912930,Lynn,MA,Apartments with Four to Eight Units,4,,,
3535,1900,1246696.13,M_247111_912832,Lynn,MA,Two-Family Residential,2,,,
3536,1950,1087359.12,M_247129_912851,Lynn,MA,Two-Family Residential,2,,,
3537,1949,1113314.92,M_247141_912867,Lynn,MA,Two-Family Residential,2,,,
3538,1930,1875359.12,M_247210_912825,Lynn,MA,Three-Family Residential,3,,,
3539,1925,2547093.92,M_247179_912787,Lynn,MA,Two-Family Residential,2,,,
3540,1917,1601767.96,M_247050_912782,Lynn,MA,Two-Family Residential,2,,,
3541,1911,1072762.43,M_247129_912761,Lynn,MA,Two-Family Residential,2,,,
3542,1905,1241171.27,M_247129_912727,Lynn,MA,Two-Family Residential,2,,,
3543,1903,1487988.95,M_247119_912712,Lynn,MA,Two-Family Residential,2,,,
3544,1935,1167292.82,M_247093_912745,Lynn,MA,Two-Family Residential,2,,,
3545,1900,955911.60,M_246884_912963,Lynn,MA,Three-Family Residential,3,,,
3546,1910,2100441.99,M_246903_912962,Lynn,MA,Apartments with More than Eight Units,6,,,
3547,1920,915911.60,M_246927_912978,Lynn,MA,Three-Family Residential,3,,,
3548,1900,585237.57,M_246936_912946,Lynn,MA,Two-Family Residential,2,,,
3549,1900,794718.23,M_246935_912982,Lynn,MA,Two-Family Residential,2,,,
3550,1880,788883.98,M_246967_912982,Lynn,MA,Two-Family Residential,2,,,
3551,1872,869248.62,M_246981_912936,Lynn,MA,Two-Family Residential,2,,,
3552,1900,1356132.60,M_247019_912910,Lynn,MA,Apartments with Four to Eight Units,6,,,
3553,1910,748994.48,M_247006_912958,Lynn,MA,Two-Family Residential,2,,,
3554,1910,743756.91,M_247002_912974,Lynn,MA,Two-Family Residential,2,,,
3555,1905,874408.84,M_246996_912989,Lynn,MA,Two-Family Residential,2,,,
3556,1900,987955.80,M_247018_913005,Lynn,MA,Apartments with Four to Eight Units,4,,,
3557,1900,874475.14,M_247067_912926,Lynn,MA,Three-Family Residential,3,,,
3558,1900,829845.30,M_247063_912941,Lynn,MA,Two-Family Residential,2,,,
3559,1900,682055.25,M_247054_912970,Lynn,MA,Two-Family Residential,2,,,
3560,1900,839491.71,M_247050_912986,Lynn,MA,Two-Family Residential,2,,,
3561,1900,878088.40,M_247046_913000,Lynn,MA,Two-Family Residential,2,,,
3562,1900,707292.82,M_247037_913012,Lynn,MA,Two-Family Residential,2,,,
3563,1900,783977.90,M_247044_913016,Lynn,MA,Three-Family Residential,3,,,
3564,1900,775226.52,M_247127_912978,Lynn,MA,Two-Family Residential,2,,,
3565,1900,1098751.38,M_247200_913016,Lynn,MA,Two-Family Residential,2,,,
3566,1900,919138.12,M_247183_912986,Lynn,MA,Two-Family Residential,2,,,
3567,1900,1139447.51,M_247155_912962,Lynn,MA,Three-Family Residential,3,,,
3568,1890,1268618.78,M_247135_912925,Lynn,MA,Three-Family Residential,3,,,
3569,1910,1154033.15,M_247099_912920,Lynn,MA,Three-Family Residential,3,,,
3570,1910,1158121.55,M_247118_912906,Lynn,MA,Three-Family Residential,3,,,
3571,1940,2238232.04,M_247100_912897,Lynn,MA,Apartments with Four to Eight Units,6,,,
3572,1900,1424198.90,M_247039_912868,Lynn,MA,Two-Family Residential,2,,,
3573,1900,1083204.42,M_247008_912880,Lynn,MA,Three-Family Residential,3,,,
3574,1900,1143082.87,M_246992_912886,Lynn,MA,Two-Family Residential,2,,,
3575,1900,1034033.15,M_246891_912919,Lynn,MA,Three-Family Residential,3,,,
3576,1900,990232.04,M_246882_912933,Lynn,MA,Three-Family Residential,3,,,
3577,1900,842762.43,M_247186_913057,Lynn,MA,Three-Family Residential,3,,,
3578,1900,779171.27,M_247189_913043,Lynn,MA,Two-Family Residential,2,,,
3579,1880,1128839.78,M_247141_912945,Lynn,MA,Three-Family Residential,3,,,
3580,1900,783602.21,M_247025_912938,Lynn,MA,Two-Family Residential,2,,,
3581,1910,1419889.50,M_247100_913001,Lynn,MA,Apartments with Four to Eight Units,6,,,
3582,1910,1537348.07,M_247110_913019,Lynn,MA,Apartments with Four to Eight Units,6,,,
3583,1910,1374033.15,M_247125_913023,Lynn,MA,Apartments with Four to Eight Units,6,,,
3584,1900,885414.36,M_247126_912990,Lynn,MA,Three-Family Residential,3,,,
3585,1847,820243.09,M_246878_912881,Lynn,MA,Two-Family Residential,2,,,
3586,1900,855779.01,M_246891_912874,Lynn,MA,Two-Family Residential,2,,,
3587,1945,1461878.45,M_246932_912854,Lynn,MA,Apartments with Four to Eight Units,4,,,
3588,1925,1085867.40,M_246949_912846,Lynn,MA,Two-Family Residential,2,,,
3589,1880,940143.65,M_246963_912842,Lynn,MA,Two-Family Residential,2,,,
3590,1900,990618.78,M_246998_912835,Lynn,MA,Two-Family Residential,2,,,
3591,1890,959149.17,M_247012_912815,Lynn,MA,Two-Family Residential,2,,,
3592,1880,1401215.47,M_246969_912784,Lynn,MA,Two-Family Residential,2,,,
3593,1900,819955.80,M_246911_912829,Lynn,MA,Two-Family Residential,2,,,
3594,1900,845049.72,M_246901_912836,Lynn,MA,Two-Family Residential,2,,,
3595,1900,668828.73,M_246895_912842,Lynn,MA,Two-Family Residential,2,,,
3596,1900,998453.04,M_246836_912925,Lynn,MA,Three-Family Residential,3,,,
3597,1897,718187.85,M_246844_912909,Lynn,MA,Two-Family Residential,2,,,
3598,1850,616773.48,M_246834_912881,Lynn,MA,Two-Family Residential,2,,,
3599,1900,893679.56,M_246828_912872,Lynn,MA,Two-Family Residential,2,,,
3600,1880,809104.97,M_246817_912857,Lynn,MA,Two-Family Residential,2,,,
3601,1910,1121104.97,M_246797_912812,Lynn,MA,Three-Family Residential,3,,,
3602,1900,1115469.61,M_246762_912838,Lynn,MA,Two-Family Residential,2,,,
3603,1900,724022.10,M_246733_912857,Lynn,MA,Two-Family Residential,2,,,
3604,1900,1103646.41,M_246721_912867,Lynn,MA,Three-Family Residential,3,,,
3605,1900,712353.59,M_246723_912894,Lynn,MA,Two-Family Residential,2,,,
3606,1908,671381.22,M_246761_912866,Lynn,MA,Two-Family Residential,2,,,
3607,1900,1140000.00,M_246784_912822,Lynn,MA,Three-Family Residential,3,,,
3608,1890,1362099.45,M_246864_912805,Lynn,MA,Apartments with Four to Eight Units,5,,,
3609,1920,972972.38,M_246900_912789,Lynn,MA,Two-Family Residential,2,,,
3610,1890,1204220.99,M_246913_912779,Lynn,MA,Two-Family Residential,2,,,
3611,1890,1108928.18,M_246926_912769,Lynn,MA,Two-Family Residential,2,,,
3612,1910,982475.14,M_246856_912767,Lynn,MA,Two-Family Residential,2,,,
3613,1920,743988.95,M_246840_912780,Lynn,MA,Two-Family Residential,2,,,
3614,1920,836022.10,M_246845_912816,Lynn,MA,Two-Family Residential,2,,,
3615,1890,1419116.02,M_247009_912762,Lynn,MA,Two-Family Residential,2,,,
3616,1896,1056718.23,M_247021_912750,Lynn,MA,Two-Family Residential,2,,,
3617,1930,1061281.77,M_247047_912723,Lynn,MA,Two-Family Residential,2,,,
3618,1920,1277348.07,M_247073_912700,Lynn,MA,Two-Family Residential,2,,,
3619,1925,1089646.41,M_247057_912666,Lynn,MA,Two-Family Residential,2,,,
3620,1900,1115790.06,M_247020_912708,Lynn,MA,Two-Family Residential,2,,,
3621,1910,1135248.62,M_246995_912736,Lynn,MA,Two-Family Residential,2,,,
3622,1912,1248508.29,M_246984_912746,Lynn,MA,Three-Family Residential,3,,,
3623,1900,1082033.15,M_246967_912705,Lynn,MA,Two-Family Residential,2,,,
3624,1900,1174850.83,M_246976_912695,Lynn,MA,Two-Family Residential,2,,,
3625,1910,1100209.94,M_246987_912681,Lynn,MA,Two-Family Residential,2,,,
3626,1894,1105016.57,M_247023_912636,Lynn,MA,Two-Family Residential,2,,,
3627,1880,1064000.00,M_247035_912620,Lynn,MA,Two-Family Residential,2,,,
3628,1920,1662618.78,M_247022_912591,Lynn,MA,Two-Family Residential,2,,,
3629,1900,1275348.07,M_246987_912619,Lynn,MA,Two-Family Residential,2,,,
3630,1900,1462099.45,M_246974_912636,Lynn,MA,Two-Family Residential,2,,,
3631,1930,1514563.54,M_246958_912656,Lynn,MA,Two-Family Residential,2,,,
3632,1949,1025447.51,M_246945_912674,Lynn,MA,Two-Family Residential,2,,,
3633,1900,1291679.56,M_246942_912555,Lynn,MA,Two-Family Residential,2,,,
3634,1900,1388530.39,M_246912_912548,Lynn,MA,Two-Family Residential,2,,,
3635,1958,1250961.33,M_246895_912542,Lynn,MA,Two-Family Residential,2,,,
3636,1890,1437679.56,M_246877_912531,Lynn,MA,Three-Family Residential,3,,,
3637,1900,1061734.81,M_246866_912640,Lynn,MA,Three-Family Residential,3,,,
3638,1900,1091734.81,M_246893_912668,Lynn,MA,Two-Family Residential,2,,,
3639,1900,617226.52,M_246899_912646,Lynn,MA,Two-Family Residential,2,,,
3640,1900,1228066.30,M_246928_912612,Lynn,MA,Two-Family Residential,2,,,
3641,1900,1321325.97,M_246946_912583,Lynn,MA,Two-Family Residential,2,,,
3642,1900,1585281.77,M_246848_912566,Lynn,MA,Two-Family Residential,2,,,
3643,1900,976607.73,M_246818_912749,Lynn,MA,Two-Family Residential,2,,,
3644,1900,1254629.83,M_246839_912686,Lynn,MA,Two-Family Residential,2,,,
3645,1900,953900.55,M_246812_912713,Lynn,MA,Two-Family Residential,2,,,
3646,1900,919535.91,M_246640_912871,Lynn,MA,Two-Family Residential,2,,,
3647,1900,794066.30,M_246686_912841,Lynn,MA,Two-Family Residential,2,,,
3648,1823,1587182.32,M_246701_912826,Lynn,MA,Apartments with Four to Eight Units,6,,,
3649,1880,829403.31,M_246715_912815,Lynn,MA,Two-Family Residential,2,,,
3650,1890,858342.54,M_246723_912809,Lynn,MA,Three-Family Residential,3,,,
3651,1900,967193.37,M_246733_912803,Lynn,MA,Two-Family Residential,2,,,
3652,1900,803878.45,M_246745_912795,Lynn,MA,Two-Family Residential,2,,,
3653,1870,1001591.16,M_246763_912782,Lynn,MA,Two-Family Residential,2,,,
3654,1880,937569.06,M_246784_912776,Lynn,MA,Two-Family Residential,2,,,
3655,1910,1083314.92,M_246775_912765,Lynn,MA,Three-Family Residential,3,,,
3656,1890,837060.77,M_246735_912718,Lynn,MA,Two-Family Residential,2,,,
3657,1890,890917.13,M_246710_912701,Lynn,MA,Two-Family Residential,2,,,
3658,1890,920453.04,M_246693_912704,Lynn,MA,Two-Family Residential,3,,,
3659,1873,1381767.96,M_246678_912715,Lynn,MA,Apartments with Four to Eight Units,5,,,
3660,1900,1105856.35,M_246688_912727,Lynn,MA,Three-Family Residential,3,,,
3661,1890,1249944.75,M_246699_912737,Lynn,MA,Three-Family Residential,3,,,
3662,1895,1019226.52,M_246734_912777,Lynn,MA,Three-Family Residential,3,,,
3663,1900,965535.91,M_246699_912801,Lynn,MA,Two-Family Residential,2,,,
3664,1900,1017900.55,M_246663_912755,Lynn,MA,Three-Family Residential,3,,,
3665,1910,1107955.80,M_246657_912736,Lynn,MA,Three-Family Residential,3,,,
3666,1900,790198.90,M_246680_912814,Lynn,MA,Two-Family Residential,2,,,
3667,1900,820265.19,M_246663_912825,Lynn,MA,Two-Family Residential,2,,,
3668,1820,683602.21,M_246652_912833,Lynn,MA,Two-Family Residential,2,,,
3669,1900,782696.13,M_246641_912815,Lynn,MA,Two-Family Residential,2,,,
3670,1900,1022740.33,M_246618_912768,Lynn,MA,Two-Family Residential,2,,,
3671,1900,806674.03,M_246771_912693,Lynn,MA,Two-Family Residential,2,,,
3672,1900,985745.86,M_246782_912683,Lynn,MA,Three-Family Residential,3,,,
3673,1959,762950.28,M_246793_912675,Lynn,MA,Two-Family Residential,2,,,
3674,1900,1019790.06,M_246808_912663,Lynn,MA,Two-Family Residential,2,,,
3675,1900,888972.38,M_246773_912639,Lynn,MA,Two-Family Residential,3,,,
3676,1910,859502.76,M_246764_912674,Lynn,MA,Two-Family Residential,2,,,
3677,1900,721546.96,M_246551_912775,Lynn,MA,Three-Family Residential,3,,,
3678,1890,879381.22,M_246556_912763,Lynn,MA,Two-Family Residential,2,,,
3679,1900,1071381.22,M_246580_912749,Lynn,MA,Three-Family Residential,3,,,
3680,1920,789171.27,M_246620_912711,Lynn,MA,Three-Family Residential,3,,,
3681,1905,1294806.63,M_246670_912670,Lynn,MA,Three-Family Residential,3,,,
3682,1905,907955.80,M_246685_912656,Lynn,MA,Three-Family Residential,3,,,
3683,1900,938674.03,M_246696_912646,Lynn,MA,Three-Family Residential,3,,,
3684,1870,1062430.94,M_246708_912635,Lynn,MA,Three-Family Residential,3,,,
3685,1900,995248.62,M_246702_912586,Lynn,MA,Three-Family Residential,3,,,
3686,1900,1208950.28,M_246683_912572,Lynn,MA,Three-Family Residential,3,,,
3687,1871,998917.13,M_246642_912648,Lynn,MA,Two-Family Residential,2,,,
3688,1873,912872.93,M_246622_912665,Lynn,MA,Two-Family Residential,2,,,
3689,1910,662939.23,M_246541_912767,Lynn,MA,Three-Family Residential,3,,,
3690,1963,1046806.63,M_246787_912575,Lynn,MA,Two-Family Residential,2,,,
3691,1865,1067127.07,M_246814_912542,Lynn,MA,Two-Family Residential,2,,,
3692,1890,1083248.62,M_246839_912526,Lynn,MA,Two-Family Residential,2,,,
3693,1920,1076497.24,M_246741_912562,Lynn,MA,Two-Family Residential,2,,,
3694,1914,1134983.43,M_246720_912545,Lynn,MA,Two-Family Residential,2,,,
3695,1910,967712.71,M_246731_912528,Lynn,MA,Two-Family Residential,2,,,
3696,1910,991546.96,M_246743_912518,Lynn,MA,Two-Family Residential,2,,,
3697,1910,1037535.91,M_246755_912507,Lynn,MA,Two-Family Residential,2,,,
3698,1890,1106320.44,M_246790_912475,Lynn,MA,Two-Family Residential,2,,,
3699,1900,1386850.83,M_246814_912457,Lynn,MA,Three-Family Residential,3,,,
3700,1985,1021878.45,M_246737_912470,Lynn,MA,Two-Family Residential,2,,,
3701,1900,1225436.46,M_246773_912447,Lynn,MA,Two-Family Residential,2,,,
3702,1900,1293812.15,M_246749_912415,Lynn,MA,Three-Family Residential,3,,,
3703,1920,1339988.95,M_246738_912395,Lynn,MA,Two-Family Residential,2,,,
3704,1900,1678784.53,M_246699_912406,Lynn,MA,Apartments with Four to Eight Units,7,,,
3705,1890,1065082.87,M_246694_912392,Lynn,MA,Three-Family Residential,3,,,
3706,1910,1138011.05,M_246679_912386,Lynn,MA,Three-Family Residential,3,,,
3707,1890,1347071.82,M_246711_912430,Lynn,MA,Apartments with Four to Eight Units,4,,,
3708,1890,1178563.54,M_246606_912592,Lynn,MA,Three-Family Residential,3,,,
3709,1871,1369171.27,M_246616_912578,Lynn,MA,Three-Family Residential,3,,,
3710,1921,1054419.89,M_246636_912564,Lynn,MA,Two-Family Residential,2,,,
3711,1900,1149657.46,M_246602_912554,Lynn,MA,Two-Family Residential,2,,,
3712,1859,1445856.35,M_246523_912715,Lynn,MA,Apartments with Four to Eight Units,4,,,
3713,1880,1087513.81,M_246546_912703,Lynn,MA,Three-Family Residential,3,,,
3714,1900,862220.99,M_246425_913306,Lynn,MA,Two-Family Residential,2,,,
3715,1920,779425.41,M_246391_913289,Lynn,MA,Two-Family Residential,2,,,
3716,1873,1081215.47,M_246374_913288,Lynn,MA,Apartments with Four to Eight Units,4,,,
3717,1910,746265.19,M_246358_913285,Lynn,MA,Two-Family Residential,2,,,
3718,1823,1405745.86,M_246342_913278,Lynn,MA,Apartments with Four to Eight Units,6,,,
3719,1910,754817.68,M_246628_913400,Lynn,MA,Two-Family Residential,2,,,
3720,1900,888950.28,M_246618_913387,Lynn,MA,Three-Family Residential,3,,,
3721,1900,920950.28,M_246550_913342,Lynn,MA,Two-Family Residential,2,,,
3722,1900,788928.18,M_246525_913322,Lynn,MA,Two-Family Residential,2,,,
3723,1900,838453.04,M_246513_913311,Lynn,MA,Two-Family Residential,2,,,
3724,1890,963977.90,M_246480_913285,Lynn,MA,Three-Family Residential,3,,,
3725,1900,664828.73,M_246466_913303,Lynn,MA,Two-Family Residential,2,,,
3726,1900,829392.27,M_246493_913326,Lynn,MA,Three-Family Residential,3,,,
3727,1900,710176.80,M_246462_913321,Lynn,MA,Two-Family Residential,2,,,
3728,1900,699779.01,M_246391_913244,Lynn,MA,Two-Family Residential,2,,,
3729,1900,800541.44,M_246477_913234,Lynn,MA,Two-Family Residential,2,,,
3730,1900,638563.54,M_246457_913224,Lynn,MA,Two-Family Residential,2,,,
3731,1880,623701.66,M_246489_913172,Lynn,MA,Two-Family Residential,2,,,
3732,1900,815933.70,M_246474_913161,Lynn,MA,Two-Family Residential,2,,,
3733,1880,742187.85,M_246483_913137,Lynn,MA,Two-Family Residential,3,,,
3734,1900,998629.83,M_246514_913152,Lynn,MA,Two-Family Residential,2,,,
3735,1925,1139116.02,M_246531_913165,Lynn,MA,Three-Family Residential,3,,,
3736,1880,1184552.49,M_246513_913114,Lynn,MA,Two-Family Residential,2,,,
3737,1875,1307845.30,M_246493_913063,Lynn,MA,Apartments with Four to Eight Units,6,,,
3738,1873,1518563.54,M_246483_913090,Lynn,MA,Apartments with Four to Eight Units,5,,,
3739,1880,957900.55,M_246475_913106,Lynn,MA,Three-Family Residential,3,,,
3740,1900,1089502.76,M_246463_913120,Lynn,MA,Three-Family Residential,3,,,
3741,1900,833779.01,M_246455_913136,Lynn,MA,Two-Family Residential,2,,,
3742,1900,920441.99,M_246440_913144,Lynn,MA,Three-Family Residential,3,,,
3743,1900,694320.44,M_246459_913157,Lynn,MA,Two-Family Residential,2,,,
3744,1900,707591.16,M_246426_913188,Lynn,MA,Two-Family Residential,2,,,
3745,1920,1052176.80,M_246407_913195,Lynn,MA,Two-Family Residential,2,,,
3746,1920,813458.56,M_246400_913204,Lynn,MA,Two-Family Residential,2,,,
3747,1920,896486.19,M_246394_913215,Lynn,MA,Two-Family Residential,2,,,
3748,1900,680243.09,M_246381_913224,Lynn,MA,Two-Family Residential,2,,,
3749,1910,803756.91,M_246375_913235,Lynn,MA,Two-Family Residential,2,,,
3750,1900,1020110.50,M_246361_913244,Lynn,MA,Three-Family Residential,3,,,
3751,1900,596994.48,M_246372_913249,Lynn,MA,Two-Family Residential,2,,,
3752,1900,947845.30,M_246518_913187,Lynn,MA,Apartments with Four to Eight Units,4,,,
3753,1900,705281.77,M_246410_913178,Lynn,MA,Two-Family Residential,2,,,
3754,1900,916353.59,M_246566_913289,Lynn,MA,Three-Family Residential,3,,,
3755,1900,785546.96,M_246579_913297,Lynn,MA,Two-Family Residential,2,,,
3756,1900,868928.18,M_246604_913315,Lynn,MA,Two-Family Residential,2,,,
3757,1900,846408.84,M_246663_913360,Lynn,MA,Three-Family Residential,3,,,
3758,1900,1033149.17,M_246680_913347,Lynn,MA,Three-Family Residential,3,,,
3759,1900,796795.58,M_246710_913290,Lynn,MA,Three-Family Residential,3,,,
3760,1900,805038.67,M_246718_913279,Lynn,MA,Two-Family Residential,2,,,
3761,1900,890607.73,M_246733_913270,Lynn,MA,Three-Family Residential,3,,,
3762,1880,733370.17,M_246722_913264,Lynn,MA,Three-Family Residential,3,,,
3763,1900,837756.91,M_246706_913264,Lynn,MA,Two-Family Residential,2,,,
3764,1900,894795.58,M_246695_913254,Lynn,MA,Two-Family Residential,2,,,
3765,1888,672265.19,M_246689_913264,Lynn,MA,Three-Family Residential,3,,,
3766,1887,919303.87,M_246689_913279,Lynn,MA,Two-Family Residential,2,,,
3767,1900,967624.31,M_246671_913246,Lynn,MA,Three-Family Residential,3,,,
3768,1900,859226.52,M_246650_913245,Lynn,MA,Three-Family Residential,3,,,
3769,1910,1054254.14,M_246610_913228,Lynn,MA,Three-Family Residential,3,,,
3770,1900,918232.04,M_246590_913218,Lynn,MA,Three-Family Residential,3,,,
3771,1900,705635.36,M_246575_913206,Lynn,MA,Two-Family Residential,2,,,
3772,1920,1136276.24,M_246567_913218,Lynn,MA,Two-Family Residential,2,,,
3773,1900,1028718.23,M_246555_913201,Lynn,MA,Two-Family Residential,2,,,
3774,1900,708508.29,M_246634_913232,Lynn,MA,Three-Family Residential,3,,,
3775,1920,848618.78,M_246567_913014,Lynn,MA,Three-Family Residential,3,,,
3776,1910,957016.57,M_246606_912963,Lynn,MA,Three-Family Residential,3,,,
3777,2002,971381.22,M_246529_912872,Lynn,MA,Two-Family Residential,2,,,
3778,1920,855127.07,M_246541_912912,Lynn,MA,Two-Family Residential,2,,,
3779,1900,832265.19,M_246499_912935,Lynn,MA,Three-Family Residential,3,,,
3780,1900,801988.95,M_246490_912946,Lynn,MA,Three-Family Residential,3,,,
3781,1898,794386.74,M_246500_912988,Lynn,MA,Two-Family Residential,2,,,
3782,1920,629701.66,M_246541_913000,Lynn,MA,Two-Family Residential,2,,,
3783,1900,6026408.84,M_246563_912934,Lynn,MA,Affordable Housing Units (Greater than 50% of the units qualify),3,,,
3784,1900,932596.69,M_246586_912989,Lynn,MA,Three-Family Residential,3,,,
3785,1987,1749171.27,M_246525_912936,Lynn,MA,Apartments with Four to Eight Units,6,,,
3786,1900,956828.73,M_246586_913160,Lynn,MA,Two-Family Residential,2,,,
3787,1900,741237.57,M_246631_913161,Lynn,MA,Two-Family Residential,2,,,
3788,1920,418353.59,M_246645_913151,Lynn,MA,Two-Family Residential,2,,,
3789,1906,1293038.67,M_246624_913142,Lynn,MA,Apartments with Four to Eight Units,4,,,
3790,1913,1336795.58,M_246646_913132,Lynn,MA,Apartments with Four to Eight Units,4,,,
3791,1900,894740.33,M_246694_913138,Lynn,MA,Two-Family Residential,2,,,
3792,1900,894022.10,M_246686_913149,Lynn,MA,Two-Family Residential,2,,,
3793,1900,1035469.61,M_246681_913163,Lynn,MA,Three-Family Residential,3,,,
3794,1900,981104.97,M_246672_913176,Lynn,MA,Three-Family Residential,3,,,
3795,1880,685624.31,M_246656_913191,Lynn,MA,Two-Family Residential,2,,,
3796,1900,957104.97,M_246669_913197,Lynn,MA,Two-Family Residential,2,,,
3797,1900,908928.18,M_246692_913207,Lynn,MA,Two-Family Residential,2,,,
3798,1900,842220.99,M_246711_913174,Lynn,MA,Two-Family Residential,2,,,
3799,1900,927182.32,M_246720_913160,Lynn,MA,Two-Family Residential,2,,,
3800,1900,712596.69,M_246726_913148,Lynn,MA,Two-Family Residential,2,,,
3801,1880,729005.52,M_246747_913134,Lynn,MA,Two-Family Residential,2,,,
3802,1900,798232.04,M_246732_913130,Lynn,MA,Two-Family Residential,2,,,
3803,1900,700265.19,M_246705_913118,Lynn,MA,Two-Family Residential,2,,,
3804,1903,1444198.90,M_246690_913111,Lynn,MA,Apartments with Four to Eight Units,4,,,
3805,1900,979558.01,M_246666_913100,Lynn,MA,Three-Family Residential,3,,,
3806,1900,1257900.55,M_246623_913032,Lynn,MA,Apartments with Four to Eight Units,4,,,
3807,1900,842033.15,M_246640_913041,Lynn,MA,Two-Family Residential,2,,,
3808,1900,955690.61,M_246653_913047,Lynn,MA,Three-Family Residential,3,,,
3809,1890,867767.96,M_246687_913063,Lynn,MA,Two-Family Residential,2,,,
3810,1925,915801.10,M_246713_913077,Lynn,MA,Three-Family Residential,3,,,
3811,1997,799226.52,M_246727_913082,Lynn,MA,Two-Family Residential,2,,,
3812,1900,928906.08,M_246754_913095,Lynn,MA,Two-Family Residential,2,,,
3813,1900,779447.51,M_246766_913106,Lynn,MA,Two-Family Residential,2,,,
3814,1900,850939.23,M_246798_913034,Lynn,MA,Three-Family Residential,3,,,
3815,1920,777679.56,M_246792_913029,Lynn,MA,Three-Family Residential,3,,,
3816,1900,695701.66,M_246760_913064,Lynn,MA,Two-Family Residential,2,,,
3817,1900,678563.54,M_246755_913074,Lynn,MA,Three-Family Residential,3,,,
3818,1890,858011.05,M_246730_913058,Lynn,MA,Two-Family Residential,2,,,
3819,1840,665712.71,M_246736_913040,Lynn,MA,Two-Family Residential,2,,,
3820,1880,849403.31,M_246712_912982,Lynn,MA,Two-Family Residential,2,,,
3821,1870,802508.29,M_246705_913023,Lynn,MA,Two-Family Residential,2,,,
3822,1860,740110.50,M_246659_912957,Lynn,MA,Three-Family Residential,3,,,
3823,1880,842088.40,M_246654_912970,Lynn,MA,Two-Family Residential,2,,,
3824,1880,702651.93,M_246675_912973,Lynn,MA,Two-Family Residential,2,,,
3825,1910,698011.05,M_246650_912983,Lynn,MA,Two-Family Residential,2,,,
3826,1880,699889.50,M_246672_912987,Lynn,MA,Two-Family Residential,2,,,
3827,1900,964585.64,M_246645_912996,Lynn,MA,Two-Family Residential,2,,,
3828,1900,934883.98,M_246637_913012,Lynn,MA,Two-Family Residential,3,,,
3829,1900,663082.87,M_246671_913061,Lynn,MA,Two-Family Residential,2,,,
3830,1900,921988.95,M_246716_912970,Lynn,MA,Three-Family Residential,3,,,
3831,1885,783447.51,M_246725_913228,Lynn,MA,Two-Family Residential,2,,,
3832,1890,822408.84,M_246744_913229,Lynn,MA,Two-Family Residential,2,,,
3833,1890,841458.56,M_246754_913245,Lynn,MA,Two-Family Residential,2,,,
3834,1880,842320.44,M_246763_913231,Lynn,MA,Three-Family Residential,3,,,
3835,1900,890497.24,M_246766_913215,Lynn,MA,Three-Family Residential,3,,,
3836,1900,856132.60,M_246774_913203,Lynn,MA,Three-Family Residential,3,,,
3837,1900,760596.69,M_246793_913179,Lynn,MA,Two-Family Residential,2,,,
3838,1900,883668.51,M_246811_913150,Lynn,MA,Two-Family Residential,2,,,
3839,1904,892718.23,M_246821_913138,Lynn,MA,Two-Family Residential,2,,,
3840,1900,749834.25,M_246834_913128,Lynn,MA,Two-Family Residential,2,,,
3841,1900,805182.32,M_246856_913100,Lynn,MA,Two-Family Residential,2,,,
3842,1900,736022.10,M_246842_913092,Lynn,MA,Three-Family Residential,3,,,
3843,1900,1053480.66,M_246869_913075,Lynn,MA,Apartments with Four to Eight Units,6,,,
3844,1905,638983.43,M_246885_913059,Lynn,MA,Two-Family Residential,2,,,
3845,1880,958784.53,M_246886_913013,Lynn,MA,Three-Family Residential,3,,,
3846,1900,759171.27,M_246857_913024,Lynn,MA,Two-Family Residential,2,,,
3847,1900,716751.38,M_246830_913024,Lynn,MA,Two-Family Residential,2,,,
3848,1905,801104.97,M_246831_913036,Lynn,MA,Three-Family Residential,3,,,
3849,1900,823204.42,M_246825_913049,Lynn,MA,Three-Family Residential,3,,,
3850,1900,637469.61,M_246815_913077,Lynn,MA,Two-Family Residential,2,,,
3851,1900,690751.38,M_246802_913111,Lynn,MA,Two-Family Residential,2,,,
3852,1900,809215.47,M_246795_913122,Lynn,MA,Two-Family Residential,2,,,
3853,1900,866077.35,M_246788_913136,Lynn,MA,Three-Family Residential,3,,,
3854,1900,839624.31,M_246779_913150,Lynn,MA,Two-Family Residential,2,,,
3855,1900,847977.90,M_246770_913165,Lynn,MA,Two-Family Residential,2,,,
3856,1900,825580.11,M_246745_913201,Lynn,MA,Two-Family Residential,2,,,
3857,1900,764950.28,M_246734_913213,Lynn,MA,Two-Family Residential,2,,,
3858,1900,1010276.24,M_246720_913403,Lynn,MA,Two-Family Residential,2,,,
3859,1900,820265.19,M_246908_913356,Lynn,MA,Two-Family Residential,2,,,
3860,1927,842685.08,M_246894_913349,Lynn,MA,Two-Family Residential,2,,,
3861,1900,729679.56,M_246874_913328,Lynn,MA,Two-Family Residential,2,,,
3862,1900,724762.43,M_246856_913320,Lynn,MA,Two-Family Residential,2,,,
3863,1905,964453.04,M_246827_913307,Lynn,MA,Two-Family Residential,2,,,
3864,1900,733955.80,M_246783_913277,Lynn,MA,Two-Family Residential,2,,,
3865,1900,750828.73,M_246770_913270,Lynn,MA,Two-Family Residential,2,,,
3866,1905,885745.86,M_246764_913290,Lynn,MA,Three-Family Residential,3,,,
3867,1910,870906.08,M_246752_913299,Lynn,MA,Two-Family Residential,2,,,
3868,1900,819237.57,M_246778_913306,Lynn,MA,Two-Family Residential,2,,,
3869,1900,888950.28,M_246789_913316,Lynn,MA,Three-Family Residential,3,,,
3870,1900,914917.13,M_246803_913323,Lynn,MA,Three-Family Residential,3,,,
3871,1900,740464.09,M_246816_913331,Lynn,MA,Two-Family Residential,2,,,
3872,1900,787801.10,M_246828_913341,Lynn,MA,Two-Family Residential,2,,,
3873,1900,733867.40,M_246799_913372,Lynn,MA,Two-Family Residential,2,,,
3874,1900,730917.13,M_246789_913365,Lynn,MA,Two-Family Residential,2,,,
3875,1900,748784.53,M_246766_913351,Lynn,MA,Two-Family Residential,2,,,
3876,2000,829171.27,M_246730_913328,Lynn,MA,Two-Family Residential,2,,,
3877,1910,844596.69,M_246703_913383,Lynn,MA,Two-Family Residential,2,,,
3878,1920,1030828.73,M_246798_913246,Lynn,MA,Three-Family Residential,3,,,
3879,1910,825966.85,M_246820_913252,Lynn,MA,Two-Family Residential,2,,,
3880,1900,783690.61,M_246831_913259,Lynn,MA,Two-Family Residential,2,,,
3881,1900,939204.42,M_246924_913302,Lynn,MA,Two-Family Residential,2,,,
3882,1900,836795.58,M_246971_913278,Lynn,MA,Three-Family Residential,3,,,
3883,1880,841005.52,M_246966_913293,Lynn,MA,Two-Family Residential,2,,,
3884,1910,770861.88,M_246917_913240,Lynn,MA,Two-Family Residential,2,,,
3885,1900,773856.35,M_246848_913174,Lynn,MA,Two-Family Residential,2,,,
3886,1900,947403.31,M_246845_913189,Lynn,MA,Three-Family Residential,3,,,
3887,1900,709215.47,M_246844_913204,Lynn,MA,Two-Family Residential,2,,,
3888,1900,1215359.12,M_246825_913204,Lynn,MA,Apartments with Four to Eight Units,4,,,
3889,1910,1068839.78,M_246857_913223,Lynn,MA,Three-Family Residential,3,,,
3890,1900,1064640.88,M_246826_913223,Lynn,MA,Three-Family Residential,3,,,
3891,1900,834640.88,M_246805_913236,Lynn,MA,Two-Family Residential,2,,,
3892,1900,907955.80,M_246989_913295,Lynn,MA,Three-Family Residential,3,,,
3893,1875,817348.07,M_246858_913152,Lynn,MA,Two-Family Residential,2,,,
3894,1900,885116.02,M_246893_913169,Lynn,MA,Two-Family Residential,2,,,
3895,1900,927955.80,M_246905_913178,Lynn,MA,Three-Family Residential,3,,,
3896,1910,947734.81,M_246941_913206,Lynn,MA,Three-Family Residential,3,,,
3897,1900,831447.51,M_246957_913222,Lynn,MA,Two-Family Residential,2,,,
3898,1880,885082.87,M_246977_913205,Lynn,MA,Three-Family Residential,3,,,
3899,1900,835779.01,M_246914_913148,Lynn,MA,Two-Family Residential,2,,,
3900,1880,994696.13,M_246904_913141,Lynn,MA,Three-Family Residential,3,,,
3901,1900,1006629.83,M_246891_913118,Lynn,MA,Three-Family Residential,3,,,
3902,1900,879171.27,M_246881_913131,Lynn,MA,Two-Family Residential,2,,,
3903,1900,1018895.03,M_246874_913144,Lynn,MA,Three-Family Residential,3,,,
3904,1951,883977.90,M_246904_913091,Lynn,MA,Three-Family Residential,3,,,
3905,1900,806044.20,M_246927_913114,Lynn,MA,Two-Family Residential,2,,,
3906,1900,744066.30,M_246937_913137,Lynn,MA,Two-Family Residential,2,,,
3907,1900,704872.93,M_246941_913123,Lynn,MA,Two-Family Residential,2,,,
3908,1920,760508.29,M_246948_913099,Lynn,MA,Two-Family Residential,2,,,
3909,1900,635392.27,M_246959_913058,Lynn,MA,Two-Family Residential,2,,,
3910,1900,1015469.61,M_246946_913035,Lynn,MA,Three-Family Residential,3,,,
3911,1900,879779.01,M_246941_913046,Lynn,MA,Three-Family Residential,3,,,
3912,1900,1032928.18,M_246936_913057,Lynn,MA,Three-Family Residential,3,,,
3913,1900,919116.02,M_246930_913069,Lynn,MA,Three-Family Residential,3,,,
3914,1900,937834.25,M_246924_913083,Lynn,MA,Two-Family Residential,2,,,
3915,1920,670972.38,M_246958_913153,Lynn,MA,Two-Family Residential,2,,,
3916,1900,902099.45,M_246988_913135,Lynn,MA,Three-Family Residential,3,,,
3917,1910,1051602.21,M_246994_913121,Lynn,MA,Three-Family Residential,3,,,
3918,1880,843867.40,M_247002_913093,Lynn,MA,Three-Family Residential,3,,,
3919,1915,723944.75,M_246990_913043,Lynn,MA,Two-Family Residential,2,,,
3920,1900,856994.48,M_246983_913067,Lynn,MA,Two-Family Residential,2,,,
3921,1900,763071.82,M_246966_913125,Lynn,MA,Two-Family Residential,2,,,
3922,1871,675856.35,M_247008_913043,Lynn,MA,Two-Family Residential,2,,,
3923,1920,938232.04,M_246976_913096,Lynn,MA,Three-Family Residential,3,,,
3924,1910,910276.24,M_247006_913245,Lynn,MA,Three-Family Residential,3,,,
3925,1900,757911.60,M_247012_913232,Lynn,MA,Two-Family Residential,2,,,
3926,1900,959933.70,M_247010_913219,Lynn,MA,Two-Family Residential,2,,,
3927,1898,805193.37,M_247056_913119,Lynn,MA,Three-Family Residential,3,,,
3928,1900,991823.20,M_247062_913102,Lynn,MA,Three-Family Residential,3,,,
3929,1900,1066850.83,M_247067_913089,Lynn,MA,Three-Family Residential,3,,,
3930,1900,754265.19,M_247066_913068,Lynn,MA,Two-Family Residential,2,,,
3931,1900,861878.45,M_247043_913086,Lynn,MA,Three-Family Residential,3,,,
3932,1910,689580.11,M_247039_913101,Lynn,MA,Two-Family Residential,2,,,
3933,1910,831359.12,M_247025_913145,Lynn,MA,Two-Family Residential,2,,,
3934,1910,876243.09,M_247045_913263,Lynn,MA,Three-Family Residential,3,,,
3935,1910,825745.86,M_247081_913196,Lynn,MA,Two-Family Residential,2,,,
3936,1900,942983.43,M_247119_913119,Lynn,MA,Three-Family Residential,3,,,
3937,1909,891524.86,M_247104_913101,Lynn,MA,Two-Family Residential,2,,,
3938,1920,799458.56,M_247086_913144,Lynn,MA,Two-Family Residential,2,,,
3939,1900,847259.67,M_247081_913158,Lynn,MA,Two-Family Residential,2,,,
3940,1900,917458.56,M_247053_913239,Lynn,MA,Three-Family Residential,3,,,
3941,1900,1007734.81,M_247069_913300,Lynn,MA,Apartments with Four to Eight Units,4,,,
3942,1900,895447.51,M_247085_913254,Lynn,MA,Two-Family Residential,2,,,
3943,1900,996475.14,M_247078_913278,Lynn,MA,Two-Family Residential,2,,,
3944,1900,1000453.04,M_246673_912894,Lynn,MA,Two-Family Residential,2,,,
3945,1880,828928.18,M_246680_912907,Lynn,MA,Two-Family Residential,2,,,
3946,1900,1142209.94,M_246449_912941,Lynn,MA,Three-Family Residential,3,,,
3947,1913,1103314.92,M_246441_912902,Lynn,MA,Apartments with Four to Eight Units,6,,,
3948,1910,697966.85,M_246460_912890,Lynn,MA,Two-Family Residential,2,,,
3949,1900,813138.12,M_246411_912976,Lynn,MA,Two-Family Residential,2,,,
3950,1905,780928.18,M_246418_913067,Lynn,MA,Two-Family Residential,2,,,
3951,1890,773823.20,M_246427_913077,Lynn,MA,Two-Family Residential,2,,,
3952,1931,1021193.37,M_246442_913062,Lynn,MA,Two-Family Residential,2,,,
3953,1905,1006408.84,M_246451_913050,Lynn,MA,Three-Family Residential,3,,,
3954,1905,895690.61,M_246465_913003,Lynn,MA,Three-Family Residential,3,,,
3955,1905,619657.46,M_246462_912989,Lynn,MA,Two-Family Residential,2,,,
3956,1893,1195690.61,M_246458_912978,Lynn,MA,Apartments with Four to Eight Units,6,,,
3957,1900,901104.97,M_246449_912993,Lynn,MA,Three-Family Residential,3,,,
3958,1890,887845.30,M_246444_913008,Lynn,MA,Three-Family Residential,3,,,
3959,1905,923480.66,M_246422_913022,Lynn,MA,Three-Family Residential,2,,,
3960,1905,663104.97,M_246432_913030,Lynn,MA,Two-Family Residential,2,,,
3961,1905,784872.93,M_246408_913031,Lynn,MA,Two-Family Residential,2,,,
3962,1893,1419558.01,M_246430_913010,Lynn,MA,Apartments with Four to Eight Units,6,,,
3963,1873,1177016.57,M_246409_913124,Lynn,MA,Apartments with Four to Eight Units,5,,,
3964,1900,868287.29,M_246386_913099,Lynn,MA,Three-Family Residential,3,,,
3965,1900,935856.35,M_246372_913090,Lynn,MA,Two-Family Residential,2,,,
3966,1929,927414.36,M_246400_913109,Lynn,MA,Two-Family Residential,3,,,
3967,1874,586563.54,M_246417_913114,Lynn,MA,Two-Family Residential,2,,,
3968,1915,1314806.63,M_246334_913207,Lynn,MA,Apartments with Four to Eight Units,4,,,
3969,1878,908773.48,M_246345_913194,Lynn,MA,Two-Family Residential,2,,,
3970,1900,770066.30,M_246422_913835,Lynn,MA,Two-Family Residential,2,,,
3971,1900,636066.30,M_246411_913823,Lynn,MA,Two-Family Residential,2,,,
3972,1900,651745.86,M_246402_913828,Lynn,MA,Two-Family Residential,2,,,
3973,1900,769270.72,M_246398_913809,Lynn,MA,Two-Family Residential,2,,,
3974,1890,884972.38,M_246383_913797,Lynn,MA,Three-Family Residential,3,,,
3975,1900,813546.96,M_246376_913811,Lynn,MA,Two-Family Residential,2,,,
3976,1880,697779.01,M_246405_913765,Lynn,MA,Two-Family Residential,2,,,
3977,1900,672143.65,M_246426_913780,Lynn,MA,Two-Family Residential,2,,,
3978,1900,745458.56,M_246440_913792,Lynn,MA,Two-Family Residential,2,,,
3979,1900,833812.15,M_246481_913760,Lynn,MA,Two-Family Residential,2,,,
3980,1900,952928.18,M_246490_913748,Lynn,MA,Three-Family Residential,3,,,
3981,1900,869834.25,M_246516_913711,Lynn,MA,Three-Family Residential,3,,,
3982,1900,890939.23,M_246542_913675,Lynn,MA,Three-Family Residential,3,,,
3983,1878,838784.53,M_246523_913668,Lynn,MA,Apartments with Four to Eight Units,5,,,
3984,1920,651270.72,M_246470_913691,Lynn,MA,Two-Family Residential,2,,,
3985,1890,765414.36,M_246488_913711,Lynn,MA,Three-Family Residential,3,,,
3986,1890,972154.70,M_246451_913712,Lynn,MA,Three-Family Residential,3,,,
3987,1900,923204.42,M_246466_913722,Lynn,MA,Three-Family Residential,2,,,
3988,1900,925635.36,M_246477_913730,Lynn,MA,Three-Family Residential,3,,,
3989,1900,759668.51,M_246461_913752,Lynn,MA,Three-Family Residential,3,,,
3990,1900,787237.57,M_246449_913743,Lynn,MA,Two-Family Residential,2,,,
3991,1900,1051701.66,M_246433_913733,Lynn,MA,Two-Family Residential,2,,,
3992,1925,820585.64,M_246439_913766,Lynn,MA,Two-Family Residential,2,,,
3993,1900,802408.84,M_246488_913662,Lynn,MA,Two-Family Residential,2,,,
3994,1900,642342.54,M_246502_913672,Lynn,MA,Two-Family Residential,2,,,
3995,1900,833922.65,M_246476_913775,Lynn,MA,Three-Family Residential,3,,,
3996,1900,752872.93,M_246529_913695,Lynn,MA,Two-Family Residential,2,,,
3997,1915,818220.99,M_246476_913824,Lynn,MA,Two-Family Residential,2,,,
3998,1915,863469.61,M_246488_913832,Lynn,MA,Two-Family Residential,2,,,
3999,1900,921767.96,M_246548_913778,Lynn,MA,Three-Family Residential,3,,,
4000,1900,830276.24,M_246572_913746,Lynn,MA,Three-Family Residential,3,,,
4001,1900,975911.60,M_246588_913737,Lynn,MA,Three-Family Residential,3,,,
4002,1880,784861.88,M_246601_913720,Lynn,MA,Two-Family Residential,2,,,
4003,1880,853049.72,M_246558_913712,Lynn,MA,Two-Family Residential,2,,,
4004,1890,767966.85,M_246549_913726,Lynn,MA,Two-Family Residential,2,,,
4005,1900,714563.54,M_246538_913741,Lynn,MA,Two-Family Residential,2,,,
4006,1900,858033.15,M_246529_913753,Lynn,MA,Two-Family Residential,2,,,
4007,1900,820331.49,M_246521_913766,Lynn,MA,Three-Family Residential,3,,,
4008,1900,809723.76,M_246511_913780,Lynn,MA,Three-Family Residential,3,,,
4009,1900,916574.59,M_246494_913807,Lynn,MA,Three-Family Residential,3,,,
4010,1890,1202762.43,M_246574_913699,Lynn,MA,Apartments with Four to Eight Units,6,,,
4011,1890,1148397.79,M_246564_913692,Lynn,MA,Apartments with Four to Eight Units,6,,,
4012,1900,717535.91,M_246540_913792,Lynn,MA,Two-Family Residential,2,,,
4013,1900,902983.43,M_246587_913710,Lynn,MA,Three-Family Residential,3,,,
4014,1900,729104.97,M_246575_913723,Lynn,MA,Two-Family Residential,2,,,
4015,1905,898320.44,M_246550_913889,Lynn,MA,Two-Family Residential,3,,,
4016,1910,834817.68,M_246571_913904,Lynn,MA,Two-Family Residential,2,,,
4017,1900,854806.63,M_246648_913880,Lynn,MA,Three-Family Residential,3,,,
4018,1870,796662.98,M_246662_913879,Lynn,MA,Two-Family Residential,2,,,
4019,1925,764011.05,M_246702_913809,Lynn,MA,Two-Family Residential,2,,,
4020,1910,884972.38,M_246668_913756,Lynn,MA,Three-Family Residential,3,,,
4021,1924,818607.73,M_246653_913744,Lynn,MA,Two-Family Residential,2,,,
4022,1900,770276.24,M_246628_913756,Lynn,MA,Three-Family Residential,3,,,
4023,1880,922430.94,M_246733_913960,Lynn,MA,Two-Family Residential,2,,,
4024,1900,799226.52,M_246754_913933,Lynn,MA,Three-Family Residential,3,,,
4025,1905,953259.67,M_246802_913850,Lynn,MA,Three-Family Residential,3,,,
4026,1920,552044.20,M_246811_913832,Lynn,MA,Two-Family Residential,2,,,
4027,1900,788839.78,M_246799_913827,Lynn,MA,Three-Family Residential,3,,,
4028,1900,898895.03,M_246787_913821,Lynn,MA,Three-Family Residential,3,,,
4029,1880,843160.22,M_246764_913820,Lynn,MA,Two-Family Residential,2,,,
4030,1900,833558.01,M_246756_913844,Lynn,MA,Two-Family Residential,2,,,
4031,1900,849060.77,M_246679_913919,Lynn,MA,Three-Family Residential,3,,,
4032,1925,747193.37,M_246680_913930,Lynn,MA,Two-Family Residential,2,,,
4033,1930,655723.76,M_246717_913876,Lynn,MA,Two-Family Residential,2,,,
4034,1905,1019226.52,M_246851_913855,Lynn,MA,Three-Family Residential,3,,,
4035,1900,1006740.33,M_246827_913896,Lynn,MA,Three-Family Residential,3,,,
4036,1900,1030497.24,M_246806_913938,Lynn,MA,Three-Family Residential,3,,,
4037,1900,813038.67,M_246783_913979,Lynn,MA,Two-Family Residential,2,,,
4038,1900,751458.56,M_246839_913879,Lynn,MA,Two-Family Residential,2,,,
4039,1900,713602.21,M_246111_913706,Lynn,MA,Two-Family Residential,2,,,
4040,1910,717325.97,M_246117_913695,Lynn,MA,Two-Family Residential,2,,,
4041,1900,787182.32,M_246133_913664,Lynn,MA,Three-Family Residential,3,,,
4042,1900,750928.18,M_246181_913728,Lynn,MA,Two-Family Residential,2,,,
4043,1900,700552.49,M_246148_913706,Lynn,MA,Two-Family Residential,2,,,
4044,1900,942209.94,M_246326_913789,Lynn,MA,Three-Family Residential,3,,,
4045,1880,664209.94,M_246342_913779,Lynn,MA,Two-Family Residential,2,,,
4046,1915,820176.80,M_246377_913740,Lynn,MA,Two-Family Residential,2,,,
4047,1903,1062430.94,M_246389_913732,Lynn,MA,Apartments with Four to Eight Units,4,,,
4048,1912,853149.17,M_246394_913697,Lynn,MA,Three-Family Residential,3,,,
4049,1900,861900.55,M_246411_913694,Lynn,MA,Two-Family Residential,2,,,
4050,1890,768298.34,M_246402_913679,Lynn,MA,Two-Family Residential,2,,,
4051,1910,774674.03,M_246444_913615,Lynn,MA,Two-Family Residential,2,,,
4052,1860,623193.37,M_246380_913639,Lynn,MA,Two-Family Residential,2,,,
4053,1890,524165.75,M_246388_913609,Lynn,MA,Two-Family Residential,2,,,
4054,1880,649359.12,M_246395_913597,Lynn,MA,Two-Family Residential,2,,,
4055,1890,725933.70,M_246402_913588,Lynn,MA,Two-Family Residential,2,,,
4056,1900,772707.18,M_246409_913579,Lynn,MA,Three-Family Residential,3,,,
4057,1965,1171933.70,M_246230_913734,Lynn,MA,Apartments with Four to Eight Units,2,,,
4058,1900,694917.13,M_246201_913741,Lynn,MA,Two-Family Residential,2,,,
4059,1900,944640.88,M_246376_913710,Lynn,MA,Three-Family Residential,3,,,
4060,1900,821237.57,M_246313_913795,Lynn,MA,Two-Family Residential,2,,,
4061,1900,612607.73,M_246394_913648,Lynn,MA,Two-Family Residential,2,,,
4062,1915,1028419.89,M_246424_913661,Lynn,MA,Two-Family Residential,2,,,
4063,1890,644441.99,M_246249_913568,Lynn,MA,Two-Family Residential,2,,,
4064,1900,606198.90,M_246200_913573,Lynn,MA,Two-Family Residential,2,,,
4065,1900,823204.42,M_246206_913563,Lynn,MA,Three-Family Residential,3,,,
4066,1910,1114254.14,M_246198_913541,Lynn,MA,Apartments with Four to Eight Units,5,,,
4067,1900,845856.35,M_246182_913562,Lynn,MA,Three-Family Residential,3,,,
4068,1900,848729.28,M_246169_913573,Lynn,MA,Three-Family Residential,3,,,
4069,1890,921325.97,M_246160_913587,Lynn,MA,Three-Family Residential,3,,,
4070,1910,2654143.65,M_246264_913448,Lynn,MA,Apartments with More than Eight Units,6,,,
4071,1900,632685.08,M_246391_913516,Lynn,MA,Two-Family Residential,2,,,
4072,1900,796464.09,M_246435_913521,Lynn,MA,Three-Family Residential,3,,,
4073,1880,778121.55,M_246441_913512,Lynn,MA,Three-Family Residential,3,,,
4074,1900,889701.66,M_246450_913500,Lynn,MA,Two-Family Residential,2,,,
4075,1900,908817.68,M_246467_913489,Lynn,MA,Two-Family Residential,2,,,
4076,1900,741823.20,M_246456_913481,Lynn,MA,Two-Family Residential,2,,,
4077,1900,955690.61,M_246414_913454,Lynn,MA,Three-Family Residential,3,,,
4078,1900,735491.71,M_246356_913452,Lynn,MA,Two-Family Residential,2,,,
4079,1890,1894254.14,M_246379_913470,Lynn,MA,Apartments with Four to Eight Units,6,,,
4080,1880,1130939.23,M_246366_913499,Lynn,MA,Apartments with Four to Eight Units,5,,,
4081,1900,953922.65,M_246423_913549,Lynn,MA,Three-Family Residential,3,,,
4082,1900,831049.72,M_246433_913536,Lynn,MA,Three-Family Residential,3,,,
4083,1880,1060000.00,M_246451_913555,Lynn,MA,Three-Family Residential,3,,,
4084,1845,1233314.92,M_246476_913555,Lynn,MA,Apartments with Four to Eight Units,2,,,
4085,1910,725966.85,M_246482_913501,Lynn,MA,Two-Family Residential,2,,,
4086,1900,831160.22,M_246316_913416,Lynn,MA,Three-Family Residential,3,,,
4087,1910,852044.20,M_246345_913390,Lynn,MA,Three-Family Residential,3,,,
4088,1900,870165.75,M_246356_913381,Lynn,MA,Three-Family Residential,3,,,
4089,1823,1072044.20,M_246359_913365,Lynn,MA,Apartments with Four to Eight Units,4,,,
4090,1910,956243.09,M_246362_913332,Lynn,MA,Three-Family Residential,3,,,
4091,1910,965635.36,M_246383_913346,Lynn,MA,Three-Family Residential,3,,,
4092,1910,935911.60,M_246371_913319,Lynn,MA,Three-Family Residential,3,,,
4093,1900,882430.94,M_246395_913334,Lynn,MA,Three-Family Residential,3,,,
4094,1883,682276.24,M_246397_913315,Lynn,MA,Two-Family Residential,2,,,
4095,2016,990331.49,M_246337_913296,Lynn,MA,Two-Family Residential,2,,,
4096,1900,1056165.75,M_246396_913400,Lynn,MA,Two-Family Residential,2,,,
4097,1775,817933.70,M_246415_913412,Lynn,MA,Two-Family Residential,2,,,
4098,1900,927734.81,M_246435_913416,Lynn,MA,Three-Family Residential,3,,,
4099,1900,773834.25,M_246460_913433,Lynn,MA,Two-Family Residential,2,,,
4100,1915,814132.60,M_246468_913447,Lynn,MA,Two-Family Residential,2,,,
4101,1900,836917.13,M_246497_913462,Lynn,MA,Two-Family Residential,2,,,
4102,1910,944640.88,M_246509_913468,Lynn,MA,Three-Family Residential,3,,,
4103,1900,776342.54,M_246572_913489,Lynn,MA,Two-Family Residential,2,,,
4104,1870,839403.31,M_246582_913475,Lynn,MA,Two-Family Residential,2,,,
4105,1890,956773.48,M_246552_913464,Lynn,MA,Two-Family Residential,2,,,
4106,1890,951414.36,M_246539_913457,Lynn,MA,Two-Family Residential,2,,,
4107,1900,778917.13,M_246527_913449,Lynn,MA,Two-Family Residential,2,,,
4108,1850,1095878.45,M_246513_913439,Lynn,MA,Two-Family Residential,2,,,
4109,1900,861679.56,M_246502_913429,Lynn,MA,Two-Family Residential,2,,,
4110,1900,845635.36,M_246489_913419,Lynn,MA,Three-Family Residential,3,,,
4111,1900,801270.72,M_246478_913409,Lynn,MA,Two-Family Residential,2,,,
4112,1900,1020662.98,M_246467_913400,Lynn,MA,Three-Family Residential,3,,,
4113,1910,891944.75,M_246447_913383,Lynn,MA,Two-Family Residential,2,,,
4114,1880,771049.72,M_246441_913368,Lynn,MA,Three-Family Residential,3,,,
4115,1900,918121.55,M_246429_913356,Lynn,MA,Three-Family Residential,3,,,
4116,1900,1022198.90,M_246424_913371,Lynn,MA,Two-Family Residential,2,,,
4117,1900,734066.30,M_246416_913390,Lynn,MA,Two-Family Residential,2,,,
4118,1900,835801.10,M_246446_913331,Lynn,MA,Three-Family Residential,3,,,
4119,1920,813325.97,M_246458_913341,Lynn,MA,Two-Family Residential,2,,,
4120,1860,959558.01,M_246470_913350,Lynn,MA,Three-Family Residential,3,,,
4121,1900,1119558.01,M_246483_913360,Lynn,MA,Apartments with Four to Eight Units,4,,,
4122,1915,764198.90,M_246493_913370,Lynn,MA,Three-Family Residential,3,,,
4123,1881,816475.14,M_246505_913380,Lynn,MA,Two-Family Residential,2,,,
4124,1915,768718.23,M_246516_913389,Lynn,MA,Two-Family Residential,2,,,
4125,1880,875469.61,M_246528_913399,Lynn,MA,Three-Family Residential,3,,,
4126,1900,1097348.07,M_246560_913408,Lynn,MA,Three-Family Residential,3,,,
4127,1900,889303.87,M_246568_913423,Lynn,MA,Two-Family Residential,2,,,
4128,1900,807204.42,M_246581_913405,Lynn,MA,Two-Family Residential,2,,,
4129,1900,864795.58,M_246582_913430,Lynn,MA,Two-Family Residential,2,,,
4130,1900,863259.67,M_246607_913431,Lynn,MA,Two-Family Residential,2,,,
4131,1900,912486.19,M_246608_913402,Lynn,MA,Three-Family Residential,3,,,
4132,1900,932154.70,M_246597_913392,Lynn,MA,Three-Family Residential,3,,,
4133,2020,929370.17,M_246520_913362,Lynn,MA,Two-Family Residential,2,,,
4134,1900,771436.46,M_246543_913384,Lynn,MA,Two-Family Residential,2,,,
4135,1900,873712.71,M_246591_913442,Lynn,MA,Two-Family Residential,2,,,
4136,1900,758386.74,M_246565_913643,Lynn,MA,Two-Family Residential,2,,,
4137,1900,867944.75,M_246577_913626,Lynn,MA,Two-Family Residential,2,,,
4138,1900,928066.30,M_246590_913609,Lynn,MA,Three-Family Residential,3,,,
4139,1910,1119226.52,M_246594_913636,Lynn,MA,Apartments with Four to Eight Units,3,,,
4140,1900,991823.20,M_246596_913666,Lynn,MA,Three-Family Residential,3,,,
4141,1900,1004198.90,M_246613_913679,Lynn,MA,Apartments with Four to Eight Units,5,,,
4142,1900,895580.11,M_246646_913666,Lynn,MA,Three-Family Residential,3,,,
4143,1890,1014143.65,M_246670_913672,Lynn,MA,Three-Family Residential,3,,,
4144,1900,971823.20,M_246651_913696,Lynn,MA,Three-Family Residential,3,,,
4145,1900,902530.39,M_246668_913709,Lynn,MA,Two-Family Residential,2,,,
4146,1880,761116.02,M_246688_913685,Lynn,MA,Two-Family Residential,2,,,
4147,1880,678154.70,M_246619_913601,Lynn,MA,Two-Family Residential,2,,,
4148,1900,1399779.01,M_246606_913593,Lynn,MA,Apartments with Four to Eight Units,2,,,
4149,1873,578906.08,M_246565_913553,Lynn,MA,Two-Family Residential,2,,,
4150,1900,883314.92,M_246575_913570,Lynn,MA,Three-Family Residential,3,,,
4151,1873,586950.28,M_246557_913565,Lynn,MA,Two-Family Residential,2,,,
4152,1900,848497.24,M_246544_913594,Lynn,MA,Two-Family Residential,2,,,
4153,1900,937127.07,M_246593_913580,Lynn,MA,Three-Family Residential,3,,,
4154,1900,774740.33,M_246553_913583,Lynn,MA,Two-Family Residential,2,,,
4155,1930,664596.69,M_246713_913723,Lynn,MA,Two-Family Residential,2,,,
4156,1904,1012044.20,M_246755_913740,Lynn,MA,Three-Family Residential,3,,,
4157,1930,929569.06,M_246796_913763,Lynn,MA,Two-Family Residential,2,,,
4158,1900,874585.64,M_246808_913771,Lynn,MA,Three-Family Residential,3,,,
4159,1910,892375.69,M_246821_913779,Lynn,MA,Three-Family Residential,3,,,
4160,1880,957790.06,M_246848_913772,Lynn,MA,Three-Family Residential,3,,,
4161,1880,854143.65,M_246728_913693,Lynn,MA,Three-Family Residential,3,,,
4162,1900,744906.08,M_246718_913704,Lynn,MA,Two-Family Residential,2,,,
4163,1900,1271491.71,M_246776_913749,Lynn,MA,Apartments with Four to Eight Units,5,,,
4164,1900,829447.51,M_246583_913535,Lynn,MA,Two-Family Residential,2,,,
4165,1900,850828.73,M_246600_913541,Lynn,MA,Three-Family Residential,3,,,
4166,1900,865226.52,M_246613_913550,Lynn,MA,Two-Family Residential,2,,,
4167,1888,934552.49,M_246672_913594,Lynn,MA,Two-Family Residential,2,,,
4168,1900,631193.37,M_246706_913619,Lynn,MA,Two-Family Residential,2,,,
4169,1900,826519.34,M_246719_913629,Lynn,MA,Three-Family Residential,3,,,
4170,1930,728519.34,M_246788_913690,Lynn,MA,Two-Family Residential,2,,,
4171,1920,671248.62,M_246836_913726,Lynn,MA,Two-Family Residential,2,,,
4172,1900,703182.32,M_246850_913733,Lynn,MA,Two-Family Residential,2,,,
4173,1900,562441.99,M_246857_913745,Lynn,MA,Two-Family Residential,2,,,
4174,1900,658430.94,M_246871_913739,Lynn,MA,Two-Family Residential,2,,,
4175,1900,976685.08,M_246887_913731,Lynn,MA,Three-Family Residential,3,,,
4176,1910,700729.28,M_246875_913724,Lynn,MA,Two-Family Residential,2,,,
4177,1910,706441.99,M_246863_913715,Lynn,MA,Two-Family Residential,2,,,
4178,1900,882209.94,M_246837_913698,Lynn,MA,Three-Family Residential,3,,,
4179,1895,874331.49,M_246779_913653,Lynn,MA,Two-Family Residential,2,,,
4180,1910,775602.21,M_246761_913651,Lynn,MA,Two-Family Residential,2,,,
4181,1900,991933.70,M_246756_913635,Lynn,MA,Apartments with Four to Eight Units,3,,,
4182,1920,980110.50,M_246720_913601,Lynn,MA,Three-Family Residential,3,,,
4183,1900,710850.83,M_246709_913592,Lynn,MA,Two-Family Residential,2,,,
4184,1900,860331.49,M_246686_913572,Lynn,MA,Three-Family Residential,3,,,
4185,1880,809303.87,M_246666_913550,Lynn,MA,Two-Family Residential,2,,,
4186,1890,933149.17,M_246632_913528,Lynn,MA,Three-Family Residential,3,,,
4187,1996,952044.20,M_246610_913498,Lynn,MA,Two-Family Residential,2,,,
4188,1905,781624.31,M_246606_913516,Lynn,MA,Two-Family Residential,2,,,
4189,1905,888066.30,M_246595_913512,Lynn,MA,Three-Family Residential,3,,,
4190,1920,787635.36,M_246625_913469,Lynn,MA,Two-Family Residential,2,,,
4191,1910,744088.40,M_246636_913477,Lynn,MA,Three-Family Residential,3,,,
4192,1915,862220.99,M_246650_913479,Lynn,MA,Two-Family Residential,2,,,
4193,1900,922430.94,M_246659_913489,Lynn,MA,Three-Family Residential,3,,,
4194,1900,768574.59,M_246679_913506,Lynn,MA,Two-Family Residential,2,,,
4195,1900,684033.15,M_246705_913531,Lynn,MA,Two-Family Residential,2,,,
4196,1910,963425.41,M_246695_913438,Lynn,MA,Three-Family Residential,3,,,
4197,1910,964198.90,M_246689_913449,Lynn,MA,Three-Family Residential,3,,,
4198,1910,956906.08,M_246680_913459,Lynn,MA,Three-Family Residential,3,,,
4199,1910,937127.07,M_246672_913471,Lynn,MA,Three-Family Residential,3,,,
4200,1910,830353.59,M_246652_913446,Lynn,MA,Two-Family Residential,2,,,
4201,1918,801657.46,M_246669_913498,Lynn,MA,Three-Family Residential,3,,,
4202,1900,787071.82,M_246771_913501,Lynn,MA,Three-Family Residential,3,,,
4203,1910,705027.62,M_246762_913488,Lynn,MA,Two-Family Residential,2,,,
4204,1890,756464.09,M_246764_913583,Lynn,MA,Three-Family Residential,3,,,
4205,1900,875359.12,M_246783_913605,Lynn,MA,Three-Family Residential,3,,,
4206,1900,856574.59,M_246796_913610,Lynn,MA,Three-Family Residential,3,,,
4207,1920,895690.61,M_246808_913618,Lynn,MA,Three-Family Residential,3,,,
4208,1900,826629.83,M_246818_913630,Lynn,MA,Two-Family Residential,2,,,
4209,1900,806254.14,M_246866_913663,Lynn,MA,Two-Family Residential,2,,,
4210,1900,835359.12,M_246877_913672,Lynn,MA,Three-Family Residential,3,,,
4211,1900,678640.88,M_246897_913689,Lynn,MA,Two-Family Residential,2,,,
4212,1900,806850.83,M_246906_913703,Lynn,MA,Three-Family Residential,3,,,
4213,1915,788066.30,M_246914_913692,Lynn,MA,Three-Family Residential,3,,,
4214,1900,661270.72,M_246856_913629,Lynn,MA,Two-Family Residential,2,,,
4215,1920,811602.21,M_246830_913612,Lynn,MA,Three-Family Residential,3,,,
4216,1920,637756.91,M_246808_913591,Lynn,MA,Two-Family Residential,2,,,
4217,1920,549513.81,M_246800_913550,Lynn,MA,Two-Family Residential,2,,,
4218,1910,689602.21,M_246810_913557,Lynn,MA,Two-Family Residential,2,,,
4219,1880,653082.87,M_246871_913605,Lynn,MA,Two-Family Residential,2,,,
4220,1900,894773.48,M_246945_913630,Lynn,MA,Two-Family Residential,2,,,
4221,1980,768066.30,M_246893_913593,Lynn,MA,Two-Family Residential,2,,,
4222,1900,696872.93,M_246880_913581,Lynn,MA,Two-Family Residential,2,,,
4223,1900,526121.55,M_246800_913527,Lynn,MA,Two-Family Residential,2,,,
4224,1900,795911.60,M_246223_913432,Lynn,MA,Three-Family Residential,3,,,
4225,1900,1614143.65,M_246230_913422,Lynn,MA,Apartments with Four to Eight Units,6,,,
4226,1880,1484640.88,M_246236_913410,Lynn,MA,Apartments with Four to Eight Units,6,,,
4227,1923,1434033.15,M_246241_913402,Lynn,MA,Apartments with Four to Eight Units,6,,,
4228,1900,918651.93,M_246233_914239,Lynn,MA,Two-Family Residential,2,,,
4229,1900,923093.92,M_246161_914157,Lynn,MA,Two-Family Residential,2,,,
4230,1900,856132.60,M_246197_914160,Lynn,MA,Three-Family Residential,3,,,
4231,1900,763745.86,M_246225_914178,Lynn,MA,Two-Family Residential,2,,,
4232,1910,945414.36,M_246267_914205,Lynn,MA,Three-Family Residential,3,,,
4233,1920,712585.64,M_246268_914187,Lynn,MA,Two-Family Residential,2,,,
4234,1890,710110.50,M_246261_914177,Lynn,MA,Two-Family Residential,2,,,
4235,1900,697359.12,M_246227_914142,Lynn,MA,Two-Family Residential,2,,,
4236,1900,824607.73,M_246200_914133,Lynn,MA,Two-Family Residential,2,,,
4237,1900,738232.04,M_246163_914142,Lynn,MA,Three-Family Residential,3,,,
4238,1910,863535.91,M_246267_914298,Lynn,MA,Three-Family Residential,3,,,
4239,1905,826685.08,M_246289_914280,Lynn,MA,Two-Family Residential,2,,,
4240,1890,787922.65,M_246302_914235,Lynn,MA,Two-Family Residential,2,,,
4241,1900,840265.19,M_246364_914320,Lynn,MA,Two-Family Residential,2,,,
4242,1890,741745.86,M_246354_914308,Lynn,MA,Two-Family Residential,2,,,
4243,1890,776132.60,M_246349_914285,Lynn,MA,Three-Family Residential,3,,,
4244,1900,699734.81,M_246340_914292,Lynn,MA,Two-Family Residential,2,,,
4245,1900,768839.78,M_246330_914300,Lynn,MA,Three-Family Residential,3,,,
4246,1900,914254.14,M_246394_914363,Lynn,MA,Three-Family Residential,3,,,
4247,1910,775602.21,M_246403_914270,Lynn,MA,Two-Family Residential,2,,,
4248,1920,734408.84,M_246390_914291,Lynn,MA,Two-Family Residential,2,,,
4249,1900,382342.54,M_246554_914428,Lynn,MA,Two-Family Residential,2,,,
4250,1901,791171.27,M_246519_914244,Lynn,MA,Two-Family Residential,2,,,
4251,1928,937458.56,M_246509_914256,Lynn,MA,Three-Family Residential,3,,,
4252,1900,697270.72,M_246497_914282,Lynn,MA,Two-Family Residential,2,,,
4253,1908,800110.50,M_246472_914298,Lynn,MA,Two-Family Residential,2,,,
4254,1900,734817.68,M_246469_914242,Lynn,MA,Two-Family Residential,2,,,
4255,1910,737966.85,M_246478_914230,Lynn,MA,Two-Family Residential,2,,,
4256,1910,733867.40,M_246463_914226,Lynn,MA,Two-Family Residential,2,,,
4257,1920,916441.99,M_246550_914269,Lynn,MA,Two-Family Residential,2,,,
4258,1930,877668.51,M_246624_914344,Lynn,MA,Two-Family Residential,2,,,
4259,1932,918453.04,M_246632_914333,Lynn,MA,Three-Family Residential,3,,,
4260,1920,933613.26,M_246641_914322,Lynn,MA,Two-Family Residential,2,,,
4261,1925,885546.96,M_246650_914313,Lynn,MA,Two-Family Residential,2,,,
4262,1920,936419.89,M_246658_914303,Lynn,MA,Two-Family Residential,2,,,
4263,1910,876077.35,M_246642_914270,Lynn,MA,Two-Family Residential,2,,,
4264,1910,890530.39,M_246633_914279,Lynn,MA,Two-Family Residential,2,,,
4265,1910,777801.10,M_246624_914288,Lynn,MA,Two-Family Residential,2,,,
4266,1900,856696.13,M_246616_914298,Lynn,MA,Two-Family Residential,2,,,
4267,1920,908574.59,M_246607_914306,Lynn,MA,Two-Family Residential,2,,,
4268,1922,923005.52,M_246592_914324,Lynn,MA,Two-Family Residential,2,,,
4269,1930,909204.42,M_246664_914261,Lynn,MA,Two-Family Residential,2,,,
4270,1910,819038.67,M_246568_914219,Lynn,MA,Two-Family Residential,2,,,
4271,1900,812375.69,M_246466_914179,Lynn,MA,Three-Family Residential,3,,,
4272,1920,762287.29,M_246478_914188,Lynn,MA,Two-Family Residential,2,,,
4273,1900,951602.21,M_246482_914172,Lynn,MA,Three-Family Residential,3,,,
4274,1925,944419.89,M_246512_914180,Lynn,MA,Three-Family Residential,3,,,
4275,1912,1010718.23,M_246330_914203,Lynn,MA,Apartments with Four to Eight Units,4,,,
4276,1910,726055.25,M_246339_914215,Lynn,MA,Two-Family Residential,2,,,
4277,1910,746861.88,M_246348_914227,Lynn,MA,Two-Family Residential,2,,,
4278,1900,852773.48,M_246356_914240,Lynn,MA,Two-Family Residential,2,,,
4279,1920,776430.94,M_246364_914252,Lynn,MA,Two-Family Residential,2,,,
4280,1900,831812.15,M_246424_914172,Lynn,MA,Two-Family Residential,2,,,
4281,1900,616729.28,M_246395_914159,Lynn,MA,Two-Family Residential,2,,,
4282,1900,760674.03,M_246336_914094,Lynn,MA,Two-Family Residential,2,,,
4283,1900,759580.11,M_246359_914124,Lynn,MA,Two-Family Residential,2,,,
4284,1890,1069171.27,M_246459_914070,Lynn,MA,Apartments with Four to Eight Units,5,,,
4285,1900,849723.76,M_246403_914050,Lynn,MA,Three-Family Residential,3,,,
4286,1900,777348.07,M_246392_914042,Lynn,MA,Three-Family Residential,3,,,
4287,1870,738198.90,M_246359_914072,Lynn,MA,Two-Family Residential,2,,,
4288,1870,681149.17,M_246344_914076,Lynn,MA,Two-Family Residential,2,,,
4289,1870,1033734.81,M_246379_914060,Lynn,MA,Two-Family Residential,2,,,
4290,1890,769580.11,M_246235_913990,Lynn,MA,Two-Family Residential,2,,,
4291,1890,790165.75,M_246267_914000,Lynn,MA,Two-Family Residential,2,,,
4292,1890,803558.01,M_246281_914004,Lynn,MA,Two-Family Residential,2,,,
4293,1900,808287.29,M_246303_913990,Lynn,MA,Three-Family Residential,3,,,
4294,1900,835469.61,M_246291_913984,Lynn,MA,Three-Family Residential,3,,,
4295,1900,977679.56,M_246279_913978,Lynn,MA,Three-Family Residential,3,,,
4296,1900,816055.25,M_246267_913972,Lynn,MA,Two-Family Residential,2,,,
4297,1900,797348.07,M_246257_913957,Lynn,MA,Three-Family Residential,3,,,
4298,1920,937447.51,M_246249_913967,Lynn,MA,Two-Family Residential,2,,,
4299,1900,888287.29,M_246242_913978,Lynn,MA,Three-Family Residential,3,,,
4300,1900,838563.54,M_246169_914089,Lynn,MA,Three-Family Residential,3,,,
4301,1920,846353.59,M_246194_914087,Lynn,MA,Two-Family Residential,2,,,
4302,1900,916022.10,M_246213_914092,Lynn,MA,Three-Family Residential,3,,,
4303,1900,718044.20,M_246266_914119,Lynn,MA,Two-Family Residential,2,,,
4304,1910,768983.43,M_246293_914154,Lynn,MA,Two-Family Residential,2,,,
4305,1900,777790.06,M_246312_914166,Lynn,MA,Three-Family Residential,3,,,
4306,1900,834475.14,M_246322_914157,Lynn,MA,Three-Family Residential,3,,,
4307,1900,688674.03,M_246338_914155,Lynn,MA,Two-Family Residential,2,,,
4308,1900,644121.55,M_246329_914143,Lynn,MA,Two-Family Residential,2,,,
4309,1900,721049.72,M_246305_914125,Lynn,MA,Two-Family Residential,2,,,
4310,1910,712585.64,M_246289_914103,Lynn,MA,Two-Family Residential,2,,,
4311,1900,673281.77,M_246279_914092,Lynn,MA,Two-Family Residential,2,,,
4312,1880,927845.30,M_246269_914082,Lynn,MA,Three-Family Residential,3,,,
4313,1904,887292.82,M_246326_914043,Lynn,MA,Two-Family Residential,3,,,
4314,1900,763646.41,M_246349_914036,Lynn,MA,Two-Family Residential,2,,,
4315,1881,800928.18,M_246359_914022,Lynn,MA,Two-Family Residential,2,,,
4316,1905,787955.80,M_246347_914015,Lynn,MA,Three-Family Residential,3,,,
4317,1900,828729.28,M_246323_914001,Lynn,MA,Three-Family Residential,3,,,
4318,1900,796243.09,M_246192_914041,Lynn,MA,Three-Family Residential,3,,,
4319,1900,844928.18,M_246328_913956,Lynn,MA,Three-Family Residential,3,,,
4320,1900,707403.31,M_246366_913980,Lynn,MA,Two-Family Residential,2,,,
4321,1873,778342.54,M_246393_913997,Lynn,MA,Three-Family Residential,3,,,
4322,1910,761237.57,M_246381_913962,Lynn,MA,Two-Family Residential,2,,,
4323,1910,884640.88,M_246367_913952,Lynn,MA,Three-Family Residential,3,,,
4324,1910,908364.64,M_246353_913941,Lynn,MA,Two-Family Residential,2,,,
4325,1890,945834.25,M_246309_913899,Lynn,MA,Two-Family Residential,2,,,
4326,1880,906077.35,M_246290_913921,Lynn,MA,Three-Family Residential,3,,,
4327,1870,760707.18,M_246300_913911,Lynn,MA,Two-Family Residential,2,,,
4328,1909,882243.09,M_246346_913851,Lynn,MA,Two-Family Residential,2,,,
4329,1880,1179403.31,M_246332_913869,Lynn,MA,Two-Family Residential,2,,,
4330,1900,832508.29,M_246348_913881,Lynn,MA,Two-Family Residential,3,,,
4331,1900,854839.78,M_246367_913868,Lynn,MA,Two-Family Residential,2,,,
4332,1900,1086850.83,M_246360_913893,Lynn,MA,Two-Family Residential,3,,,
4333,1910,731502.76,M_246396_913894,Lynn,MA,Two-Family Residential,2,,,
4334,1900,817502.76,M_246400_913928,Lynn,MA,Two-Family Residential,2,,,
4335,1934,968055.25,M_246455_913864,Lynn,MA,Two-Family Residential,2,,,
4336,1890,1097900.55,M_246430_913874,Lynn,MA,Three-Family Residential,3,,,
4337,1900,827790.06,M_246376_913836,Lynn,MA,Two-Family Residential,2,,,
4338,1890,806033.15,M_246393_913853,Lynn,MA,Two-Family Residential,2,,,
4339,1900,522309.39,M_246448_914023,Lynn,MA,Two-Family Residential,2,,,
4340,1920,716154.70,M_246465_914028,Lynn,MA,Two-Family Residential,2,,,
4341,1880,910497.24,M_246478_914033,Lynn,MA,Three-Family Residential,3,,,
4342,1900,812397.79,M_246533_914031,Lynn,MA,Two-Family Residential,2,,,
4343,1900,661226.52,M_246511_914022,Lynn,MA,Two-Family Residential,2,,,
4344,1900,831414.36,M_246499_914013,Lynn,MA,Two-Family Residential,2,,,
4345,1900,967624.31,M_246463_913995,Lynn,MA,Three-Family Residential,3,,,
4346,1910,701657.46,M_246420_913941,Lynn,MA,Three-Family Residential,3,,,
4347,1900,745049.72,M_246430_913948,Lynn,MA,Two-Family Residential,2,,,
4348,1880,655248.62,M_246510_913918,Lynn,MA,Three-Family Residential,3,,,
4349,1925,1419226.52,M_246518_913908,Lynn,MA,Apartments with Four to Eight Units,6,,,
4350,1900,1025856.35,M_246500_913900,Lynn,MA,Three-Family Residential,3,,,
4351,1900,676154.70,M_246482_913914,Lynn,MA,Two-Family Residential,2,,,
4352,1900,743204.42,M_246466_913920,Lynn,MA,Three-Family Residential,2,,,
4353,1900,938895.03,M_246526_913982,Lynn,MA,Two-Family Residential,2,,,
4354,1900,942994.48,M_246568_913964,Lynn,MA,Two-Family Residential,2,,,
4355,1900,796132.60,M_246562_913946,Lynn,MA,Three-Family Residential,3,,,
4356,1905,696475.14,M_246552_913944,Lynn,MA,Two-Family Residential,2,,,
4357,1890,728110.50,M_246535_913926,Lynn,MA,Two-Family Residential,2,,,
4358,1890,663414.36,M_246525_913938,Lynn,MA,Two-Family Residential,3,,,
4359,1929,961834.25,M_246629_914170,Lynn,MA,Two-Family Residential,2,,,
4360,1930,974375.69,M_246642_914181,Lynn,MA,Two-Family Residential,2,,,
4361,1920,1023558.01,M_246656_914191,Lynn,MA,Two-Family Residential,2,,,
4362,1920,951889.50,M_246663_914172,Lynn,MA,Two-Family Residential,2,,,
4363,1910,1004022.10,M_246678_914167,Lynn,MA,Two-Family Residential,2,,,
4364,1927,840685.08,M_246673_914209,Lynn,MA,Two-Family Residential,2,,,
4365,1927,944972.38,M_246683_914217,Lynn,MA,Two-Family Residential,2,,,
4366,1929,981546.96,M_246704_914159,Lynn,MA,Two-Family Residential,2,,,
4367,1920,859701.66,M_246693_914149,Lynn,MA,Two-Family Residential,2,,,
4368,1920,905801.10,M_246685_914141,Lynn,MA,Two-Family Residential,2,,,
4369,1900,996906.08,M_246624_914092,Lynn,MA,Three-Family Residential,3,,,
4370,1900,719535.91,M_246612_914080,Lynn,MA,Two-Family Residential,2,,,
4371,1900,745491.71,M_246675_914072,Lynn,MA,Two-Family Residential,2,,,
4372,1900,899237.57,M_246692_914061,Lynn,MA,Two-Family Residential,2,,,
4373,1880,816408.84,M_246700_914048,Lynn,MA,Three-Family Residential,2,,,
4374,1900,1020994.48,M_246700_914030,Lynn,MA,Three-Family Residential,3,,,
4375,1900,898143.65,M_246730_913977,Lynn,MA,Two-Family Residential,2,,,
4376,1910,710000.00,M_246619_913996,Lynn,MA,Two-Family Residential,2,,,
4377,1900,776850.83,M_246735_914121,Lynn,MA,Two-Family Residential,2,,,
4378,1900,832707.18,M_246768_914005,Lynn,MA,Three-Family Residential,3,,,
4379,1900,870055.25,M_246761_914017,Lynn,MA,Three-Family Residential,3,,,
4380,1900,802154.70,M_246732_914071,Lynn,MA,Two-Family Residential,2,,,
4381,1900,739591.16,M_246715_914095,Lynn,MA,Two-Family Residential,2,,,
4382,1900,754696.13,M_246113_914185,Lynn,MA,Three-Family Residential,3,,,
4383,1900,748033.15,M_246116_914172,Lynn,MA,Two-Family Residential,2,,,
4384,1880,1105524.86,M_246123_914146,Lynn,MA,Apartments with Four to Eight Units,4,,,
4385,1910,805215.47,M_246113_914127,Lynn,MA,Two-Family Residential,2,,,
4386,1910,740519.34,M_246106_914137,Lynn,MA,Two-Family Residential,2,,,
4387,1900,789779.01,M_246078_914184,Lynn,MA,Two-Family Residential,2,,,
4388,1910,792276.24,M_246055_914208,Lynn,MA,Two-Family Residential,2,,,
4389,1920,924674.03,M_246048_914103,Lynn,MA,Two-Family Residential,2,,,
4390,1917,948176.80,M_246038_914114,Lynn,MA,Three-Family Residential,3,,,
4391,1918,923425.41,M_246029_914126,Lynn,MA,Three-Family Residential,3,,,
4392,1880,931381.22,M_245991_914172,Lynn,MA,Two-Family Residential,2,,,
4393,1900,700143.65,M_246089_914053,Lynn,MA,Two-Family Residential,2,,,
4394,1900,936464.09,M_246099_914083,Lynn,MA,Three-Family Residential,3,,,
4395,1900,840883.98,M_246109_914071,Lynn,MA,Three-Family Residential,3,,,
4396,1920,896243.09,M_246143_914020,Lynn,MA,Three-Family Residential,3,,,
4397,1920,1017569.06,M_246196_913959,Lynn,MA,Three-Family Residential,3,,,
4398,1911,972817.68,M_246190_913924,Lynn,MA,Three-Family Residential,3,,,
4399,1900,820994.48,M_246223_913941,Lynn,MA,Three-Family Residential,3,,,
4400,1920,692817.68,M_246207_913931,Lynn,MA,Two-Family Residential,2,,,
4401,1920,947624.31,M_246083_913824,Lynn,MA,Three-Family Residential,3,,,
4402,1963,929834.25,M_246057_913858,Lynn,MA,Apartments with Four to Eight Units,4,,,
4403,1905,895867.40,M_246097_913737,Lynn,MA,Two-Family Residential,2,,,
4404,1900,779867.40,M_246206_913876,Lynn,MA,Two-Family Residential,2,,,
4405,1900,897569.06,M_246252_913899,Lynn,MA,Three-Family Residential,3,,,
4406,1930,871248.62,M_246262_913888,Lynn,MA,Two-Family Residential,2,,,
4407,1830,792276.24,M_246275_913873,Lynn,MA,Two-Family Residential,2,,,
4408,1890,915801.10,M_246226_913850,Lynn,MA,Three-Family Residential,3,,,
4409,1880,1115911.60,M_246213_913841,Lynn,MA,Apartments with Four to Eight Units,3,,,
4410,1900,850718.23,M_246206_913821,Lynn,MA,Three-Family Residential,3,,,
4411,1890,941767.96,M_246162_913801,Lynn,MA,Three-Family Residential,3,,,
4412,1890,889281.77,M_246151_913793,Lynn,MA,Three-Family Residential,3,,,
4413,1900,588364.64,M_246134_913779,Lynn,MA,Two-Family Residential,2,,,
4414,1900,727624.31,M_246114_913791,Lynn,MA,Three-Family Residential,3,,,
4415,1910,798011.05,M_246182_913759,Lynn,MA,Three-Family Residential,3,,,
4416,1910,784419.89,M_246191_913765,Lynn,MA,Three-Family Residential,3,,,
4417,1910,758011.05,M_246203_913769,Lynn,MA,Three-Family Residential,3,,,
4418,1890,743226.52,M_246229_913774,Lynn,MA,Two-Family Residential,2,,,
4419,1831,731082.87,M_246284_913834,Lynn,MA,Two-Family Residential,2,,,
4420,1900,874895.03,M_246314_913816,Lynn,MA,Two-Family Residential,2,,,
4421,1959,1154033.15,M_246247_913788,Lynn,MA,Two-Family Residential,2,,,
4422,1934,856574.59,M_246210_913775,Lynn,MA,Three-Family Residential,3,,,
4423,1900,653248.62,M_246331_913809,Lynn,MA,Two-Family Residential,2,,,
4424,1910,786541.44,M_246300_914812,Lynn,MA,Two-Family Residential,2,,,
4425,1900,759303.87,M_246256_914796,Lynn,MA,Two-Family Residential,2,,,
4426,1920,985988.95,M_246263_914828,Lynn,MA,Two-Family Residential,2,,,
4427,1925,926707.18,M_246273_914819,Lynn,MA,Two-Family Residential,2,,,
4428,1915,939591.16,M_246436_914758,Lynn,MA,Two-Family Residential,2,,,
4429,1910,938629.83,M_246444_914747,Lynn,MA,Two-Family Residential,2,,,
4430,1915,922044.20,M_246420_914737,Lynn,MA,Two-Family Residential,2,,,
4431,1935,983535.91,M_246484_914703,Lynn,MA,Two-Family Residential,2,,,
4432,1900,924132.60,M_246431_914635,Lynn,MA,Two-Family Residential,2,,,
4433,1888,812453.04,M_246427_914652,Lynn,MA,Two-Family Residential,2,,,
4434,1910,794895.03,M_246409_914656,Lynn,MA,Two-Family Residential,2,,,
4435,1925,722309.39,M_246430_914835,Lynn,MA,Two-Family Residential,2,,,
4436,1900,763226.52,M_246537_914577,Lynn,MA,Two-Family Residential,2,,,
4437,1920,898441.99,M_246532_914537,Lynn,MA,Two-Family Residential,2,,,
4438,1910,1018541.44,M_246511_914558,Lynn,MA,Two-Family Residential,2,,,
4439,1900,1540110.50,M_246487_914583,Lynn,MA,Apartments with Four to Eight Units,4,,,
4440,1920,910276.24,M_246476_914594,Lynn,MA,Three-Family Residential,3,,,
4441,1900,870806.63,M_246465_914606,Lynn,MA,Two-Family Residential,2,,,
4442,1927,795226.52,M_246562_914515,Lynn,MA,Two-Family Residential,2,,,
4443,1918,899966.85,M_246571_914489,Lynn,MA,Two-Family Residential,2,,,
4444,1900,930773.48,M_246562_914501,Lynn,MA,Two-Family Residential,2,,,
4445,1920,812563.54,M_246087_914762,Lynn,MA,Two-Family Residential,2,,,
4446,1910,750861.88,M_245822_914647,Lynn,MA,Two-Family Residential,2,,,
4447,1915,771546.96,M_245779_914625,Lynn,MA,Two-Family Residential,2,,,
4448,1900,780011.05,M_245794_914617,Lynn,MA,Two-Family Residential,2,,,
4449,1923,840441.99,M_245746_914585,Lynn,MA,Three-Family Residential,3,,,
4450,1910,770972.38,M_245789_914556,Lynn,MA,Two-Family Residential,2,,,
4451,1915,1076198.90,M_245827_914591,Lynn,MA,Two-Family Residential,2,,,
4452,1915,910497.24,M_245838_914601,Lynn,MA,Three-Family Residential,3,,,
4453,1925,895193.37,M_245894_914650,Lynn,MA,Two-Family Residential,2,,,
4454,1910,990817.68,M_245927_914676,Lynn,MA,Two-Family Residential,2,,,
4455,1915,701248.62,M_245971_914675,Lynn,MA,Two-Family Residential,2,,,
4456,1910,837779.01,M_245985_914626,Lynn,MA,Two-Family Residential,2,,,
4457,1905,762541.44,M_245995_914600,Lynn,MA,Two-Family Residential,2,,,
4458,1920,734475.14,M_246004_914584,Lynn,MA,Two-Family Residential,2,,,
4459,1900,674033.15,M_246020_914562,Lynn,MA,Three-Family Residential,3,,,
4460,1905,809834.25,M_246061_914498,Lynn,MA,Three-Family Residential,3,,,
4461,1890,785414.36,M_245893_914539,Lynn,MA,Three-Family Residential,3,,,
4462,1880,807259.67,M_245864_914510,Lynn,MA,Two-Family Residential,2,,,
4463,1910,612596.69,M_245906_914505,Lynn,MA,Two-Family Residential,2,,,
4464,1915,887436.46,M_246053_914398,Lynn,MA,Two-Family Residential,2,,,
4465,1915,738121.55,M_246037_914374,Lynn,MA,Two-Family Residential,2,,,
4466,1925,1192154.70,M_246031_914350,Lynn,MA,Apartments with Four to Eight Units,5,,,
4467,1915,861215.47,M_245983_914396,Lynn,MA,Three-Family Residential,3,,,
4468,1903,1293149.17,M_245984_914458,Lynn,MA,Apartments with Four to Eight Units,6,,,
4469,1910,822320.44,M_245971_914440,Lynn,MA,Two-Family Residential,2,,,
4470,1910,864751.38,M_245958_914413,Lynn,MA,Three-Family Residential,3,,,
4471,1900,761104.97,M_245945_914418,Lynn,MA,Three-Family Residential,3,,,
4472,1920,816729.28,M_245923_914440,Lynn,MA,Two-Family Residential,2,,,
4473,1915,892044.20,M_246091_914303,Lynn,MA,Three-Family Residential,3,,,
4474,1910,935657.46,M_246079_914314,Lynn,MA,Two-Family Residential,2,,,
4475,2001,945745.86,M_246066_914322,Lynn,MA,Two-Family Residential,2,,,
4476,1880,721215.47,M_246052_914326,Lynn,MA,Two-Family Residential,2,,,
4477,1890,641845.30,M_246060_914339,Lynn,MA,Two-Family Residential,2,,,
4478,1910,764088.40,M_246068_914349,Lynn,MA,Three-Family Residential,3,,,
4479,1920,978453.04,M_246080_914355,Lynn,MA,Three-Family Residential,3,,,
4480,1910,735679.56,M_246086_914367,Lynn,MA,Two-Family Residential,2,,,
4481,1910,835469.61,M_246109_914403,Lynn,MA,Three-Family Residential,3,,,
4482,1910,784707.18,M_246116_914414,Lynn,MA,Two-Family Residential,2,,,
4483,1925,828729.28,M_246136_914411,Lynn,MA,Two-Family Residential,2,,,
4484,1910,793812.15,M_246092_914526,Lynn,MA,Three-Family Residential,3,,,
4485,1886,664972.38,M_246115_914541,Lynn,MA,Three-Family Residential,3,,,
4486,1900,796563.54,M_246080_914572,Lynn,MA,Two-Family Residential,2,,,
4487,1900,946519.34,M_246038_914637,Lynn,MA,Three-Family Residential,3,,,
4488,1895,700198.90,M_246021_914654,Lynn,MA,Two-Family Residential,2,,,
4489,1910,767790.06,M_246030_914661,Lynn,MA,Two-Family Residential,2,,,
4490,1900,746696.13,M_246207_914573,Lynn,MA,Two-Family Residential,2,,,
4491,1882,735845.30,M_246202_914489,Lynn,MA,Two-Family Residential,2,,,
4492,1900,934662.98,M_246241_914467,Lynn,MA,Two-Family Residential,2,,,
4493,1910,666596.69,M_246232_914452,Lynn,MA,Two-Family Residential,2,,,
4494,1900,800773.48,M_246204_914446,Lynn,MA,Three-Family Residential,3,,,
4495,1880,749779.01,M_246166_914709,Lynn,MA,Two-Family Residential,2,,,
4496,1900,739900.55,M_246187_914686,Lynn,MA,Two-Family Residential,2,,,
4497,1920,821845.30,M_246186_914791,Lynn,MA,Two-Family Residential,2,,,
4498,1915,926408.84,M_246209_914771,Lynn,MA,Three-Family Residential,3,,,
4499,1910,702243.09,M_246219_914760,Lynn,MA,Two-Family Residential,2,,,
4500,1900,970939.23,M_246230_914751,Lynn,MA,Three-Family Residential,3,,,
4501,1910,861215.47,M_246242_914742,Lynn,MA,Three-Family Residential,3,,,
4502,1900,724751.38,M_246253_914732,Lynn,MA,Three-Family Residential,3,,,
4503,1900,980430.94,M_246265_914721,Lynn,MA,Two-Family Residential,2,,,
4504,1905,781392.27,M_246310_914680,Lynn,MA,Two-Family Residential,2,,,
4505,1915,876464.09,M_246321_914670,Lynn,MA,Three-Family Residential,3,,,
4506,1906,815359.12,M_246344_914649,Lynn,MA,Three-Family Residential,3,,,
4507,1900,886408.84,M_246248_914641,Lynn,MA,Three-Family Residential,3,,,
4508,1905,772011.05,M_246311_914584,Lynn,MA,Two-Family Residential,2,,,
4509,1915,730033.15,M_246305_914568,Lynn,MA,Two-Family Residential,2,,,
4510,1895,934364.64,M_246297_914554,Lynn,MA,Three-Family Residential,3,,,
4511,1900,907292.82,M_246272_914582,Lynn,MA,Three-Family Residential,3,,,
4512,1890,842320.44,M_246259_914591,Lynn,MA,Three-Family Residential,3,,,
4513,1901,817038.67,M_246248_914600,Lynn,MA,Two-Family Residential,2,,,
4514,1900,1069281.77,M_246235_914610,Lynn,MA,Three-Family Residential,3,,,
4515,1900,833038.67,M_246278_914524,Lynn,MA,Two-Family Residential,2,,,
4516,1895,957127.07,M_246262_914495,Lynn,MA,Three-Family Residential,3,,,
4517,1920,678806.63,M_246229_914330,Lynn,MA,Two-Family Residential,2,,,
4518,1910,794254.14,M_246291_914365,Lynn,MA,Two-Family Residential,2,,,
4519,1910,955359.12,M_246270_914426,Lynn,MA,Three-Family Residential,3,,,
4520,1895,770143.65,M_246284_914453,Lynn,MA,Two-Family Residential,2,,,
4521,1880,871491.71,M_246309_914496,Lynn,MA,Three-Family Residential,3,,,
4522,1929,915425.41,M_246327_914475,Lynn,MA,Two-Family Residential,2,,,
4523,1891,558895.03,M_246293_914406,Lynn,MA,Two-Family Residential,2,,,
4524,1910,710254.14,M_246332_914528,Lynn,MA,Two-Family Residential,2,,,
4525,1900,806751.38,M_246347_914557,Lynn,MA,Two-Family Residential,2,,,
4526,1900,726176.80,M_246348_914504,Lynn,MA,Two-Family Residential,2,,,
4527,1900,836574.59,M_246340_914392,Lynn,MA,Three-Family Residential,3,,,
4528,1900,760883.98,M_246329_914378,Lynn,MA,Three-Family Residential,3,,,
4529,1910,645248.62,M_246318_914388,Lynn,MA,Two-Family Residential,2,,,
4530,1880,808077.35,M_246352_914438,Lynn,MA,Two-Family Residential,2,,,
4531,1900,1069790.06,M_246411_914442,Lynn,MA,Two-Family Residential,2,,,
4532,1900,834729.28,M_246360_914399,Lynn,MA,Two-Family Residential,2,,,
4533,1900,784751.38,M_246400_914552,Lynn,MA,Two-Family Residential,2,,,
4534,1910,705591.16,M_246389_914563,Lynn,MA,Two-Family Residential,2,,,
4535,1916,933325.97,M_246489_914482,Lynn,MA,Two-Family Residential,2,,,
4536,1920,976751.38,M_246501_914466,Lynn,MA,Two-Family Residential,2,,,
4537,1910,896751.38,M_245771_914503,Lynn,MA,Two-Family Residential,2,,,
4538,1900,872265.19,M_245782_914494,Lynn,MA,Three-Family Residential,3,,,
4539,1905,991049.72,M_245794_914485,Lynn,MA,Three-Family Residential,3,,,
4540,1905,969944.75,M_245805_914475,Lynn,MA,Three-Family Residential,3,,,
4541,1905,666574.59,M_245816_914465,Lynn,MA,Two-Family Residential,2,,,
4542,1905,735624.31,M_245829_914456,Lynn,MA,Two-Family Residential,2,,,
4543,1910,866519.34,M_245936_914368,Lynn,MA,Three-Family Residential,3,,,
4544,1900,877646.41,M_245948_914358,Lynn,MA,Two-Family Residential,2,,,
4545,1919,922099.45,M_245971_914339,Lynn,MA,Three-Family Residential,3,,,
4546,1910,798011.05,M_245987_914333,Lynn,MA,Two-Family Residential,2,,,
4547,1915,922320.44,M_245997_914319,Lynn,MA,Three-Family Residential,3,,,
4548,1900,918519.34,M_246009_914309,Lynn,MA,Two-Family Residential,2,,,
4549,1900,663756.91,M_246027_914304,Lynn,MA,Two-Family Residential,2,,,
4550,1900,1115690.61,M_245993_914282,Lynn,MA,Three-Family Residential,3,,,
4551,1910,938519.34,M_245965_914305,Lynn,MA,Two-Family Residential,2,,,
4552,1910,887513.81,M_245929_914334,Lynn,MA,Three-Family Residential,3,,,
4553,1890,751823.20,M_245917_914345,Lynn,MA,Three-Family Residential,3,,,
4554,1915,862651.93,M_245849_914404,Lynn,MA,Three-Family Residential,3,,,
4555,1933,851491.71,M_245882_914373,Lynn,MA,Three-Family Residential,3,,,
4556,1900,812828.73,M_245904_914402,Lynn,MA,Two-Family Residential,2,,,
4557,1900,654486.19,M_246007_914260,Lynn,MA,Two-Family Residential,2,,,
4558,1900,815624.31,M_246050_914276,Lynn,MA,Two-Family Residential,2,,,
4559,1900,760110.50,M_246062_914266,Lynn,MA,Two-Family Residential,2,,,
4560,1900,930154.70,M_246044_914218,Lynn,MA,Two-Family Residential,2,,,
4561,1900,706220.99,M_246042_914290,Lynn,MA,Two-Family Residential,2,,,
4562,1910,912607.73,M_245828_914358,Lynn,MA,Two-Family Residential,2,,,
4563,1910,669955.80,M_245856_914343,Lynn,MA,Two-Family Residential,2,,,
4564,1918,799314.92,M_245865_914328,Lynn,MA,Two-Family Residential,2,,,
4565,1900,751038.67,M_245892_914312,Lynn,MA,Two-Family Residential,2,,,
4566,1915,912486.19,M_245899_914299,Lynn,MA,Three-Family Residential,3,,,
4567,1910,815977.90,M_245960_914250,Lynn,MA,Two-Family Residential,2,,,
4568,1880,909060.77,M_245974_914197,Lynn,MA,Two-Family Residential,2,,,
4569,1880,891160.22,M_245958_914223,Lynn,MA,Three-Family Residential,3,,,
4570,1920,1089314.92,M_245933_914241,Lynn,MA,Two-Family Residential,2,,,
4571,1880,918121.55,M_245906_914259,Lynn,MA,Three-Family Residential,3,,,
4572,1880,900220.99,M_245894_914268,Lynn,MA,Three-Family Residential,3,,,
4573,1880,715812.15,M_245871_914284,Lynn,MA,Two-Family Residential,2,,,
4574,1920,942541.44,M_245860_914300,Lynn,MA,Two-Family Residential,2,,,
4575,1920,923756.91,M_245846_914308,Lynn,MA,Three-Family Residential,3,,,
4576,1900,869292.82,M_245658_915013,Lynn,MA,Two-Family Residential,2,,,
4577,1920,923602.21,M_245848_915033,Lynn,MA,Two-Family Residential,2,,,
4578,1914,895712.71,M_245840_915022,Lynn,MA,Two-Family Residential,2,,,
4579,1915,648011.05,M_245816_915032,Lynn,MA,Two-Family Residential,2,,,
4580,1915,727900.55,M_245800_915036,Lynn,MA,Two-Family Residential,2,,,
4581,1798,811690.61,M_245812_914981,Lynn,MA,Two-Family Residential,2,,,
4582,1920,905226.52,M_245786_914956,Lynn,MA,Two-Family Residential,2,,,
4583,1920,860187.85,M_245784_914941,Lynn,MA,Two-Family Residential,2,,,
4584,1920,828795.58,M_245777_914930,Lynn,MA,Two-Family Residential,2,,,
4585,1920,747138.12,M_245770_914920,Lynn,MA,Two-Family Residential,2,,,
4586,1910,750563.54,M_245664_914880,Lynn,MA,Two-Family Residential,2,,,
4587,1930,854939.23,M_245640_914943,Lynn,MA,Two-Family Residential,2,,,
4588,1920,705049.72,M_245695_914822,Lynn,MA,Two-Family Residential,2,,,
4589,1930,914475.14,M_245661_914769,Lynn,MA,Three-Family Residential,3,,,
4590,1905,806110.50,M_246136_915279,Lynn,MA,Two-Family Residential,2,,,
4591,1920,873071.82,M_246276_914958,Lynn,MA,Two-Family Residential,2,,,
4592,1920,942773.48,M_246320_914932,Lynn,MA,Two-Family Residential,2,,,
4593,1920,883281.77,M_246338_914914,Lynn,MA,Two-Family Residential,2,,,
4594,1920,989370.17,M_246309_914857,Lynn,MA,Two-Family Residential,2,,,
4595,1920,908397.79,M_246279_914867,Lynn,MA,Two-Family Residential,2,,,
4596,1920,907944.75,M_246293_914875,Lynn,MA,Two-Family Residential,2,,,
4597,1925,878629.83,M_246307_914884,Lynn,MA,Two-Family Residential,2,,,
4598,1920,980662.98,M_246328_914889,Lynn,MA,Two-Family Residential,2,,,
4599,1925,919193.37,M_246294_914926,Lynn,MA,Two-Family Residential,2,,,
4600,1915,1075281.77,M_246279_914918,Lynn,MA,Two-Family Residential,2,,,
4601,1920,1034541.44,M_246265_914909,Lynn,MA,Two-Family Residential,2,,,
4602,1915,984674.03,M_246247_914899,Lynn,MA,Two-Family Residential,2,,,
4603,1920,866839.78,M_245718_914758,Lynn,MA,Two-Family Residential,2,,,
4604,1927,895259.67,M_245809_914749,Lynn,MA,Two-Family Residential,2,,,
4605,1880,789756.91,M_245720_914729,Lynn,MA,Two-Family Residential,2,,,
4606,1920,888375.69,M_245756_914818,Lynn,MA,Two-Family Residential,2,,,
4607,1920,961281.77,M_245768_914831,Lynn,MA,Two-Family Residential,2,,,
4608,1920,812265.19,M_245777_914843,Lynn,MA,Two-Family Residential,2,,,
4609,1920,995381.22,M_245783_914860,Lynn,MA,Two-Family Residential,2,,,
4610,1900,806077.35,M_245840_914934,Lynn,MA,Two-Family Residential,2,,,
4611,1915,749613.26,M_245869_914937,Lynn,MA,Two-Family Residential,2,,,
4612,1890,881524.86,M_245902_914913,Lynn,MA,Two-Family Residential,2,,,
4613,1935,852044.20,M_245911_914905,Lynn,MA,Two-Family Residential,2,,,
4614,1900,954696.13,M_245923_914895,Lynn,MA,Two-Family Residential,2,,,
4615,1900,836784.53,M_245932_914889,Lynn,MA,Two-Family Residential,2,,,
4616,1910,747657.46,M_245985_914983,Lynn,MA,Two-Family Residential,2,,,
4617,1920,719889.50,M_245982_914966,Lynn,MA,Two-Family Residential,2,,,
4618,1900,633027.62,M_245912_914951,Lynn,MA,Two-Family Residential,2,,,
4619,1900,769071.82,M_245979_914932,Lynn,MA,Two-Family Residential,2,,,
4620,1910,755602.21,M_245993_914928,Lynn,MA,Two-Family Residential,2,,,
4621,1900,718508.29,M_246016_914881,Lynn,MA,Two-Family Residential,2,,,
4622,1920,846629.83,M_246065_914847,Lynn,MA,Two-Family Residential,2,,,
4623,1920,725458.56,M_246107_914864,Lynn,MA,Two-Family Residential,2,,,
4624,1900,807093.92,M_246117_914851,Lynn,MA,Two-Family Residential,2,,,
4625,1890,1066055.25,M_246129_914841,Lynn,MA,Two-Family Residential,2,,,
4626,1915,740839.78,M_246144_914836,Lynn,MA,Two-Family Residential,2,,,
4627,1910,764209.94,M_246064_914782,Lynn,MA,Two-Family Residential,2,,,
4628,1910,838674.03,M_246077_914772,Lynn,MA,Two-Family Residential,2,,,
4629,1981,825414.36,M_246025_914822,Lynn,MA,Two-Family Residential,2,,,
4630,1910,761381.22,M_245739_914616,Lynn,MA,Two-Family Residential,2,,,
4631,1900,738397.79,M_245869_914736,Lynn,MA,Two-Family Residential,2,,,
4632,1915,783602.21,M_245978_914773,Lynn,MA,Two-Family Residential,2,,,
4633,1915,959116.02,M_245957_914770,Lynn,MA,Three-Family Residential,3,,,
4634,1890,843436.46,M_245954_914754,Lynn,MA,Two-Family Residential,2,,,
4635,1890,941657.46,M_245918_914723,Lynn,MA,Three-Family Residential,3,,,
4636,1900,900033.15,M_245889_914706,Lynn,MA,Two-Family Residential,2,,,
4637,1915,861104.97,M_245878_914697,Lynn,MA,Three-Family Residential,3,,,
4638,1912,727922.65,M_245857_914677,Lynn,MA,Two-Family Residential,2,,,
4639,1900,938928.18,M_245831_914660,Lynn,MA,Two-Family Residential,2,,,
4640,1915,693204.42,M_245800_914657,Lynn,MA,Two-Family Residential,2,,,
4641,1915,739812.15,M_245769_914636,Lynn,MA,Two-Family Residential,2,,,
4642,1905,976530.39,M_246175_914802,Lynn,MA,Two-Family Residential,2,,,
4643,1920,970718.23,M_245874_915599,Lynn,MA,Three-Family Residential,3,,,
4644,1900,892099.45,M_246115_915430,Lynn,MA,Two-Family Residential,2,,,
4645,1920,839248.62,M_246159_915431,Lynn,MA,Two-Family Residential,2,,,
4646,1925,868828.73,M_246201_915373,Lynn,MA,Two-Family Residential,2,,,
4647,1890,1042254.14,M_247245_913114,Lynn,MA,Two-Family Residential,2,,,
4648,1920,737944.75,M_247210_913111,Lynn,MA,Two-Family Residential,2,,,
4649,1900,544861.88,M_247489_913190,Lynn,MA,Three-Family Residential,3,,,
4650,1920,142000.00,M_247496_913176,Lynn,MA,Two-Family Residential,2,,,
4651,1900,1376132.60,M_247436_913203,Lynn,MA,Two-Family Residential,2,,,
4652,1945,1518895.03,M_247325_913118,Lynn,MA,Apartments with Four to Eight Units,4,,,
4653,1900,777966.85,M_247390_913153,Lynn,MA,Two-Family Residential,3,,,
4654,1870,955690.61,M_247384_913142,Lynn,MA,Three-Family Residential,3,,,
4655,1910,938011.05,M_247377_913132,Lynn,MA,Three-Family Residential,3,,,
4656,1900,702243.09,M_247369_913118,Lynn,MA,Two-Family Residential,2,,,
4657,1920,876464.09,M_247367_913107,Lynn,MA,Two-Family Residential,2,,,
4658,1913,1038408.84,M_247433_913125,Lynn,MA,Two-Family Residential,2,,,
4659,1900,1294364.64,M_247447_913108,Lynn,MA,Three-Family Residential,3,,,
4660,1900,1422320.44,M_247488_913090,Lynn,MA,Apartments with Four to Eight Units,4,,,
4661,1900,1539292.82,M_247457_913071,Lynn,MA,Three-Family Residential,3,,,
4662,1910,1219226.52,M_247422_913052,Lynn,MA,Three-Family Residential,3,,,
4663,1910,939823.20,M_247410_913060,Lynn,MA,Two-Family Residential,2,,,
4664,1900,839977.90,M_247393_913072,Lynn,MA,Two-Family Residential,2,,,
4665,1900,1045602.21,M_247376_913084,Lynn,MA,Two-Family Residential,2,,,
4666,1900,811602.21,M_247349_913154,Lynn,MA,Three-Family Residential,3,,,
4667,1910,1523867.40,M_247291_913080,Lynn,MA,Apartments with Four to Eight Units,7,,,
4668,1900,1033801.10,M_247301_913100,Lynn,MA,Two-Family Residential,2,,,
4669,1890,1026331.49,M_247327_913082,Lynn,MA,Two-Family Residential,2,,,
4670,1900,1017790.06,M_247341_913072,Lynn,MA,Three-Family Residential,3,,,
4671,1900,1412928.18,M_247359_913063,Lynn,MA,Two-Family Residential,2,,,
4672,1880,1266928.18,M_247414_913027,Lynn,MA,Two-Family Residential,2,,,
4673,1900,1407845.30,M_247384_913021,Lynn,MA,Three-Family Residential,3,,,
4674,1910,1010839.78,M_247341_913046,Lynn,MA,Two-Family Residential,2,,,
4675,1900,1153480.66,M_247303_913072,Lynn,MA,Three-Family Residential,3,,,
4676,1900,1279988.95,M_247258_913016,Lynn,MA,Two-Family Residential,2,,,
4677,1920,907259.67,M_247319_913013,Lynn,MA,Two-Family Residential,2,,,
4678,1880,1238961.33,M_247339_912996,Lynn,MA,Two-Family Residential,2,,,
4679,1885,979359.12,M_247313_912982,Lynn,MA,Two-Family Residential,2,,,
4680,1910,993038.67,M_247242_912981,Lynn,MA,Three-Family Residential,3,,,
4681,1910,1247646.41,M_247255_912970,Lynn,MA,Two-Family Residential,2,,,
4682,1900,1094696.13,M_247298_912924,Lynn,MA,Three-Family Residential,3,,,
4683,1830,1244662.98,M_247272_912929,Lynn,MA,Two-Family Residential,3,,,
4684,1900,910607.73,M_247202_913058,Lynn,MA,Three-Family Residential,3,,,
4685,1900,954375.69,M_247228_913065,Lynn,MA,Two-Family Residential,2,,,
4686,1900,820883.98,M_247238_913072,Lynn,MA,Three-Family Residential,3,,,
4687,1890,1244751.38,M_247211_913033,Lynn,MA,Three-Family Residential,3,,,
4688,1925,934143.65,M_247309_913625,Lynn,MA,Three-Family Residential,3,,,
4689,1900,893734.81,M_247328_913580,Lynn,MA,Two-Family Residential,2,,,
4690,1900,860662.98,M_247342_913555,Lynn,MA,Three-Family Residential,3,,,
4691,1900,932000.00,M_247318_913547,Lynn,MA,Two-Family Residential,2,,,
4692,1900,733392.27,M_247373_913494,Lynn,MA,Two-Family Residential,2,,,
4693,1895,916475.14,M_247355_913478,Lynn,MA,Two-Family Residential,2,,,
4694,1880,580950.28,M_247394_913440,Lynn,MA,Two-Family Residential,2,,,
4695,1880,1077348.07,M_247431_913299,Lynn,MA,Three-Family Residential,3,,,
4696,1890,950430.94,M_247417_913335,Lynn,MA,Two-Family Residential,2,,,
4697,1900,918895.03,M_247407_913362,Lynn,MA,Three-Family Residential,3,,,
4698,1900,772972.38,M_247394_913391,Lynn,MA,Two-Family Residential,2,,,
4699,1900,831668.51,M_247389_913405,Lynn,MA,Two-Family Residential,2,,,
4700,1890,1334475.14,M_247241_913572,Lynn,MA,Apartments with Four to Eight Units,6,,,
4701,1900,767546.96,M_247163_913535,Lynn,MA,Two-Family Residential,2,,,
4702,1890,929823.20,M_247214_913512,Lynn,MA,Two-Family Residential,2,,,
4703,1900,1092596.69,M_247263_913533,Lynn,MA,Three-Family Residential,3,,,
4704,1900,1108066.30,M_247271_913520,Lynn,MA,Three-Family Residential,3,,,
4705,1900,947447.51,M_247230_913487,Lynn,MA,Two-Family Residential,2,,,
4706,1900,911823.20,M_247216_913479,Lynn,MA,Three-Family Residential,3,,,
4707,1900,1013248.62,M_247204_913472,Lynn,MA,Two-Family Residential,2,,,
4708,1900,917480.66,M_247187_913453,Lynn,MA,Two-Family Residential,2,,,
4709,1900,1155690.61,M_247267_913455,Lynn,MA,Three-Family Residential,3,,,
4710,1860,716386.74,M_247289_913475,Lynn,MA,Two-Family Residential,2,,,
4711,1880,1029723.76,M_247305_913467,Lynn,MA,Three-Family Residential,3,,,
4712,1910,910939.23,M_247306_913448,Lynn,MA,Three-Family Residential,3,,,
4713,1900,878453.04,M_247276_913436,Lynn,MA,Three-Family Residential,3,,,
4714,1900,927922.65,M_247103_913283,Lynn,MA,Two-Family Residential,2,,,
4715,1910,761624.31,M_247106_913264,Lynn,MA,Two-Family Residential,2,,,
4716,1961,926077.35,M_247138_913197,Lynn,MA,Three-Family Residential,3,,,
4717,1900,775569.06,M_247151_913166,Lynn,MA,Two-Family Residential,2,,,
4718,1900,876574.59,M_247159_913151,Lynn,MA,Three-Family Residential,3,,,
4719,1900,609281.77,M_247171_913135,Lynn,MA,Two-Family Residential,2,,,
4720,1900,889745.86,M_247181_913333,Lynn,MA,Two-Family Residential,2,,,
4721,1911,825436.46,M_247198_913299,Lynn,MA,Two-Family Residential,2,,,
4722,1910,915027.62,M_247237_913218,Lynn,MA,Three-Family Residential,3,,,
4723,1800,822220.99,M_247251_913201,Lynn,MA,Two-Family Residential,2,,,
4724,1900,911933.70,M_247261_913186,Lynn,MA,Three-Family Residential,3,,,
4725,1880,762939.23,M_247271_913175,Lynn,MA,Two-Family Residential,2,,,
4726,1880,672674.03,M_247205_913124,Lynn,MA,Two-Family Residential,2,,,
4727,1880,806066.30,M_247216_913170,Lynn,MA,Two-Family Residential,2,,,
4728,1900,777591.16,M_247180_913187,Lynn,MA,Two-Family Residential,2,,,
4729,1900,722596.69,M_247174_913200,Lynn,MA,Two-Family Residential,2,,,
4730,1900,906298.34,M_247161_913228,Lynn,MA,Three-Family Residential,3,,,
4731,1905,784640.88,M_247162_913247,Lynn,MA,Three-Family Residential,3,,,
4732,1900,854176.80,M_247139_913286,Lynn,MA,Two-Family Residential,2,,,
4733,1900,796077.35,M_247173_913289,Lynn,MA,Two-Family Residential,2,,,
4734,1912,1003535.91,M_247292_913368,Lynn,MA,Three-Family Residential,3,,,
4735,1900,928950.28,M_247277_913350,Lynn,MA,Three-Family Residential,3,,,
4736,1900,950928.18,M_247263_913340,Lynn,MA,Two-Family Residential,2,,,
4737,1930,817668.51,M_247230_913327,Lynn,MA,Two-Family Residential,2,,,
4738,1910,979447.51,M_247274_913288,Lynn,MA,Three-Family Residential,3,,,
4739,1910,739580.11,M_247298_913306,Lynn,MA,Two-Family Residential,2,,,
4740,1900,740850.83,M_247310_913325,Lynn,MA,Two-Family Residential,2,,,
4741,1920,1014806.63,M_247315_913308,Lynn,MA,Three-Family Residential,3,,,
4742,1880,1148618.78,M_247322_913270,Lynn,MA,Apartments with Four to Eight Units,5,,,
4743,1880,786243.09,M_247338_913257,Lynn,MA,Two-Family Residential,2,,,
4744,1900,729502.76,M_247334_913245,Lynn,MA,Three-Family Residential,3,,,
4745,1900,764640.88,M_247335_913226,Lynn,MA,Three-Family Residential,3,,,
4746,1920,1181988.95,M_247332_913206,Lynn,MA,Apartments with Four to Eight Units,4,,,
4747,1915,818784.53,M_247311_913186,Lynn,MA,Three-Family Residential,3,,,
4748,1915,967624.31,M_247301_913228,Lynn,MA,Three-Family Residential,3,,,
4749,1910,980000.00,M_247292_913243,Lynn,MA,Three-Family Residential,3,,,
4750,1910,974033.15,M_247266_913261,Lynn,MA,Three-Family Residential,3,,,
4751,1910,714795.58,M_247251_913272,Lynn,MA,Two-Family Residential,2,,,
4752,1900,880441.99,M_247313_913409,Lynn,MA,Three-Family Residential,3,,,
4753,1900,1043867.40,M_247331_913428,Lynn,MA,Three-Family Residential,3,,,
4754,1930,792375.69,M_247347_913389,Lynn,MA,Three-Family Residential,2,,,
4755,1900,999049.72,M_247354_913374,Lynn,MA,Two-Family Residential,2,,,
4756,1910,916243.09,M_247359_913360,Lynn,MA,Three-Family Residential,3,,,
4757,1900,933712.71,M_247375_913318,Lynn,MA,Two-Family Residential,2,,,
4758,1900,938751.38,M_247381_913303,Lynn,MA,Two-Family Residential,2,,,
4759,1890,1459558.01,M_247394_913277,Lynn,MA,Apartments with Four to Eight Units,6,,,
4760,1920,953922.65,M_247371_913248,Lynn,MA,Three-Family Residential,3,,,
4761,1900,893701.66,M_247367_913271,Lynn,MA,Three-Family Residential,3,,,
4762,1905,1287955.80,M_247363_913287,Lynn,MA,Three-Family Residential,3,,,
4763,1900,883801.10,M_247346_913323,Lynn,MA,Two-Family Residential,2,,,
4764,1880,786618.78,M_247339_913340,Lynn,MA,Two-Family Residential,2,,,
4765,1900,1041944.75,M_247400_913212,Lynn,MA,Two-Family Residential,2,,,
4766,1900,929171.27,M_246999_914006,Lynn,MA,Three-Family Residential,3,,,
4767,1920,699204.42,M_246948_914035,Lynn,MA,Two-Family Residential,2,,,
4768,1920,918674.03,M_246929_914059,Lynn,MA,Three-Family Residential,3,,,
4769,1890,933591.16,M_246997_914063,Lynn,MA,Three-Family Residential,3,,,
4770,1900,735292.82,M_247006_914050,Lynn,MA,Two-Family Residential,2,,,
4771,1880,907392.27,M_247017_914037,Lynn,MA,Two-Family Residential,2,,,
4772,1900,670464.09,M_247025_914013,Lynn,MA,Two-Family Residential,2,,,
4773,1920,676453.04,M_247106_914123,Lynn,MA,Two-Family Residential,2,,,
4774,1906,828475.14,M_247114_914114,Lynn,MA,Two-Family Residential,2,,,
4775,1930,672342.54,M_247122_914108,Lynn,MA,Two-Family Residential,2,,,
4776,1910,976906.08,M_247130_914099,Lynn,MA,Three-Family Residential,3,,,
4777,1880,718629.83,M_247010_913938,Lynn,MA,Two-Family Residential,2,,,
4778,1890,1087734.81,M_247021_913943,Lynn,MA,Apartments with Four to Eight Units,4,,,
4779,1900,834265.19,M_247033_913952,Lynn,MA,Two-Family Residential,2,,,
4780,1920,938375.69,M_247056_913975,Lynn,MA,Two-Family Residential,2,,,
4781,1900,902187.85,M_247159_913846,Lynn,MA,Two-Family Residential,2,,,
4782,1900,963314.92,M_247178_913843,Lynn,MA,Three-Family Residential,3,,,
4783,1900,818950.28,M_247194_913735,Lynn,MA,Two-Family Residential,2,,,
4784,1910,918209.94,M_247178_913751,Lynn,MA,Two-Family Residential,2,,,
4785,1926,1125944.75,M_247172_913764,Lynn,MA,Two-Family Residential,2,,,
4786,1928,836243.09,M_247167_913802,Lynn,MA,Two-Family Residential,2,,,
4787,1910,930453.04,M_247154_913781,Lynn,MA,Two-Family Residential,2,,,
4788,1910,954408.84,M_247125_913822,Lynn,MA,Two-Family Residential,2,,,
4789,1910,938784.53,M_247112_913832,Lynn,MA,Two-Family Residential,2,,,
4790,1910,948397.79,M_247035_913930,Lynn,MA,Two-Family Residential,2,,,
4791,1983,534254.14,M_247211_913847,Lynn,MA,Two-Family Residential,2,,,
4792,1880,1074696.13,M_247230_913841,Lynn,MA,Three-Family Residential,3,,,
4793,1850,1054508.29,M_247154_913882,Lynn,MA,Two-Family Residential,2,,,
4794,1900,775823.20,M_247179_913961,Lynn,MA,Two-Family Residential,2,,,
4795,1900,749635.36,M_247190_913947,Lynn,MA,Two-Family Residential,2,,,
4796,1900,704320.44,M_247219_913893,Lynn,MA,Two-Family Residential,2,,,
4797,1800,745845.30,M_247145_913992,Lynn,MA,Two-Family Residential,2,,,
4798,1910,814176.80,M_246800_914004,Lynn,MA,Two-Family Residential,2,,,
4799,1920,718983.43,M_246828_913950,Lynn,MA,Two-Family Residential,2,,,
4800,1910,722773.48,M_246850_913909,Lynn,MA,Two-Family Residential,2,,,
4801,1925,665204.42,M_246858_913896,Lynn,MA,Two-Family Residential,2,,,
4802,1905,688640.88,M_246865_913869,Lynn,MA,Two-Family Residential,2,,,
4803,1920,682950.28,M_246864_913967,Lynn,MA,Two-Family Residential,2,,,
4804,1900,784861.88,M_246851_914001,Lynn,MA,Two-Family Residential,2,,,
4805,1900,846077.35,M_246842_914014,Lynn,MA,Three-Family Residential,3,,,
4806,1875,611580.11,M_246859_914022,Lynn,MA,Two-Family Residential,2,,,
4807,1910,829171.27,M_246907_913947,Lynn,MA,Three-Family Residential,3,,,
4808,1900,1403425.41,M_246919_913959,Lynn,MA,Apartments with Four to Eight Units,3,,,
4809,1910,681215.47,M_246952_913959,Lynn,MA,Three-Family Residential,3,,,
4810,1900,668950.28,M_246919_913920,Lynn,MA,Three-Family Residential,3,,,
4811,1880,721524.86,M_246908_913909,Lynn,MA,Two-Family Residential,2,,,
4812,1900,665182.32,M_246898_913898,Lynn,MA,Two-Family Residential,2,,,
4813,1875,882651.93,M_246904_913843,Lynn,MA,Three-Family Residential,3,,,
4814,1900,953149.17,M_246916_913853,Lynn,MA,Three-Family Residential,3,,,
4815,1880,1007734.81,M_246926_913861,Lynn,MA,Three-Family Residential,3,,,
4816,1910,899226.52,M_246938_913871,Lynn,MA,Three-Family Residential,3,,,
4817,1910,754475.14,M_246948_913880,Lynn,MA,Two-Family Residential,2,,,
4818,1910,865734.81,M_246958_913889,Lynn,MA,Two-Family Residential,2,,,
4819,1869,1015469.61,M_246969_913898,Lynn,MA,Three-Family Residential,3,,,
4820,1910,774618.78,M_247005_913900,Lynn,MA,Two-Family Residential,2,,,
4821,1900,611723.76,M_246994_913889,Lynn,MA,Two-Family Residential,2,,,
4822,1900,704331.49,M_246983_913880,Lynn,MA,Two-Family Residential,2,,,
4823,1900,833701.66,M_246969_913868,Lynn,MA,Two-Family Residential,2,,,
4824,1900,898674.03,M_246954_913857,Lynn,MA,Three-Family Residential,3,,,
4825,1900,863535.91,M_246942_913846,Lynn,MA,Three-Family Residential,3,,,
4826,1900,700817.68,M_246930_913836,Lynn,MA,Two-Family Residential,2,,,
4827,1900,732220.99,M_246920_913827,Lynn,MA,Two-Family Residential,2,,,
4828,1900,690375.69,M_246910_913821,Lynn,MA,Two-Family Residential,2,,,
4829,2013,1005513.81,M_246900_913811,Lynn,MA,Two-Family Residential,2,,,
4830,1900,725193.37,M_246905_913779,Lynn,MA,Three-Family Residential,3,,,
4831,1900,714276.24,M_246916_913789,Lynn,MA,Two-Family Residential,2,,,
4832,1900,791933.70,M_246930_913800,Lynn,MA,Three-Family Residential,3,,,
4833,1900,729834.25,M_246945_913811,Lynn,MA,Two-Family Residential,2,,,
4834,1900,722773.48,M_246958_913823,Lynn,MA,Two-Family Residential,2,,,
4835,1915,830541.44,M_246972_913833,Lynn,MA,Two-Family Residential,2,,,
4836,1900,814718.23,M_246984_913842,Lynn,MA,Two-Family Residential,2,,,
4837,1910,713116.02,M_247019_913878,Lynn,MA,Two-Family Residential,2,,,
4838,1900,700861.88,M_247024_913872,Lynn,MA,Two-Family Residential,2,,,
4839,1880,984662.98,M_247019_913841,Lynn,MA,Two-Family Residential,2,,,
4840,1900,865635.36,M_246942_913782,Lynn,MA,Three-Family Residential,3,,,
4841,1900,923204.42,M_246918_913763,Lynn,MA,Three-Family Residential,3,,,
4842,1900,644530.39,M_246911_913747,Lynn,MA,Two-Family Residential,2,,,
4843,1900,782740.33,M_246948_913727,Lynn,MA,Three-Family Residential,2,,,
4844,1920,701856.35,M_246960_913737,Lynn,MA,Two-Family Residential,2,,,
4845,1900,799635.36,M_247005_913771,Lynn,MA,Two-Family Residential,2,,,
4846,1905,910143.65,M_247047_913805,Lynn,MA,Two-Family Residential,2,,,
4847,1900,1112928.18,M_247068_913811,Lynn,MA,Two-Family Residential,2,,,
4848,1900,1163138.12,M_247079_913797,Lynn,MA,Two-Family Residential,2,,,
4849,1920,961624.31,M_247035_913765,Lynn,MA,Two-Family Residential,2,,,
4850,1930,1058375.69,M_247016_913751,Lynn,MA,Two-Family Residential,2,,,
4851,1920,1070961.33,M_246998_913737,Lynn,MA,Two-Family Residential,2,,,
4852,1900,908839.78,M_246954_913698,Lynn,MA,Three-Family Residential,3,,,
4853,1900,895392.27,M_246934_913719,Lynn,MA,Two-Family Residential,2,,,
4854,1920,1092066.30,M_247048_913735,Lynn,MA,Two-Family Residential,2,,,
4855,1920,890618.78,M_247067_913749,Lynn,MA,Two-Family Residential,2,,,
4856,1920,809270.72,M_247083_913761,Lynn,MA,Two-Family Residential,2,,,
4857,1926,1162850.83,M_247097_913777,Lynn,MA,Two-Family Residential,2,,,
4858,1880,910497.24,M_247107_913764,Lynn,MA,Three-Family Residential,3,,,
4859,1920,984718.23,M_247118_913751,Lynn,MA,Two-Family Residential,2,,,
4860,1920,908607.73,M_247004_913622,Lynn,MA,Two-Family Residential,2,,,
4861,1900,1293259.67,M_247067_913667,Lynn,MA,Apartments with Four to Eight Units,6,,,
4862,1910,882762.43,M_247084_913679,Lynn,MA,Three-Family Residential,3,,,
4863,1910,928773.48,M_247095_913688,Lynn,MA,Two-Family Residential,2,,,
4864,1910,828651.93,M_247106_913697,Lynn,MA,Two-Family Residential,2,,,
4865,1920,920055.25,M_247117_913704,Lynn,MA,Two-Family Residential,2,,,
4866,1920,959226.52,M_247127_913711,Lynn,MA,Three-Family Residential,3,,,
4867,1900,1020453.04,M_247138_913729,Lynn,MA,Two-Family Residential,2,,,
4868,1960,736906.08,M_247148_913717,Lynn,MA,Two-Family Residential,2,,,
4869,1910,776552.49,M_246718_914493,Lynn,MA,Two-Family Residential,2,,,
4870,1920,724243.09,M_246656_914448,Lynn,MA,Two-Family Residential,2,,,
4871,1900,895027.62,M_246628_914419,Lynn,MA,Three-Family Residential,3,,,
4872,1900,777900.55,M_246672_914403,Lynn,MA,Two-Family Residential,2,,,
4873,1900,957569.06,M_246797_914490,Lynn,MA,Three-Family Residential,3,,,
4874,1920,961127.07,M_246846_914482,Lynn,MA,Two-Family Residential,2,,,
4875,1926,923248.62,M_246833_914474,Lynn,MA,Two-Family Residential,2,,,
4876,1900,796585.64,M_246808_914456,Lynn,MA,Two-Family Residential,2,,,
4877,1910,740718.23,M_246758_914421,Lynn,MA,Two-Family Residential,2,,,
4878,1910,971270.72,M_246738_914400,Lynn,MA,Three-Family Residential,3,,,
4879,1902,860000.00,M_246720_914394,Lynn,MA,Three-Family Residential,3,,,
4880,1890,878784.53,M_246683_914353,Lynn,MA,Three-Family Residential,3,,,
4881,1900,921436.46,M_246702_914330,Lynn,MA,Three-Family Residential,3,,,
4882,1900,959668.51,M_246778_914375,Lynn,MA,Three-Family Residential,3,,,
4883,1925,821038.67,M_246893_914424,Lynn,MA,Two-Family Residential,2,,,
4884,1925,952939.23,M_246870_914406,Lynn,MA,Two-Family Residential,2,,,
4885,1925,908044.20,M_246858_914397,Lynn,MA,Two-Family Residential,2,,,
4886,1911,760165.75,M_246820_914370,Lynn,MA,Two-Family Residential,2,,,
4887,1924,920850.83,M_246795_914351,Lynn,MA,Two-Family Residential,2,,,
4888,1900,879602.21,M_246731_914295,Lynn,MA,Two-Family Residential,2,,,
4889,1900,864861.88,M_246721_914307,Lynn,MA,Three-Family Residential,3,,,
4890,1900,848618.78,M_246712_914319,Lynn,MA,Three-Family Residential,3,,,
4891,1891,933370.17,M_246773_914280,Lynn,MA,Three-Family Residential,3,,,
4892,1898,743171.27,M_246807_914297,Lynn,MA,Two-Family Residential,2,,,
4893,1909,766331.49,M_246819_914305,Lynn,MA,Two-Family Residential,2,,,
4894,1908,757204.42,M_246831_914314,Lynn,MA,Two-Family Residential,2,,,
4895,1910,897348.07,M_246842_914325,Lynn,MA,Three-Family Residential,3,,,
4896,1913,725690.61,M_246866_914342,Lynn,MA,Two-Family Residential,2,,,
4897,1925,847149.17,M_246928_914387,Lynn,MA,Two-Family Residential,2,,,
4898,1925,833104.97,M_246936_914394,Lynn,MA,Two-Family Residential,2,,,
4899,1925,890375.69,M_246945_914403,Lynn,MA,Two-Family Residential,2,,,
4900,1926,907933.70,M_246956_914411,Lynn,MA,Two-Family Residential,2,,,
4901,1926,980121.55,M_246967_914418,Lynn,MA,Two-Family Residential,2,,,
4902,1926,981469.61,M_246988_914433,Lynn,MA,Two-Family Residential,2,,,
4903,1900,654861.88,M_246925_914508,Lynn,MA,Two-Family Residential,2,,,
4904,1910,950386.74,M_246943_914362,Lynn,MA,Three-Family Residential,3,,,
4905,1925,815966.85,M_246886_914318,Lynn,MA,Two-Family Residential,2,,,
4906,1910,761878.45,M_246811_914261,Lynn,MA,Two-Family Residential,2,,,
4907,1900,640552.49,M_246836_914285,Lynn,MA,Two-Family Residential,2,,,
4908,1910,874143.65,M_246849_914290,Lynn,MA,Two-Family Residential,2,,,
4909,1910,1034475.14,M_246918_914070,Lynn,MA,Three-Family Residential,3,,,
4910,1920,973182.32,M_246909_914082,Lynn,MA,Two-Family Residential,2,,,
4911,1920,823281.77,M_246892_914104,Lynn,MA,Two-Family Residential,2,,,
4912,1910,925182.32,M_246883_914115,Lynn,MA,Two-Family Residential,2,,,
4913,1920,828795.58,M_246841_914163,Lynn,MA,Two-Family Residential,2,,,
4914,1920,1001911.60,M_246832_914174,Lynn,MA,Two-Family Residential,2,,,
4915,1920,925303.87,M_246877_914218,Lynn,MA,Three-Family Residential,3,,,
4916,1917,995469.61,M_246905_914182,Lynn,MA,Two-Family Residential,2,,,
4917,1920,1094696.13,M_246914_914170,Lynn,MA,Two-Family Residential,2,,,
4918,1915,950828.73,M_246923_914296,Lynn,MA,Three-Family Residential,3,,,
4919,1873,1072596.69,M_247066_914163,Lynn,MA,Apartments with Four to Eight Units,3,,,
4920,1873,888696.13,M_246948_914195,Lynn,MA,Two-Family Residential,2,,,
4921,1900,1012154.70,M_246899_914277,Lynn,MA,Three-Family Residential,3,,,
4922,1900,892928.18,M_247014_914321,Lynn,MA,Three-Family Residential,3,,,
4923,1890,1122541.44,M_247098_914193,Lynn,MA,Three-Family Residential,3,,,
4924,1920,843834.25,M_247055_914236,Lynn,MA,Two-Family Residential,2,,,
4925,1920,828895.03,M_246677_914282,Lynn,MA,Two-Family Residential,2,,,
4926,1927,788055.25,M_246698_914236,Lynn,MA,Two-Family Residential,2,,,
4927,1920,840806.63,M_246716_914243,Lynn,MA,Two-Family Residential,2,,,
4928,1920,861104.97,M_246719_914230,Lynn,MA,Two-Family Residential,2,,,
4929,1925,901436.46,M_246727_914219,Lynn,MA,Two-Family Residential,2,,,
4930,1890,861392.27,M_246747_914202,Lynn,MA,Two-Family Residential,2,,,
4931,1920,797215.47,M_246728_914190,Lynn,MA,Two-Family Residential,2,,,
4932,1925,1111491.71,M_246800_914137,Lynn,MA,Three-Family Residential,3,,,
4933,1900,882530.39,M_246810_914126,Lynn,MA,Two-Family Residential,2,,,
4934,1900,671524.86,M_246871_914054,Lynn,MA,Two-Family Residential,2,,,
4935,1900,987624.31,M_246880_914041,Lynn,MA,Three-Family Residential,3,,,
4936,1890,607303.87,M_246851_914035,Lynn,MA,Two-Family Residential,2,,,
4937,1900,1050497.24,M_246835_914029,Lynn,MA,Three-Family Residential,3,,,
4938,1869,806220.99,M_246838_914044,Lynn,MA,Two-Family Residential,2,,,
4939,1880,932563.54,M_246829_914058,Lynn,MA,Two-Family Residential,2,,,
4940,1895,730000.00,M_246814_914067,Lynn,MA,Two-Family Residential,2,,,
4941,1900,908972.38,M_246776_914125,Lynn,MA,Two-Family Residential,2,,,
4942,1900,824762.43,M_246519_914722,Lynn,MA,Two-Family Residential,2,,,
4943,1910,925171.27,M_246511_914732,Lynn,MA,Two-Family Residential,2,,,
4944,1900,858254.14,M_246580_914899,Lynn,MA,Two-Family Residential,2,,,
4945,1935,959745.86,M_246591_914910,Lynn,MA,Two-Family Residential,2,,,
4946,1935,844055.25,M_246601_914921,Lynn,MA,Two-Family Residential,2,,,
4947,1926,854011.05,M_246612_914931,Lynn,MA,Two-Family Residential,2,,,
4948,1900,863292.82,M_246805_914770,Lynn,MA,Two-Family Residential,2,,,
4949,1920,680950.28,M_246758_914725,Lynn,MA,Two-Family Residential,2,,,
4950,1900,695337.02,M_246748_914715,Lynn,MA,Two-Family Residential,2,,,
4951,1900,814309.39,M_246738_914706,Lynn,MA,Two-Family Residential,2,,,
4952,1982,804309.39,M_246728_914683,Lynn,MA,Two-Family Residential,2,,,
4953,1900,975359.12,M_246716_914698,Lynn,MA,Three-Family Residential,3,,,
4954,1910,877314.92,M_246554_914797,Lynn,MA,Two-Family Residential,2,,,
4955,1900,928298.34,M_246692_914670,Lynn,MA,Two-Family Residential,2,,,
4956,1920,916685.08,M_246611_914735,Lynn,MA,Two-Family Residential,2,,,
4957,1925,910939.23,M_246602_914745,Lynn,MA,Three-Family Residential,3,,,
4958,1910,931491.71,M_246593_914631,Lynn,MA,Two-Family Residential,2,,,
4959,1920,795226.52,M_246621_914614,Lynn,MA,Two-Family Residential,2,,,
4960,1900,931049.72,M_246587_914529,Lynn,MA,Three-Family Residential,3,,,
4961,1900,784353.59,M_246634_914566,Lynn,MA,Two-Family Residential,2,,,
4962,1900,895801.10,M_246662_914584,Lynn,MA,Three-Family Residential,3,,,
4963,1920,938287.29,M_246747_914647,Lynn,MA,Two-Family Residential,2,,,
4964,1900,757027.62,M_246768_914626,Lynn,MA,Two-Family Residential,2,,,
4965,1890,1037569.06,M_246635_914469,Lynn,MA,Two-Family Residential,2,,,
4966,1890,850718.23,M_246648_914479,Lynn,MA,Three-Family Residential,3,,,
4967,1930,960883.98,M_246697_914515,Lynn,MA,Two-Family Residential,2,,,
4968,1923,772475.14,M_246807_914597,Lynn,MA,Two-Family Residential,2,,,
4969,1880,838011.05,M_246819_914702,Lynn,MA,Two-Family Residential,2,,,
4970,1920,833370.17,M_246814_914641,Lynn,MA,Two-Family Residential,2,,,
4971,1915,759558.01,M_246692_915206,Lynn,MA,Two-Family Residential,2,,,
4972,1999,997480.66,M_246686_915104,Lynn,MA,Two-Family Residential,2,,,
4973,1974,851569.06,M_246630_915121,Lynn,MA,Two-Family Residential,2,,,
4974,1900,839292.82,M_246666_915069,Lynn,MA,Two-Family Residential,2,,,
4975,1920,840696.13,M_246340_915573,Lynn,MA,Two-Family Residential,2,,,
4976,1925,854055.25,M_246355_915498,Lynn,MA,Two-Family Residential,2,,,
4977,1926,865535.91,M_246211_915397,Lynn,MA,Two-Family Residential,2,,,
