unit_id,property_id,unit_number,beds,adjusted_rent,baths,base_rent
1,1,1,1,1950.00,,1950.00
2,1,2,2,2400.00,,2400.00
3,1,3,2,2400.00,,2400.00
4,2,1,3,2900.00,,2900.00
5,2,2,4,3200.00,,3200.00
6,3,1,3,2900.00,,2900.00
7,3,2,3,2900.00,,2900.00
8,4,1,4,3200.00,,3200.00
9,4,2,4,3200.00,,3200.00
10,5,1,3,2900.00,,2900.00
11,5,2,2,2400.00,,2400.00
12,6,1,2,2400.00,,2400.00
13,6,2,2,2400.00,,2400.00
14,7,1,3,2900.00,,2900.00
15,7,2,3,2900.00,,2900.00
16,7,3,3,2900.00,,2900.00
17,8,1,0,1700.00,,1700.00
18,8,2,1,1950.00,,1950.00
19,9,1,1,1950.00,,1950.00
20,9,2,2,2400.00,,2400.00
21,10,1,3,2900.00,,2900.00
22,10,2,2,2400.00,,2400.00
23,10,3,2,2400.00,,2400.00
24,11,1,3,2900.00,,2900.00
25,11,2,3,2900.00,,2900.00
26,12,1,2,2400.00,,2400.00
27,12,2,1,1950.00,,1950.00
28,12,3,2,2400.00,,2400.00
29,13,1,2,2400.00,,2400.00
30,13,2,2,2400.00,,2400.00
31,14,1,4,3200.00,,3200.00
32,14,2,4,3200.00,,3200.00
33,15,1,2,2400.00,,2400.00
34,15,2,2,2400.00,,2400.00
35,16,1,0,1700.00,,1700.00
36,16,2,0,1700.00,,1700.00
37,17,1,2,2400.00,,2400.00
38,17,2,2,2400.00,,2400.00
39,18,1,2,2400.00,,2400.00
40,18,2,1,1950.00,,1950.00
41,18,3,1,1950.00,,1950.00
42,19,1,3,2900.00,,2900.00
43,19,2,3,2900.00,,2900.00
44,20,1,2,2400.00,,2400.00
45,20,2,1,1950.00,,1950.00
46,20,3,2,2400.00,,2400.00
47,21,1,1,1950.00,,1950.00
48,21,2,1,1950.00,,1950.00
49,22,1,1,1950.00,,1950.00
50,22,2,2,2400.00,,2400.00
51,23,1,2,2400.00,,2400.00
52,23,2,2,2400.00,,2400.00
53,24,1,2,2400.00,,2400.00
54,24,2,2,2400.00,,2400.00
55,25,1,4,3200.00,,3200.00
56,25,2,5,3500.00,,3500.00
57,26,1,5,3500.00,,3500.00
58,26,2,5,3500.00,,3500.00
59,27,1,1,1950.00,,1950.00
60,27,2,2,2400.00,,2400.00
61,28,1,2,2400.00,,2400.00
62,28,2,1,1950.00,,1950.00
63,29,1,2,2400.00,,2400.00
64,29,2,3,2900.00,,2900.00
65,30,1,4,3200.00,,3200.00
66,30,2,4,3200.00,,3200.00
67,31,1,2,2400.00,,2400.00
68,31,2,1,1950.00,,1950.00
69,32,1,5,3500.00,,3500.00
70,32,2,5,3500.00,,3500.00
71,32,3,5,3500.00,,3500.00
72,32,4,5,3500.00,,3500.00
73,33,1,0,1700.00,,1700.00
74,33,2,0,1700.00,,1700.00
75,34,1,0,1700.00,,1700.00
76,34,2,0,1700.00,,1700.00
77,35,1,0,1700.00,,1700.00
78,35,2,0,1700.00,,1700.00
79,36,1,2,2400.00,,2400.00
80,36,2,3,2900.00,,2900.00
81,37,1,2,2400.00,,2400.00
82,37,2,2,2400.00,,2400.00
83,38,1,1,1950.00,,1950.00
84,38,2,1,1950.00,,1950.00
85,39,1,0,1700.00,,1700.00
86,39,2,0,1700.00,,1700.00
87,40,1,0,1700.00,,1700.00
88,40,2,0,1700.00,,1700.00
89,41,1,1,1950.00,,1950.00
90,41,2,1,1950.00,,1950.00
91,42,1,3,2900.00,,2900.00
92,42,2,3,2900.00,,2900.00
93,43,1,1,1950.00,,1950.00
94,43,2,2,2400.00,,2400.00
95,44,1,4,3200.00,,3200.00
96,44,2,3,2900.00,,2900.00
97,45,1,2,2400.00,,2400.00
98,45,2,1,1950.00,,1950.00
99,46,1,3,2900.00,,2900.00
100,46,2,2,2400.00,,2400.00
101,46,3,3,2900.00,,2900.00
102,47,1,2,2400.00,,2400.00
103,47,2,2,2400.00,,2400.00
104,48,1,2,2400.00,,2400.00
105,48,2,2,2400.00,,2400.00
106,49,1,2,2400.00,,2400.00
107,49,2,3,2900.00,,2900.00
108,50,1,1,1950.00,,1950.00
109,50,2,2,2400.00,,2400.00
110,51,1,1,1950.00,,1950.00
111,51,2,1,1950.00,,1950.00
112,51,3,1,1950.00,,1950.00
113,52,1,1,1950.00,,1950.00
114,52,2,1,1950.00,,1950.00
115,53,1,2,2400.00,,2400.00
116,53,2,3,2900.00,,2900.00
117,53,3,2,2400.00,,2400.00
118,54,1,1,1950.00,,1950.00
119,54,2,0,1700.00,,1700.00
120,54,3,1,1950.00,,1950.00
121,55,1,1,1950.00,,1950.00
122,55,2,2,2400.00,,2400.00
123,55,3,2,2400.00,,2400.00
124,55,4,2,2400.00,,2400.00
125,55,5,1,1950.00,,1950.00
126,55,6,1,1950.00,,1950.00
127,56,1,1,1950.00,,1950.00
128,56,2,1,1950.00,,1950.00
129,57,1,2,2400.00,,2400.00
130,57,2,3,2900.00,,2900.00
131,57,3,3,2900.00,,2900.00
132,58,1,2,2400.00,,2400.00
133,58,2,2,2400.00,,2400.00
134,58,3,2,2400.00,,2400.00
135,59,1,3,2900.00,,2900.00
136,59,2,3,2900.00,,2900.00
137,60,1,2,2400.00,,2400.00
138,60,2,1,1950.00,,1950.00
139,60,3,2,2400.00,,2400.00
140,61,1,3,2900.00,,2900.00
141,61,2,2,2400.00,,2400.00
142,61,3,2,2400.00,,2400.00
143,62,1,2,2400.00,,2400.00
144,62,2,2,2400.00,,2400.00
145,63,1,3,2900.00,,2900.00
146,63,2,3,2900.00,,2900.00
147,63,3,3,2900.00,,2900.00
148,64,1,1,1950.00,,1950.00
149,64,2,1,1950.00,,1950.00
150,64,3,1,1950.00,,1950.00
151,64,4,1,1950.00,,1950.00
152,65,1,1,1950.00,,1950.00
153,65,2,2,2400.00,,2400.00
154,66,1,3,2900.00,,2900.00
155,66,2,3,2900.00,,2900.00
156,67,1,1,1950.00,,1950.00
157,67,2,1,1950.00,,1950.00
158,68,1,1,1950.00,,1950.00
159,68,2,1,1950.00,,1950.00
160,69,1,2,2400.00,,2400.00
161,69,2,2,2400.00,,2400.00
162,70,1,2,2400.00,,2400.00
163,70,2,3,2900.00,,2900.00
164,71,1,2,2400.00,,2400.00
165,71,2,2,2400.00,,2400.00
166,72,1,0,1700.00,,1700.00
167,72,2,1,1950.00,,1950.00
168,72,3,0,1700.00,,1700.00
169,72,4,1,1950.00,,1950.00
170,72,5,1,1950.00,,1950.00
171,72,6,1,1950.00,,1950.00
172,73,1,1,1950.00,,1950.00
173,73,2,0,1700.00,,1700.00
174,73,3,0,1700.00,,1700.00
175,73,4,1,1950.00,,1950.00
176,73,5,1,1950.00,,1950.00
177,73,6,0,1700.00,,1700.00
178,74,1,2,2400.00,,2400.00
179,74,2,2,2400.00,,2400.00
180,75,1,3,2900.00,,2900.00
181,75,2,2,2400.00,,2400.00
182,75,3,2,2400.00,,2400.00
183,76,1,3,2900.00,,2900.00
184,76,2,2,2400.00,,2400.00
185,76,3,2,2400.00,,2400.00
186,77,1,1,1950.00,,1950.00
187,77,2,1,1950.00,,1950.00
188,77,3,1,1950.00,,1950.00
189,78,1,3,2900.00,,2900.00
190,78,2,2,2400.00,,2400.00
191,79,1,1,1950.00,,1950.00
192,79,2,1,1950.00,,1950.00
193,79,3,2,2400.00,,2400.00
194,80,1,3,2900.00,,2900.00
195,80,2,2,2400.00,,2400.00
196,81,1,2,2400.00,,2400.00
197,81,2,3,2900.00,,2900.00
198,81,3,2,2400.00,,2400.00
199,82,1,2,2400.00,,2400.00
200,82,2,3,2900.00,,2900.00
201,83,1,2,2400.00,,2400.00
202,83,2,3,2900.00,,2900.00
203,84,1,2,2400.00,,2400.00
204,84,2,2,2400.00,,2400.00
205,84,3,2,2400.00,,2400.00
206,85,1,3,2900.00,,2900.00
207,85,2,2,2400.00,,2400.00
208,85,3,2,2400.00,,2400.00
209,86,1,2,2400.00,,2400.00
210,86,2,2,2400.00,,2400.00
211,86,3,2,2400.00,,2400.00
212,87,1,3,2900.00,,2900.00
213,87,2,2,2400.00,,2400.00
214,87,3,2,2400.00,,2400.00
215,88,1,2,2400.00,,2400.00
216,88,2,2,2400.00,,2400.00
217,88,3,2,2400.00,,2400.00
218,89,1,1,1950.00,,1950.00
219,89,2,1,1950.00,,1950.00
220,90,1,1,1950.00,,1950.00
221,90,2,2,2400.00,,2400.00
222,91,1,1,1950.00,,1950.00
223,91,2,1,1950.00,,1950.00
224,91,3,2,2400.00,,2400.00
225,92,1,3,2900.00,,2900.00
226,92,2,2,2400.00,,2400.00
227,92,3,2,2400.00,,2400.00
228,92,4,2,2400.00,,2400.00
229,92,5,2,2400.00,,2400.00
230,92,6,2,2400.00,,2400.00
231,93,1,2,2400.00,,2400.00
232,93,2,2,2400.00,,2400.00
233,93,3,2,2400.00,,2400.00
234,94,1,1,1950.00,,1950.00
235,94,2,2,2400.00,,2400.00
236,94,3,2,2400.00,,2400.00
237,94,4,2,2400.00,,2400.00
238,95,1,3,2900.00,,2900.00
239,95,2,3,2900.00,,2900.00
240,95,3,3,2900.00,,2900.00
241,96,1,3,2900.00,,2900.00
242,96,2,3,2900.00,,2900.00
243,96,3,3,2900.00,,2900.00
244,97,1,2,2400.00,,2400.00
245,97,2,2,2400.00,,2400.00
246,98,1,3,2900.00,,2900.00
247,98,2,3,2900.00,,2900.00
248,98,3,3,2900.00,,2900.00
249,99,1,3,2900.00,,2900.00
250,99,2,2,2400.00,,2400.00
251,99,3,3,2900.00,,2900.00
252,100,1,0,1700.00,,1700.00
253,100,2,1,1950.00,,1950.00
254,101,1,2,2400.00,,2400.00
255,101,2,3,2900.00,,2900.00
256,101,3,2,2400.00,,2400.00
257,102,1,2,2400.00,,2400.00
258,102,2,2,2400.00,,2400.00
259,103,1,2,2400.00,,2400.00
260,103,2,3,2900.00,,2900.00
261,104,1,1,1950.00,,1950.00
262,104,2,1,1950.00,,1950.00
263,105,1,2,2400.00,,2400.00
264,105,2,2,2400.00,,2400.00
265,106,1,3,2900.00,,2900.00
266,106,2,2,2400.00,,2400.00
267,106,3,2,2400.00,,2400.00
268,107,1,1,1950.00,,1950.00
269,107,2,2,2400.00,,2400.00
270,107,3,2,2400.00,,2400.00
271,108,1,2,2400.00,,2400.00
272,108,2,3,2900.00,,2900.00
273,108,3,2,2400.00,,2400.00
274,109,1,1,1950.00,,1950.00
275,109,2,1,1950.00,,1950.00
276,110,1,3,2900.00,,2900.00
277,110,2,3,2900.00,,2900.00
278,111,1,3,2900.00,,2900.00
279,111,2,3,2900.00,,2900.00
280,112,1,3,2900.00,,2900.00
281,112,2,3,2900.00,,2900.00
282,113,1,2,2400.00,,2400.00
283,113,2,2,2400.00,,2400.00
284,114,1,2,2400.00,,2400.00
285,114,2,2,2400.00,,2400.00
286,115,1,2,2400.00,,2400.00
287,115,2,2,2400.00,,2400.00
288,116,1,3,2900.00,,2900.00
289,116,2,3,2900.00,,2900.00
290,117,1,2,2400.00,,2400.00
291,117,2,2,2400.00,,2400.00
292,118,1,3,2900.00,,2900.00
293,118,2,2,2400.00,,2400.00
294,119,1,3,2900.00,,2900.00
295,119,2,3,2900.00,,2900.00
296,119,3,2,2400.00,,2400.00
297,120,1,2,2400.00,,2400.00
298,120,2,2,2400.00,,2400.00
299,121,1,1,1950.00,,1950.00
300,121,2,2,2400.00,,2400.00
301,122,1,3,2900.00,,2900.00
302,122,2,3,2900.00,,2900.00
303,122,3,3,2900.00,,2900.00
304,123,1,2,2400.00,,2400.00
305,123,2,2,2400.00,,2400.00
306,124,1,1,1950.00,,1950.00
307,124,2,1,1950.00,,1950.00
308,124,3,1,1950.00,,1950.00
309,125,1,1,1950.00,,1950.00
310,125,2,1,1950.00,,1950.00
311,125,3,0,1700.00,,1700.00
312,126,1,2,2400.00,,2400.00
313,126,2,2,2400.00,,2400.00
314,126,3,2,2400.00,,2400.00
315,127,1,3,2900.00,,2900.00
316,127,2,3,2900.00,,2900.00
317,128,1,3,2900.00,,2900.00
318,128,2,3,2900.00,,2900.00
319,128,3,3,2900.00,,2900.00
320,129,1,2,2400.00,,2400.00
321,129,2,2,2400.00,,2400.00
322,130,1,2,2400.00,,2400.00
323,130,2,3,2900.00,,2900.00
324,130,3,2,2400.00,,2400.00
325,131,1,2,2400.00,,2400.00
326,131,2,2,2400.00,,2400.00
327,131,3,3,2900.00,,2900.00
328,132,1,2,2400.00,,2400.00
329,132,2,3,2900.00,,2900.00
330,132,3,2,2400.00,,2400.00
331,133,1,3,2900.00,,2900.00
332,133,2,2,2400.00,,2400.00
333,133,3,2,2400.00,,2400.00
334,134,1,2,2400.00,,2400.00
335,134,2,3,2900.00,,2900.00
336,135,1,2,2400.00,,2400.00
337,135,2,2,2400.00,,2400.00
338,135,3,2,2400.00,,2400.00
339,136,1,3,2900.00,,2900.00
340,136,2,3,2900.00,,2900.00
341,137,1,3,2900.00,,2900.00
342,137,2,2,2400.00,,2400.00
343,137,3,2,2400.00,,2400.00
344,138,1,3,2900.00,,2900.00
345,138,2,3,2900.00,,2900.00
346,139,1,2,2400.00,,2400.00
347,139,2,2,2400.00,,2400.00
348,140,1,2,2400.00,,2400.00
349,140,2,2,2400.00,,2400.00
350,140,3,2,2400.00,,2400.00
351,141,1,3,2900.00,,2900.00
352,141,2,3,2900.00,,2900.00
353,141,3,3,2900.00,,2900.00
354,142,1,2,2400.00,,2400.00
355,142,2,2,2400.00,,2400.00
356,142,3,2,2400.00,,2400.00
357,143,1,1,1950.00,,1950.00
358,143,2,1,1950.00,,1950.00
359,143,3,1,1950.00,,1950.00
360,143,4,1,1950.00,,1950.00
361,143,5,1,1950.00,,1950.00
362,143,6,1,1950.00,,1950.00
363,144,1,1,1950.00,,1950.00
364,144,2,1,1950.00,,1950.00
365,144,3,1,1950.00,,1950.00
366,145,1,2,2400.00,,2400.00
367,145,2,2,2400.00,,2400.00
368,145,3,1,1950.00,,1950.00
369,146,1,1,1950.00,,1950.00
370,146,2,2,2400.00,,2400.00
371,146,3,2,2400.00,,2400.00
372,146,4,2,2400.00,,2400.00
373,147,1,1,1950.00,,1950.00
374,147,2,1,1950.00,,1950.00
375,148,1,3,2900.00,,2900.00
376,148,2,2,2400.00,,2400.00
377,148,3,2,2400.00,,2400.00
378,149,1,3,2900.00,,2900.00
379,149,2,3,2900.00,,2900.00
380,149,3,3,2900.00,,2900.00
381,150,1,2,2400.00,,2400.00
382,150,2,2,2400.00,,2400.00
383,151,1,2,2400.00,,2400.00
384,151,2,2,2400.00,,2400.00
385,151,3,2,2400.00,,2400.00
386,151,4,2,2400.00,,2400.00
387,152,1,3,2900.00,,2900.00
388,152,2,2,2400.00,,2400.00
389,152,3,3,2900.00,,2900.00
390,153,1,2,2400.00,,2400.00
391,153,2,2,2400.00,,2400.00
392,153,3,2,2400.00,,2400.00
393,154,1,3,2900.00,,2900.00
394,154,2,3,2900.00,,2900.00
395,155,1,2,2400.00,,2400.00
396,155,2,2,2400.00,,2400.00
397,156,1,1,1950.00,,1950.00
398,156,2,1,1950.00,,1950.00
399,156,3,1,1950.00,,1950.00
400,157,1,2,2400.00,,2400.00
401,157,2,1,1950.00,,1950.00
402,157,3,1,1950.00,,1950.00
403,158,1,2,2400.00,,2400.00
404,158,2,2,2400.00,,2400.00
405,158,3,3,2900.00,,2900.00
406,159,1,2,2400.00,,2400.00
407,159,2,2,2400.00,,2400.00
408,159,3,2,2400.00,,2400.00
409,160,1,2,2400.00,,2400.00
410,160,2,1,1950.00,,1950.00
411,161,1,1,1950.00,,1950.00
412,161,2,1,1950.00,,1950.00
413,161,3,2,2400.00,,2400.00
414,162,1,1,1950.00,,1950.00
415,162,2,1,1950.00,,1950.00
416,163,1,1,1950.00,,1950.00
417,163,2,2,2400.00,,2400.00
418,164,1,3,2900.00,,2900.00
419,164,2,3,2900.00,,2900.00
420,165,1,2,2400.00,,2400.00
421,165,2,3,2900.00,,2900.00
422,165,3,2,2400.00,,2400.00
423,166,1,2,2400.00,,2400.00
424,166,2,1,1950.00,,1950.00
425,167,1,1,1950.00,,1950.00
426,167,2,1,1950.00,,1950.00
427,167,3,1,1950.00,,1950.00
428,168,1,2,2400.00,,2400.00
429,168,2,2,2400.00,,2400.00
430,169,1,3,2900.00,,2900.00
431,169,2,2,2400.00,,2400.00
432,170,1,2,2400.00,,2400.00
433,170,2,3,2900.00,,2900.00
434,170,3,2,2400.00,,2400.00
435,171,1,3,2900.00,,2900.00
436,171,2,3,2900.00,,2900.00
437,171,3,2,2400.00,,2400.00
438,172,1,1,1950.00,,1950.00
439,172,2,2,2400.00,,2400.00
440,172,3,1,1950.00,,1950.00
441,173,1,2,2400.00,,2400.00
442,173,2,2,2400.00,,2400.00
443,174,1,2,2400.00,,2400.00
444,174,2,2,2400.00,,2400.00
445,175,1,2,2400.00,,2400.00
446,175,2,2,2400.00,,2400.00
447,176,1,3,2900.00,,2900.00
448,176,2,2,2400.00,,2400.00
449,177,1,3,2900.00,,2900.00
450,177,2,2,2400.00,,2400.00
451,177,3,2,2400.00,,2400.00
452,178,1,3,2900.00,,2900.00
453,178,2,2,2400.00,,2400.00
454,178,3,2,2400.00,,2400.00
455,179,1,1,1950.00,,1950.00
456,179,2,1,1950.00,,1950.00
457,179,3,2,2400.00,,2400.00
458,180,1,1,1950.00,,1950.00
459,180,2,1,1950.00,,1950.00
460,181,1,2,2400.00,,2400.00
461,181,2,3,2900.00,,2900.00
462,182,1,3,2900.00,,2900.00
463,182,2,2,2400.00,,2400.00
464,183,1,2,2400.00,,2400.00
465,183,2,2,2400.00,,2400.00
466,184,1,2,2400.00,,2400.00
467,184,2,1,1950.00,,1950.00
468,185,1,3,2900.00,,2900.00
469,185,2,3,2900.00,,2900.00
470,186,1,2,2400.00,,2400.00
471,186,2,2,2400.00,,2400.00
472,187,1,3,2900.00,,2900.00
473,187,2,3,2900.00,,2900.00
474,188,1,1,1950.00,,1950.00
475,188,2,1,1950.00,,1950.00
476,188,3,1,1950.00,,1950.00
477,189,1,2,2400.00,,2400.00
478,189,2,3,2900.00,,2900.00
479,190,1,3,2900.00,,2900.00
480,190,2,2,2400.00,,2400.00
481,190,3,2,2400.00,,2400.00
482,191,1,3,2900.00,,2900.00
483,191,2,3,2900.00,,2900.00
484,191,3,2,2400.00,,2400.00
485,192,1,2,2400.00,,2400.00
486,192,2,2,2400.00,,2400.00
487,193,1,1,1950.00,,1950.00
488,193,2,1,1950.00,,1950.00
489,194,1,1,1950.00,,1950.00
490,194,2,1,1950.00,,1950.00
491,195,1,1,1950.00,,1950.00
492,195,2,1,1950.00,,1950.00
493,196,1,2,2400.00,,2400.00
494,196,2,2,2400.00,,2400.00
495,197,1,1,1950.00,,1950.00
496,197,2,2,2400.00,,2400.00
497,197,3,2,2400.00,,2400.00
498,198,1,2,2400.00,,2400.00
499,198,2,3,2900.00,,2900.00
500,199,1,3,2900.00,,2900.00
501,199,2,3,2900.00,,2900.00
502,200,1,2,2400.00,,2400.00
503,200,2,2,2400.00,,2400.00
504,200,3,2,2400.00,,2400.00
505,201,1,3,2900.00,,2900.00
506,201,2,3,2900.00,,2900.00
507,202,1,2,2400.00,,2400.00
508,202,2,2,2400.00,,2400.00
509,203,1,1,1950.00,,1950.00
510,203,2,1,1950.00,,1950.00
511,203,3,1,1950.00,,1950.00
512,204,1,2,2400.00,,2400.00
513,204,2,1,1950.00,,1950.00
514,205,1,2,2400.00,,2400.00
515,205,2,2,2400.00,,2400.00
516,205,3,2,2400.00,,2400.00
517,206,1,3,2900.00,,2900.00
518,206,2,2,2400.00,,2400.00
519,207,1,4,3200.00,,3200.00
520,207,2,4,3200.00,,3200.00
521,208,1,2,2400.00,,2400.00
522,208,2,2,2400.00,,2400.00
523,208,3,2,2400.00,,2400.00
524,209,1,2,2400.00,,2400.00
525,209,2,2,2400.00,,2400.00
526,210,1,2,2400.00,,2400.00
527,210,2,1,1950.00,,1950.00
528,211,1,2,2400.00,,2400.00
529,211,2,2,2400.00,,2400.00
530,211,3,1,1950.00,,1950.00
531,212,1,3,2900.00,,2900.00
532,212,2,3,2900.00,,2900.00
533,213,1,2,2400.00,,2400.00
534,213,2,1,1950.00,,1950.00
535,213,3,1,1950.00,,1950.00
536,214,1,1,1950.00,,1950.00
537,214,2,1,1950.00,,1950.00
538,214,3,1,1950.00,,1950.00
539,215,1,1,1950.00,,1950.00
540,215,2,1,1950.00,,1950.00
541,215,3,2,2400.00,,2400.00
542,216,1,1,1950.00,,1950.00
543,216,2,1,1950.00,,1950.00
544,217,1,3,2900.00,,2900.00
545,217,2,3,2900.00,,2900.00
546,217,3,3,2900.00,,2900.00
547,218,1,3,2900.00,,2900.00
548,218,2,3,2900.00,,2900.00
549,219,1,1,1950.00,,1950.00
550,219,2,2,2400.00,,2400.00
551,220,1,2,2400.00,,2400.00
552,220,2,2,2400.00,,2400.00
553,221,1,3,2900.00,,2900.00
554,221,2,3,2900.00,,2900.00
555,222,1,1,1950.00,,1950.00
556,222,2,1,1950.00,,1950.00
557,222,3,1,1950.00,,1950.00
558,223,1,2,2400.00,,2400.00
559,223,2,3,2900.00,,2900.00
560,223,3,2,2400.00,,2400.00
561,224,1,2,2400.00,,2400.00
562,224,2,2,2400.00,,2400.00
563,224,3,3,2900.00,,2900.00
564,225,1,4,3200.00,,3200.00
565,225,2,3,2900.00,,2900.00
566,226,1,1,1950.00,,1950.00
567,226,2,2,2400.00,,2400.00
568,226,3,1,1950.00,,1950.00
569,227,1,2,2400.00,,2400.00
570,227,2,1,1950.00,,1950.00
571,227,3,2,2400.00,,2400.00
572,228,1,3,2900.00,,2900.00
573,228,2,3,2900.00,,2900.00
574,229,1,2,2400.00,,2400.00
575,229,2,2,2400.00,,2400.00
576,230,1,3,2900.00,,2900.00
577,230,2,2,2400.00,,2400.00
578,231,1,2,2400.00,,2400.00
579,231,2,2,2400.00,,2400.00
580,232,1,1,1950.00,,1950.00
581,232,2,1,1950.00,,1950.00
582,232,3,1,1950.00,,1950.00
583,233,1,2,2400.00,,2400.00
584,233,2,2,2400.00,,2400.00
585,233,3,3,2900.00,,2900.00
586,234,1,2,2400.00,,2400.00
587,234,2,2,2400.00,,2400.00
588,234,3,2,2400.00,,2400.00
589,235,1,4,3200.00,,3200.00
590,235,2,3,2900.00,,2900.00
591,236,1,1,1950.00,,1950.00
592,236,2,1,1950.00,,1950.00
593,237,1,2,2400.00,,2400.00
594,237,2,3,2900.00,,2900.00
595,238,1,2,2400.00,,2400.00
596,238,2,3,2900.00,,2900.00
597,239,1,4,3200.00,,3200.00
598,239,2,3,2900.00,,2900.00
599,240,1,2,2400.00,,2400.00
600,240,2,2,2400.00,,2400.00
601,240,3,1,1950.00,,1950.00
602,241,1,3,2900.00,,2900.00
603,241,2,2,2400.00,,2400.00
604,242,1,2,2400.00,,2400.00
605,242,2,2,2400.00,,2400.00
606,243,1,2,2400.00,,2400.00
607,243,2,2,2400.00,,2400.00
608,244,1,3,2900.00,,2900.00
609,244,2,2,2400.00,,2400.00
610,244,3,2,2400.00,,2400.00
611,245,1,1,1950.00,,1950.00
612,245,2,1,1950.00,,1950.00
613,246,1,2,2400.00,,2400.00
614,246,2,2,2400.00,,2400.00
615,247,1,0,1700.00,,1700.00
616,247,2,1,1950.00,,1950.00
617,247,3,0,1700.00,,1700.00
618,248,1,2,2400.00,,2400.00
619,248,2,3,2900.00,,2900.00
620,249,1,2,2400.00,,2400.00
621,249,2,2,2400.00,,2400.00
622,250,1,3,2900.00,,2900.00
623,250,2,2,2400.00,,2400.00
624,251,1,2,2400.00,,2400.00
625,251,2,3,2900.00,,2900.00
626,252,1,3,2900.00,,2900.00
627,252,2,3,2900.00,,2900.00
628,253,1,3,2900.00,,2900.00
629,253,2,3,2900.00,,2900.00
630,254,1,2,2400.00,,2400.00
631,254,2,3,2900.00,,2900.00
632,255,1,1,1950.00,,1950.00
633,255,2,1,1950.00,,1950.00
634,256,1,1,1950.00,,1950.00
635,256,2,1,1950.00,,1950.00
636,256,3,1,1950.00,,1950.00
637,257,1,0,1700.00,,1700.00
638,257,2,0,1700.00,,1700.00
639,258,1,2,2400.00,,2400.00
640,258,2,2,2400.00,,2400.00
641,258,3,3,2900.00,,2900.00
642,259,1,3,2900.00,,2900.00
643,259,2,3,2900.00,,2900.00
644,260,1,2,2400.00,,2400.00
645,260,2,3,2900.00,,2900.00
646,261,1,1,1950.00,,1950.00
647,261,2,1,1950.00,,1950.00
648,261,3,1,1950.00,,1950.00
649,261,4,1,1950.00,,1950.00
650,261,5,1,1950.00,,1950.00
651,262,1,2,2400.00,,2400.00
652,262,2,3,2900.00,,2900.00
653,263,1,2,2400.00,,2400.00
654,263,2,3,2900.00,,2900.00
655,264,1,2,2400.00,,2400.00
656,264,2,2,2400.00,,2400.00
657,265,1,2,2400.00,,2400.00
658,265,2,2,2400.00,,2400.00
659,266,1,3,2900.00,,2900.00
660,266,2,3,2900.00,,2900.00
661,267,1,1,1950.00,,1950.00
662,267,2,1,1950.00,,1950.00
663,268,1,2,2400.00,,2400.00
664,268,2,2,2400.00,,2400.00
665,269,1,3,2900.00,,2900.00
666,269,2,3,2900.00,,2900.00
667,270,1,3,2900.00,,2900.00
668,270,2,2,2400.00,,2400.00
669,271,1,2,2400.00,,2400.00
670,271,2,2,2400.00,,2400.00
671,272,1,1,1950.00,,1950.00
672,272,2,1,1950.00,,1950.00
673,272,3,1,1950.00,,1950.00
674,273,1,2,2400.00,,2400.00
675,273,2,3,2900.00,,2900.00
676,274,1,2,2400.00,,2400.00
677,274,2,2,2400.00,,2400.00
678,274,3,2,2400.00,,2400.00
679,275,1,3,2900.00,,2900.00
680,275,2,3,2900.00,,2900.00
681,276,1,3,2900.00,,2900.00
682,276,2,3,2900.00,,2900.00
683,277,1,3,2900.00,,2900.00
684,277,2,3,2900.00,,2900.00
685,278,1,2,2400.00,,2400.00
686,278,2,2,2400.00,,2400.00
687,279,1,2,2400.00,,2400.00
688,279,2,2,2400.00,,2400.00
689,280,1,3,2900.00,,2900.00
690,280,2,2,2400.00,,2400.00
691,281,1,2,2400.00,,2400.00
692,281,2,3,2900.00,,2900.00
693,282,1,0,1700.00,,1700.00
694,282,2,0,1700.00,,1700.00
695,282,3,1,1950.00,,1950.00
696,282,4,0,1700.00,,1700.00
697,282,5,0,1700.00,,1700.00
698,283,1,2,2400.00,,2400.00
699,283,2,2,2400.00,,2400.00
700,283,3,2,2400.00,,2400.00
701,284,1,2,2400.00,,2400.00
702,284,2,3,2900.00,,2900.00
703,284,3,3,2900.00,,2900.00
704,285,1,2,2400.00,,2400.00
705,285,2,3,2900.00,,2900.00
706,286,1,1,1950.00,,1950.00
707,286,2,1,1950.00,,1950.00
708,286,3,1,1950.00,,1950.00
709,287,1,2,2400.00,,2400.00
710,287,2,2,2400.00,,2400.00
711,287,3,3,2900.00,,2900.00
712,288,1,1,1950.00,,1950.00
713,288,2,1,1950.00,,1950.00
714,289,1,3,2900.00,,2900.00
715,289,2,3,2900.00,,2900.00
716,289,3,3,2900.00,,2900.00
717,290,1,3,2900.00,,2900.00
718,290,2,3,2900.00,,2900.00
719,290,3,3,2900.00,,2900.00
720,291,1,2,2400.00,,2400.00
721,291,2,2,2400.00,,2400.00
722,292,1,2,2400.00,,2400.00
723,292,2,2,2400.00,,2400.00
724,293,1,2,2400.00,,2400.00
725,293,2,2,2400.00,,2400.00
726,294,1,2,2400.00,,2400.00
727,294,2,3,2900.00,,2900.00
728,295,1,2,2400.00,,2400.00
729,295,2,2,2400.00,,2400.00
730,296,1,1,1950.00,,1950.00
731,296,2,2,2400.00,,2400.00
732,296,3,1,1950.00,,1950.00
733,297,1,3,2900.00,,2900.00
734,297,2,3,2900.00,,2900.00
735,298,1,2,2400.00,,2400.00
736,298,2,3,2900.00,,2900.00
737,299,1,3,2900.00,,2900.00
738,299,2,3,2900.00,,2900.00
739,300,1,3,2900.00,,2900.00
740,300,2,3,2900.00,,2900.00
741,301,1,2,2400.00,,2400.00
742,301,2,2,2400.00,,2400.00
743,302,1,3,2900.00,,2900.00
744,302,2,3,2900.00,,2900.00
745,303,1,2,2400.00,,2400.00
746,303,2,2,2400.00,,2400.00
747,304,1,3,2900.00,,2900.00
748,304,2,2,2400.00,,2400.00
749,305,1,2,2400.00,,2400.00
750,305,2,2,2400.00,,2400.00
751,306,1,3,2900.00,,2900.00
752,306,2,3,2900.00,,2900.00
753,307,1,2,2400.00,,2400.00
754,307,2,3,2900.00,,2900.00
755,307,3,2,2400.00,,2400.00
756,308,1,2,2400.00,,2400.00
757,308,2,2,2400.00,,2400.00
758,308,3,2,2400.00,,2400.00
759,309,1,2,2400.00,,2400.00
760,309,2,2,2400.00,,2400.00
761,309,3,3,2900.00,,2900.00
762,310,1,2,2400.00,,2400.00
763,310,2,2,2400.00,,2400.00
764,311,1,3,2900.00,,2900.00
765,311,2,3,2900.00,,2900.00
766,312,1,1,1950.00,,1950.00
767,312,2,1,1950.00,,1950.00
768,312,3,1,1950.00,,1950.00
769,313,1,3,2900.00,,2900.00
770,313,2,2,2400.00,,2400.00
771,313,3,2,2400.00,,2400.00
772,314,1,3,2900.00,,2900.00
773,314,2,3,2900.00,,2900.00
774,315,1,1,1950.00,,1950.00
775,315,2,1,1950.00,,1950.00
776,316,1,3,2900.00,,2900.00
777,316,2,3,2900.00,,2900.00
778,317,1,3,2900.00,,2900.00
779,317,2,3,2900.00,,2900.00
780,318,1,3,2900.00,,2900.00
781,318,2,3,2900.00,,2900.00
782,319,1,4,3200.00,,3200.00
783,319,2,3,2900.00,,2900.00
784,320,1,3,2900.00,,2900.00
785,320,2,3,2900.00,,2900.00
786,321,1,3,2900.00,,2900.00
787,321,2,3,2900.00,,2900.00
788,322,1,3,2900.00,,2900.00
789,322,2,3,2900.00,,2900.00
790,323,1,3,2900.00,,2900.00
791,323,2,2,2400.00,,2400.00
792,324,1,2,2400.00,,2400.00
793,324,2,1,1950.00,,1950.00
794,324,3,1,1950.00,,1950.00
795,325,1,2,2400.00,,2400.00
796,325,2,2,2400.00,,2400.00
797,325,3,2,2400.00,,2400.00
798,326,1,2,2400.00,,2400.00
799,326,2,2,2400.00,,2400.00
800,327,1,3,2900.00,,2900.00
801,327,2,3,2900.00,,2900.00
802,328,1,1,1950.00,,1950.00
803,328,2,0,1700.00,,1700.00
804,329,1,2,2400.00,,2400.00
805,329,2,3,2900.00,,2900.00
806,330,1,2,2400.00,,2400.00
807,330,2,2,2400.00,,2400.00
808,330,3,3,2900.00,,2900.00
809,331,1,2,2400.00,,2400.00
810,331,2,2,2400.00,,2400.00
811,331,3,2,2400.00,,2400.00
812,332,1,2,2400.00,,2400.00
813,332,2,2,2400.00,,2400.00
814,333,1,3,2900.00,,2900.00
815,333,2,3,2900.00,,2900.00
816,334,1,2,2400.00,,2400.00
817,334,2,1,1950.00,,1950.00
818,335,1,2,2400.00,,2400.00
819,335,2,2,2400.00,,2400.00
820,336,1,3,2900.00,,2900.00
821,336,2,3,2900.00,,2900.00
822,337,1,3,2900.00,,2900.00
823,337,2,4,3200.00,,3200.00
824,338,1,2,2400.00,,2400.00
825,338,2,2,2400.00,,2400.00
826,339,1,2,2400.00,,2400.00
827,339,2,3,2900.00,,2900.00
828,339,3,3,2900.00,,2900.00
829,340,1,3,2900.00,,2900.00
830,340,2,3,2900.00,,2900.00
831,341,1,1,1950.00,,1950.00
832,341,2,2,2400.00,,2400.00
833,342,1,3,2900.00,,2900.00
834,342,2,3,2900.00,,2900.00
835,343,1,3,2900.00,,2900.00
836,343,2,2,2400.00,,2400.00
837,344,1,3,2900.00,,2900.00
838,344,2,3,2900.00,,2900.00
839,345,1,1,1950.00,,1950.00
840,345,2,2,2400.00,,2400.00
841,346,1,1,1950.00,,1950.00
842,346,2,1,1950.00,,1950.00
843,347,1,3,2900.00,,2900.00
844,347,2,2,2400.00,,2400.00
845,348,1,5,3500.00,,3500.00
846,348,2,5,3500.00,,3500.00
847,348,3,5,3500.00,,3500.00
848,348,4,5,3500.00,,3500.00
849,349,1,0,1700.00,,1700.00
850,349,2,0,1700.00,,1700.00
851,350,1,1,1950.00,,1950.00
852,350,2,1,1950.00,,1950.00
853,351,1,2,2400.00,,2400.00
854,351,2,1,1950.00,,1950.00
855,352,1,2,2400.00,,2400.00
856,352,2,2,2400.00,,2400.00
857,353,1,2,2400.00,,2400.00
858,353,2,2,2400.00,,2400.00
859,354,1,0,1700.00,,1700.00
860,354,2,0,1700.00,,1700.00
861,355,1,2,2400.00,,2400.00
862,355,2,2,2400.00,,2400.00
863,356,1,3,2900.00,,2900.00
864,356,2,3,2900.00,,2900.00
865,357,1,1,1950.00,,1950.00
866,357,2,1,1950.00,,1950.00
867,358,1,2,2400.00,,2400.00
868,358,2,1,1950.00,,1950.00
869,359,1,2,2400.00,,2400.00
870,359,2,2,2400.00,,2400.00
871,360,1,1,1950.00,,1950.00
872,360,2,1,1950.00,,1950.00
873,361,1,2,2400.00,,2400.00
874,361,2,2,2400.00,,2400.00
875,362,1,2,2400.00,,2400.00
876,362,2,3,2900.00,,2900.00
877,362,3,3,2900.00,,2900.00
878,363,1,3,2900.00,,2900.00
879,363,2,2,2400.00,,2400.00
880,363,3,3,2900.00,,2900.00
881,364,1,3,2900.00,,2900.00
882,364,2,3,2900.00,,2900.00
883,364,3,3,2900.00,,2900.00
884,365,1,2,2400.00,,2400.00
885,365,2,2,2400.00,,2400.00
886,365,3,2,2400.00,,2400.00
887,365,4,2,2400.00,,2400.00
888,365,5,2,2400.00,,2400.00
889,365,6,2,2400.00,,2400.00
890,366,1,2,2400.00,,2400.00
891,366,2,2,2400.00,,2400.00
892,366,3,2,2400.00,,2400.00
893,367,1,1,1950.00,,1950.00
894,367,2,2,2400.00,,2400.00
895,367,3,2,2400.00,,2400.00
896,368,1,2,2400.00,,2400.00
897,368,2,2,2400.00,,2400.00
898,368,3,3,2900.00,,2900.00
899,369,1,2,2400.00,,2400.00
900,369,2,2,2400.00,,2400.00
901,370,1,3,2900.00,,2900.00
902,370,2,2,2400.00,,2400.00
903,370,3,2,2400.00,,2400.00
904,371,1,2,2400.00,,2400.00
905,371,2,2,2400.00,,2400.00
906,371,3,2,2400.00,,2400.00
907,372,1,2,2400.00,,2400.00
908,372,2,2,2400.00,,2400.00
909,372,3,2,2400.00,,2400.00
910,372,4,2,2400.00,,2400.00
911,372,5,2,2400.00,,2400.00
912,372,6,1,1950.00,,1950.00
913,373,1,3,2900.00,,2900.00
914,373,2,3,2900.00,,2900.00
915,374,1,2,2400.00,,2400.00
916,374,2,2,2400.00,,2400.00
917,375,1,2,2400.00,,2400.00
918,375,2,2,2400.00,,2400.00
919,376,1,3,2900.00,,2900.00
920,376,2,3,2900.00,,2900.00
921,377,1,2,2400.00,,2400.00
922,377,2,2,2400.00,,2400.00
923,378,1,3,2900.00,,2900.00
924,378,2,3,2900.00,,2900.00
925,379,1,1,1950.00,,1950.00
926,379,2,1,1950.00,,1950.00
927,380,1,3,2900.00,,2900.00
928,380,2,4,3200.00,,3200.00
929,381,1,1,1950.00,,1950.00
930,381,2,2,2400.00,,2400.00
931,382,1,2,2400.00,,2400.00
932,382,2,2,2400.00,,2400.00
933,382,3,2,2400.00,,2400.00
934,383,1,1,1950.00,,1950.00
935,383,2,2,2400.00,,2400.00
936,384,1,1,1950.00,,1950.00
937,384,2,1,1950.00,,1950.00
938,385,1,2,2400.00,,2400.00
939,385,2,2,2400.00,,2400.00
940,385,3,2,2400.00,,2400.00
941,385,4,2,2400.00,,2400.00
942,385,5,3,2900.00,,2900.00
943,385,6,2,2400.00,,2400.00
944,386,1,4,3200.00,,3200.00
945,386,2,4,3200.00,,3200.00
946,387,1,2,2400.00,,2400.00
947,387,2,2,2400.00,,2400.00
948,388,1,2,2400.00,,2400.00
949,388,2,2,2400.00,,2400.00
950,389,1,3,2900.00,,2900.00
951,389,2,3,2900.00,,2900.00
952,390,1,2,2400.00,,2400.00
953,390,2,2,2400.00,,2400.00
954,390,3,1,1950.00,,1950.00
955,391,1,2,2400.00,,2400.00
956,391,2,2,2400.00,,2400.00
957,391,3,3,2900.00,,2900.00
958,392,1,3,2900.00,,2900.00
959,392,2,2,2400.00,,2400.00
960,393,1,3,2900.00,,2900.00
961,393,2,3,2900.00,,2900.00
962,394,1,2,2400.00,,2400.00
963,394,2,2,2400.00,,2400.00
964,394,3,2,2400.00,,2400.00
965,395,1,1,1950.00,,1950.00
966,395,2,2,2400.00,,2400.00
967,396,1,3,2900.00,,2900.00
968,396,2,2,2400.00,,2400.00
969,396,3,3,2900.00,,2900.00
970,397,1,2,2400.00,,2400.00
971,397,2,2,2400.00,,2400.00
972,398,1,2,2400.00,,2400.00
973,398,2,2,2400.00,,2400.00
974,398,3,2,2400.00,,2400.00
975,399,1,3,2900.00,,2900.00
976,399,2,2,2400.00,,2400.00
977,400,1,2,2400.00,,2400.00
978,400,2,2,2400.00,,2400.00
979,400,3,2,2400.00,,2400.00
980,401,1,2,2400.00,,2400.00
981,401,2,2,2400.00,,2400.00
982,401,3,3,2900.00,,2900.00
983,402,1,3,2900.00,,2900.00
984,402,2,3,2900.00,,2900.00
985,403,1,2,2400.00,,2400.00
986,403,2,3,2900.00,,2900.00
987,404,1,2,2400.00,,2400.00
988,404,2,2,2400.00,,2400.00
989,405,1,2,2400.00,,2400.00
990,405,2,2,2400.00,,2400.00
991,405,3,3,2900.00,,2900.00
992,406,1,3,2900.00,,2900.00
993,406,2,3,2900.00,,2900.00
994,407,1,1,1950.00,,1950.00
995,407,2,1,1950.00,,1950.00
996,407,3,1,1950.00,,1950.00
997,408,1,2,2400.00,,2400.00
998,408,2,2,2400.00,,2400.00
999,408,3,2,2400.00,,2400.00
1000,409,1,2,2400.00,,2400.00
1001,409,2,1,1950.00,,1950.00
1002,410,1,3,2900.00,,2900.00
1003,410,2,3,2900.00,,2900.00
1004,411,1,2,2400.00,,2400.00
1005,411,2,2,2400.00,,2400.00
1006,412,1,2,2400.00,,2400.00
1007,412,2,3,2900.00,,2900.00
1008,413,1,1,1950.00,,1950.00
1009,413,2,1,1950.00,,1950.00
1010,413,3,1,1950.00,,1950.00
1011,414,1,2,2400.00,,2400.00
1012,414,2,2,2400.00,,2400.00
1013,415,1,1,1950.00,,1950.00
1014,415,2,1,1950.00,,1950.00
1015,415,3,1,1950.00,,1950.00
1016,416,1,2,2400.00,,2400.00
1017,416,2,2,2400.00,,2400.00
1018,416,3,2,2400.00,,2400.00
1019,417,1,3,2900.00,,2900.00
1020,417,2,2,2400.00,,2400.00
1021,417,3,2,2400.00,,2400.00
1022,418,1,2,2400.00,,2400.00
1023,418,2,2,2400.00,,2400.00
1024,418,3,2,2400.00,,2400.00
1025,419,1,3,2900.00,,2900.00
1026,419,2,2,2400.00,,2400.00
1027,419,3,2,2400.00,,2400.00
1028,420,1,3,2900.00,,2900.00
1029,420,2,3,2900.00,,2900.00
1030,421,1,2,2400.00,,2400.00
1031,421,2,2,2400.00,,2400.00
1032,421,3,3,2900.00,,2900.00
1033,422,1,3,2900.00,,2900.00
1034,422,2,4,3200.00,,3200.00
1035,423,1,2,2400.00,,2400.00
1036,423,2,2,2400.00,,2400.00
1037,424,1,1,1950.00,,1950.00
1038,424,2,1,1950.00,,1950.00
1039,424,3,1,1950.00,,1950.00
1040,425,1,2,2400.00,,2400.00
1041,425,2,3,2900.00,,2900.00
1042,426,1,2,2400.00,,2400.00
1043,426,2,1,1950.00,,1950.00
1044,426,3,1,1950.00,,1950.00
1045,427,1,2,2400.00,,2400.00
1046,427,2,1,1950.00,,1950.00
1047,427,3,2,2400.00,,2400.00
1048,427,4,1,1950.00,,1950.00
1049,427,5,1,1950.00,,1950.00
1050,428,1,2,2400.00,,2400.00
1051,428,2,2,2400.00,,2400.00
1052,428,3,2,2400.00,,2400.00
1053,429,1,2,2400.00,,2400.00
1054,429,2,2,2400.00,,2400.00
1055,429,3,2,2400.00,,2400.00
1056,430,1,2,2400.00,,2400.00
1057,430,2,1,1950.00,,1950.00
1058,431,1,1,1950.00,,1950.00
1059,431,2,1,1950.00,,1950.00
1060,432,1,2,2400.00,,2400.00
1061,432,2,2,2400.00,,2400.00
1062,433,1,3,2900.00,,2900.00
1063,433,2,3,2900.00,,2900.00
1064,434,1,2,2400.00,,2400.00
1065,434,2,3,2900.00,,2900.00
1066,435,1,2,2400.00,,2400.00
1067,435,2,2,2400.00,,2400.00
1068,435,3,3,2900.00,,2900.00
1069,436,1,0,1700.00,,1700.00
1070,436,2,0,1700.00,,1700.00
1071,436,3,1,1950.00,,1950.00
1072,437,1,2,2400.00,,2400.00
1073,437,2,1,1950.00,,1950.00
1074,438,1,2,2400.00,,2400.00
1075,438,2,2,2400.00,,2400.00
1076,439,1,3,2900.00,,2900.00
1077,439,2,3,2900.00,,2900.00
1078,440,1,2,2400.00,,2400.00
1079,440,2,2,2400.00,,2400.00
1080,441,1,3,2900.00,,2900.00
1081,441,2,3,2900.00,,2900.00
1082,442,1,1,1950.00,,1950.00
1083,442,2,1,1950.00,,1950.00
1084,443,1,2,2400.00,,2400.00
1085,443,2,3,2900.00,,2900.00
1086,444,1,1,1950.00,,1950.00
1087,444,2,1,1950.00,,1950.00
1088,444,3,1,1950.00,,1950.00
1089,445,1,3,2900.00,,2900.00
1090,445,2,2,2400.00,,2400.00
1091,445,3,2,2400.00,,2400.00
1092,445,4,2,2400.00,,2400.00
1093,445,5,2,2400.00,,2400.00
1094,445,6,3,2900.00,,2900.00
1095,446,1,2,2400.00,,2400.00
1096,446,2,2,2400.00,,2400.00
1097,446,3,3,2900.00,,2900.00
1098,447,1,2,2400.00,,2400.00
1099,447,2,1,1950.00,,1950.00
1100,447,3,2,2400.00,,2400.00
1101,448,1,2,2400.00,,2400.00
1102,448,2,1,1950.00,,1950.00
1103,448,3,1,1950.00,,1950.00
1104,449,1,2,2400.00,,2400.00
1105,449,2,2,2400.00,,2400.00
1106,450,1,3,2900.00,,2900.00
1107,450,2,3,2900.00,,2900.00
1108,450,3,3,2900.00,,2900.00
1109,451,1,2,2400.00,,2400.00
1110,451,2,3,2900.00,,2900.00
1111,452,1,3,2900.00,,2900.00
1112,452,2,3,2900.00,,2900.00
1113,452,3,3,2900.00,,2900.00
1114,453,1,2,2400.00,,2400.00
1115,453,2,2,2400.00,,2400.00
1116,454,1,2,2400.00,,2400.00
1117,454,2,2,2400.00,,2400.00
1118,454,3,2,2400.00,,2400.00
1119,455,1,2,2400.00,,2400.00
1120,455,2,3,2900.00,,2900.00
1121,456,1,2,2400.00,,2400.00
1122,456,2,2,2400.00,,2400.00
1123,457,1,3,2900.00,,2900.00
1124,457,2,3,2900.00,,2900.00
1125,458,1,2,2400.00,,2400.00
1126,458,2,2,2400.00,,2400.00
1127,459,1,2,2400.00,,2400.00
1128,459,2,3,2900.00,,2900.00
1129,460,1,1,1950.00,,1950.00
1130,460,2,2,2400.00,,2400.00
1131,460,3,1,1950.00,,1950.00
1132,460,4,1,1950.00,,1950.00
1133,460,5,2,2400.00,,2400.00
1134,460,6,2,2400.00,,2400.00
1135,461,1,2,2400.00,,2400.00
1136,461,2,2,2400.00,,2400.00
1137,461,3,2,2400.00,,2400.00
1138,462,1,1,1950.00,,1950.00
1139,462,2,2,2400.00,,2400.00
1140,463,1,2,2400.00,,2400.00
1141,463,2,2,2400.00,,2400.00
1142,463,3,2,2400.00,,2400.00
1143,464,1,2,2400.00,,2400.00
1144,464,2,2,2400.00,,2400.00
1145,465,1,2,2400.00,,2400.00
1146,465,2,2,2400.00,,2400.00
1147,465,3,2,2400.00,,2400.00
1148,466,1,2,2400.00,,2400.00
1149,466,2,3,2900.00,,2900.00
1150,466,3,2,2400.00,,2400.00
1151,466,4,2,2400.00,,2400.00
1152,466,5,3,2900.00,,2900.00
1153,466,6,2,2400.00,,2400.00
1154,467,1,2,2400.00,,2400.00
1155,467,2,2,2400.00,,2400.00
1156,468,1,2,2400.00,,2400.00
1157,468,2,1,1950.00,,1950.00
1158,468,3,2,2400.00,,2400.00
1159,469,1,3,2900.00,,2900.00
1160,469,2,3,2900.00,,2900.00
1161,469,3,2,2400.00,,2400.00
1162,470,1,3,2900.00,,2900.00
1163,470,2,2,2400.00,,2400.00
1164,471,1,3,2900.00,,2900.00
1165,471,2,3,2900.00,,2900.00
1166,472,1,2,2400.00,,2400.00
1167,472,2,2,2400.00,,2400.00
1168,473,1,3,2900.00,,2900.00
1169,473,2,2,2400.00,,2400.00
1170,474,1,2,2400.00,,2400.00
1171,474,2,2,2400.00,,2400.00
1172,475,1,1,1950.00,,1950.00
1173,475,2,2,2400.00,,2400.00
1174,475,3,2,2400.00,,2400.00
1175,475,4,1,1950.00,,1950.00
1176,475,5,1,1950.00,,1950.00
1177,475,6,1,1950.00,,1950.00
1178,476,1,1,1950.00,,1950.00
1179,476,2,1,1950.00,,1950.00
1180,476,3,1,1950.00,,1950.00
1181,477,1,3,2900.00,,2900.00
1182,477,2,3,2900.00,,2900.00
1183,477,3,3,2900.00,,2900.00
1184,478,1,2,2400.00,,2400.00
1185,478,2,3,2900.00,,2900.00
1186,478,3,2,2400.00,,2400.00
1187,479,1,2,2400.00,,2400.00
1188,479,2,2,2400.00,,2400.00
1189,479,3,2,2400.00,,2400.00
1190,480,1,3,2900.00,,2900.00
1191,480,2,2,2400.00,,2400.00
1192,480,3,2,2400.00,,2400.00
1193,481,1,2,2400.00,,2400.00
1194,481,2,3,2900.00,,2900.00
1195,482,1,1,1950.00,,1950.00
1196,482,2,1,1950.00,,1950.00
1197,482,3,2,2400.00,,2400.00
1198,483,1,2,2400.00,,2400.00
1199,483,2,2,2400.00,,2400.00
1200,484,1,3,2900.00,,2900.00
1201,484,2,2,2400.00,,2400.00
1202,484,3,2,2400.00,,2400.00
1203,485,1,4,3200.00,,3200.00
1204,485,2,4,3200.00,,3200.00
1205,486,1,3,2900.00,,2900.00
1206,486,2,3,2900.00,,2900.00
1207,487,1,2,2400.00,,2400.00
1208,487,2,2,2400.00,,2400.00
1209,487,3,2,2400.00,,2400.00
1210,488,1,3,2900.00,,2900.00
1211,488,2,2,2400.00,,2400.00
1212,489,1,3,2900.00,,2900.00
1213,489,2,3,2900.00,,2900.00
1214,489,3,3,2900.00,,2900.00
1215,490,1,3,2900.00,,2900.00
1216,490,2,2,2400.00,,2400.00
1217,491,1,4,3200.00,,3200.00
1218,491,2,3,2900.00,,2900.00
1219,492,1,3,2900.00,,2900.00
1220,492,2,3,2900.00,,2900.00
1221,493,1,2,2400.00,,2400.00
1222,493,2,1,1950.00,,1950.00
1223,493,3,2,2400.00,,2400.00
1224,494,1,2,2400.00,,2400.00
1225,494,2,2,2400.00,,2400.00
1226,494,3,2,2400.00,,2400.00
1227,495,1,2,2400.00,,2400.00
1228,495,2,2,2400.00,,2400.00
1229,495,3,3,2900.00,,2900.00
1230,496,1,3,2900.00,,2900.00
1231,496,2,2,2400.00,,2400.00
1232,496,3,2,2400.00,,2400.00
1233,497,1,2,2400.00,,2400.00
1234,497,2,2,2400.00,,2400.00
1235,497,3,2,2400.00,,2400.00
1236,498,1,2,2400.00,,2400.00
1237,498,2,2,2400.00,,2400.00
1238,498,3,2,2400.00,,2400.00
1239,499,1,2,2400.00,,2400.00
1240,499,2,2,2400.00,,2400.00
1241,499,3,3,2900.00,,2900.00
1242,500,1,3,2900.00,,2900.00
1243,500,2,3,2900.00,,2900.00
1244,500,3,3,2900.00,,2900.00
1245,501,1,2,2400.00,,2400.00
1246,501,2,2,2400.00,,2400.00
1247,501,3,2,2400.00,,2400.00
1248,502,1,3,2900.00,,2900.00
1249,502,2,3,2900.00,,2900.00
1250,503,1,3,2900.00,,2900.00
1251,503,2,3,2900.00,,2900.00
1252,504,1,2,2400.00,,2400.00
1253,504,2,2,2400.00,,2400.00
1254,505,1,3,2900.00,,2900.00
1255,505,2,3,2900.00,,2900.00
1256,506,1,3,2900.00,,2900.00
1257,506,2,3,2900.00,,2900.00
1258,507,1,2,2400.00,,2400.00
1259,507,2,2,2400.00,,2400.00
1260,507,3,2,2400.00,,2400.00
1261,508,1,3,2900.00,,2900.00
1262,508,2,3,2900.00,,2900.00
1263,509,1,5,3500.00,,3500.00
1264,509,2,5,3500.00,,3500.00
1265,509,3,4,3200.00,,3200.00
1266,510,1,2,2400.00,,2400.00
1267,510,2,3,2900.00,,2900.00
1268,510,3,3,2900.00,,2900.00
1269,511,1,3,2900.00,,2900.00
1270,511,2,2,2400.00,,2400.00
1271,511,3,3,2900.00,,2900.00
1272,512,1,3,2900.00,,2900.00
1273,512,2,3,2900.00,,2900.00
1274,512,3,2,2400.00,,2400.00
1275,513,1,2,2400.00,,2400.00
1276,513,2,2,2400.00,,2400.00
1277,514,1,2,2400.00,,2400.00
1278,514,2,3,2900.00,,2900.00
1279,515,1,4,3200.00,,3200.00
1280,515,2,3,2900.00,,2900.00
1281,516,1,3,2900.00,,2900.00
1282,516,2,3,2900.00,,2900.00
1283,517,1,2,2400.00,,2400.00
1284,517,2,3,2900.00,,2900.00
1285,517,3,2,2400.00,,2400.00
1286,518,1,3,2900.00,,2900.00
1287,518,2,2,2400.00,,2400.00
1288,519,1,2,2400.00,,2400.00
1289,519,2,2,2400.00,,2400.00
1290,519,3,3,2900.00,,2900.00
1291,520,1,2,2400.00,,2400.00
1292,520,2,2,2400.00,,2400.00
1293,521,1,2,2400.00,,2400.00
1294,521,2,2,2400.00,,2400.00
1295,522,1,3,2900.00,,2900.00
1296,522,2,2,2400.00,,2400.00
1297,523,1,1,1950.00,,1950.00
1298,523,2,1,1950.00,,1950.00
1299,523,3,1,1950.00,,1950.00
1300,524,1,2,2400.00,,2400.00
1301,524,2,2,2400.00,,2400.00
1302,525,1,2,2400.00,,2400.00
1303,525,2,2,2400.00,,2400.00
1304,526,1,2,2400.00,,2400.00
1305,526,2,1,1950.00,,1950.00
1306,527,1,2,2400.00,,2400.00
1307,527,2,2,2400.00,,2400.00
1308,528,1,2,2400.00,,2400.00
1309,528,2,1,1950.00,,1950.00
1310,528,3,2,2400.00,,2400.00
1311,529,1,1,1950.00,,1950.00
1312,529,2,2,2400.00,,2400.00
1313,529,3,1,1950.00,,1950.00
1314,530,1,1,1950.00,,1950.00
1315,530,2,2,2400.00,,2400.00
1316,531,1,2,2400.00,,2400.00
1317,531,2,3,2900.00,,2900.00
1318,532,1,2,2400.00,,2400.00
1319,532,2,1,1950.00,,1950.00
1320,532,3,1,1950.00,,1950.00
1321,533,1,1,1950.00,,1950.00
1322,533,2,2,2400.00,,2400.00
1323,534,1,2,2400.00,,2400.00
1324,534,2,2,2400.00,,2400.00
1325,534,3,1,1950.00,,1950.00
1326,535,1,3,2900.00,,2900.00
1327,535,2,3,2900.00,,2900.00
1328,535,3,2,2400.00,,2400.00
1329,536,1,1,1950.00,,1950.00
1330,536,2,1,1950.00,,1950.00
1331,537,1,1,1950.00,,1950.00
1332,537,2,1,1950.00,,1950.00
1333,537,3,1,1950.00,,1950.00
1334,537,4,1,1950.00,,1950.00
1335,537,5,1,1950.00,,1950.00
1336,537,6,1,1950.00,,1950.00
1337,538,1,2,2400.00,,2400.00
1338,538,2,2,2400.00,,2400.00
1339,538,3,1,1950.00,,1950.00
1340,539,1,5,3500.00,,3500.00
1341,539,2,4,3200.00,,3200.00
1342,540,1,3,2900.00,,2900.00
1343,540,2,3,2900.00,,2900.00
1344,541,1,2,2400.00,,2400.00
1345,541,2,1,1950.00,,1950.00
1346,541,3,2,2400.00,,2400.00
1347,541,4,2,2400.00,,2400.00
1348,541,5,1,1950.00,,1950.00
1349,541,6,1,1950.00,,1950.00
1350,542,1,2,2400.00,,2400.00
1351,542,2,2,2400.00,,2400.00
1352,542,3,2,2400.00,,2400.00
1353,543,1,1,1950.00,,1950.00
1354,543,2,1,1950.00,,1950.00
1355,543,3,1,1950.00,,1950.00
1356,544,1,3,2900.00,,2900.00
1357,544,2,3,2900.00,,2900.00
1358,545,1,2,2400.00,,2400.00
1359,545,2,2,2400.00,,2400.00
1360,545,3,2,2400.00,,2400.00
1361,546,1,2,2400.00,,2400.00
1362,546,2,1,1950.00,,1950.00
1363,546,3,2,2400.00,,2400.00
1364,547,1,1,1950.00,,1950.00
1365,547,2,2,2400.00,,2400.00
1366,548,1,2,2400.00,,2400.00
1367,548,2,1,1950.00,,1950.00
1368,549,1,2,2400.00,,2400.00
1369,549,2,2,2400.00,,2400.00
1370,549,3,2,2400.00,,2400.00
1371,550,1,1,1950.00,,1950.00
1372,550,2,1,1950.00,,1950.00
1373,550,3,1,1950.00,,1950.00
1374,551,1,3,2900.00,,2900.00
1375,551,2,2,2400.00,,2400.00
1376,551,3,3,2900.00,,2900.00
1377,552,1,3,2900.00,,2900.00
1378,552,2,3,2900.00,,2900.00
1379,553,1,3,2900.00,,2900.00
1380,553,2,3,2900.00,,2900.00
1381,553,3,2,2400.00,,2400.00
1382,554,1,1,1950.00,,1950.00
1383,554,2,1,1950.00,,1950.00
1384,554,3,1,1950.00,,1950.00
1385,555,1,3,2900.00,,2900.00
1386,555,2,2,2400.00,,2400.00
1387,555,3,2,2400.00,,2400.00
1388,556,1,3,2900.00,,2900.00
1389,556,2,3,2900.00,,2900.00
1390,556,3,3,2900.00,,2900.00
1391,557,1,2,2400.00,,2400.00
1392,557,2,2,2400.00,,2400.00
1393,557,3,2,2400.00,,2400.00
1394,558,1,1,1950.00,,1950.00
1395,558,2,1,1950.00,,1950.00
1396,558,3,1,1950.00,,1950.00
1397,559,1,2,2400.00,,2400.00
1398,559,2,2,2400.00,,2400.00
1399,559,3,2,2400.00,,2400.00
1400,560,1,3,2900.00,,2900.00
1401,560,2,3,2900.00,,2900.00
1402,561,1,3,2900.00,,2900.00
1403,561,2,3,2900.00,,2900.00
1404,561,3,2,2400.00,,2400.00
1405,562,1,3,2900.00,,2900.00
1406,562,2,2,2400.00,,2400.00
1407,562,3,3,2900.00,,2900.00
1408,563,1,2,2400.00,,2400.00
1409,563,2,2,2400.00,,2400.00
1410,563,3,2,2400.00,,2400.00
1411,564,1,3,2900.00,,2900.00
1412,564,2,3,2900.00,,2900.00
1413,564,3,2,2400.00,,2400.00
1414,565,1,2,2400.00,,2400.00
1415,565,2,2,2400.00,,2400.00
1416,565,3,2,2400.00,,2400.00
1417,566,1,2,2400.00,,2400.00
1418,566,2,2,2400.00,,2400.00
1419,566,3,2,2400.00,,2400.00
1420,567,1,2,2400.00,,2400.00
1421,567,2,3,2900.00,,2900.00
1422,567,3,2,2400.00,,2400.00
1423,568,1,2,2400.00,,2400.00
1424,568,2,2,2400.00,,2400.00
1425,568,3,3,2900.00,,2900.00
1426,569,1,3,2900.00,,2900.00
1427,569,2,3,2900.00,,2900.00
1428,569,3,2,2400.00,,2400.00
1429,570,1,3,2900.00,,2900.00
1430,570,2,2,2400.00,,2400.00
1431,570,3,2,2400.00,,2400.00
1432,571,1,2,2400.00,,2400.00
1433,571,2,2,2400.00,,2400.00
1434,572,1,3,2900.00,,2900.00
1435,572,2,3,2900.00,,2900.00
1436,573,1,2,2400.00,,2400.00
1437,573,2,3,2900.00,,2900.00
1438,574,1,3,2900.00,,2900.00
1439,574,2,3,2900.00,,2900.00
1440,574,3,3,2900.00,,2900.00
1441,575,1,1,1950.00,,1950.00
1442,575,2,2,2400.00,,2400.00
1443,575,3,1,1950.00,,1950.00
1444,576,1,3,2900.00,,2900.00
1445,576,2,3,2900.00,,2900.00
1446,577,1,1,1950.00,,1950.00
1447,577,2,2,2400.00,,2400.00
1448,578,1,2,2400.00,,2400.00
1449,578,2,2,2400.00,,2400.00
1450,578,3,2,2400.00,,2400.00
1451,579,1,2,2400.00,,2400.00
1452,579,2,1,1950.00,,1950.00
1453,579,3,2,2400.00,,2400.00
1454,579,4,2,2400.00,,2400.00
1455,580,1,1,1950.00,,1950.00
1456,580,2,1,1950.00,,1950.00
1457,581,1,2,2400.00,,2400.00
1458,581,2,1,1950.00,,1950.00
1459,582,1,2,2400.00,,2400.00
1460,582,2,2,2400.00,,2400.00
1461,582,3,3,2900.00,,2900.00
1462,583,1,2,2400.00,,2400.00
1463,583,2,2,2400.00,,2400.00
1464,583,3,1,1950.00,,1950.00
1465,584,1,3,2900.00,,2900.00
1466,584,2,2,2400.00,,2400.00
1467,585,1,2,2400.00,,2400.00
1468,585,2,2,2400.00,,2400.00
1469,586,1,1,1950.00,,1950.00
1470,586,2,1,1950.00,,1950.00
1471,586,3,1,1950.00,,1950.00
1472,587,1,2,2400.00,,2400.00
1473,587,2,2,2400.00,,2400.00
1474,588,1,1,1950.00,,1950.00
1475,588,2,1,1950.00,,1950.00
1476,588,3,1,1950.00,,1950.00
1477,588,4,1,1950.00,,1950.00
1478,588,5,1,1950.00,,1950.00
1479,588,6,1,1950.00,,1950.00
1480,589,1,2,2400.00,,2400.00
1481,589,2,2,2400.00,,2400.00
1482,589,3,2,2400.00,,2400.00
1483,590,1,2,2400.00,,2400.00
1484,590,2,1,1950.00,,1950.00
1485,591,1,1,1950.00,,1950.00
1486,591,2,2,2400.00,,2400.00
1487,591,3,1,1950.00,,1950.00
1488,592,1,3,2900.00,,2900.00
1489,592,2,3,2900.00,,2900.00
1490,593,1,2,2400.00,,2400.00
1491,593,2,3,2900.00,,2900.00
1492,594,1,2,2400.00,,2400.00
1493,594,2,2,2400.00,,2400.00
1494,594,3,2,2400.00,,2400.00
1495,595,1,2,2400.00,,2400.00
1496,595,2,2,2400.00,,2400.00
1497,596,1,1,1950.00,,1950.00
1498,596,2,1,1950.00,,1950.00
1499,597,1,1,1950.00,,1950.00
1500,597,2,1,1950.00,,1950.00
1501,597,3,1,1950.00,,1950.00
1502,598,1,2,2400.00,,2400.00
1503,598,2,1,1950.00,,1950.00
1504,598,3,2,2400.00,,2400.00
1505,599,1,2,2400.00,,2400.00
1506,599,2,3,2900.00,,2900.00
1507,599,3,3,2900.00,,2900.00
1508,600,1,3,2900.00,,2900.00
1509,600,2,3,2900.00,,2900.00
1510,600,3,3,2900.00,,2900.00
1511,601,1,1,1950.00,,1950.00
1512,601,2,1,1950.00,,1950.00
1513,601,3,1,1950.00,,1950.00
1514,602,1,2,2400.00,,2400.00
1515,602,2,2,2400.00,,2400.00
1516,602,3,1,1950.00,,1950.00
1517,603,1,1,1950.00,,1950.00
1518,603,2,1,1950.00,,1950.00
1519,603,3,2,2400.00,,2400.00
1520,604,1,3,2900.00,,2900.00
1521,604,2,3,2900.00,,2900.00
1522,605,1,2,2400.00,,2400.00
1523,605,2,2,2400.00,,2400.00
1524,606,1,1,1950.00,,1950.00
1525,606,2,1,1950.00,,1950.00
1526,606,3,2,2400.00,,2400.00
1527,607,1,2,2400.00,,2400.00
1528,607,2,2,2400.00,,2400.00
1529,607,3,2,2400.00,,2400.00
1530,608,1,2,2400.00,,2400.00
1531,608,2,2,2400.00,,2400.00
1532,608,3,2,2400.00,,2400.00
1533,609,1,2,2400.00,,2400.00
1534,609,2,2,2400.00,,2400.00
1535,610,1,1,1950.00,,1950.00
1536,610,2,1,1950.00,,1950.00
1537,610,3,1,1950.00,,1950.00
1538,611,1,3,2900.00,,2900.00
1539,611,2,3,2900.00,,2900.00
1540,611,3,3,2900.00,,2900.00
1541,612,1,3,2900.00,,2900.00
1542,612,2,3,2900.00,,2900.00
1543,612,3,3,2900.00,,2900.00
1544,613,1,3,2900.00,,2900.00
1545,613,2,3,2900.00,,2900.00
1546,614,1,4,3200.00,,3200.00
1547,614,2,5,3500.00,,3500.00
1548,615,1,3,2900.00,,2900.00
1549,615,2,4,3200.00,,3200.00
1550,616,1,2,2400.00,,2400.00
1551,616,2,1,1950.00,,1950.00
1552,617,1,3,2900.00,,2900.00
1553,617,2,3,2900.00,,2900.00
1554,618,1,3,2900.00,,2900.00
1555,618,2,2,2400.00,,2400.00
1556,619,1,3,2900.00,,2900.00
1557,619,2,2,2400.00,,2400.00
1558,619,3,3,2900.00,,2900.00
1559,620,1,1,1950.00,,1950.00
1560,620,2,2,2400.00,,2400.00
1561,620,3,2,2400.00,,2400.00
1562,621,1,3,2900.00,,2900.00
1563,621,2,3,2900.00,,2900.00
1564,621,3,2,2400.00,,2400.00
1565,622,1,1,1950.00,,1950.00
1566,622,2,1,1950.00,,1950.00
1567,622,3,1,1950.00,,1950.00
1568,623,1,1,1950.00,,1950.00
1569,623,2,1,1950.00,,1950.00
1570,624,1,3,2900.00,,2900.00
1571,624,2,3,2900.00,,2900.00
1572,625,1,3,2900.00,,2900.00
1573,625,2,3,2900.00,,2900.00
1574,625,3,3,2900.00,,2900.00
1575,626,1,1,1950.00,,1950.00
1576,626,2,1,1950.00,,1950.00
1577,626,3,1,1950.00,,1950.00
1578,627,1,1,1950.00,,1950.00
1579,627,2,1,1950.00,,1950.00
1580,627,3,2,2400.00,,2400.00
1581,628,1,3,2900.00,,2900.00
1582,628,2,3,2900.00,,2900.00
1583,628,3,3,2900.00,,2900.00
1584,628,4,2,2400.00,,2400.00
1585,629,1,3,2900.00,,2900.00
1586,629,2,3,2900.00,,2900.00
1587,629,3,4,3200.00,,3200.00
1588,630,1,1,1950.00,,1950.00
1589,630,2,2,2400.00,,2400.00
1590,630,3,1,1950.00,,1950.00
1591,631,1,2,2400.00,,2400.00
1592,631,2,1,1950.00,,1950.00
1593,632,1,0,1700.00,,1700.00
1594,632,2,0,1700.00,,1700.00
1595,633,1,3,2900.00,,2900.00
1596,633,2,3,2900.00,,2900.00
1597,633,3,3,2900.00,,2900.00
1598,634,1,0,1700.00,,1700.00
1599,634,2,0,1700.00,,1700.00
1600,634,3,0,1700.00,,1700.00
1601,635,1,2,2400.00,,2400.00
1602,635,2,2,2400.00,,2400.00
1603,635,3,2,2400.00,,2400.00
1604,636,1,2,2400.00,,2400.00
1605,636,2,2,2400.00,,2400.00
1606,636,3,1,1950.00,,1950.00
1607,636,4,2,2400.00,,2400.00
1608,636,5,1,1950.00,,1950.00
1609,636,6,1,1950.00,,1950.00
1610,637,1,2,2400.00,,2400.00
1611,637,2,2,2400.00,,2400.00
1612,637,3,2,2400.00,,2400.00
1613,637,4,2,2400.00,,2400.00
1614,637,5,2,2400.00,,2400.00
1615,637,6,2,2400.00,,2400.00
1616,638,1,3,2900.00,,2900.00
1617,638,2,3,2900.00,,2900.00
1618,639,1,1,1950.00,,1950.00
1619,639,2,1,1950.00,,1950.00
1620,639,3,2,2400.00,,2400.00
1621,640,1,1,1950.00,,1950.00
1622,640,2,1,1950.00,,1950.00
1623,640,3,2,2400.00,,2400.00
1624,641,1,3,2900.00,,2900.00
1625,641,2,3,2900.00,,2900.00
1626,642,1,2,2400.00,,2400.00
1627,642,2,2,2400.00,,2400.00
1628,643,1,3,2900.00,,2900.00
1629,643,2,3,2900.00,,2900.00
1630,644,1,2,2400.00,,2400.00
1631,644,2,1,1950.00,,1950.00
1632,645,1,2,2400.00,,2400.00
1633,645,2,2,2400.00,,2400.00
1634,646,1,3,2900.00,,2900.00
1635,646,2,3,2900.00,,2900.00
1636,647,1,5,3500.00,,3500.00
1637,647,2,5,3500.00,,3500.00
1638,648,1,3,2900.00,,2900.00
1639,648,2,3,2900.00,,2900.00
1640,649,1,2,2400.00,,2400.00
1641,649,2,2,2400.00,,2400.00
1642,649,3,2,2400.00,,2400.00
1643,650,1,2,2400.00,,2400.00
1644,650,2,2,2400.00,,2400.00
1645,650,3,2,2400.00,,2400.00
1646,651,1,3,2900.00,,2900.00
1647,651,2,3,2900.00,,2900.00
1648,651,3,2,2400.00,,2400.00
1649,652,1,2,2400.00,,2400.00
1650,652,2,3,2900.00,,2900.00
1651,652,3,2,2400.00,,2400.00
1652,653,1,1,1950.00,,1950.00
1653,653,2,1,1950.00,,1950.00
1654,653,3,1,1950.00,,1950.00
1655,654,1,2,2400.00,,2400.00
1656,654,2,2,2400.00,,2400.00
1657,655,1,2,2400.00,,2400.00
1658,655,2,2,2400.00,,2400.00
1659,655,3,3,2900.00,,2900.00
1660,656,1,2,2400.00,,2400.00
1661,656,2,2,2400.00,,2400.00
1662,656,3,1,1950.00,,1950.00
1663,656,4,2,2400.00,,2400.00
1664,656,5,2,2400.00,,2400.00
1665,656,6,2,2400.00,,2400.00
1666,657,1,1,1950.00,,1950.00
1667,657,2,1,1950.00,,1950.00
1668,658,1,1,1950.00,,1950.00
1669,658,2,2,2400.00,,2400.00
1670,658,3,1,1950.00,,1950.00
1671,659,1,2,2400.00,,2400.00
1672,659,2,1,1950.00,,1950.00
1673,660,1,1,1950.00,,1950.00
1674,660,2,1,1950.00,,1950.00
1675,660,3,2,2400.00,,2400.00
1676,661,1,1,1950.00,,1950.00
1677,661,2,1,1950.00,,1950.00
1678,661,3,1,1950.00,,1950.00
1679,662,1,3,2900.00,,2900.00
1680,662,2,4,3200.00,,3200.00
1681,662,3,3,2900.00,,2900.00
1682,663,1,3,2900.00,,2900.00
1683,663,2,3,2900.00,,2900.00
1684,664,1,2,2400.00,,2400.00
1685,664,2,2,2400.00,,2400.00
1686,665,1,3,2900.00,,2900.00
1687,665,2,3,2900.00,,2900.00
1688,665,3,2,2400.00,,2400.00
1689,666,1,2,2400.00,,2400.00
1690,666,2,2,2400.00,,2400.00
1691,666,3,3,2900.00,,2900.00
1692,667,1,2,2400.00,,2400.00
1693,667,2,3,2900.00,,2900.00
1694,668,1,2,2400.00,,2400.00
1695,668,2,2,2400.00,,2400.00
1696,669,1,2,2400.00,,2400.00
1697,669,2,2,2400.00,,2400.00
1698,669,3,1,1950.00,,1950.00
1699,670,1,2,2400.00,,2400.00
1700,670,2,3,2900.00,,2900.00
1701,671,1,2,2400.00,,2400.00
1702,671,2,2,2400.00,,2400.00
1703,671,3,2,2400.00,,2400.00
1704,672,1,1,1950.00,,1950.00
1705,672,2,1,1950.00,,1950.00
1706,673,1,2,2400.00,,2400.00
1707,673,2,2,2400.00,,2400.00
1708,673,3,2,2400.00,,2400.00
1709,673,4,2,2400.00,,2400.00
1710,673,5,2,2400.00,,2400.00
1711,673,6,2,2400.00,,2400.00
1712,674,1,2,2400.00,,2400.00
1713,674,2,2,2400.00,,2400.00
1714,675,1,2,2400.00,,2400.00
1715,675,2,1,1950.00,,1950.00
1716,675,3,1,1950.00,,1950.00
1717,676,1,1,1950.00,,1950.00
1718,676,2,1,1950.00,,1950.00
1719,677,1,2,2400.00,,2400.00
1720,677,2,3,2900.00,,2900.00
1721,678,1,2,2400.00,,2400.00
1722,678,2,3,2900.00,,2900.00
1723,678,3,3,2900.00,,2900.00
1724,679,1,3,2900.00,,2900.00
1725,679,2,2,2400.00,,2400.00
1726,680,1,1,1950.00,,1950.00
1727,680,2,2,2400.00,,2400.00
1728,681,1,2,2400.00,,2400.00
1729,681,2,1,1950.00,,1950.00
1730,681,3,2,2400.00,,2400.00
1731,682,1,1,1950.00,,1950.00
1732,682,2,1,1950.00,,1950.00
1733,683,1,2,2400.00,,2400.00
1734,683,2,3,2900.00,,2900.00
1735,683,3,2,2400.00,,2400.00
1736,684,1,2,2400.00,,2400.00
1737,684,2,1,1950.00,,1950.00
1738,684,3,3,2900.00,,2900.00
1739,684,4,2,2400.00,,2400.00
1740,684,5,3,2900.00,,2900.00
1741,684,6,2,2400.00,,2400.00
1742,685,1,2,2400.00,,2400.00
1743,685,2,3,2900.00,,2900.00
1744,685,3,2,2400.00,,2400.00
1745,686,1,3,2900.00,,2900.00
1746,686,2,3,2900.00,,2900.00
1747,686,3,2,2400.00,,2400.00
1748,687,1,3,2900.00,,2900.00
1749,687,2,2,2400.00,,2400.00
1750,688,1,2,2400.00,,2400.00
1751,688,2,2,2400.00,,2400.00
1752,688,3,2,2400.00,,2400.00
1753,689,1,3,2900.00,,2900.00
1754,689,2,3,2900.00,,2900.00
1755,690,1,2,2400.00,,2400.00
1756,690,2,2,2400.00,,2400.00
1757,691,1,3,2900.00,,2900.00
1758,691,2,3,2900.00,,2900.00
1759,691,3,3,2900.00,,2900.00
1760,692,1,3,2900.00,,2900.00
1761,692,2,2,2400.00,,2400.00
1762,692,3,3,2900.00,,2900.00
1763,693,1,3,2900.00,,2900.00
1764,693,2,4,3200.00,,3200.00
1765,694,1,3,2900.00,,2900.00
1766,694,2,3,2900.00,,2900.00
1767,695,1,1,1950.00,,1950.00
1768,695,2,2,2400.00,,2400.00
1769,695,3,2,2400.00,,2400.00
1770,696,1,2,2400.00,,2400.00
1771,696,2,2,2400.00,,2400.00
1772,697,1,2,2400.00,,2400.00
1773,697,2,1,1950.00,,1950.00
1774,697,3,2,2400.00,,2400.00
1775,698,1,1,1950.00,,1950.00
1776,698,2,1,1950.00,,1950.00
1777,698,3,1,1950.00,,1950.00
1778,698,4,1,1950.00,,1950.00
1779,698,5,1,1950.00,,1950.00
1780,698,6,1,1950.00,,1950.00
1781,699,1,2,2400.00,,2400.00
1782,699,2,1,1950.00,,1950.00
1783,699,3,2,2400.00,,2400.00
1784,700,1,4,3200.00,,3200.00
1785,700,2,3,2900.00,,2900.00
1786,701,1,3,2900.00,,2900.00
1787,701,2,2,2400.00,,2400.00
1788,701,3,3,2900.00,,2900.00
1789,702,1,3,2900.00,,2900.00
1790,702,2,2,2400.00,,2400.00
1791,702,3,3,2900.00,,2900.00
1792,703,1,3,2900.00,,2900.00
1793,703,2,2,2400.00,,2400.00
1794,703,3,2,2400.00,,2400.00
1795,704,1,4,3200.00,,3200.00
1796,704,2,4,3200.00,,3200.00
1797,705,1,2,2400.00,,2400.00
1798,705,2,2,2400.00,,2400.00
1799,705,3,3,2900.00,,2900.00
1800,706,1,1,1950.00,,1950.00
1801,706,2,1,1950.00,,1950.00
1802,706,3,1,1950.00,,1950.00
1803,706,4,1,1950.00,,1950.00
1804,707,1,1,1950.00,,1950.00
1805,707,2,2,2400.00,,2400.00
1806,707,3,2,2400.00,,2400.00
1807,708,1,2,2400.00,,2400.00
1808,708,2,2,2400.00,,2400.00
1809,708,3,2,2400.00,,2400.00
1810,709,1,3,2900.00,,2900.00
1811,709,2,3,2900.00,,2900.00
1812,710,1,1,1950.00,,1950.00
1813,710,2,2,2400.00,,2400.00
1814,710,3,1,1950.00,,1950.00
1815,711,1,3,2900.00,,2900.00
1816,711,2,3,2900.00,,2900.00
1817,712,1,2,2400.00,,2400.00
1818,712,2,3,2900.00,,2900.00
1819,712,3,2,2400.00,,2400.00
1820,713,1,2,2400.00,,2400.00
1821,713,2,2,2400.00,,2400.00
1822,713,3,2,2400.00,,2400.00
1823,714,1,4,3200.00,,3200.00
1824,714,2,4,3200.00,,3200.00
1825,715,1,2,2400.00,,2400.00
1826,715,2,2,2400.00,,2400.00
1827,715,3,2,2400.00,,2400.00
1828,716,1,3,2900.00,,2900.00
1829,716,2,2,2400.00,,2400.00
1830,716,3,3,2900.00,,2900.00
1831,717,1,2,2400.00,,2400.00
1832,717,2,2,2400.00,,2400.00
1833,717,3,2,2400.00,,2400.00
1834,718,1,2,2400.00,,2400.00
1835,718,2,3,2900.00,,2900.00
1836,719,1,3,2900.00,,2900.00
1837,719,2,3,2900.00,,2900.00
1838,719,3,3,2900.00,,2900.00
1839,720,1,3,2900.00,,2900.00
1840,720,2,3,2900.00,,2900.00
1841,721,1,3,2900.00,,2900.00
1842,721,2,3,2900.00,,2900.00
1843,722,1,2,2400.00,,2400.00
1844,722,2,2,2400.00,,2400.00
1845,722,3,2,2400.00,,2400.00
1846,722,4,1,1950.00,,1950.00
1847,723,1,2,2400.00,,2400.00
1848,723,2,1,1950.00,,1950.00
1849,723,3,2,2400.00,,2400.00
1850,724,1,2,2400.00,,2400.00
1851,724,2,2,2400.00,,2400.00
1852,724,3,2,2400.00,,2400.00
1853,725,1,1,1950.00,,1950.00
1854,725,2,1,1950.00,,1950.00
1855,725,3,1,1950.00,,1950.00
1856,725,4,1,1950.00,,1950.00
1857,725,5,1,1950.00,,1950.00
1858,726,1,2,2400.00,,2400.00
1859,726,2,1,1950.00,,1950.00
1860,727,1,2,2400.00,,2400.00
1861,727,2,2,2400.00,,2400.00
1862,728,1,3,2900.00,,2900.00
1863,728,2,3,2900.00,,2900.00
1864,729,1,3,2900.00,,2900.00
1865,729,2,3,2900.00,,2900.00
1866,730,1,1,1950.00,,1950.00
1867,730,2,1,1950.00,,1950.00
1868,731,1,2,2400.00,,2400.00
1869,731,2,2,2400.00,,2400.00
1870,732,1,1,1950.00,,1950.00
1871,732,2,1,1950.00,,1950.00
1872,733,1,1,1950.00,,1950.00
1873,733,2,0,1700.00,,1700.00
1874,734,1,2,2400.00,,2400.00
1875,734,2,3,2900.00,,2900.00
1876,735,1,2,2400.00,,2400.00
1877,735,2,2,2400.00,,2400.00
1878,735,3,2,2400.00,,2400.00
1879,736,1,3,2900.00,,2900.00
1880,736,2,3,2900.00,,2900.00
1881,737,1,2,2400.00,,2400.00
1882,737,2,2,2400.00,,2400.00
1883,737,3,1,1950.00,,1950.00
1884,738,1,1,1950.00,,1950.00
1885,738,2,1,1950.00,,1950.00
1886,738,3,1,1950.00,,1950.00
1887,739,1,1,1950.00,,1950.00
1888,739,2,1,1950.00,,1950.00
1889,739,3,1,1950.00,,1950.00
1890,740,1,2,2400.00,,2400.00
1891,740,2,2,2400.00,,2400.00
1892,740,3,2,2400.00,,2400.00
1893,741,1,3,2900.00,,2900.00
1894,741,2,3,2900.00,,2900.00
1895,742,1,2,2400.00,,2400.00
1896,742,2,3,2900.00,,2900.00
1897,743,1,2,2400.00,,2400.00
1898,743,2,2,2400.00,,2400.00
1899,744,1,2,2400.00,,2400.00
1900,744,2,2,2400.00,,2400.00
1901,744,3,2,2400.00,,2400.00
1902,745,1,3,2900.00,,2900.00
1903,745,2,3,2900.00,,2900.00
1904,746,1,3,2900.00,,2900.00
1905,746,2,3,2900.00,,2900.00
1906,747,1,3,2900.00,,2900.00
1907,747,2,3,2900.00,,2900.00
1908,748,1,3,2900.00,,2900.00
1909,748,2,2,2400.00,,2400.00
1910,748,3,2,2400.00,,2400.00
1911,749,1,3,2900.00,,2900.00
1912,749,2,4,3200.00,,3200.00
1913,750,1,2,2400.00,,2400.00
1914,750,2,2,2400.00,,2400.00
1915,751,1,2,2400.00,,2400.00
1916,751,2,3,2900.00,,2900.00
1917,752,1,2,2400.00,,2400.00
1918,752,2,2,2400.00,,2400.00
1919,752,3,2,2400.00,,2400.00
1920,753,1,4,3200.00,,3200.00
1921,753,2,4,3200.00,,3200.00
1922,754,1,2,2400.00,,2400.00
1923,754,2,3,2900.00,,2900.00
1924,754,3,3,2900.00,,2900.00
1925,755,1,3,2900.00,,2900.00
1926,755,2,3,2900.00,,2900.00
1927,756,1,3,2900.00,,2900.00
1928,756,2,3,2900.00,,2900.00
1929,756,3,2,2400.00,,2400.00
1930,757,1,4,3200.00,,3200.00
1931,757,2,3,2900.00,,2900.00
1932,757,3,4,3200.00,,3200.00
1933,758,1,3,2900.00,,2900.00
1934,758,2,3,2900.00,,2900.00
1935,758,3,3,2900.00,,2900.00
1936,759,1,3,2900.00,,2900.00
1937,759,2,3,2900.00,,2900.00
1938,760,1,3,2900.00,,2900.00
1939,760,2,3,2900.00,,2900.00
1940,760,3,2,2400.00,,2400.00
1941,761,1,1,1950.00,,1950.00
1942,761,2,2,2400.00,,2400.00
1943,761,3,1,1950.00,,1950.00
1944,761,4,2,2400.00,,2400.00
1945,761,5,2,2400.00,,2400.00
1946,761,6,2,2400.00,,2400.00
1947,762,1,2,2400.00,,2400.00
1948,762,2,2,2400.00,,2400.00
1949,762,3,2,2400.00,,2400.00
1950,763,1,3,2900.00,,2900.00
1951,763,2,3,2900.00,,2900.00
1952,764,1,1,1950.00,,1950.00
1953,764,2,1,1950.00,,1950.00
1954,764,3,1,1950.00,,1950.00
1955,765,1,2,2400.00,,2400.00
1956,765,2,3,2900.00,,2900.00
1957,765,3,3,2900.00,,2900.00
1958,766,1,2,2400.00,,2400.00
1959,766,2,3,2900.00,,2900.00
1960,766,3,3,2900.00,,2900.00
1961,767,1,1,1950.00,,1950.00
1962,767,2,1,1950.00,,1950.00
1963,768,1,2,2400.00,,2400.00
1964,768,2,3,2900.00,,2900.00
1965,769,1,3,2900.00,,2900.00
1966,769,2,3,2900.00,,2900.00
1967,770,1,3,2900.00,,2900.00
1968,770,2,3,2900.00,,2900.00
1969,771,1,3,2900.00,,2900.00
1970,771,2,2,2400.00,,2400.00
1971,772,1,3,2900.00,,2900.00
1972,772,2,4,3200.00,,3200.00
1973,772,3,3,2900.00,,2900.00
1974,773,1,1,1950.00,,1950.00
1975,773,2,2,2400.00,,2400.00
1976,773,3,1,1950.00,,1950.00
1977,774,1,3,2900.00,,2900.00
1978,774,2,4,3200.00,,3200.00
1979,775,1,3,2900.00,,2900.00
1980,775,2,3,2900.00,,2900.00
1981,775,3,3,2900.00,,2900.00
1982,776,1,5,3500.00,,3500.00
1983,776,2,5,3500.00,,3500.00
1984,776,3,4,3200.00,,3200.00
1985,777,1,1,1950.00,,1950.00
1986,777,2,2,2400.00,,2400.00
1987,778,1,1,1950.00,,1950.00
1988,778,2,2,2400.00,,2400.00
1989,778,3,2,2400.00,,2400.00
1990,779,1,3,2900.00,,2900.00
1991,779,2,4,3200.00,,3200.00
1992,779,3,3,2900.00,,2900.00
1993,780,1,2,2400.00,,2400.00
1994,780,2,2,2400.00,,2400.00
1995,781,1,1,1950.00,,1950.00
1996,781,2,2,2400.00,,2400.00
1997,781,3,2,2400.00,,2400.00
1998,781,4,2,2400.00,,2400.00
1999,782,1,4,3200.00,,3200.00
2000,782,2,4,3200.00,,3200.00
2001,783,1,4,3200.00,,3200.00
2002,783,2,4,3200.00,,3200.00
2003,784,1,3,2900.00,,2900.00
2004,784,2,3,2900.00,,2900.00
2005,785,1,3,2900.00,,2900.00
2006,785,2,2,2400.00,,2400.00
2007,786,1,4,3200.00,,3200.00
2008,786,2,4,3200.00,,3200.00
2009,786,3,4,3200.00,,3200.00
2010,787,1,2,2400.00,,2400.00
2011,787,2,2,2400.00,,2400.00
2012,787,3,1,1950.00,,1950.00
2013,788,1,3,2900.00,,2900.00
2014,788,2,2,2400.00,,2400.00
2015,789,1,2,2400.00,,2400.00
2016,789,2,2,2400.00,,2400.00
2017,790,1,2,2400.00,,2400.00
2018,790,2,2,2400.00,,2400.00
2019,790,3,2,2400.00,,2400.00
2020,791,1,3,2900.00,,2900.00
2021,791,2,3,2900.00,,2900.00
2022,792,1,1,1950.00,,1950.00
2023,792,2,2,2400.00,,2400.00
2024,793,1,2,2400.00,,2400.00
2025,793,2,1,1950.00,,1950.00
2026,794,1,1,1950.00,,1950.00
2027,794,2,1,1950.00,,1950.00
2028,794,3,1,1950.00,,1950.00
2029,795,1,4,3200.00,,3200.00
2030,795,2,4,3200.00,,3200.00
2031,796,1,3,2900.00,,2900.00
2032,796,2,3,2900.00,,2900.00
2033,797,1,1,1950.00,,1950.00
2034,797,2,1,1950.00,,1950.00
2035,798,1,2,2400.00,,2400.00
2036,798,2,3,2900.00,,2900.00
2037,798,3,2,2400.00,,2400.00
2038,799,1,2,2400.00,,2400.00
2039,799,2,2,2400.00,,2400.00
2040,800,1,2,2400.00,,2400.00
2041,800,2,2,2400.00,,2400.00
2042,801,1,1,1950.00,,1950.00
2043,801,2,1,1950.00,,1950.00
2044,802,1,3,2900.00,,2900.00
2045,802,2,3,2900.00,,2900.00
2046,802,3,3,2900.00,,2900.00
2047,803,1,3,2900.00,,2900.00
2048,803,2,2,2400.00,,2400.00
2049,804,1,2,2400.00,,2400.00
2050,804,2,2,2400.00,,2400.00
2051,805,1,3,2900.00,,2900.00
2052,805,2,2,2400.00,,2400.00
2053,806,1,3,2900.00,,2900.00
2054,806,2,3,2900.00,,2900.00
2055,806,3,3,2900.00,,2900.00
2056,807,1,2,2400.00,,2400.00
2057,807,2,2,2400.00,,2400.00
2058,808,1,2,2400.00,,2400.00
2059,808,2,2,2400.00,,2400.00
2060,809,1,3,2900.00,,2900.00
2061,809,2,2,2400.00,,2400.00
2062,809,3,2,2400.00,,2400.00
2063,810,1,2,2400.00,,2400.00
2064,810,2,2,2400.00,,2400.00
2065,810,3,3,2900.00,,2900.00
2066,811,1,2,2400.00,,2400.00
2067,811,2,1,1950.00,,1950.00
2068,811,3,2,2400.00,,2400.00
2069,812,1,1,1950.00,,1950.00
2070,812,2,1,1950.00,,1950.00
2071,813,1,3,2900.00,,2900.00
2072,813,2,3,2900.00,,2900.00
2073,813,3,3,2900.00,,2900.00
2074,814,1,1,1950.00,,1950.00
2075,814,2,2,2400.00,,2400.00
2076,814,3,1,1950.00,,1950.00
2077,815,1,2,2400.00,,2400.00
2078,815,2,2,2400.00,,2400.00
2079,815,3,3,2900.00,,2900.00
2080,816,1,3,2900.00,,2900.00
2081,816,2,2,2400.00,,2400.00
2082,817,1,2,2400.00,,2400.00
2083,817,2,2,2400.00,,2400.00
2084,817,3,2,2400.00,,2400.00
2085,818,1,1,1950.00,,1950.00
2086,818,2,1,1950.00,,1950.00
2087,819,1,1,1950.00,,1950.00
2088,819,2,1,1950.00,,1950.00
2089,819,3,2,2400.00,,2400.00
2090,820,1,1,1950.00,,1950.00
2091,820,2,1,1950.00,,1950.00
2092,821,1,3,2900.00,,2900.00
2093,821,2,2,2400.00,,2400.00
2094,822,1,2,2400.00,,2400.00
2095,822,2,1,1950.00,,1950.00
2096,823,1,2,2400.00,,2400.00
2097,823,2,3,2900.00,,2900.00
2098,824,1,3,2900.00,,2900.00
2099,824,2,3,2900.00,,2900.00
2100,825,1,2,2400.00,,2400.00
2101,825,2,3,2900.00,,2900.00
2102,825,3,2,2400.00,,2400.00
2103,826,1,2,2400.00,,2400.00
2104,826,2,2,2400.00,,2400.00
2105,827,1,1,1950.00,,1950.00
2106,827,2,1,1950.00,,1950.00
2107,827,3,1,1950.00,,1950.00
2108,827,4,1,1950.00,,1950.00
2109,827,5,1,1950.00,,1950.00
2110,827,6,1,1950.00,,1950.00
2111,828,1,1,1950.00,,1950.00
2112,828,2,1,1950.00,,1950.00
2113,828,3,1,1950.00,,1950.00
2114,828,4,1,1950.00,,1950.00
2115,828,5,1,1950.00,,1950.00
2116,828,6,1,1950.00,,1950.00
2117,829,1,1,1950.00,,1950.00
2118,829,2,1,1950.00,,1950.00
2119,829,3,2,2400.00,,2400.00
2120,830,1,3,2900.00,,2900.00
2121,830,2,3,2900.00,,2900.00
2122,831,1,3,2900.00,,2900.00
2123,831,2,3,2900.00,,2900.00
2124,831,3,4,3200.00,,3200.00
2125,832,1,2,2400.00,,2400.00
2126,832,2,2,2400.00,,2400.00
2127,833,1,1,1950.00,,1950.00
2128,833,2,1,1950.00,,1950.00
2129,834,1,2,2400.00,,2400.00
2130,834,2,2,2400.00,,2400.00
2131,835,1,3,2900.00,,2900.00
2132,835,2,2,2400.00,,2400.00
2133,836,1,2,2400.00,,2400.00
2134,836,2,3,2900.00,,2900.00
2135,837,1,2,2400.00,,2400.00
2136,837,2,2,2400.00,,2400.00
2137,838,1,2,2400.00,,2400.00
2138,838,2,1,1950.00,,1950.00
2139,838,3,2,2400.00,,2400.00
2140,839,1,2,2400.00,,2400.00
2141,839,2,1,1950.00,,1950.00
2142,839,3,1,1950.00,,1950.00
2143,840,1,1,1950.00,,1950.00
2144,840,2,1,1950.00,,1950.00
2145,840,3,1,1950.00,,1950.00
2146,841,1,2,2400.00,,2400.00
2147,841,2,2,2400.00,,2400.00
2148,842,1,2,2400.00,,2400.00
2149,842,2,3,2900.00,,2900.00
2150,842,3,2,2400.00,,2400.00
2151,843,1,2,2400.00,,2400.00
2152,843,2,3,2900.00,,2900.00
2153,844,1,4,3200.00,,3200.00
2154,844,2,4,3200.00,,3200.00
2155,845,1,1,1950.00,,1950.00
2156,845,2,1,1950.00,,1950.00
2157,846,1,1,1950.00,,1950.00
2158,846,2,1,1950.00,,1950.00
2159,847,1,3,2900.00,,2900.00
2160,847,2,2,2400.00,,2400.00
2161,848,1,3,2900.00,,2900.00
2162,848,2,3,2900.00,,2900.00
2163,848,3,3,2900.00,,2900.00
2164,849,1,3,2900.00,,2900.00
2165,849,2,2,2400.00,,2400.00
2166,849,3,2,2400.00,,2400.00
2167,849,4,2,2400.00,,2400.00
2168,850,1,2,2400.00,,2400.00
2169,850,2,3,2900.00,,2900.00
2170,851,1,3,2900.00,,2900.00
2171,851,2,3,2900.00,,2900.00
2172,851,3,2,2400.00,,2400.00
2173,852,1,3,2900.00,,2900.00
2174,852,2,3,2900.00,,2900.00
2175,852,3,3,2900.00,,2900.00
2176,853,1,2,2400.00,,2400.00
2177,853,2,2,2400.00,,2400.00
2178,854,1,1,1950.00,,1950.00
2179,854,2,1,1950.00,,1950.00
2180,855,1,3,2900.00,,2900.00
2181,855,2,2,2400.00,,2400.00
2182,855,3,3,2900.00,,2900.00
2183,856,1,3,2900.00,,2900.00
2184,856,2,2,2400.00,,2400.00
2185,857,1,1,1950.00,,1950.00
2186,857,2,1,1950.00,,1950.00
2187,857,3,1,1950.00,,1950.00
2188,858,1,2,2400.00,,2400.00
2189,858,2,3,2900.00,,2900.00
2190,858,3,2,2400.00,,2400.00
2191,859,1,3,2900.00,,2900.00
2192,859,2,3,2900.00,,2900.00
2193,860,1,3,2900.00,,2900.00
2194,860,2,2,2400.00,,2400.00
2195,860,3,2,2400.00,,2400.00
2196,861,1,2,2400.00,,2400.00
2197,861,2,2,2400.00,,2400.00
2198,861,3,3,2900.00,,2900.00
2199,862,1,3,2900.00,,2900.00
2200,862,2,3,2900.00,,2900.00
2201,862,3,3,2900.00,,2900.00
2202,863,1,2,2400.00,,2400.00
2203,863,2,2,2400.00,,2400.00
2204,863,3,2,2400.00,,2400.00
2205,864,1,3,2900.00,,2900.00
2206,864,2,3,2900.00,,2900.00
2207,865,1,2,2400.00,,2400.00
2208,865,2,3,2900.00,,2900.00
2209,866,1,1,1950.00,,1950.00
2210,866,2,1,1950.00,,1950.00
2211,866,3,1,1950.00,,1950.00
2212,867,1,2,2400.00,,2400.00
2213,867,2,2,2400.00,,2400.00
2214,868,1,1,1950.00,,1950.00
2215,868,2,2,2400.00,,2400.00
2216,869,1,3,2900.00,,2900.00
2217,869,2,2,2400.00,,2400.00
2218,870,1,2,2400.00,,2400.00
2219,870,2,2,2400.00,,2400.00
2220,870,3,3,2900.00,,2900.00
2221,871,1,2,2400.00,,2400.00
2222,871,2,1,1950.00,,1950.00
2223,872,1,2,2400.00,,2400.00
2224,872,2,2,2400.00,,2400.00
2225,873,1,2,2400.00,,2400.00
2226,873,2,2,2400.00,,2400.00
2227,874,1,2,2400.00,,2400.00
2228,874,2,2,2400.00,,2400.00
2229,875,1,1,1950.00,,1950.00
2230,875,2,2,2400.00,,2400.00
2231,875,3,1,1950.00,,1950.00
2232,876,1,2,2400.00,,2400.00
2233,876,2,2,2400.00,,2400.00
2234,877,1,3,2900.00,,2900.00
2235,877,2,2,2400.00,,2400.00
2236,877,3,3,2900.00,,2900.00
2237,878,1,1,1950.00,,1950.00
2238,878,2,2,2400.00,,2400.00
2239,879,1,2,2400.00,,2400.00
2240,879,2,3,2900.00,,2900.00
2241,880,1,3,2900.00,,2900.00
2242,880,2,4,3200.00,,3200.00
2243,881,1,2,2400.00,,2400.00
2244,881,2,1,1950.00,,1950.00
2245,882,1,2,2400.00,,2400.00
2246,882,2,2,2400.00,,2400.00
2247,882,3,1,1950.00,,1950.00
2248,883,1,2,2400.00,,2400.00
2249,883,2,2,2400.00,,2400.00
2250,883,3,3,2900.00,,2900.00
2251,884,1,1,1950.00,,1950.00
2252,884,2,1,1950.00,,1950.00
2253,884,3,0,1700.00,,1700.00
2254,885,1,2,2400.00,,2400.00
2255,885,2,3,2900.00,,2900.00
2256,886,1,1,1950.00,,1950.00
2257,886,2,1,1950.00,,1950.00
2258,887,1,1,1950.00,,1950.00
2259,887,2,1,1950.00,,1950.00
2260,888,1,1,1950.00,,1950.00
2261,888,2,1,1950.00,,1950.00
2262,889,1,0,1700.00,,1700.00
2263,889,2,1,1950.00,,1950.00
2264,890,1,0,1700.00,,1700.00
2265,890,2,0,1700.00,,1700.00
2266,891,1,2,2400.00,,2400.00
2267,891,2,1,1950.00,,1950.00
2268,892,1,2,2400.00,,2400.00
2269,892,2,2,2400.00,,2400.00
2270,893,1,1,1950.00,,1950.00
2271,893,2,2,2400.00,,2400.00
2272,893,3,1,1950.00,,1950.00
2273,893,4,1,1950.00,,1950.00
2274,894,1,4,3200.00,,3200.00
2275,894,2,4,3200.00,,3200.00
2276,895,1,1,1950.00,,1950.00
2277,895,2,2,2400.00,,2400.00
2278,895,3,1,1950.00,,1950.00
2279,896,1,1,1950.00,,1950.00
2280,896,2,2,2400.00,,2400.00
2281,896,3,2,2400.00,,2400.00
2282,897,1,1,1950.00,,1950.00
2283,897,2,1,1950.00,,1950.00
2284,897,3,1,1950.00,,1950.00
2285,898,1,2,2400.00,,2400.00
2286,898,2,2,2400.00,,2400.00
2287,899,1,3,2900.00,,2900.00
2288,899,2,2,2400.00,,2400.00
2289,899,3,2,2400.00,,2400.00
2290,900,1,3,2900.00,,2900.00
2291,900,2,2,2400.00,,2400.00
2292,900,3,2,2400.00,,2400.00
2293,901,1,2,2400.00,,2400.00
2294,901,2,2,2400.00,,2400.00
2295,902,1,3,2900.00,,2900.00
2296,902,2,3,2900.00,,2900.00
2297,903,1,2,2400.00,,2400.00
2298,903,2,3,2900.00,,2900.00
2299,904,1,2,2400.00,,2400.00
2300,904,2,3,2900.00,,2900.00
2301,905,1,3,2900.00,,2900.00
2302,905,2,2,2400.00,,2400.00
2303,905,3,3,2900.00,,2900.00
2304,906,1,4,3200.00,,3200.00
2305,906,2,4,3200.00,,3200.00
2306,907,1,3,2900.00,,2900.00
2307,907,2,3,2900.00,,2900.00
2308,908,1,3,2900.00,,2900.00
2309,908,2,3,2900.00,,2900.00
2310,909,1,3,2900.00,,2900.00
2311,909,2,3,2900.00,,2900.00
2312,910,1,1,1950.00,,1950.00
2313,910,2,1,1950.00,,1950.00
2314,910,3,1,1950.00,,1950.00
2315,911,1,3,2900.00,,2900.00
2316,911,2,2,2400.00,,2400.00
2317,912,1,1,1950.00,,1950.00
2318,912,2,2,2400.00,,2400.00
2319,913,1,2,2400.00,,2400.00
2320,913,2,2,2400.00,,2400.00
2321,913,3,2,2400.00,,2400.00
2322,914,1,3,2900.00,,2900.00
2323,914,2,3,2900.00,,2900.00
2324,914,3,3,2900.00,,2900.00
2325,915,1,1,1950.00,,1950.00
2326,915,2,1,1950.00,,1950.00
2327,915,3,1,1950.00,,1950.00
2328,916,1,1,1950.00,,1950.00
2329,916,2,1,1950.00,,1950.00
2330,916,3,1,1950.00,,1950.00
2331,917,1,2,2400.00,,2400.00
2332,917,2,2,2400.00,,2400.00
2333,918,1,2,2400.00,,2400.00
2334,918,2,3,2900.00,,2900.00
2335,919,1,1,1950.00,,1950.00
2336,919,2,1,1950.00,,1950.00
2337,920,1,3,2900.00,,2900.00
2338,920,2,4,3200.00,,3200.00
2339,921,1,1,1950.00,,1950.00
2340,921,2,1,1950.00,,1950.00
2341,921,3,1,1950.00,,1950.00
2342,922,1,1,1950.00,,1950.00
2343,922,2,0,1700.00,,1700.00
2344,923,1,3,2900.00,,2900.00
2345,923,2,3,2900.00,,2900.00
2346,924,1,2,2400.00,,2400.00
2347,924,2,1,1950.00,,1950.00
2348,925,1,1,1950.00,,1950.00
2349,925,2,1,1950.00,,1950.00
2350,926,1,2,2400.00,,2400.00
2351,926,2,2,2400.00,,2400.00
2352,926,3,1,1950.00,,1950.00
2353,927,1,1,1950.00,,1950.00
2354,927,2,2,2400.00,,2400.00
2355,928,1,1,1950.00,,1950.00
2356,928,2,2,2400.00,,2400.00
2357,929,1,2,2400.00,,2400.00
2358,929,2,1,1950.00,,1950.00
2359,930,1,1,1950.00,,1950.00
2360,930,2,1,1950.00,,1950.00
2361,931,1,2,2400.00,,2400.00
2362,931,2,2,2400.00,,2400.00
2363,931,3,1,1950.00,,1950.00
2364,932,1,1,1950.00,,1950.00
2365,932,2,1,1950.00,,1950.00
2366,933,1,1,1950.00,,1950.00
2367,933,2,1,1950.00,,1950.00
2368,934,1,1,1950.00,,1950.00
2369,934,2,2,2400.00,,2400.00
2370,935,1,3,2900.00,,2900.00
2371,935,2,3,2900.00,,2900.00
2372,936,1,1,1950.00,,1950.00
2373,936,2,1,1950.00,,1950.00
2374,937,1,1,1950.00,,1950.00
2375,937,2,2,2400.00,,2400.00
2376,938,1,1,1950.00,,1950.00
2377,938,2,1,1950.00,,1950.00
2378,939,1,2,2400.00,,2400.00
2379,939,2,2,2400.00,,2400.00
2380,940,1,2,2400.00,,2400.00
2381,940,2,2,2400.00,,2400.00
2382,941,1,1,1950.00,,1950.00
2383,941,2,0,1700.00,,1700.00
2384,942,1,0,1700.00,,1700.00
2385,942,2,0,1700.00,,1700.00
2386,943,1,3,2900.00,,2900.00
2387,943,2,3,2900.00,,2900.00
2388,943,3,3,2900.00,,2900.00
2389,944,1,2,2400.00,,2400.00
2390,944,2,2,2400.00,,2400.00
2391,944,3,2,2400.00,,2400.00
2392,945,1,1,1950.00,,1950.00
2393,945,2,1,1950.00,,1950.00
2394,946,1,1,1950.00,,1950.00
2395,946,2,1,1950.00,,1950.00
2396,947,1,2,2400.00,,2400.00
2397,947,2,2,2400.00,,2400.00
2398,948,1,2,2400.00,,2400.00
2399,948,2,1,1950.00,,1950.00
2400,949,1,2,2400.00,,2400.00
2401,949,2,2,2400.00,,2400.00
2402,950,1,2,2400.00,,2400.00
2403,950,2,2,2400.00,,2400.00
2404,951,1,2,2400.00,,2400.00
2405,951,2,2,2400.00,,2400.00
2406,952,1,1,1950.00,,1950.00
2407,952,2,1,1950.00,,1950.00
2408,953,1,1,1950.00,,1950.00
2409,953,2,1,1950.00,,1950.00
2410,954,1,2,2400.00,,2400.00
2411,954,2,2,2400.00,,2400.00
2412,954,3,3,2900.00,,2900.00
2413,955,1,2,2400.00,,2400.00
2414,955,2,1,1950.00,,1950.00
2415,955,3,2,2400.00,,2400.00
2416,956,1,2,2400.00,,2400.00
2417,956,2,3,2900.00,,2900.00
2418,957,1,1,1950.00,,1950.00
2419,957,2,1,1950.00,,1950.00
2420,957,3,2,2400.00,,2400.00
2421,957,4,1,1950.00,,1950.00
2422,957,5,1,1950.00,,1950.00
2423,957,6,2,2400.00,,2400.00
2424,958,1,3,2900.00,,2900.00
2425,958,2,3,2900.00,,2900.00
2426,959,1,2,2400.00,,2400.00
2427,959,2,2,2400.00,,2400.00
2428,960,1,2,2400.00,,2400.00
2429,960,2,2,2400.00,,2400.00
2430,961,1,2,2400.00,,2400.00
2431,961,2,3,2900.00,,2900.00
2432,962,1,3,2900.00,,2900.00
2433,962,2,3,2900.00,,2900.00
2434,963,1,2,2400.00,,2400.00
2435,963,2,1,1950.00,,1950.00
2436,964,1,3,2900.00,,2900.00
2437,964,2,3,2900.00,,2900.00
2438,965,1,4,3200.00,,3200.00
2439,965,2,3,2900.00,,2900.00
2440,966,1,2,2400.00,,2400.00
2441,966,2,2,2400.00,,2400.00
2442,967,1,4,3200.00,,3200.00
2443,967,2,3,2900.00,,2900.00
2444,968,1,1,1950.00,,1950.00
2445,968,2,1,1950.00,,1950.00
2446,968,3,1,1950.00,,1950.00
2447,969,1,3,2900.00,,2900.00
2448,969,2,2,2400.00,,2400.00
2449,970,1,1,1950.00,,1950.00
2450,970,2,1,1950.00,,1950.00
2451,970,3,1,1950.00,,1950.00
2452,971,1,2,2400.00,,2400.00
2453,971,2,3,2900.00,,2900.00
2454,972,1,3,2900.00,,2900.00
2455,972,2,2,2400.00,,2400.00
2456,973,1,1,1950.00,,1950.00
2457,973,2,1,1950.00,,1950.00
2458,974,1,2,2400.00,,2400.00
2459,974,2,2,2400.00,,2400.00
2460,974,3,3,2900.00,,2900.00
2461,975,1,2,2400.00,,2400.00
2462,975,2,2,2400.00,,2400.00
2463,976,1,1,1950.00,,1950.00
2464,976,2,0,1700.00,,1700.00
2465,976,3,0,1700.00,,1700.00
2466,976,4,1,1950.00,,1950.00
2467,977,1,3,2900.00,,2900.00
2468,977,2,3,2900.00,,2900.00
2469,978,1,1,1950.00,,1950.00
2470,978,2,1,1950.00,,1950.00
2471,979,1,1,1950.00,,1950.00
2472,979,2,1,1950.00,,1950.00
2473,980,1,1,1950.00,,1950.00
2474,980,2,1,1950.00,,1950.00
2475,980,3,1,1950.00,,1950.00
2476,981,1,1,1950.00,,1950.00
2477,981,2,2,2400.00,,2400.00
2478,981,3,1,1950.00,,1950.00
2479,982,1,3,2900.00,,2900.00
2480,982,2,2,2400.00,,2400.00
2481,983,1,2,2400.00,,2400.00
2482,983,2,2,2400.00,,2400.00
2483,983,3,2,2400.00,,2400.00
2484,984,1,4,3200.00,,3200.00
2485,984,2,3,2900.00,,2900.00
2486,984,3,3,2900.00,,2900.00
2487,985,1,1,1950.00,,1950.00
2488,985,2,2,2400.00,,2400.00
2489,986,1,2,2400.00,,2400.00
2490,986,2,2,2400.00,,2400.00
2491,987,1,2,2400.00,,2400.00
2492,987,2,3,2900.00,,2900.00
2493,988,1,3,2900.00,,2900.00
2494,988,2,2,2400.00,,2400.00
2495,989,1,2,2400.00,,2400.00
2496,989,2,3,2900.00,,2900.00
2497,990,1,2,2400.00,,2400.00
2498,990,2,3,2900.00,,2900.00
2499,991,1,2,2400.00,,2400.00
2500,991,2,2,2400.00,,2400.00
2501,992,1,2,2400.00,,2400.00
2502,992,2,1,1950.00,,1950.00
2503,993,1,3,2900.00,,2900.00
2504,993,2,3,2900.00,,2900.00
2505,994,1,2,2400.00,,2400.00
2506,994,2,2,2400.00,,2400.00
2507,994,3,2,2400.00,,2400.00
2508,995,1,3,2900.00,,2900.00
2509,995,2,3,2900.00,,2900.00
2510,995,3,3,2900.00,,2900.00
2511,996,1,3,2900.00,,2900.00
2512,996,2,3,2900.00,,2900.00
2513,997,1,1,1950.00,,1950.00
2514,997,2,1,1950.00,,1950.00
2515,997,3,1,1950.00,,1950.00
2516,998,1,2,2400.00,,2400.00
2517,998,2,1,1950.00,,1950.00
2518,999,1,2,2400.00,,2400.00
2519,999,2,3,2900.00,,2900.00
2520,1000,1,1,1950.00,,1950.00
2521,1000,2,1,1950.00,,1950.00
2522,1000,3,2,2400.00,,2400.00
2523,1001,1,3,2900.00,,2900.00
2524,1001,2,3,2900.00,,2900.00
2525,1002,1,2,2400.00,,2400.00
2526,1002,2,1,1950.00,,1950.00
2527,1003,1,2,2400.00,,2400.00
2528,1003,2,3,2900.00,,2900.00
2529,1004,1,2,2400.00,,2400.00
2530,1004,2,1,1950.00,,1950.00
2531,1004,3,2,2400.00,,2400.00
2532,1005,1,3,2900.00,,2900.00
2533,1005,2,3,2900.00,,2900.00
2534,1006,1,3,2900.00,,2900.00
2535,1006,2,3,2900.00,,2900.00
2536,1007,1,3,2900.00,,2900.00
2537,1007,2,3,2900.00,,2900.00
2538,1008,1,2,2400.00,,2400.00
2539,1008,2,3,2900.00,,2900.00
2540,1008,3,2,2400.00,,2400.00
2541,1009,1,3,2900.00,,2900.00
2542,1009,2,3,2900.00,,2900.00
2543,1010,1,3,2900.00,,2900.00
2544,1010,2,3,2900.00,,2900.00
2545,1011,1,2,2400.00,,2400.00
2546,1011,2,2,2400.00,,2400.00
2547,1011,3,2,2400.00,,2400.00
2548,1012,1,3,2900.00,,2900.00
2549,1012,2,3,2900.00,,2900.00
2550,1013,1,2,2400.00,,2400.00
2551,1013,2,2,2400.00,,2400.00
2552,1014,1,1,1950.00,,1950.00
2553,1014,2,1,1950.00,,1950.00
2554,1014,3,1,1950.00,,1950.00
2555,1015,1,3,2900.00,,2900.00
2556,1015,2,3,2900.00,,2900.00
2557,1015,3,3,2900.00,,2900.00
2558,1016,1,2,2400.00,,2400.00
2559,1016,2,1,1950.00,,1950.00
2560,1017,1,2,2400.00,,2400.00
2561,1017,2,1,1950.00,,1950.00
2562,1017,3,2,2400.00,,2400.00
2563,1018,1,3,2900.00,,2900.00
2564,1018,2,3,2900.00,,2900.00
2565,1019,1,2,2400.00,,2400.00
2566,1019,2,2,2400.00,,2400.00
2567,1020,1,3,2900.00,,2900.00
2568,1020,2,2,2400.00,,2400.00
2569,1021,1,3,2900.00,,2900.00
2570,1021,2,3,2900.00,,2900.00
2571,1022,1,1,1950.00,,1950.00
2572,1022,2,2,2400.00,,2400.00
2573,1023,1,2,2400.00,,2400.00
2574,1023,2,1,1950.00,,1950.00
2575,1024,1,1,1950.00,,1950.00
2576,1024,2,1,1950.00,,1950.00
2577,1025,1,1,1950.00,,1950.00
2578,1025,2,1,1950.00,,1950.00
2579,1026,1,2,2400.00,,2400.00
2580,1026,2,3,2900.00,,2900.00
2581,1027,1,2,2400.00,,2400.00
2582,1027,2,2,2400.00,,2400.00
2583,1028,1,1,1950.00,,1950.00
2584,1028,2,1,1950.00,,1950.00
2585,1029,1,4,3200.00,,3200.00
2586,1029,2,4,3200.00,,3200.00
2587,1030,1,1,1950.00,,1950.00
2588,1030,2,1,1950.00,,1950.00
2589,1031,1,1,1950.00,,1950.00
2590,1031,2,1,1950.00,,1950.00
2591,1032,1,2,2400.00,,2400.00
2592,1032,2,1,1950.00,,1950.00
2593,1033,1,3,2900.00,,2900.00
2594,1033,2,2,2400.00,,2400.00
2595,1034,1,3,2900.00,,2900.00
2596,1034,2,2,2400.00,,2400.00
2597,1035,1,2,2400.00,,2400.00
2598,1035,2,2,2400.00,,2400.00
2599,1036,1,3,2900.00,,2900.00
2600,1036,2,2,2400.00,,2400.00
2601,1037,1,1,1950.00,,1950.00
2602,1037,2,1,1950.00,,1950.00
2603,1037,3,1,1950.00,,1950.00
2604,1038,1,1,1950.00,,1950.00
2605,1038,2,2,2400.00,,2400.00
2606,1039,1,1,1950.00,,1950.00
2607,1039,2,2,2400.00,,2400.00
2608,1040,1,3,2900.00,,2900.00
2609,1040,2,3,2900.00,,2900.00
2610,1041,1,2,2400.00,,2400.00
2611,1041,2,2,2400.00,,2400.00
2612,1042,1,4,3200.00,,3200.00
2613,1042,2,4,3200.00,,3200.00
2614,1043,1,3,2900.00,,2900.00
2615,1043,2,3,2900.00,,2900.00
2616,1044,1,1,1950.00,,1950.00
2617,1044,2,1,1950.00,,1950.00
2618,1045,1,3,2900.00,,2900.00
2619,1045,2,3,2900.00,,2900.00
2620,1046,1,3,2900.00,,2900.00
2621,1046,2,3,2900.00,,2900.00
2622,1047,1,3,2900.00,,2900.00
2623,1047,2,3,2900.00,,2900.00
2624,1048,1,2,2400.00,,2400.00
2625,1048,2,1,1950.00,,1950.00
2626,1049,1,2,2400.00,,2400.00
2627,1049,2,2,2400.00,,2400.00
2628,1050,1,2,2400.00,,2400.00
2629,1050,2,3,2900.00,,2900.00
2630,1051,1,2,2400.00,,2400.00
2631,1051,2,2,2400.00,,2400.00
2632,1052,1,1,1950.00,,1950.00
2633,1052,2,1,1950.00,,1950.00
2634,1053,1,3,2900.00,,2900.00
2635,1053,2,3,2900.00,,2900.00
2636,1054,1,2,2400.00,,2400.00
2637,1054,2,2,2400.00,,2400.00
2638,1055,1,1,1950.00,,1950.00
2639,1055,2,1,1950.00,,1950.00
2640,1055,3,1,1950.00,,1950.00
2641,1056,1,3,2900.00,,2900.00
2642,1056,2,3,2900.00,,2900.00
2643,1057,1,2,2400.00,,2400.00
2644,1057,2,3,2900.00,,2900.00
2645,1058,1,2,2400.00,,2400.00
2646,1058,2,1,1950.00,,1950.00
2647,1059,1,2,2400.00,,2400.00
2648,1059,2,2,2400.00,,2400.00
2649,1059,3,3,2900.00,,2900.00
2650,1060,1,3,2900.00,,2900.00
2651,1060,2,2,2400.00,,2400.00
2652,1061,1,3,2900.00,,2900.00
2653,1061,2,4,3200.00,,3200.00
2654,1062,1,2,2400.00,,2400.00
2655,1062,2,3,2900.00,,2900.00
2656,1063,1,2,2400.00,,2400.00
2657,1063,2,2,2400.00,,2400.00
2658,1064,1,2,2400.00,,2400.00
2659,1064,2,2,2400.00,,2400.00
2660,1064,3,2,2400.00,,2400.00
2661,1065,1,2,2400.00,,2400.00
2662,1065,2,3,2900.00,,2900.00
2663,1066,1,1,1950.00,,1950.00
2664,1066,2,1,1950.00,,1950.00
2665,1067,1,3,2900.00,,2900.00
2666,1067,2,3,2900.00,,2900.00
2667,1067,3,3,2900.00,,2900.00
2668,1068,1,3,2900.00,,2900.00
2669,1068,2,3,2900.00,,2900.00
2670,1068,3,3,2900.00,,2900.00
2671,1069,1,4,3200.00,,3200.00
2672,1069,2,3,2900.00,,2900.00
2673,1070,1,3,2900.00,,2900.00
2674,1070,2,3,2900.00,,2900.00
2675,1071,1,3,2900.00,,2900.00
2676,1071,2,3,2900.00,,2900.00
2677,1072,1,2,2400.00,,2400.00
2678,1072,2,2,2400.00,,2400.00
2679,1073,1,3,2900.00,,2900.00
2680,1073,2,4,3200.00,,3200.00
2681,1074,1,3,2900.00,,2900.00
2682,1074,2,3,2900.00,,2900.00
2683,1075,1,2,2400.00,,2400.00
2684,1075,2,2,2400.00,,2400.00
2685,1076,1,2,2400.00,,2400.00
2686,1076,2,2,2400.00,,2400.00
2687,1077,1,2,2400.00,,2400.00
2688,1077,2,2,2400.00,,2400.00
2689,1078,1,3,2900.00,,2900.00
2690,1078,2,2,2400.00,,2400.00
2691,1079,1,3,2900.00,,2900.00
2692,1079,2,3,2900.00,,2900.00
2693,1080,1,3,2900.00,,2900.00
2694,1080,2,3,2900.00,,2900.00
2695,1081,1,2,2400.00,,2400.00
2696,1081,2,2,2400.00,,2400.00
2697,1082,1,2,2400.00,,2400.00
2698,1082,2,2,2400.00,,2400.00
2699,1082,3,2,2400.00,,2400.00
2700,1083,1,2,2400.00,,2400.00
2701,1083,2,1,1950.00,,1950.00
2702,1084,1,2,2400.00,,2400.00
2703,1084,2,1,1950.00,,1950.00
2704,1084,3,2,2400.00,,2400.00
2705,1085,1,3,2900.00,,2900.00
2706,1085,2,3,2900.00,,2900.00
2707,1086,1,3,2900.00,,2900.00
2708,1086,2,2,2400.00,,2400.00
2709,1087,1,3,2900.00,,2900.00
2710,1087,2,2,2400.00,,2400.00
2711,1088,1,0,1700.00,,1700.00
2712,1088,2,0,1700.00,,1700.00
2713,1089,1,0,1700.00,,1700.00
2714,1089,2,0,1700.00,,1700.00
2715,1090,1,3,2900.00,,2900.00
2716,1090,2,2,2400.00,,2400.00
2717,1091,1,2,2400.00,,2400.00
2718,1091,2,3,2900.00,,2900.00
2719,1092,1,3,2900.00,,2900.00
2720,1092,2,3,2900.00,,2900.00
2721,1093,1,1,1950.00,,1950.00
2722,1093,2,2,2400.00,,2400.00
2723,1094,1,1,1950.00,,1950.00
2724,1094,2,1,1950.00,,1950.00
2725,1095,1,2,2400.00,,2400.00
2726,1095,2,2,2400.00,,2400.00
2727,1095,3,2,2400.00,,2400.00
2728,1096,1,2,2400.00,,2400.00
2729,1096,2,2,2400.00,,2400.00
2730,1096,3,2,2400.00,,2400.00
2731,1097,1,1,1950.00,,1950.00
2732,1097,2,1,1950.00,,1950.00
2733,1098,1,1,1950.00,,1950.00
2734,1098,2,1,1950.00,,1950.00
2735,1098,3,1,1950.00,,1950.00
2736,1099,1,2,2400.00,,2400.00
2737,1099,2,1,1950.00,,1950.00
2738,1100,1,3,2900.00,,2900.00
2739,1100,2,3,2900.00,,2900.00
2740,1101,1,2,2400.00,,2400.00
2741,1101,2,2,2400.00,,2400.00
2742,1102,1,2,2400.00,,2400.00
2743,1102,2,1,1950.00,,1950.00
2744,1102,3,1,1950.00,,1950.00
2745,1103,1,1,1950.00,,1950.00
2746,1103,2,2,2400.00,,2400.00
2747,1104,1,1,1950.00,,1950.00
2748,1104,2,1,1950.00,,1950.00
2749,1104,3,1,1950.00,,1950.00
2750,1105,1,1,1950.00,,1950.00
2751,1105,2,0,1700.00,,1700.00
2752,1105,3,0,1700.00,,1700.00
2753,1105,4,1,1950.00,,1950.00
2754,1105,5,1,1950.00,,1950.00
2755,1105,6,1,1950.00,,1950.00
2756,1105,7,1,1950.00,,1950.00
2757,1105,8,1,1950.00,,1950.00
2758,1106,1,1,1950.00,,1950.00
2759,1106,2,1,1950.00,,1950.00
2760,1106,3,2,2400.00,,2400.00
2761,1107,1,2,2400.00,,2400.00
2762,1107,2,3,2900.00,,2900.00
2763,1108,1,1,1950.00,,1950.00
2764,1108,2,1,1950.00,,1950.00
2765,1108,3,2,2400.00,,2400.00
2766,1109,1,2,2400.00,,2400.00
2767,1109,2,3,2900.00,,2900.00
2768,1109,3,2,2400.00,,2400.00
2769,1110,1,1,1950.00,,1950.00
2770,1110,2,1,1950.00,,1950.00
2771,1111,1,2,2400.00,,2400.00
2772,1111,2,1,1950.00,,1950.00
2773,1112,1,1,1950.00,,1950.00
2774,1112,2,1,1950.00,,1950.00
2775,1112,3,0,1700.00,,1700.00
2776,1112,4,1,1950.00,,1950.00
2777,1112,5,0,1700.00,,1700.00
2778,1113,1,2,2400.00,,2400.00
2779,1113,2,2,2400.00,,2400.00
2780,1114,1,1,1950.00,,1950.00
2781,1114,2,1,1950.00,,1950.00
2782,1115,1,3,2900.00,,2900.00
2783,1115,2,3,2900.00,,2900.00
2784,1115,3,2,2400.00,,2400.00
2785,1116,1,1,1950.00,,1950.00
2786,1116,2,1,1950.00,,1950.00
2787,1116,3,2,2400.00,,2400.00
2788,1117,1,2,2400.00,,2400.00
2789,1117,2,3,2900.00,,2900.00
2790,1118,1,5,3500.00,,3500.00
2791,1118,2,5,3500.00,,3500.00
2792,1118,3,5,3500.00,,3500.00
2793,1118,4,5,3500.00,,3500.00
2794,1119,1,3,2900.00,,2900.00
2795,1119,2,3,2900.00,,2900.00
2796,1119,3,2,2400.00,,2400.00
2797,1120,1,2,2400.00,,2400.00
2798,1120,2,3,2900.00,,2900.00
2799,1121,1,2,2400.00,,2400.00
2800,1121,2,2,2400.00,,2400.00
2801,1121,3,2,2400.00,,2400.00
2802,1122,1,2,2400.00,,2400.00
2803,1122,2,2,2400.00,,2400.00
2804,1122,3,2,2400.00,,2400.00
2805,1123,1,3,2900.00,,2900.00
2806,1123,2,2,2400.00,,2400.00
2807,1123,3,2,2400.00,,2400.00
2808,1123,4,2,2400.00,,2400.00
2809,1124,1,3,2900.00,,2900.00
2810,1124,2,3,2900.00,,2900.00
2811,1125,1,3,2900.00,,2900.00
2812,1125,2,3,2900.00,,2900.00
2813,1126,1,2,2400.00,,2400.00
2814,1126,2,1,1950.00,,1950.00
2815,1126,3,2,2400.00,,2400.00
2816,1127,1,2,2400.00,,2400.00
2817,1127,2,3,2900.00,,2900.00
2818,1127,3,3,2900.00,,2900.00
2819,1128,1,2,2400.00,,2400.00
2820,1128,2,1,1950.00,,1950.00
2821,1128,3,2,2400.00,,2400.00
2822,1129,1,2,2400.00,,2400.00
2823,1129,2,2,2400.00,,2400.00
2824,1129,3,3,2900.00,,2900.00
2825,1130,1,3,2900.00,,2900.00
2826,1130,2,3,2900.00,,2900.00
2827,1131,1,3,2900.00,,2900.00
2828,1131,2,3,2900.00,,2900.00
2829,1131,3,3,2900.00,,2900.00
2830,1131,4,3,2900.00,,2900.00
2831,1132,1,4,3200.00,,3200.00
2832,1132,2,3,2900.00,,2900.00
2833,1133,1,1,1950.00,,1950.00
2834,1133,2,1,1950.00,,1950.00
2835,1133,3,1,1950.00,,1950.00
2836,1133,4,1,1950.00,,1950.00
2837,1134,1,4,3200.00,,3200.00
2838,1134,2,3,2900.00,,2900.00
2839,1135,1,3,2900.00,,2900.00
2840,1135,2,3,2900.00,,2900.00
2841,1136,1,1,1950.00,,1950.00
2842,1136,2,1,1950.00,,1950.00
2843,1136,3,2,2400.00,,2400.00
2844,1136,4,1,1950.00,,1950.00
2845,1136,5,1,1950.00,,1950.00
2846,1136,6,1,1950.00,,1950.00
2847,1137,1,3,2900.00,,2900.00
2848,1137,2,3,2900.00,,2900.00
2849,1138,1,2,2400.00,,2400.00
2850,1138,2,2,2400.00,,2400.00
2851,1138,3,1,1950.00,,1950.00
2852,1138,4,1,1950.00,,1950.00
2853,1138,5,1,1950.00,,1950.00
2854,1139,1,2,2400.00,,2400.00
2855,1139,2,1,1950.00,,1950.00
2856,1139,3,2,2400.00,,2400.00
2857,1140,1,4,3200.00,,3200.00
2858,1140,2,3,2900.00,,2900.00
2859,1141,1,2,2400.00,,2400.00
2860,1141,2,2,2400.00,,2400.00
2861,1141,3,2,2400.00,,2400.00
2862,1142,1,2,2400.00,,2400.00
2863,1142,2,2,2400.00,,2400.00
2864,1143,1,2,2400.00,,2400.00
2865,1143,2,2,2400.00,,2400.00
2866,1143,3,3,2900.00,,2900.00
2867,1144,1,3,2900.00,,2900.00
2868,1144,2,4,3200.00,,3200.00
2869,1145,1,2,2400.00,,2400.00
2870,1145,2,2,2400.00,,2400.00
2871,1146,1,3,2900.00,,2900.00
2872,1146,2,3,2900.00,,2900.00
2873,1147,1,2,2400.00,,2400.00
2874,1147,2,2,2400.00,,2400.00
2875,1147,3,3,2900.00,,2900.00
2876,1148,1,3,2900.00,,2900.00
2877,1148,2,2,2400.00,,2400.00
2878,1148,3,3,2900.00,,2900.00
2879,1149,1,2,2400.00,,2400.00
2880,1149,2,2,2400.00,,2400.00
2881,1149,3,3,2900.00,,2900.00
2882,1150,1,3,2900.00,,2900.00
2883,1150,2,3,2900.00,,2900.00
2884,1151,1,2,2400.00,,2400.00
2885,1151,2,2,2400.00,,2400.00
2886,1151,3,3,2900.00,,2900.00
2887,1152,1,3,2900.00,,2900.00
2888,1152,2,3,2900.00,,2900.00
2889,1152,3,2,2400.00,,2400.00
2890,1153,1,3,2900.00,,2900.00
2891,1153,2,2,2400.00,,2400.00
2892,1153,3,3,2900.00,,2900.00
2893,1153,4,3,2900.00,,2900.00
2894,1154,1,3,2900.00,,2900.00
2895,1154,2,2,2400.00,,2400.00
2896,1155,1,1,1950.00,,1950.00
2897,1155,2,2,2400.00,,2400.00
2898,1155,3,2,2400.00,,2400.00
2899,1156,1,3,2900.00,,2900.00
2900,1156,2,2,2400.00,,2400.00
2901,1156,3,3,2900.00,,2900.00
2902,1157,1,1,1950.00,,1950.00
2903,1157,2,1,1950.00,,1950.00
2904,1158,1,4,3200.00,,3200.00
2905,1158,2,4,3200.00,,3200.00
2906,1159,1,0,1700.00,,1700.00
2907,1159,2,0,1700.00,,1700.00
2908,1159,3,0,1700.00,,1700.00
2909,1160,1,1,1950.00,,1950.00
2910,1160,2,2,2400.00,,2400.00
2911,1161,1,3,2900.00,,2900.00
2912,1161,2,3,2900.00,,2900.00
2913,1161,3,3,2900.00,,2900.00
2914,1161,4,3,2900.00,,2900.00
2915,1161,5,3,2900.00,,2900.00
2916,1162,1,1,1950.00,,1950.00
2917,1162,2,2,2400.00,,2400.00
2918,1162,3,2,2400.00,,2400.00
2919,1162,4,1,1950.00,,1950.00
2920,1163,1,2,2400.00,,2400.00
2921,1163,2,2,2400.00,,2400.00
2922,1163,3,1,1950.00,,1950.00
2923,1164,1,2,2400.00,,2400.00
2924,1164,2,2,2400.00,,2400.00
2925,1164,3,2,2400.00,,2400.00
2926,1165,1,2,2400.00,,2400.00
2927,1165,2,2,2400.00,,2400.00
2928,1166,1,1,1950.00,,1950.00
2929,1166,2,2,2400.00,,2400.00
2930,1166,3,2,2400.00,,2400.00
2931,1166,4,1,1950.00,,1950.00
2932,1166,5,2,2400.00,,2400.00
2933,1167,1,2,2400.00,,2400.00
2934,1167,2,2,2400.00,,2400.00
2935,1167,3,2,2400.00,,2400.00
2936,1168,1,2,2400.00,,2400.00
2937,1168,2,2,2400.00,,2400.00
2938,1168,3,2,2400.00,,2400.00
2939,1169,1,1,1950.00,,1950.00
2940,1169,2,1,1950.00,,1950.00
2941,1169,3,1,1950.00,,1950.00
2942,1170,1,1,1950.00,,1950.00
2943,1170,2,1,1950.00,,1950.00
2944,1171,1,1,1950.00,,1950.00
2945,1171,2,1,1950.00,,1950.00
2946,1171,3,2,2400.00,,2400.00
2947,1172,1,3,2900.00,,2900.00
2948,1172,2,2,2400.00,,2400.00
2949,1172,3,2,2400.00,,2400.00
2950,1173,1,3,2900.00,,2900.00
2951,1173,2,3,2900.00,,2900.00
2952,1173,3,3,2900.00,,2900.00
2953,1174,1,1,1950.00,,1950.00
2954,1174,2,1,1950.00,,1950.00
2955,1175,1,2,2400.00,,2400.00
2956,1175,2,2,2400.00,,2400.00
2957,1176,1,4,3200.00,,3200.00
2958,1176,2,4,3200.00,,3200.00
2959,1176,3,5,3500.00,,3500.00
2960,1177,1,4,3200.00,,3200.00
2961,1177,2,4,3200.00,,3200.00
2962,1178,1,2,2400.00,,2400.00
2963,1178,2,1,1950.00,,1950.00
2964,1179,1,1,1950.00,,1950.00
2965,1179,2,1,1950.00,,1950.00
2966,1179,3,1,1950.00,,1950.00
2967,1180,1,2,2400.00,,2400.00
2968,1180,2,3,2900.00,,2900.00
2969,1180,3,3,2900.00,,2900.00
2970,1181,1,1,1950.00,,1950.00
2971,1181,2,1,1950.00,,1950.00
2972,1182,1,3,2900.00,,2900.00
2973,1182,2,3,2900.00,,2900.00
2974,1183,1,2,2400.00,,2400.00
2975,1183,2,2,2400.00,,2400.00
2976,1184,1,3,2900.00,,2900.00
2977,1184,2,3,2900.00,,2900.00
2978,1185,1,2,2400.00,,2400.00
2979,1185,2,2,2400.00,,2400.00
2980,1185,3,2,2400.00,,2400.00
2981,1186,1,1,1950.00,,1950.00
2982,1186,2,1,1950.00,,1950.00
2983,1186,3,1,1950.00,,1950.00
2984,1186,4,2,2400.00,,2400.00
2985,1186,5,1,1950.00,,1950.00
2986,1186,6,2,2400.00,,2400.00
2987,1187,1,3,2900.00,,2900.00
2988,1187,2,4,3200.00,,3200.00
2989,1188,1,2,2400.00,,2400.00
2990,1188,2,3,2900.00,,2900.00
2991,1188,3,3,2900.00,,2900.00
2992,1188,4,2,2400.00,,2400.00
2993,1189,1,2,2400.00,,2400.00
2994,1189,2,1,1950.00,,1950.00
2995,1189,3,2,2400.00,,2400.00
2996,1190,1,2,2400.00,,2400.00
2997,1190,2,2,2400.00,,2400.00
2998,1190,3,2,2400.00,,2400.00
2999,1190,4,2,2400.00,,2400.00
3000,1191,1,2,2400.00,,2400.00
3001,1191,2,2,2400.00,,2400.00
3002,1192,1,2,2400.00,,2400.00
3003,1192,2,2,2400.00,,2400.00
3004,1193,1,2,2400.00,,2400.00
3005,1193,2,2,2400.00,,2400.00
3006,1194,1,3,2900.00,,2900.00
3007,1194,2,3,2900.00,,2900.00
3008,1194,3,3,2900.00,,2900.00
3009,1195,1,3,2900.00,,2900.00
3010,1195,2,2,2400.00,,2400.00
3011,1196,1,3,2900.00,,2900.00
3012,1196,2,3,2900.00,,2900.00
3013,1197,1,3,2900.00,,2900.00
3014,1197,2,3,2900.00,,2900.00
3015,1197,3,4,3200.00,,3200.00
3016,1198,1,1,1950.00,,1950.00
3017,1198,2,2,2400.00,,2400.00
3018,1198,3,2,2400.00,,2400.00
3019,1198,4,2,2400.00,,2400.00
3020,1198,5,2,2400.00,,2400.00
3021,1198,6,1,1950.00,,1950.00
3022,1199,1,1,1950.00,,1950.00
3023,1199,2,1,1950.00,,1950.00
3024,1199,3,1,1950.00,,1950.00
3025,1199,4,1,1950.00,,1950.00
3026,1200,1,0,1700.00,,1700.00
3027,1200,2,1,1950.00,,1950.00
3028,1200,3,0,1700.00,,1700.00
3029,1200,4,1,1950.00,,1950.00
3030,1200,5,0,1700.00,,1700.00
3031,1200,6,1,1950.00,,1950.00
3032,1201,1,1,1950.00,,1950.00
3033,1201,2,1,1950.00,,1950.00
3034,1201,3,1,1950.00,,1950.00
3035,1201,4,1,1950.00,,1950.00
3036,1202,1,1,1950.00,,1950.00
3037,1202,2,1,1950.00,,1950.00
3038,1202,3,1,1950.00,,1950.00
3039,1203,1,1,1950.00,,1950.00
3040,1203,2,1,1950.00,,1950.00
3041,1204,1,2,2400.00,,2400.00
3042,1204,2,2,2400.00,,2400.00
3043,1205,1,3,2900.00,,2900.00
3044,1205,2,3,2900.00,,2900.00
3045,1205,3,3,2900.00,,2900.00
3046,1206,1,3,2900.00,,2900.00
3047,1206,2,3,2900.00,,2900.00
3048,1206,3,3,2900.00,,2900.00
3049,1207,1,3,2900.00,,2900.00
3050,1207,2,3,2900.00,,2900.00
3051,1208,1,3,2900.00,,2900.00
3052,1208,2,3,2900.00,,2900.00
3053,1208,3,2,2400.00,,2400.00
3054,1209,1,1,1950.00,,1950.00
3055,1209,2,1,1950.00,,1950.00
3056,1209,3,1,1950.00,,1950.00
3057,1209,4,1,1950.00,,1950.00
3058,1209,5,1,1950.00,,1950.00
3059,1209,6,1,1950.00,,1950.00
3060,1210,1,3,2900.00,,2900.00
3061,1210,2,4,3200.00,,3200.00
3062,1211,1,3,2900.00,,2900.00
3063,1211,2,3,2900.00,,2900.00
3064,1211,3,3,2900.00,,2900.00
3065,1212,1,2,2400.00,,2400.00
3066,1212,2,2,2400.00,,2400.00
3067,1213,1,3,2900.00,,2900.00
3068,1213,2,3,2900.00,,2900.00
3069,1214,1,4,3200.00,,3200.00
3070,1214,2,3,2900.00,,2900.00
3071,1215,1,2,2400.00,,2400.00
3072,1215,2,1,1950.00,,1950.00
3073,1216,1,4,3200.00,,3200.00
3074,1216,2,4,3200.00,,3200.00
3075,1216,3,4,3200.00,,3200.00
3076,1217,1,1,1950.00,,1950.00
3077,1217,2,2,2400.00,,2400.00
3078,1217,3,2,2400.00,,2400.00
3079,1218,1,1,1950.00,,1950.00
3080,1218,2,1,1950.00,,1950.00
3081,1218,3,2,2400.00,,2400.00
3082,1219,1,2,2400.00,,2400.00
3083,1219,2,3,2900.00,,2900.00
3084,1220,1,1,1950.00,,1950.00
3085,1220,2,1,1950.00,,1950.00
3086,1221,1,3,2900.00,,2900.00
3087,1221,2,3,2900.00,,2900.00
3088,1222,1,2,2400.00,,2400.00
3089,1222,2,2,2400.00,,2400.00
3090,1223,1,3,2900.00,,2900.00
3091,1223,2,3,2900.00,,2900.00
3092,1224,1,1,1950.00,,1950.00
3093,1224,2,1,1950.00,,1950.00
3094,1224,3,1,1950.00,,1950.00
3095,1225,1,3,2900.00,,2900.00
3096,1225,2,3,2900.00,,2900.00
3097,1226,1,1,1950.00,,1950.00
3098,1226,2,2,2400.00,,2400.00
3099,1226,3,2,2400.00,,2400.00
3100,1227,1,2,2400.00,,2400.00
3101,1227,2,2,2400.00,,2400.00
3102,1227,3,1,1950.00,,1950.00
3103,1228,1,3,2900.00,,2900.00
3104,1228,2,3,2900.00,,2900.00
3105,1229,1,2,2400.00,,2400.00
3106,1229,2,3,2900.00,,2900.00
3107,1229,3,2,2400.00,,2400.00
3108,1230,1,2,2400.00,,2400.00
3109,1230,2,2,2400.00,,2400.00
3110,1230,3,2,2400.00,,2400.00
3111,1231,1,1,1950.00,,1950.00
3112,1231,2,1,1950.00,,1950.00
3113,1231,3,2,2400.00,,2400.00
3114,1231,4,1,1950.00,,1950.00
3115,1231,5,1,1950.00,,1950.00
3116,1231,6,1,1950.00,,1950.00
3117,1232,1,3,2900.00,,2900.00
3118,1232,2,2,2400.00,,2400.00
3119,1233,1,0,1700.00,,1700.00
3120,1233,2,1,1950.00,,1950.00
3121,1233,3,1,1950.00,,1950.00
3122,1233,4,0,1700.00,,1700.00
3123,1233,5,1,1950.00,,1950.00
3124,1233,6,1,1950.00,,1950.00
3125,1234,1,2,2400.00,,2400.00
3126,1234,2,2,2400.00,,2400.00
3127,1234,3,2,2400.00,,2400.00
3128,1235,1,2,2400.00,,2400.00
3129,1235,2,2,2400.00,,2400.00
3130,1235,3,2,2400.00,,2400.00
3131,1236,1,2,2400.00,,2400.00
3132,1236,2,2,2400.00,,2400.00
3133,1236,3,2,2400.00,,2400.00
3134,1237,1,1,1950.00,,1950.00
3135,1237,2,2,2400.00,,2400.00
3136,1237,3,2,2400.00,,2400.00
3137,1238,1,2,2400.00,,2400.00
3138,1238,2,2,2400.00,,2400.00
3139,1238,3,2,2400.00,,2400.00
3140,1239,1,2,2400.00,,2400.00
3141,1239,2,2,2400.00,,2400.00
3142,1239,3,2,2400.00,,2400.00
3143,1240,1,2,2400.00,,2400.00
3144,1240,2,2,2400.00,,2400.00
3145,1240,3,2,2400.00,,2400.00
3146,1241,1,2,2400.00,,2400.00
3147,1241,2,1,1950.00,,1950.00
3148,1241,3,2,2400.00,,2400.00
3149,1242,1,2,2400.00,,2400.00
3150,1242,2,2,2400.00,,2400.00
3151,1242,3,2,2400.00,,2400.00
3152,1243,1,2,2400.00,,2400.00
3153,1243,2,2,2400.00,,2400.00
3154,1243,3,2,2400.00,,2400.00
3155,1244,1,1,1950.00,,1950.00
3156,1244,2,1,1950.00,,1950.00
3157,1244,3,1,1950.00,,1950.00
3158,1244,4,1,1950.00,,1950.00
3159,1245,1,3,2900.00,,2900.00
3160,1245,2,3,2900.00,,2900.00
3161,1246,1,4,3200.00,,3200.00
3162,1246,2,4,3200.00,,3200.00
3163,1247,1,3,2900.00,,2900.00
3164,1247,2,2,2400.00,,2400.00
3165,1248,1,2,2400.00,,2400.00
3166,1248,2,1,1950.00,,1950.00
3167,1248,3,1,1950.00,,1950.00
3168,1248,4,2,2400.00,,2400.00
3169,1248,5,2,2400.00,,2400.00
3170,1248,6,2,2400.00,,2400.00
3171,1249,1,2,2400.00,,2400.00
3172,1249,2,2,2400.00,,2400.00
3173,1249,3,3,2900.00,,2900.00
3174,1250,1,3,2900.00,,2900.00
3175,1250,2,3,2900.00,,2900.00
3176,1250,3,3,2900.00,,2900.00
3177,1251,1,3,2900.00,,2900.00
3178,1251,2,3,2900.00,,2900.00
3179,1252,1,2,2400.00,,2400.00
3180,1252,2,2,2400.00,,2400.00
3181,1253,1,4,3200.00,,3200.00
3182,1253,2,4,3200.00,,3200.00
3183,1253,3,4,3200.00,,3200.00
3184,1254,1,3,2900.00,,2900.00
3185,1254,2,3,2900.00,,2900.00
3186,1254,3,3,2900.00,,2900.00
3187,1255,1,2,2400.00,,2400.00
3188,1255,2,1,1950.00,,1950.00
3189,1255,3,1,1950.00,,1950.00
3190,1256,1,2,2400.00,,2400.00
3191,1256,2,3,2900.00,,2900.00
3192,1256,3,2,2400.00,,2400.00
3193,1257,1,3,2900.00,,2900.00
3194,1257,2,3,2900.00,,2900.00
3195,1258,1,1,1950.00,,1950.00
3196,1258,2,2,2400.00,,2400.00
3197,1259,1,1,1950.00,,1950.00
3198,1259,2,1,1950.00,,1950.00
3199,1260,1,3,2900.00,,2900.00
3200,1260,2,2,2400.00,,2400.00
3201,1261,1,4,3200.00,,3200.00
3202,1261,2,4,3200.00,,3200.00
3203,1262,1,2,2400.00,,2400.00
3204,1262,2,2,2400.00,,2400.00
3205,1263,1,1,1950.00,,1950.00
3206,1263,2,1,1950.00,,1950.00
3207,1264,1,3,2900.00,,2900.00
3208,1264,2,2,2400.00,,2400.00
3209,1264,3,2,2400.00,,2400.00
3210,1265,1,2,2400.00,,2400.00
3211,1265,2,2,2400.00,,2400.00
3212,1266,1,3,2900.00,,2900.00
3213,1266,2,3,2900.00,,2900.00
3214,1267,1,3,2900.00,,2900.00
3215,1267,2,2,2400.00,,2400.00
3216,1267,3,3,2900.00,,2900.00
3217,1268,1,3,2900.00,,2900.00
3218,1268,2,2,2400.00,,2400.00
3219,1268,3,2,2400.00,,2400.00
3220,1269,1,3,2900.00,,2900.00
3221,1269,2,2,2400.00,,2400.00
3222,1270,1,3,2900.00,,2900.00
3223,1270,2,3,2900.00,,2900.00
3224,1271,1,2,2400.00,,2400.00
3225,1271,2,3,2900.00,,2900.00
3226,1271,3,2,2400.00,,2400.00
3227,1272,1,4,3200.00,,3200.00
3228,1272,2,4,3200.00,,3200.00
3229,1273,1,2,2400.00,,2400.00
3230,1273,2,3,2900.00,,2900.00
3231,1273,3,3,2900.00,,2900.00
3232,1274,1,3,2900.00,,2900.00
3233,1274,2,3,2900.00,,2900.00
3234,1274,3,3,2900.00,,2900.00
3235,1275,1,2,2400.00,,2400.00
3236,1275,2,2,2400.00,,2400.00
3237,1276,1,5,3500.00,,3500.00
3238,1276,2,5,3500.00,,3500.00
3239,1277,1,2,2400.00,,2400.00
3240,1277,2,2,2400.00,,2400.00
3241,1277,3,2,2400.00,,2400.00
3242,1277,4,2,2400.00,,2400.00
3243,1278,1,3,2900.00,,2900.00
3244,1278,2,3,2900.00,,2900.00
3245,1278,3,2,2400.00,,2400.00
3246,1279,1,4,3200.00,,3200.00
3247,1279,2,4,3200.00,,3200.00
3248,1279,3,3,2900.00,,2900.00
3249,1280,1,1,1950.00,,1950.00
3250,1280,2,1,1950.00,,1950.00
3251,1280,3,1,1950.00,,1950.00
3252,1280,4,1,1950.00,,1950.00
3253,1281,1,1,1950.00,,1950.00
3254,1281,2,1,1950.00,,1950.00
3255,1281,3,1,1950.00,,1950.00
3256,1282,1,3,2900.00,,2900.00
3257,1282,2,3,2900.00,,2900.00
3258,1283,1,4,3200.00,,3200.00
3259,1283,2,4,3200.00,,3200.00
3260,1284,1,3,2900.00,,2900.00
3261,1284,2,2,2400.00,,2400.00
3262,1285,1,3,2900.00,,2900.00
3263,1285,2,3,2900.00,,2900.00
3264,1285,3,3,2900.00,,2900.00
3265,1286,1,2,2400.00,,2400.00
3266,1286,2,1,1950.00,,1950.00
3267,1286,3,2,2400.00,,2400.00
3268,1287,1,2,2400.00,,2400.00
3269,1287,2,3,2900.00,,2900.00
3270,1287,3,3,2900.00,,2900.00
3271,1288,1,4,3200.00,,3200.00
3272,1288,2,3,2900.00,,2900.00
3273,1289,1,3,2900.00,,2900.00
3274,1289,2,3,2900.00,,2900.00
3275,1289,3,3,2900.00,,2900.00
3276,1290,1,2,2400.00,,2400.00
3277,1290,2,2,2400.00,,2400.00
3278,1290,3,2,2400.00,,2400.00
3279,1291,1,3,2900.00,,2900.00
3280,1291,2,2,2400.00,,2400.00
3281,1291,3,2,2400.00,,2400.00
3282,1292,1,0,1700.00,,1700.00
3283,1292,2,0,1700.00,,1700.00
3284,1292,3,0,1700.00,,1700.00
3285,1293,1,1,1950.00,,1950.00
3286,1293,2,1,1950.00,,1950.00
3287,1293,3,1,1950.00,,1950.00
3288,1293,4,2,2400.00,,2400.00
3289,1293,5,1,1950.00,,1950.00
3290,1293,6,2,2400.00,,2400.00
3291,1294,1,1,1950.00,,1950.00
3292,1294,2,1,1950.00,,1950.00
3293,1294,3,2,2400.00,,2400.00
3294,1295,1,2,2400.00,,2400.00
3295,1295,2,2,2400.00,,2400.00
3296,1296,1,2,2400.00,,2400.00
3297,1296,2,2,2400.00,,2400.00
3298,1296,3,2,2400.00,,2400.00
3299,1297,1,1,1950.00,,1950.00
3300,1297,2,1,1950.00,,1950.00
3301,1297,3,1,1950.00,,1950.00
3302,1298,1,4,3200.00,,3200.00
3303,1298,2,4,3200.00,,3200.00
3304,1299,1,3,2900.00,,2900.00
3305,1299,2,3,2900.00,,2900.00
3306,1300,1,3,2900.00,,2900.00
3307,1300,2,3,2900.00,,2900.00
3308,1300,3,3,2900.00,,2900.00
3309,1301,1,3,2900.00,,2900.00
3310,1301,2,3,2900.00,,2900.00
3311,1301,3,3,2900.00,,2900.00
3312,1301,4,2,2400.00,,2400.00
3313,1302,1,2,2400.00,,2400.00
3314,1302,2,1,1950.00,,1950.00
3315,1302,3,1,1950.00,,1950.00
3316,1302,4,1,1950.00,,1950.00
3317,1302,5,1,1950.00,,1950.00
3318,1302,6,2,2400.00,,2400.00
3319,1302,7,2,2400.00,,2400.00
3320,1302,8,2,2400.00,,2400.00
3321,1303,1,3,2900.00,,2900.00
3322,1303,2,2,2400.00,,2400.00
3323,1303,3,2,2400.00,,2400.00
3324,1303,4,3,2900.00,,2900.00
3325,1303,5,3,2900.00,,2900.00
3326,1303,6,2,2400.00,,2400.00
3327,1304,1,3,2900.00,,2900.00
3328,1304,2,3,2900.00,,2900.00
3329,1305,1,2,2400.00,,2400.00
3330,1305,2,2,2400.00,,2400.00
3331,1306,1,1,1950.00,,1950.00
3332,1306,2,1,1950.00,,1950.00
3333,1307,1,2,2400.00,,2400.00
3334,1307,2,2,2400.00,,2400.00
3335,1307,3,2,2400.00,,2400.00
3336,1308,1,3,2900.00,,2900.00
3337,1308,2,2,2400.00,,2400.00
3338,1309,1,2,2400.00,,2400.00
3339,1309,2,2,2400.00,,2400.00
3340,1309,3,2,2400.00,,2400.00
3341,1310,1,2,2400.00,,2400.00
3342,1310,2,1,1950.00,,1950.00
3343,1310,3,1,1950.00,,1950.00
3344,1310,4,1,1950.00,,1950.00
3345,1311,1,2,2400.00,,2400.00
3346,1311,2,2,2400.00,,2400.00
3347,1312,1,4,3200.00,,3200.00
3348,1312,2,3,2900.00,,2900.00
3349,1312,3,3,2900.00,,2900.00
3350,1313,1,1,1950.00,,1950.00
3351,1313,2,1,1950.00,,1950.00
3352,1314,1,3,2900.00,,2900.00
3353,1314,2,2,2400.00,,2400.00
3354,1315,1,2,2400.00,,2400.00
3355,1315,2,2,2400.00,,2400.00
3356,1315,3,2,2400.00,,2400.00
3357,1316,1,3,2900.00,,2900.00
3358,1316,2,3,2900.00,,2900.00
3359,1317,1,3,2900.00,,2900.00
3360,1317,2,3,2900.00,,2900.00
3361,1318,1,3,2900.00,,2900.00
3362,1318,2,3,2900.00,,2900.00
3363,1319,1,1,1950.00,,1950.00
3364,1319,2,1,1950.00,,1950.00
3365,1319,3,1,1950.00,,1950.00
3366,1320,1,2,2400.00,,2400.00
3367,1320,2,2,2400.00,,2400.00
3368,1320,3,2,2400.00,,2400.00
3369,1320,4,3,2900.00,,2900.00
3370,1320,5,2,2400.00,,2400.00
3371,1320,6,3,2900.00,,2900.00
3372,1321,1,2,2400.00,,2400.00
3373,1321,2,1,1950.00,,1950.00
3374,1321,3,2,2400.00,,2400.00
3375,1322,1,3,2900.00,,2900.00
3376,1322,2,3,2900.00,,2900.00
3377,1323,1,3,2900.00,,2900.00
3378,1323,2,3,2900.00,,2900.00
3379,1324,1,2,2400.00,,2400.00
3380,1324,2,2,2400.00,,2400.00
3381,1325,1,4,3200.00,,3200.00
3382,1325,2,4,3200.00,,3200.00
3383,1326,1,1,1950.00,,1950.00
3384,1326,2,2,2400.00,,2400.00
3385,1326,3,2,2400.00,,2400.00
3386,1326,4,2,2400.00,,2400.00
3387,1326,5,2,2400.00,,2400.00
3388,1326,6,1,1950.00,,1950.00
3389,1327,1,2,2400.00,,2400.00
3390,1327,2,1,1950.00,,1950.00
3391,1328,1,3,2900.00,,2900.00
3392,1328,2,2,2400.00,,2400.00
3393,1329,1,3,2900.00,,2900.00
3394,1329,2,4,3200.00,,3200.00
3395,1329,3,3,2900.00,,2900.00
3396,1330,1,1,1950.00,,1950.00
3397,1330,2,1,1950.00,,1950.00
3398,1330,3,1,1950.00,,1950.00
3399,1331,1,4,3200.00,,3200.00
3400,1331,2,4,3200.00,,3200.00
3401,1332,1,2,2400.00,,2400.00
3402,1332,2,3,2900.00,,2900.00
3403,1332,3,3,2900.00,,2900.00
3404,1333,1,2,2400.00,,2400.00
3405,1333,2,2,2400.00,,2400.00
3406,1333,3,2,2400.00,,2400.00
3407,1334,1,3,2900.00,,2900.00
3408,1334,2,3,2900.00,,2900.00
3409,1334,3,3,2900.00,,2900.00
3410,1335,1,3,2900.00,,2900.00
3411,1335,2,4,3200.00,,3200.00
3412,1336,1,2,2400.00,,2400.00
3413,1336,2,2,2400.00,,2400.00
3414,1336,3,2,2400.00,,2400.00
3415,1337,1,2,2400.00,,2400.00
3416,1337,2,3,2900.00,,2900.00
3417,1337,3,3,2900.00,,2900.00
3418,1338,1,2,2400.00,,2400.00
3419,1338,2,3,2900.00,,2900.00
3420,1339,1,2,2400.00,,2400.00
3421,1339,2,2,2400.00,,2400.00
3422,1340,1,3,2900.00,,2900.00
3423,1340,2,3,2900.00,,2900.00
3424,1340,3,3,2900.00,,2900.00
3425,1341,1,3,2900.00,,2900.00
3426,1341,2,3,2900.00,,2900.00
3427,1342,1,2,2400.00,,2400.00
3428,1342,2,2,2400.00,,2400.00
3429,1342,3,3,2900.00,,2900.00
3430,1342,4,2,2400.00,,2400.00
3431,1342,5,3,2900.00,,2900.00
3432,1342,6,2,2400.00,,2400.00
3433,1343,1,2,2400.00,,2400.00
3434,1343,2,2,2400.00,,2400.00
3435,1343,3,2,2400.00,,2400.00
3436,1344,1,3,2900.00,,2900.00
3437,1344,2,3,2900.00,,2900.00
3438,1345,1,3,2900.00,,2900.00
3439,1345,2,3,2900.00,,2900.00
3440,1345,3,3,2900.00,,2900.00
3441,1346,1,3,2900.00,,2900.00
3442,1346,2,3,2900.00,,2900.00
3443,1346,3,3,2900.00,,2900.00
3444,1347,1,3,2900.00,,2900.00
3445,1347,2,2,2400.00,,2400.00
3446,1347,3,2,2400.00,,2400.00
3447,1348,1,3,2900.00,,2900.00
3448,1348,2,3,2900.00,,2900.00
3449,1348,3,3,2900.00,,2900.00
3450,1349,1,2,2400.00,,2400.00
3451,1349,2,2,2400.00,,2400.00
3452,1349,3,3,2900.00,,2900.00
3453,1350,1,3,2900.00,,2900.00
3454,1350,2,3,2900.00,,2900.00
3455,1351,1,2,2400.00,,2400.00
3456,1351,2,3,2900.00,,2900.00
3457,1351,3,2,2400.00,,2400.00
3458,1352,1,4,3200.00,,3200.00
3459,1352,2,5,3500.00,,3500.00
3460,1352,3,5,3500.00,,3500.00
3461,1352,4,5,3500.00,,3500.00
3462,1353,1,1,1950.00,,1950.00
3463,1353,2,1,1950.00,,1950.00
3464,1354,1,3,2900.00,,2900.00
3465,1354,2,3,2900.00,,2900.00
3466,1355,1,3,2900.00,,2900.00
3467,1355,2,3,2900.00,,2900.00
3468,1355,3,3,2900.00,,2900.00
3469,1356,1,3,2900.00,,2900.00
3470,1356,2,3,2900.00,,2900.00
3471,1357,1,3,2900.00,,2900.00
3472,1357,2,3,2900.00,,2900.00
3473,1357,3,3,2900.00,,2900.00
3474,1358,1,4,3200.00,,3200.00
3475,1358,2,3,2900.00,,2900.00
3476,1359,1,3,2900.00,,2900.00
3477,1359,2,4,3200.00,,3200.00
3478,1360,1,2,2400.00,,2400.00
3479,1360,2,2,2400.00,,2400.00
3480,1360,3,2,2400.00,,2400.00
3481,1361,1,2,2400.00,,2400.00
3482,1361,2,2,2400.00,,2400.00
3483,1361,3,2,2400.00,,2400.00
3484,1362,1,2,2400.00,,2400.00
3485,1362,2,1,1950.00,,1950.00
3486,1362,3,1,1950.00,,1950.00
3487,1363,1,5,3500.00,,3500.00
3488,1363,2,5,3500.00,,3500.00
3489,1364,1,3,2900.00,,2900.00
3490,1364,2,2,2400.00,,2400.00
3491,1365,1,3,2900.00,,2900.00
3492,1365,2,3,2900.00,,2900.00
3493,1365,3,3,2900.00,,2900.00
3494,1366,1,2,2400.00,,2400.00
3495,1366,2,3,2900.00,,2900.00
3496,1366,3,3,2900.00,,2900.00
3497,1367,1,1,1950.00,,1950.00
3498,1367,2,1,1950.00,,1950.00
3499,1368,1,1,1950.00,,1950.00
3500,1368,2,1,1950.00,,1950.00
3501,1368,3,1,1950.00,,1950.00
3502,1368,4,1,1950.00,,1950.00
3503,1368,5,1,1950.00,,1950.00
3504,1369,1,1,1950.00,,1950.00
3505,1369,2,1,1950.00,,1950.00
3506,1369,3,1,1950.00,,1950.00
3507,1369,4,0,1700.00,,1700.00
3508,1369,5,0,1700.00,,1700.00
3509,1369,6,1,1950.00,,1950.00
3510,1370,1,4,3200.00,,3200.00
3511,1370,2,4,3200.00,,3200.00
3512,1371,1,1,1950.00,,1950.00
3513,1371,2,1,1950.00,,1950.00
3514,1371,3,2,2400.00,,2400.00
3515,1371,4,2,2400.00,,2400.00
3516,1372,1,3,2900.00,,2900.00
3517,1372,2,2,2400.00,,2400.00
3518,1372,3,3,2900.00,,2900.00
3519,1373,1,1,1950.00,,1950.00
3520,1373,2,1,1950.00,,1950.00
3521,1373,3,1,1950.00,,1950.00
3522,1373,4,1,1950.00,,1950.00
3523,1374,1,2,2400.00,,2400.00
3524,1374,2,2,2400.00,,2400.00
3525,1374,3,1,1950.00,,1950.00
3526,1375,1,2,2400.00,,2400.00
3527,1375,2,2,2400.00,,2400.00
3528,1375,3,2,2400.00,,2400.00
3529,1376,1,3,2900.00,,2900.00
3530,1376,2,2,2400.00,,2400.00
3531,1376,3,2,2400.00,,2400.00
3532,1376,4,2,2400.00,,2400.00
3533,1376,5,2,2400.00,,2400.00
3534,1376,6,2,2400.00,,2400.00
3535,1376,7,3,2900.00,,2900.00
3536,1376,8,2,2400.00,,2400.00
3537,1377,1,2,2400.00,,2400.00
3538,1377,2,3,2900.00,,2900.00
3539,1378,1,3,2900.00,,2900.00
3540,1378,2,3,2900.00,,2900.00
3541,1379,1,4,3200.00,,3200.00
3542,1379,2,4,3200.00,,3200.00
3543,1380,1,0,1700.00,,1700.00
3544,1380,2,0,1700.00,,1700.00
3545,1380,3,1,1950.00,,1950.00
3546,1380,4,0,1700.00,,1700.00
3547,1380,5,1,1950.00,,1950.00
3548,1380,6,0,1700.00,,1700.00
3549,1381,1,2,2400.00,,2400.00
3550,1381,2,2,2400.00,,2400.00
3551,1381,3,3,2900.00,,2900.00
3552,1382,1,2,2400.00,,2400.00
3553,1382,2,2,2400.00,,2400.00
3554,1382,3,1,1950.00,,1950.00
3555,1382,4,2,2400.00,,2400.00
3556,1382,5,1,1950.00,,1950.00
3557,1383,1,2,2400.00,,2400.00
3558,1383,2,3,2900.00,,2900.00
3559,1383,3,2,2400.00,,2400.00
3560,1383,4,2,2400.00,,2400.00
3561,1383,5,3,2900.00,,2900.00
3562,1384,1,2,2400.00,,2400.00
3563,1384,2,2,2400.00,,2400.00
3564,1384,3,2,2400.00,,2400.00
3565,1385,1,3,2900.00,,2900.00
3566,1385,2,3,2900.00,,2900.00
3567,1385,3,2,2400.00,,2400.00
3568,1386,1,2,2400.00,,2400.00
3569,1386,2,2,2400.00,,2400.00
3570,1386,3,2,2400.00,,2400.00
3571,1387,1,3,2900.00,,2900.00
3572,1387,2,4,3200.00,,3200.00
3573,1388,1,4,3200.00,,3200.00
3574,1388,2,4,3200.00,,3200.00
3575,1389,1,1,1950.00,,1950.00
3576,1389,2,1,1950.00,,1950.00
3577,1390,1,3,2900.00,,2900.00
3578,1390,2,3,2900.00,,2900.00
3579,1391,1,3,2900.00,,2900.00
3580,1391,2,2,2400.00,,2400.00
3581,1392,1,2,2400.00,,2400.00
3582,1392,2,2,2400.00,,2400.00
3583,1393,1,2,2400.00,,2400.00
3584,1393,2,2,2400.00,,2400.00
3585,1394,1,1,1950.00,,1950.00
3586,1394,2,1,1950.00,,1950.00
3587,1394,3,1,1950.00,,1950.00
3588,1395,1,3,2900.00,,2900.00
3589,1395,2,2,2400.00,,2400.00
3590,1395,3,3,2900.00,,2900.00
3591,1396,1,3,2900.00,,2900.00
3592,1396,2,3,2900.00,,2900.00
3593,1397,1,3,2900.00,,2900.00
3594,1397,2,3,2900.00,,2900.00
3595,1397,3,3,2900.00,,2900.00
3596,1398,1,3,2900.00,,2900.00
3597,1398,2,2,2400.00,,2400.00
3598,1398,3,3,2900.00,,2900.00
3599,1398,4,3,2900.00,,2900.00
3600,1398,5,2,2400.00,,2400.00
3601,1398,6,3,2900.00,,2900.00
3602,1399,1,2,2400.00,,2400.00
3603,1399,2,2,2400.00,,2400.00
3604,1399,3,2,2400.00,,2400.00
3605,1400,1,2,2400.00,,2400.00
3606,1400,2,3,2900.00,,2900.00
3607,1400,3,2,2400.00,,2400.00
3608,1401,1,3,2900.00,,2900.00
3609,1401,2,2,2400.00,,2400.00
3610,1401,3,3,2900.00,,2900.00
3611,1402,1,2,2400.00,,2400.00
3612,1402,2,2,2400.00,,2400.00
3613,1402,3,1,1950.00,,1950.00
3614,1403,1,1,1950.00,,1950.00
3615,1403,2,2,2400.00,,2400.00
3616,1403,3,2,2400.00,,2400.00
3617,1404,1,1,1950.00,,1950.00
3618,1404,2,1,1950.00,,1950.00
3619,1404,3,1,1950.00,,1950.00
3620,1404,4,1,1950.00,,1950.00
3621,1404,5,1,1950.00,,1950.00
3622,1404,6,0,1700.00,,1700.00
3623,1404,7,1,1950.00,,1950.00
3624,1404,8,1,1950.00,,1950.00
3625,1405,1,3,2900.00,,2900.00
3626,1405,2,4,3200.00,,3200.00
3627,1405,3,3,2900.00,,2900.00
3628,1406,1,4,3200.00,,3200.00
3629,1406,2,4,3200.00,,3200.00
3630,1406,3,3,2900.00,,2900.00
3631,1406,4,4,3200.00,,3200.00
3632,1407,1,2,2400.00,,2400.00
3633,1407,2,2,2400.00,,2400.00
3634,1407,3,2,2400.00,,2400.00
3635,1408,1,3,2900.00,,2900.00
3636,1408,2,3,2900.00,,2900.00
3637,1408,3,3,2900.00,,2900.00
3638,1409,1,3,2900.00,,2900.00
3639,1409,2,2,2400.00,,2400.00
3640,1410,1,2,2400.00,,2400.00
3641,1410,2,3,2900.00,,2900.00
3642,1411,1,3,2900.00,,2900.00
3643,1411,2,2,2400.00,,2400.00
3644,1411,3,3,2900.00,,2900.00
3645,1412,1,0,1700.00,,1700.00
3646,1412,2,1,1950.00,,1950.00
3647,1412,3,0,1700.00,,1700.00
3648,1413,1,2,2400.00,,2400.00
3649,1413,2,2,2400.00,,2400.00
3650,1414,1,3,2900.00,,2900.00
3651,1414,2,3,2900.00,,2900.00
3652,1414,3,3,2900.00,,2900.00
3653,1415,1,1,1950.00,,1950.00
3654,1415,2,1,1950.00,,1950.00
3655,1415,3,1,1950.00,,1950.00
3656,1416,1,3,2900.00,,2900.00
3657,1416,2,3,2900.00,,2900.00
3658,1416,3,4,3200.00,,3200.00
3659,1417,1,1,1950.00,,1950.00
3660,1417,2,1,1950.00,,1950.00
3661,1417,3,1,1950.00,,1950.00
3662,1418,1,2,2400.00,,2400.00
3663,1418,2,2,2400.00,,2400.00
3664,1418,3,2,2400.00,,2400.00
3665,1419,1,2,2400.00,,2400.00
3666,1419,2,2,2400.00,,2400.00
3667,1419,3,2,2400.00,,2400.00
3668,1420,1,1,1950.00,,1950.00
3669,1420,2,1,1950.00,,1950.00
3670,1421,1,2,2400.00,,2400.00
3671,1421,2,1,1950.00,,1950.00
3672,1422,1,3,2900.00,,2900.00
3673,1422,2,3,2900.00,,2900.00
3674,1423,1,1,1950.00,,1950.00
3675,1423,2,2,2400.00,,2400.00
3676,1423,3,2,2400.00,,2400.00
3677,1424,1,3,2900.00,,2900.00
3678,1424,2,3,2900.00,,2900.00
3679,1424,3,3,2900.00,,2900.00
3680,1425,1,2,2400.00,,2400.00
3681,1425,2,3,2900.00,,2900.00
3682,1425,3,3,2900.00,,2900.00
3683,1426,1,2,2400.00,,2400.00
3684,1426,2,2,2400.00,,2400.00
3685,1427,1,1,1950.00,,1950.00
3686,1427,2,1,1950.00,,1950.00
3687,1428,1,2,2400.00,,2400.00
3688,1428,2,1,1950.00,,1950.00
3689,1428,3,2,2400.00,,2400.00
3690,1428,4,2,2400.00,,2400.00
3691,1429,1,4,3200.00,,3200.00
3692,1429,2,3,2900.00,,2900.00
3693,1429,3,3,2900.00,,2900.00
3694,1430,1,3,2900.00,,2900.00
3695,1430,2,3,2900.00,,2900.00
3696,1431,1,3,2900.00,,2900.00
3697,1431,2,3,2900.00,,2900.00
3698,1432,1,4,3200.00,,3200.00
3699,1432,2,3,2900.00,,2900.00
3700,1433,1,3,2900.00,,2900.00
3701,1433,2,3,2900.00,,2900.00
3702,1434,1,2,2400.00,,2400.00
3703,1434,2,3,2900.00,,2900.00
3704,1435,1,1,1950.00,,1950.00
3705,1435,2,1,1950.00,,1950.00
3706,1436,1,2,2400.00,,2400.00
3707,1436,2,2,2400.00,,2400.00
3708,1436,3,2,2400.00,,2400.00
3709,1437,1,2,2400.00,,2400.00
3710,1437,2,2,2400.00,,2400.00
3711,1437,3,2,2400.00,,2400.00
3712,1438,1,2,2400.00,,2400.00
3713,1438,2,2,2400.00,,2400.00
3714,1439,1,1,1950.00,,1950.00
3715,1439,2,1,1950.00,,1950.00
3716,1440,1,3,2900.00,,2900.00
3717,1440,2,2,2400.00,,2400.00
3718,1441,1,1,1950.00,,1950.00
3719,1441,2,2,2400.00,,2400.00
3720,1441,3,2,2400.00,,2400.00
3721,1442,1,1,1950.00,,1950.00
3722,1442,2,1,1950.00,,1950.00
3723,1442,3,1,1950.00,,1950.00
3724,1443,1,5,3500.00,,3500.00
3725,1443,2,5,3500.00,,3500.00
3726,1444,1,2,2400.00,,2400.00
3727,1444,2,2,2400.00,,2400.00
3728,1444,3,2,2400.00,,2400.00
3729,1445,1,3,2900.00,,2900.00
3730,1445,2,4,3200.00,,3200.00
3731,1446,1,3,2900.00,,2900.00
3732,1446,2,3,2900.00,,2900.00
3733,1447,1,3,2900.00,,2900.00
3734,1447,2,4,3200.00,,3200.00
3735,1448,1,2,2400.00,,2400.00
3736,1448,2,2,2400.00,,2400.00
3737,1448,3,2,2400.00,,2400.00
3738,1449,1,1,1950.00,,1950.00
3739,1449,2,1,1950.00,,1950.00
3740,1450,1,0,1700.00,,1700.00
3741,1450,2,0,1700.00,,1700.00
3742,1450,3,0,1700.00,,1700.00
3743,1450,4,0,1700.00,,1700.00
3744,1451,1,2,2400.00,,2400.00
3745,1451,2,2,2400.00,,2400.00
3746,1452,1,0,1700.00,,1700.00
3747,1452,2,0,1700.00,,1700.00
3748,1453,1,2,2400.00,,2400.00
3749,1453,2,2,2400.00,,2400.00
3750,1454,1,2,2400.00,,2400.00
3751,1454,2,3,2900.00,,2900.00
3752,1455,1,1,1950.00,,1950.00
3753,1455,2,2,2400.00,,2400.00
3754,1456,1,3,2900.00,,2900.00
3755,1456,2,3,2900.00,,2900.00
3756,1456,3,2,2400.00,,2400.00
3757,1457,1,2,2400.00,,2400.00
3758,1457,2,3,2900.00,,2900.00
3759,1457,3,3,2900.00,,2900.00
3760,1458,1,2,2400.00,,2400.00
3761,1458,2,2,2400.00,,2400.00
3762,1458,3,2,2400.00,,2400.00
3763,1459,1,3,2900.00,,2900.00
3764,1459,2,3,2900.00,,2900.00
3765,1459,3,3,2900.00,,2900.00
3766,1460,1,3,2900.00,,2900.00
3767,1460,2,4,3200.00,,3200.00
3768,1461,1,2,2400.00,,2400.00
3769,1461,2,2,2400.00,,2400.00
3770,1461,3,2,2400.00,,2400.00
3771,1462,1,3,2900.00,,2900.00
3772,1462,2,3,2900.00,,2900.00
3773,1463,1,3,2900.00,,2900.00
3774,1463,2,2,2400.00,,2400.00
3775,1463,3,2,2400.00,,2400.00
3776,1464,1,1,1950.00,,1950.00
3777,1464,2,1,1950.00,,1950.00
3778,1464,3,1,1950.00,,1950.00
3779,1465,1,2,2400.00,,2400.00
3780,1465,2,2,2400.00,,2400.00
3781,1465,3,2,2400.00,,2400.00
3782,1466,1,3,2900.00,,2900.00
3783,1466,2,2,2400.00,,2400.00
3784,1466,3,3,2900.00,,2900.00
3785,1467,1,3,2900.00,,2900.00
3786,1467,2,3,2900.00,,2900.00
3787,1467,3,3,2900.00,,2900.00
3788,1468,1,1,1950.00,,1950.00
3789,1468,2,1,1950.00,,1950.00
3790,1468,3,1,1950.00,,1950.00
3791,1469,1,3,2900.00,,2900.00
3792,1469,2,3,2900.00,,2900.00
3793,1470,1,3,2900.00,,2900.00
3794,1470,2,2,2400.00,,2400.00
3795,1470,3,2,2400.00,,2400.00
3796,1471,1,3,2900.00,,2900.00
3797,1471,2,3,2900.00,,2900.00
3798,1471,3,2,2400.00,,2400.00
3799,1472,1,2,2400.00,,2400.00
3800,1472,2,3,2900.00,,2900.00
3801,1472,3,3,2900.00,,2900.00
3802,1473,1,3,2900.00,,2900.00
3803,1473,2,2,2400.00,,2400.00
3804,1473,3,2,2400.00,,2400.00
3805,1474,1,1,1950.00,,1950.00
3806,1474,2,1,1950.00,,1950.00
3807,1474,3,1,1950.00,,1950.00
3808,1475,1,1,1950.00,,1950.00
3809,1475,2,2,2400.00,,2400.00
3810,1475,3,1,1950.00,,1950.00
3811,1476,1,2,2400.00,,2400.00
3812,1476,2,2,2400.00,,2400.00
3813,1477,1,1,1950.00,,1950.00
3814,1477,2,1,1950.00,,1950.00
3815,1478,1,2,2400.00,,2400.00
3816,1478,2,3,2900.00,,2900.00
3817,1479,1,3,2900.00,,2900.00
3818,1479,2,3,2900.00,,2900.00
3819,1480,1,2,2400.00,,2400.00
3820,1480,2,2,2400.00,,2400.00
3821,1480,3,2,2400.00,,2400.00
3822,1481,1,2,2400.00,,2400.00
3823,1481,2,1,1950.00,,1950.00
3824,1481,3,2,2400.00,,2400.00
3825,1482,1,2,2400.00,,2400.00
3826,1482,2,3,2900.00,,2900.00
3827,1482,3,2,2400.00,,2400.00
3828,1483,1,1,1950.00,,1950.00
3829,1483,2,1,1950.00,,1950.00
3830,1484,1,3,2900.00,,2900.00
3831,1484,2,3,2900.00,,2900.00
3832,1485,1,2,2400.00,,2400.00
3833,1485,2,2,2400.00,,2400.00
3834,1485,3,2,2400.00,,2400.00
3835,1486,1,2,2400.00,,2400.00
3836,1486,2,2,2400.00,,2400.00
3837,1487,1,2,2400.00,,2400.00
3838,1487,2,3,2900.00,,2900.00
3839,1487,3,2,2400.00,,2400.00
3840,1488,1,3,2900.00,,2900.00
3841,1488,2,3,2900.00,,2900.00
3842,1488,3,3,2900.00,,2900.00
3843,1489,1,2,2400.00,,2400.00
3844,1489,2,2,2400.00,,2400.00
3845,1490,1,3,2900.00,,2900.00
3846,1490,2,2,2400.00,,2400.00
3847,1490,3,3,2900.00,,2900.00
3848,1491,1,3,2900.00,,2900.00
3849,1491,2,3,2900.00,,2900.00
3850,1492,1,2,2400.00,,2400.00
3851,1492,2,3,2900.00,,2900.00
3852,1492,3,2,2400.00,,2400.00
3853,1493,1,3,2900.00,,2900.00
3854,1493,2,2,2400.00,,2400.00
3855,1493,3,2,2400.00,,2400.00
3856,1494,1,3,2900.00,,2900.00
3857,1494,2,3,2900.00,,2900.00
3858,1495,1,1,1950.00,,1950.00
3859,1495,2,2,2400.00,,2400.00
3860,1495,3,2,2400.00,,2400.00
3861,1496,1,3,2900.00,,2900.00
3862,1496,2,2,2400.00,,2400.00
3863,1496,3,3,2900.00,,2900.00
3864,1497,1,3,2900.00,,2900.00
3865,1497,2,3,2900.00,,2900.00
3866,1497,3,3,2900.00,,2900.00
3867,1498,1,0,1700.00,,1700.00
3868,1498,2,0,1700.00,,1700.00
3869,1498,3,0,1700.00,,1700.00
3870,1498,4,0,1700.00,,1700.00
3871,1498,5,0,1700.00,,1700.00
3872,1498,6,0,1700.00,,1700.00
3873,1498,7,0,1700.00,,1700.00
3874,1498,8,0,1700.00,,1700.00
3875,1499,1,3,2900.00,,2900.00
3876,1499,2,2,2400.00,,2400.00
3877,1500,1,2,2400.00,,2400.00
3878,1500,2,1,1950.00,,1950.00
3879,1500,3,2,2400.00,,2400.00
3880,1501,1,2,2400.00,,2400.00
3881,1501,2,2,2400.00,,2400.00
3882,1502,1,1,1950.00,,1950.00
3883,1502,2,2,2400.00,,2400.00
3884,1502,3,2,2400.00,,2400.00
3885,1503,1,2,2400.00,,2400.00
3886,1503,2,2,2400.00,,2400.00
3887,1504,1,3,2900.00,,2900.00
3888,1504,2,3,2900.00,,2900.00
3889,1505,1,3,2900.00,,2900.00
3890,1505,2,2,2400.00,,2400.00
3891,1505,3,2,2400.00,,2400.00
3892,1506,1,4,3200.00,,3200.00
3893,1506,2,4,3200.00,,3200.00
3894,1507,1,2,2400.00,,2400.00
3895,1507,2,3,2900.00,,2900.00
3896,1508,1,2,2400.00,,2400.00
3897,1508,2,2,2400.00,,2400.00
3898,1508,3,2,2400.00,,2400.00
3899,1509,1,1,1950.00,,1950.00
3900,1509,2,1,1950.00,,1950.00
3901,1510,1,2,2400.00,,2400.00
3902,1510,2,2,2400.00,,2400.00
3903,1510,3,2,2400.00,,2400.00
3904,1511,1,3,2900.00,,2900.00
3905,1511,2,3,2900.00,,2900.00
3906,1512,1,3,2900.00,,2900.00
3907,1512,2,3,2900.00,,2900.00
3908,1513,1,3,2900.00,,2900.00
3909,1513,2,2,2400.00,,2400.00
3910,1514,1,4,3200.00,,3200.00
3911,1514,2,3,2900.00,,2900.00
3912,1515,1,3,2900.00,,2900.00
3913,1515,2,3,2900.00,,2900.00
3914,1516,1,3,2900.00,,2900.00
3915,1516,2,3,2900.00,,2900.00
3916,1517,1,3,2900.00,,2900.00
3917,1517,2,2,2400.00,,2400.00
3918,1518,1,1,1950.00,,1950.00
3919,1518,2,2,2400.00,,2400.00
3920,1518,3,1,1950.00,,1950.00
3921,1519,1,1,1950.00,,1950.00
3922,1519,2,2,2400.00,,2400.00
3923,1519,3,2,2400.00,,2400.00
3924,1520,1,2,2400.00,,2400.00
3925,1520,2,2,2400.00,,2400.00
3926,1521,1,1,1950.00,,1950.00
3927,1521,2,1,1950.00,,1950.00
3928,1521,3,1,1950.00,,1950.00
3929,1522,1,2,2400.00,,2400.00
3930,1522,2,2,2400.00,,2400.00
3931,1522,3,2,2400.00,,2400.00
3932,1523,1,3,2900.00,,2900.00
3933,1523,2,2,2400.00,,2400.00
3934,1524,1,3,2900.00,,2900.00
3935,1524,2,3,2900.00,,2900.00
3936,1524,3,3,2900.00,,2900.00
3937,1525,1,4,3200.00,,3200.00
3938,1525,2,3,2900.00,,2900.00
3939,1526,1,2,2400.00,,2400.00
3940,1526,2,3,2900.00,,2900.00
3941,1526,3,2,2400.00,,2400.00
3942,1527,1,2,2400.00,,2400.00
3943,1527,2,2,2400.00,,2400.00
3944,1527,3,3,2900.00,,2900.00
3945,1528,1,3,2900.00,,2900.00
3946,1528,2,3,2900.00,,2900.00
3947,1528,3,3,2900.00,,2900.00
3948,1529,1,3,2900.00,,2900.00
3949,1529,2,3,2900.00,,2900.00
3950,1530,1,2,2400.00,,2400.00
3951,1530,2,2,2400.00,,2400.00
3952,1531,1,3,2900.00,,2900.00
3953,1531,2,2,2400.00,,2400.00
3954,1531,3,2,2400.00,,2400.00
3955,1532,1,4,3200.00,,3200.00
3956,1532,2,4,3200.00,,3200.00
3957,1533,1,3,2900.00,,2900.00
3958,1533,2,4,3200.00,,3200.00
3959,1534,1,2,2400.00,,2400.00
3960,1534,2,2,2400.00,,2400.00
3961,1534,3,2,2400.00,,2400.00
3962,1535,1,3,2900.00,,2900.00
3963,1535,2,3,2900.00,,2900.00
3964,1536,1,1,1950.00,,1950.00
3965,1536,2,1,1950.00,,1950.00
3966,1536,3,1,1950.00,,1950.00
3967,1536,4,1,1950.00,,1950.00
3968,1536,5,1,1950.00,,1950.00
3969,1536,6,1,1950.00,,1950.00
3970,1537,1,2,2400.00,,2400.00
3971,1537,2,1,1950.00,,1950.00
3972,1538,1,1,1950.00,,1950.00
3973,1538,2,1,1950.00,,1950.00
3974,1538,3,2,2400.00,,2400.00
3975,1539,1,2,2400.00,,2400.00
3976,1539,2,3,2900.00,,2900.00
3977,1540,1,1,1950.00,,1950.00
3978,1540,2,2,2400.00,,2400.00
3979,1541,1,3,2900.00,,2900.00
3980,1541,2,2,2400.00,,2400.00
3981,1542,1,2,2400.00,,2400.00
3982,1542,2,1,1950.00,,1950.00
3983,1542,3,2,2400.00,,2400.00
3984,1543,1,1,1950.00,,1950.00
3985,1543,2,0,1700.00,,1700.00
3986,1543,3,0,1700.00,,1700.00
3987,1544,1,2,2400.00,,2400.00
3988,1544,2,2,2400.00,,2400.00
3989,1545,1,1,1950.00,,1950.00
3990,1545,2,1,1950.00,,1950.00
3991,1545,3,1,1950.00,,1950.00
3992,1546,1,2,2400.00,,2400.00
3993,1546,2,2,2400.00,,2400.00
3994,1547,1,1,1950.00,,1950.00
3995,1547,2,2,2400.00,,2400.00
3996,1548,1,2,2400.00,,2400.00
3997,1548,2,1,1950.00,,1950.00
3998,1548,3,2,2400.00,,2400.00
3999,1548,4,2,2400.00,,2400.00
4000,1548,5,1,1950.00,,1950.00
4001,1548,6,1,1950.00,,1950.00
4002,1549,1,3,2900.00,,2900.00
4003,1549,2,2,2400.00,,2400.00
4004,1549,3,2,2400.00,,2400.00
4005,1550,1,2,2400.00,,2400.00
4006,1550,2,2,2400.00,,2400.00
4007,1550,3,3,2900.00,,2900.00
4008,1551,1,1,1950.00,,1950.00
4009,1551,2,1,1950.00,,1950.00
4010,1551,3,0,1700.00,,1700.00
4011,1552,1,3,2900.00,,2900.00
4012,1552,2,2,2400.00,,2400.00
4013,1552,3,2,2400.00,,2400.00
4014,1553,1,3,2900.00,,2900.00
4015,1553,2,2,2400.00,,2400.00
4016,1554,1,3,2900.00,,2900.00
4017,1554,2,2,2400.00,,2400.00
4018,1554,3,2,2400.00,,2400.00
4019,1555,1,2,2400.00,,2400.00
4020,1555,2,2,2400.00,,2400.00
4021,1555,3,2,2400.00,,2400.00
4022,1556,1,4,3200.00,,3200.00
4023,1556,2,4,3200.00,,3200.00
4024,1556,3,3,2900.00,,2900.00
4025,1557,1,2,2400.00,,2400.00
4026,1557,2,1,1950.00,,1950.00
4027,1557,3,1,1950.00,,1950.00
4028,1558,1,2,2400.00,,2400.00
4029,1558,2,3,2900.00,,2900.00
4030,1559,1,4,3200.00,,3200.00
4031,1559,2,3,2900.00,,2900.00
4032,1559,3,4,3200.00,,3200.00
4033,1560,1,3,2900.00,,2900.00
4034,1560,2,3,2900.00,,2900.00
4035,1561,1,3,2900.00,,2900.00
4036,1561,2,3,2900.00,,2900.00
4037,1562,1,3,2900.00,,2900.00
4038,1562,2,2,2400.00,,2400.00
4039,1563,1,3,2900.00,,2900.00
4040,1563,2,3,2900.00,,2900.00
4041,1563,3,2,2400.00,,2400.00
4042,1564,1,3,2900.00,,2900.00
4043,1564,2,2,2400.00,,2400.00
4044,1564,3,3,2900.00,,2900.00
4045,1565,1,3,2900.00,,2900.00
4046,1565,2,3,2900.00,,2900.00
4047,1566,1,2,2400.00,,2400.00
4048,1566,2,2,2400.00,,2400.00
4049,1566,3,2,2400.00,,2400.00
4050,1567,1,3,2900.00,,2900.00
4051,1567,2,3,2900.00,,2900.00
4052,1567,3,3,2900.00,,2900.00
4053,1568,1,3,2900.00,,2900.00
4054,1568,2,3,2900.00,,2900.00
4055,1569,1,2,2400.00,,2400.00
4056,1569,2,2,2400.00,,2400.00
4057,1570,1,1,1950.00,,1950.00
4058,1570,2,1,1950.00,,1950.00
4059,1571,1,3,2900.00,,2900.00
4060,1571,2,2,2400.00,,2400.00
4061,1572,1,1,1950.00,,1950.00
4062,1572,2,1,1950.00,,1950.00
4063,1572,3,1,1950.00,,1950.00
4064,1573,1,3,2900.00,,2900.00
4065,1573,2,4,3200.00,,3200.00
4066,1574,1,3,2900.00,,2900.00
4067,1574,2,4,3200.00,,3200.00
4068,1575,1,3,2900.00,,2900.00
4069,1575,2,3,2900.00,,2900.00
4070,1576,1,1,1950.00,,1950.00
4071,1576,2,1,1950.00,,1950.00
4072,1576,3,1,1950.00,,1950.00
4073,1577,1,2,2400.00,,2400.00
4074,1577,2,1,1950.00,,1950.00
4075,1577,3,1,1950.00,,1950.00
4076,1578,1,1,1950.00,,1950.00
4077,1578,2,1,1950.00,,1950.00
4078,1578,3,1,1950.00,,1950.00
4079,1578,4,1,1950.00,,1950.00
4080,1579,1,2,2400.00,,2400.00
4081,1579,2,2,2400.00,,2400.00
4082,1579,3,3,2900.00,,2900.00
4083,1580,1,1,1950.00,,1950.00
4084,1580,2,2,2400.00,,2400.00
4085,1581,1,3,2900.00,,2900.00
4086,1581,2,3,2900.00,,2900.00
4087,1582,1,0,1700.00,,1700.00
4088,1582,2,0,1700.00,,1700.00
4089,1582,3,0,1700.00,,1700.00
4090,1582,4,0,1700.00,,1700.00
4091,1582,5,0,1700.00,,1700.00
4092,1582,6,0,1700.00,,1700.00
4093,1583,1,2,2400.00,,2400.00
4094,1583,2,1,1950.00,,1950.00
4095,1583,3,1,1950.00,,1950.00
4096,1583,4,2,2400.00,,2400.00
4097,1583,5,2,2400.00,,2400.00
4098,1583,6,2,2400.00,,2400.00
4099,1584,1,1,1950.00,,1950.00
4100,1584,2,1,1950.00,,1950.00
4101,1584,3,1,1950.00,,1950.00
4102,1584,4,1,1950.00,,1950.00
4103,1584,5,1,1950.00,,1950.00
4104,1584,6,1,1950.00,,1950.00
4105,1585,1,1,1950.00,,1950.00
4106,1585,2,1,1950.00,,1950.00
4107,1585,3,1,1950.00,,1950.00
4108,1585,4,1,1950.00,,1950.00
4109,1585,5,1,1950.00,,1950.00
4110,1585,6,1,1950.00,,1950.00
4111,1586,1,2,2400.00,,2400.00
4112,1586,2,2,2400.00,,2400.00
4113,1586,3,2,2400.00,,2400.00
4114,1587,1,2,2400.00,,2400.00
4115,1587,2,1,1950.00,,1950.00
4116,1587,3,2,2400.00,,2400.00
4117,1588,1,3,2900.00,,2900.00
4118,1588,2,3,2900.00,,2900.00
4119,1588,3,2,2400.00,,2400.00
4120,1589,1,2,2400.00,,2400.00
4121,1589,2,2,2400.00,,2400.00
4122,1590,1,2,2400.00,,2400.00
4123,1590,2,2,2400.00,,2400.00
4124,1590,3,2,2400.00,,2400.00
4125,1591,1,3,2900.00,,2900.00
4126,1591,2,2,2400.00,,2400.00
4127,1591,3,2,2400.00,,2400.00
4128,1592,1,3,2900.00,,2900.00
4129,1592,2,3,2900.00,,2900.00
4130,1592,3,2,2400.00,,2400.00
4131,1593,1,1,1950.00,,1950.00
4132,1593,2,2,2400.00,,2400.00
4133,1593,3,2,2400.00,,2400.00
4134,1594,1,1,1950.00,,1950.00
4135,1594,2,1,1950.00,,1950.00
4136,1594,3,2,2400.00,,2400.00
4137,1595,1,3,2900.00,,2900.00
4138,1595,2,3,2900.00,,2900.00
4139,1596,1,2,2400.00,,2400.00
4140,1596,2,3,2900.00,,2900.00
4141,1597,1,3,2900.00,,2900.00
4142,1597,2,3,2900.00,,2900.00
4143,1598,1,2,2400.00,,2400.00
4144,1598,2,2,2400.00,,2400.00
4145,1599,1,2,2400.00,,2400.00
4146,1599,2,3,2900.00,,2900.00
4147,1600,1,1,1950.00,,1950.00
4148,1600,2,1,1950.00,,1950.00
4149,1600,3,1,1950.00,,1950.00
4150,1600,4,1,1950.00,,1950.00
4151,1600,5,1,1950.00,,1950.00
4152,1600,6,1,1950.00,,1950.00
4153,1601,1,1,1950.00,,1950.00
4154,1601,2,1,1950.00,,1950.00
4155,1601,3,1,1950.00,,1950.00
4156,1601,4,1,1950.00,,1950.00
4157,1601,5,1,1950.00,,1950.00
4158,1601,6,1,1950.00,,1950.00
4159,1602,1,2,2400.00,,2400.00
4160,1602,2,2,2400.00,,2400.00
4161,1602,3,2,2400.00,,2400.00
4162,1602,4,1,1950.00,,1950.00
4163,1602,5,2,2400.00,,2400.00
4164,1602,6,2,2400.00,,2400.00
4165,1603,1,3,2900.00,,2900.00
4166,1603,2,3,2900.00,,2900.00
4167,1604,1,3,2900.00,,2900.00
4168,1604,2,2,2400.00,,2400.00
4169,1604,3,2,2400.00,,2400.00
4170,1605,1,3,2900.00,,2900.00
4171,1605,2,3,2900.00,,2900.00
4172,1605,3,3,2900.00,,2900.00
4173,1606,1,5,3500.00,,3500.00
4174,1606,2,5,3500.00,,3500.00
4175,1606,3,5,3500.00,,3500.00
4176,1606,4,5,3500.00,,3500.00
4177,1606,5,5,3500.00,,3500.00
4178,1607,1,3,2900.00,,2900.00
4179,1607,2,2,2400.00,,2400.00
4180,1607,3,3,2900.00,,2900.00
4181,1608,1,2,2400.00,,2400.00
4182,1608,2,2,2400.00,,2400.00
4183,1608,3,3,2900.00,,2900.00
4184,1609,1,2,2400.00,,2400.00
4185,1609,2,2,2400.00,,2400.00
4186,1610,1,1,1950.00,,1950.00
4187,1610,2,1,1950.00,,1950.00
4188,1610,3,2,2400.00,,2400.00
4189,1611,1,2,2400.00,,2400.00
4190,1611,2,2,2400.00,,2400.00
4191,1611,3,2,2400.00,,2400.00
4192,1612,1,2,2400.00,,2400.00
4193,1612,2,2,2400.00,,2400.00
4194,1613,1,2,2400.00,,2400.00
4195,1613,2,2,2400.00,,2400.00
4196,1613,3,2,2400.00,,2400.00
4197,1614,1,2,2400.00,,2400.00
4198,1614,2,2,2400.00,,2400.00
4199,1614,3,3,2900.00,,2900.00
4200,1615,1,2,2400.00,,2400.00
4201,1615,2,2,2400.00,,2400.00
4202,1615,3,1,1950.00,,1950.00
4203,1616,1,3,2900.00,,2900.00
4204,1616,2,3,2900.00,,2900.00
4205,1617,1,2,2400.00,,2400.00
4206,1617,2,2,2400.00,,2400.00
4207,1617,3,2,2400.00,,2400.00
4208,1618,1,2,2400.00,,2400.00
4209,1618,2,3,2900.00,,2900.00
4210,1619,1,3,2900.00,,2900.00
4211,1619,2,2,2400.00,,2400.00
4212,1620,1,1,1950.00,,1950.00
4213,1620,2,1,1950.00,,1950.00
4214,1620,3,1,1950.00,,1950.00
4215,1621,1,3,2900.00,,2900.00
4216,1621,2,3,2900.00,,2900.00
4217,1622,1,3,2900.00,,2900.00
4218,1622,2,3,2900.00,,2900.00
4219,1623,1,2,2400.00,,2400.00
4220,1623,2,3,2900.00,,2900.00
4221,1624,1,4,3200.00,,3200.00
4222,1624,2,3,2900.00,,2900.00
4223,1625,1,3,2900.00,,2900.00
4224,1625,2,3,2900.00,,2900.00
4225,1626,1,5,3500.00,,3500.00
4226,1626,2,4,3200.00,,3200.00
4227,1627,1,2,2400.00,,2400.00
4228,1627,2,1,1950.00,,1950.00
4229,1627,3,2,2400.00,,2400.00
4230,1628,1,3,2900.00,,2900.00
4231,1628,2,4,3200.00,,3200.00
4232,1628,3,3,2900.00,,2900.00
4233,1629,1,0,1700.00,,1700.00
4234,1629,2,0,1700.00,,1700.00
4235,1629,3,0,1700.00,,1700.00
4236,1629,4,1,1950.00,,1950.00
4237,1629,5,0,1700.00,,1700.00
4238,1629,6,0,1700.00,,1700.00
4239,1630,1,0,1700.00,,1700.00
4240,1630,2,0,1700.00,,1700.00
4241,1630,3,0,1700.00,,1700.00
4242,1630,4,0,1700.00,,1700.00
4243,1630,5,0,1700.00,,1700.00
4244,1630,6,0,1700.00,,1700.00
4245,1631,1,2,2400.00,,2400.00
4246,1631,2,1,1950.00,,1950.00
4247,1631,3,1,1950.00,,1950.00
4248,1631,4,1,1950.00,,1950.00
4249,1632,1,3,2900.00,,2900.00
4250,1632,2,3,2900.00,,2900.00
4251,1633,1,2,2400.00,,2400.00
4252,1633,2,3,2900.00,,2900.00
4253,1633,3,3,2900.00,,2900.00
4254,1634,1,2,2400.00,,2400.00
4255,1634,2,3,2900.00,,2900.00
4256,1634,3,2,2400.00,,2400.00
4257,1635,1,3,2900.00,,2900.00
4258,1635,2,2,2400.00,,2400.00
4259,1635,3,3,2900.00,,2900.00
4260,1636,1,2,2400.00,,2400.00
4261,1636,2,2,2400.00,,2400.00
4262,1636,3,3,2900.00,,2900.00
4263,1637,1,3,2900.00,,2900.00
4264,1637,2,2,2400.00,,2400.00
4265,1638,1,3,2900.00,,2900.00
4266,1638,2,3,2900.00,,2900.00
4267,1638,3,3,2900.00,,2900.00
4268,1639,1,1,1950.00,,1950.00
4269,1639,2,2,2400.00,,2400.00
4270,1640,1,2,2400.00,,2400.00
4271,1640,2,2,2400.00,,2400.00
4272,1640,3,2,2400.00,,2400.00
4273,1641,1,1,1950.00,,1950.00
4274,1641,2,2,2400.00,,2400.00
4275,1641,3,2,2400.00,,2400.00
4276,1642,1,2,2400.00,,2400.00
4277,1642,2,1,1950.00,,1950.00
4278,1643,1,2,2400.00,,2400.00
4279,1643,2,2,2400.00,,2400.00
4280,1643,3,3,2900.00,,2900.00
4281,1644,1,2,2400.00,,2400.00
4282,1644,2,2,2400.00,,2400.00
4283,1644,3,2,2400.00,,2400.00
4284,1645,1,2,2400.00,,2400.00
4285,1645,2,3,2900.00,,2900.00
4286,1645,3,2,2400.00,,2400.00
4287,1646,1,2,2400.00,,2400.00
4288,1646,2,2,2400.00,,2400.00
4289,1646,3,2,2400.00,,2400.00
4290,1647,1,2,2400.00,,2400.00
4291,1647,2,2,2400.00,,2400.00
4292,1648,1,1,1950.00,,1950.00
4293,1648,2,1,1950.00,,1950.00
4294,1648,3,0,1700.00,,1700.00
4295,1649,1,1,1950.00,,1950.00
4296,1649,2,2,2400.00,,2400.00
4297,1650,1,2,2400.00,,2400.00
4298,1650,2,2,2400.00,,2400.00
4299,1651,1,2,2400.00,,2400.00
4300,1651,2,3,2900.00,,2900.00
4301,1651,3,2,2400.00,,2400.00
4302,1652,1,2,2400.00,,2400.00
4303,1652,2,2,2400.00,,2400.00
4304,1653,1,2,2400.00,,2400.00
4305,1653,2,2,2400.00,,2400.00
4306,1654,1,1,1950.00,,1950.00
4307,1654,2,1,1950.00,,1950.00
4308,1654,3,1,1950.00,,1950.00
4309,1655,1,3,2900.00,,2900.00
4310,1655,2,3,2900.00,,2900.00
4311,1656,1,3,2900.00,,2900.00
4312,1656,2,3,2900.00,,2900.00
4313,1656,3,3,2900.00,,2900.00
4314,1657,1,2,2400.00,,2400.00
4315,1657,2,2,2400.00,,2400.00
4316,1658,1,4,3200.00,,3200.00
4317,1658,2,4,3200.00,,3200.00
4318,1659,1,2,2400.00,,2400.00
4319,1659,2,2,2400.00,,2400.00
4320,1659,3,3,2900.00,,2900.00
4321,1660,1,2,2400.00,,2400.00
4322,1660,2,2,2400.00,,2400.00
4323,1660,3,2,2400.00,,2400.00
4324,1661,1,2,2400.00,,2400.00
4325,1661,2,2,2400.00,,2400.00
4326,1661,3,2,2400.00,,2400.00
4327,1661,4,3,2900.00,,2900.00
4328,1662,1,3,2900.00,,2900.00
4329,1662,2,3,2900.00,,2900.00
4330,1662,3,3,2900.00,,2900.00
4331,1663,1,3,2900.00,,2900.00
4332,1663,2,2,2400.00,,2400.00
4333,1663,3,3,2900.00,,2900.00
4334,1664,1,1,1950.00,,1950.00
4335,1664,2,1,1950.00,,1950.00
4336,1664,3,1,1950.00,,1950.00
4337,1665,1,1,1950.00,,1950.00
4338,1665,2,1,1950.00,,1950.00
4339,1665,3,0,1700.00,,1700.00
4340,1665,4,1,1950.00,,1950.00
4341,1665,5,0,1700.00,,1700.00
4342,1665,6,1,1950.00,,1950.00
4343,1666,1,3,2900.00,,2900.00
4344,1666,2,3,2900.00,,2900.00
4345,1667,1,2,2400.00,,2400.00
4346,1667,2,2,2400.00,,2400.00
4347,1667,3,2,2400.00,,2400.00
4348,1668,1,2,2400.00,,2400.00
4349,1668,2,2,2400.00,,2400.00
4350,1668,3,2,2400.00,,2400.00
4351,1669,1,4,3200.00,,3200.00
4352,1669,2,3,2900.00,,2900.00
4353,1670,1,4,3200.00,,3200.00
4354,1670,2,3,2900.00,,2900.00
4355,1671,1,4,3200.00,,3200.00
4356,1671,2,3,2900.00,,2900.00
4357,1671,3,3,2900.00,,2900.00
4358,1672,1,3,2900.00,,2900.00
4359,1672,2,2,2400.00,,2400.00
4360,1673,1,2,2400.00,,2400.00
4361,1673,2,2,2400.00,,2400.00
4362,1673,3,3,2900.00,,2900.00
4363,1674,1,3,2900.00,,2900.00
4364,1674,2,3,2900.00,,2900.00
4365,1674,3,4,3200.00,,3200.00
4366,1675,1,2,2400.00,,2400.00
4367,1675,2,2,2400.00,,2400.00
4368,1676,1,2,2400.00,,2400.00
4369,1676,2,3,2900.00,,2900.00
4370,1676,3,3,2900.00,,2900.00
4371,1677,1,1,1950.00,,1950.00
4372,1677,2,1,1950.00,,1950.00
4373,1677,3,1,1950.00,,1950.00
4374,1677,4,1,1950.00,,1950.00
4375,1677,5,1,1950.00,,1950.00
4376,1677,6,1,1950.00,,1950.00
4377,1677,7,1,1950.00,,1950.00
4378,1677,8,1,1950.00,,1950.00
4379,1678,1,2,2400.00,,2400.00
4380,1678,2,2,2400.00,,2400.00
4381,1678,3,3,2900.00,,2900.00
4382,1679,1,3,2900.00,,2900.00
4383,1679,2,2,2400.00,,2400.00
4384,1679,3,2,2400.00,,2400.00
4385,1680,1,3,2900.00,,2900.00
4386,1680,2,2,2400.00,,2400.00
4387,1680,3,3,2900.00,,2900.00
4388,1681,1,2,2400.00,,2400.00
4389,1681,2,2,2400.00,,2400.00
4390,1682,1,3,2900.00,,2900.00
4391,1682,2,3,2900.00,,2900.00
4392,1682,3,3,2900.00,,2900.00
4393,1683,1,3,2900.00,,2900.00
4394,1683,2,3,2900.00,,2900.00
4395,1683,3,3,2900.00,,2900.00
4396,1684,1,2,2400.00,,2400.00
4397,1684,2,3,2900.00,,2900.00
4398,1685,1,2,2400.00,,2400.00
4399,1685,2,2,2400.00,,2400.00
4400,1685,3,2,2400.00,,2400.00
4401,1686,1,2,2400.00,,2400.00
4402,1686,2,1,1950.00,,1950.00
4403,1686,3,2,2400.00,,2400.00
4404,1686,4,1,1950.00,,1950.00
4405,1686,5,1,1950.00,,1950.00
4406,1686,6,1,1950.00,,1950.00
4407,1687,1,4,3200.00,,3200.00
4408,1687,2,5,3500.00,,3500.00
4409,1688,1,1,1950.00,,1950.00
4410,1688,2,2,2400.00,,2400.00
4411,1689,1,2,2400.00,,2400.00
4412,1689,2,1,1950.00,,1950.00
4413,1689,3,2,2400.00,,2400.00
4414,1689,4,1,1950.00,,1950.00
4415,1690,1,1,1950.00,,1950.00
4416,1690,2,1,1950.00,,1950.00
4417,1690,3,2,2400.00,,2400.00
4418,1691,1,1,1950.00,,1950.00
4419,1691,2,2,2400.00,,2400.00
4420,1691,3,1,1950.00,,1950.00
4421,1692,1,2,2400.00,,2400.00
4422,1692,2,1,1950.00,,1950.00
4423,1692,3,2,2400.00,,2400.00
4424,1693,1,2,2400.00,,2400.00
4425,1693,2,2,2400.00,,2400.00
4426,1693,3,2,2400.00,,2400.00
4427,1694,1,3,2900.00,,2900.00
4428,1694,2,3,2900.00,,2900.00
4429,1695,1,2,2400.00,,2400.00
4430,1695,2,3,2900.00,,2900.00
4431,1695,3,3,2900.00,,2900.00
4432,1696,1,3,2900.00,,2900.00
4433,1696,2,3,2900.00,,2900.00
4434,1697,1,1,1950.00,,1950.00
4435,1697,2,1,1950.00,,1950.00
4436,1698,1,2,2400.00,,2400.00
4437,1698,2,2,2400.00,,2400.00
4438,1698,3,2,2400.00,,2400.00
4439,1699,1,4,3200.00,,3200.00
4440,1699,2,3,2900.00,,2900.00
4441,1699,3,3,2900.00,,2900.00
4442,1700,1,2,2400.00,,2400.00
4443,1700,2,3,2900.00,,2900.00
4444,1701,1,3,2900.00,,2900.00
4445,1701,2,2,2400.00,,2400.00
4446,1702,1,3,2900.00,,2900.00
4447,1702,2,3,2900.00,,2900.00
4448,1703,1,3,2900.00,,2900.00
4449,1703,2,3,2900.00,,2900.00
4450,1704,1,1,1950.00,,1950.00
4451,1704,2,1,1950.00,,1950.00
4452,1704,3,1,1950.00,,1950.00
4453,1705,1,2,2400.00,,2400.00
4454,1705,2,2,2400.00,,2400.00
4455,1705,3,2,2400.00,,2400.00
4456,1706,1,2,2400.00,,2400.00
4457,1706,2,2,2400.00,,2400.00
4458,1707,1,1,1950.00,,1950.00
4459,1707,2,1,1950.00,,1950.00
4460,1707,3,1,1950.00,,1950.00
4461,1708,1,2,2400.00,,2400.00
4462,1708,2,2,2400.00,,2400.00
4463,1709,1,2,2400.00,,2400.00
4464,1709,2,3,2900.00,,2900.00
4465,1710,1,1,1950.00,,1950.00
4466,1710,2,2,2400.00,,2400.00
4467,1711,1,2,2400.00,,2400.00
4468,1711,2,1,1950.00,,1950.00
4469,1712,1,2,2400.00,,2400.00
4470,1712,2,2,2400.00,,2400.00
4471,1712,3,3,2900.00,,2900.00
4472,1713,1,2,2400.00,,2400.00
4473,1713,2,2,2400.00,,2400.00
4474,1713,3,2,2400.00,,2400.00
4475,1714,1,3,2900.00,,2900.00
4476,1714,2,3,2900.00,,2900.00
4477,1715,1,4,3200.00,,3200.00
4478,1715,2,3,2900.00,,2900.00
4479,1716,1,0,1700.00,,1700.00
4480,1716,2,1,1950.00,,1950.00
4481,1717,1,3,2900.00,,2900.00
4482,1717,2,3,2900.00,,2900.00
4483,1718,1,2,2400.00,,2400.00
4484,1718,2,2,2400.00,,2400.00
4485,1719,1,2,2400.00,,2400.00
4486,1719,2,2,2400.00,,2400.00
4487,1720,1,2,2400.00,,2400.00
4488,1720,2,2,2400.00,,2400.00
4489,1720,3,1,1950.00,,1950.00
4490,1721,1,0,1700.00,,1700.00
4491,1721,2,0,1700.00,,1700.00
4492,1721,3,0,1700.00,,1700.00
4493,1721,4,0,1700.00,,1700.00
4494,1721,5,0,1700.00,,1700.00
4495,1721,6,0,1700.00,,1700.00
4496,1722,1,3,2900.00,,2900.00
4497,1722,2,3,2900.00,,2900.00
4498,1723,1,1,1950.00,,1950.00
4499,1723,2,1,1950.00,,1950.00
4500,1724,1,1,1950.00,,1950.00
4501,1724,2,1,1950.00,,1950.00
4502,1725,1,1,1950.00,,1950.00
4503,1725,2,1,1950.00,,1950.00
4504,1725,3,1,1950.00,,1950.00
4505,1726,1,1,1950.00,,1950.00
4506,1726,2,1,1950.00,,1950.00
4507,1726,3,1,1950.00,,1950.00
4508,1726,4,1,1950.00,,1950.00
4509,1726,5,1,1950.00,,1950.00
4510,1726,6,1,1950.00,,1950.00
4511,1726,7,0,1700.00,,1700.00
4512,1727,1,1,1950.00,,1950.00
4513,1727,2,1,1950.00,,1950.00
4514,1727,3,1,1950.00,,1950.00
4515,1728,1,3,2900.00,,2900.00
4516,1728,2,3,2900.00,,2900.00
4517,1729,1,2,2400.00,,2400.00
4518,1729,2,2,2400.00,,2400.00
4519,1729,3,2,2400.00,,2400.00
4520,1729,4,2,2400.00,,2400.00
4521,1729,5,1,1950.00,,1950.00
4522,1730,1,3,2900.00,,2900.00
4523,1730,2,3,2900.00,,2900.00
4524,1731,1,2,2400.00,,2400.00
4525,1731,2,2,2400.00,,2400.00
4526,1732,1,3,2900.00,,2900.00
4527,1732,2,3,2900.00,,2900.00
4528,1732,3,3,2900.00,,2900.00
4529,1733,1,2,2400.00,,2400.00
4530,1733,2,2,2400.00,,2400.00
4531,1733,3,2,2400.00,,2400.00
4532,1734,1,3,2900.00,,2900.00
4533,1734,2,3,2900.00,,2900.00
4534,1735,1,1,1950.00,,1950.00
4535,1735,2,2,2400.00,,2400.00
4536,1735,3,1,1950.00,,1950.00
4537,1735,4,1,1950.00,,1950.00
4538,1735,5,1,1950.00,,1950.00
4539,1735,6,2,2400.00,,2400.00
4540,1736,1,3,2900.00,,2900.00
4541,1736,2,3,2900.00,,2900.00
4542,1737,1,3,2900.00,,2900.00
4543,1737,2,3,2900.00,,2900.00
4544,1737,3,3,2900.00,,2900.00
4545,1738,1,2,2400.00,,2400.00
4546,1738,2,2,2400.00,,2400.00
4547,1739,1,1,1950.00,,1950.00
4548,1739,2,1,1950.00,,1950.00
4549,1740,1,3,2900.00,,2900.00
4550,1740,2,3,2900.00,,2900.00
4551,1741,1,3,2900.00,,2900.00
4552,1741,2,3,2900.00,,2900.00
4553,1741,3,2,2400.00,,2400.00
4554,1742,1,3,2900.00,,2900.00
4555,1742,2,3,2900.00,,2900.00
4556,1742,3,3,2900.00,,2900.00
4557,1743,1,3,2900.00,,2900.00
4558,1743,2,2,2400.00,,2400.00
4559,1743,3,3,2900.00,,2900.00
4560,1744,1,2,2400.00,,2400.00
4561,1744,2,3,2900.00,,2900.00
4562,1744,3,2,2400.00,,2400.00
4563,1745,1,2,2400.00,,2400.00
4564,1745,2,2,2400.00,,2400.00
4565,1746,1,2,2400.00,,2400.00
4566,1746,2,3,2900.00,,2900.00
4567,1746,3,2,2400.00,,2400.00
4568,1747,1,3,2900.00,,2900.00
4569,1747,2,3,2900.00,,2900.00
4570,1747,3,2,2400.00,,2400.00
4571,1748,1,2,2400.00,,2400.00
4572,1748,2,3,2900.00,,2900.00
4573,1748,3,2,2400.00,,2400.00
4574,1749,1,2,2400.00,,2400.00
4575,1749,2,2,2400.00,,2400.00
4576,1750,1,2,2400.00,,2400.00
4577,1750,2,2,2400.00,,2400.00
4578,1750,3,3,2900.00,,2900.00
4579,1751,1,2,2400.00,,2400.00
4580,1751,2,2,2400.00,,2400.00
4581,1751,3,2,2400.00,,2400.00
4582,1752,1,3,2900.00,,2900.00
4583,1752,2,2,2400.00,,2400.00
4584,1752,3,3,2900.00,,2900.00
4585,1753,1,2,2400.00,,2400.00
4586,1753,2,2,2400.00,,2400.00
4587,1753,3,2,2400.00,,2400.00
4588,1754,1,1,1950.00,,1950.00
4589,1754,2,1,1950.00,,1950.00
4590,1755,1,3,2900.00,,2900.00
4591,1755,2,3,2900.00,,2900.00
4592,1755,3,2,2400.00,,2400.00
4593,1756,1,1,1950.00,,1950.00
4594,1756,2,1,1950.00,,1950.00
4595,1757,1,3,2900.00,,2900.00
4596,1757,2,3,2900.00,,2900.00
4597,1757,3,3,2900.00,,2900.00
4598,1758,1,4,3200.00,,3200.00
4599,1758,2,4,3200.00,,3200.00
4600,1758,3,3,2900.00,,2900.00
4601,1759,1,2,2400.00,,2400.00
4602,1759,2,2,2400.00,,2400.00
4603,1760,1,3,2900.00,,2900.00
4604,1760,2,3,2900.00,,2900.00
4605,1761,1,0,1700.00,,1700.00
4606,1761,2,0,1700.00,,1700.00
4607,1761,3,0,1700.00,,1700.00
4608,1761,4,0,1700.00,,1700.00
4609,1761,5,0,1700.00,,1700.00
4610,1761,6,0,1700.00,,1700.00
4611,1762,1,3,2900.00,,2900.00
4612,1762,2,2,2400.00,,2400.00
4613,1762,3,3,2900.00,,2900.00
4614,1763,1,3,2900.00,,2900.00
4615,1763,2,2,2400.00,,2400.00
4616,1763,3,2,2400.00,,2400.00
4617,1764,1,1,1950.00,,1950.00
4618,1764,2,2,2400.00,,2400.00
4619,1764,3,1,1950.00,,1950.00
4620,1765,1,2,2400.00,,2400.00
4621,1765,2,2,2400.00,,2400.00
4622,1765,3,2,2400.00,,2400.00
4623,1766,1,2,2400.00,,2400.00
4624,1766,2,3,2900.00,,2900.00
4625,1766,3,2,2400.00,,2400.00
4626,1767,1,3,2900.00,,2900.00
4627,1767,2,3,2900.00,,2900.00
4628,1767,3,3,2900.00,,2900.00
4629,1768,1,2,2400.00,,2400.00
4630,1768,2,2,2400.00,,2400.00
4631,1768,3,2,2400.00,,2400.00
4632,1769,1,2,2400.00,,2400.00
4633,1769,2,3,2900.00,,2900.00
4634,1769,3,2,2400.00,,2400.00
4635,1770,1,3,2900.00,,2900.00
4636,1770,2,4,3200.00,,3200.00
4637,1771,1,3,2900.00,,2900.00
4638,1771,2,3,2900.00,,2900.00
4639,1772,1,3,2900.00,,2900.00
4640,1772,2,4,3200.00,,3200.00
4641,1773,1,2,2400.00,,2400.00
4642,1773,2,2,2400.00,,2400.00
4643,1774,1,1,1950.00,,1950.00
4644,1774,2,1,1950.00,,1950.00
4645,1774,3,2,2400.00,,2400.00
4646,1775,1,2,2400.00,,2400.00
4647,1775,2,1,1950.00,,1950.00
4648,1776,1,2,2400.00,,2400.00
4649,1776,2,2,2400.00,,2400.00
4650,1777,1,2,2400.00,,2400.00
4651,1777,2,2,2400.00,,2400.00
4652,1778,1,2,2400.00,,2400.00
4653,1778,2,2,2400.00,,2400.00
4654,1778,3,1,1950.00,,1950.00
4655,1779,1,2,2400.00,,2400.00
4656,1779,2,2,2400.00,,2400.00
4657,1779,3,2,2400.00,,2400.00
4658,1780,1,1,1950.00,,1950.00
4659,1780,2,1,1950.00,,1950.00
4660,1781,1,2,2400.00,,2400.00
4661,1781,2,2,2400.00,,2400.00
4662,1781,3,2,2400.00,,2400.00
4663,1781,4,2,2400.00,,2400.00
4664,1782,1,4,3200.00,,3200.00
4665,1782,2,4,3200.00,,3200.00
4666,1783,1,1,1950.00,,1950.00
4667,1783,2,1,1950.00,,1950.00
4668,1783,3,2,2400.00,,2400.00
4669,1784,1,3,2900.00,,2900.00
4670,1784,2,3,2900.00,,2900.00
4671,1785,1,1,1950.00,,1950.00
4672,1785,2,1,1950.00,,1950.00
4673,1785,3,1,1950.00,,1950.00
4674,1786,1,3,2900.00,,2900.00
4675,1786,2,3,2900.00,,2900.00
4676,1786,3,3,2900.00,,2900.00
4677,1787,1,3,2900.00,,2900.00
4678,1787,2,3,2900.00,,2900.00
4679,1787,3,3,2900.00,,2900.00
4680,1788,1,3,2900.00,,2900.00
4681,1788,2,3,2900.00,,2900.00
4682,1789,1,2,2400.00,,2400.00
4683,1789,2,2,2400.00,,2400.00
4684,1789,3,2,2400.00,,2400.00
4685,1790,1,3,2900.00,,2900.00
4686,1790,2,3,2900.00,,2900.00
4687,1791,1,2,2400.00,,2400.00
4688,1791,2,3,2900.00,,2900.00
4689,1791,3,2,2400.00,,2400.00
4690,1792,1,3,2900.00,,2900.00
4691,1792,2,3,2900.00,,2900.00
4692,1792,3,2,2400.00,,2400.00
4693,1793,1,2,2400.00,,2400.00
4694,1793,2,2,2400.00,,2400.00
4695,1794,1,3,2900.00,,2900.00
4696,1794,2,3,2900.00,,2900.00
4697,1795,1,2,2400.00,,2400.00
4698,1795,2,3,2900.00,,2900.00
4699,1796,1,4,3200.00,,3200.00
4700,1796,2,3,2900.00,,2900.00
4701,1797,1,4,3200.00,,3200.00
4702,1797,2,4,3200.00,,3200.00
4703,1798,1,4,3200.00,,3200.00
4704,1798,2,3,2900.00,,2900.00
4705,1799,1,4,3200.00,,3200.00
4706,1799,2,4,3200.00,,3200.00
4707,1800,1,1,1950.00,,1950.00
4708,1800,2,1,1950.00,,1950.00
4709,1800,3,2,2400.00,,2400.00
4710,1801,1,3,2900.00,,2900.00
4711,1801,2,3,2900.00,,2900.00
4712,1802,1,3,2900.00,,2900.00
4713,1802,2,3,2900.00,,2900.00
4714,1802,3,3,2900.00,,2900.00
4715,1803,1,3,2900.00,,2900.00
4716,1803,2,3,2900.00,,2900.00
4717,1804,1,2,2400.00,,2400.00
4718,1804,2,2,2400.00,,2400.00
4719,1805,1,3,2900.00,,2900.00
4720,1805,2,3,2900.00,,2900.00
4721,1806,1,2,2400.00,,2400.00
4722,1806,2,2,2400.00,,2400.00
4723,1807,1,2,2400.00,,2400.00
4724,1807,2,2,2400.00,,2400.00
4725,1807,3,2,2400.00,,2400.00
4726,1808,1,3,2900.00,,2900.00
4727,1808,2,2,2400.00,,2400.00
4728,1809,1,3,2900.00,,2900.00
4729,1809,2,3,2900.00,,2900.00
4730,1810,1,2,2400.00,,2400.00
4731,1810,2,3,2900.00,,2900.00
4732,1811,1,4,3200.00,,3200.00
4733,1811,2,3,2900.00,,2900.00
4734,1812,1,3,2900.00,,2900.00
4735,1812,2,2,2400.00,,2400.00
4736,1813,1,3,2900.00,,2900.00
4737,1813,2,3,2900.00,,2900.00
4738,1814,1,3,2900.00,,2900.00
4739,1814,2,3,2900.00,,2900.00
4740,1815,1,2,2400.00,,2400.00
4741,1815,2,2,2400.00,,2400.00
4742,1816,1,3,2900.00,,2900.00
4743,1816,2,2,2400.00,,2400.00
4744,1817,1,3,2900.00,,2900.00
4745,1817,2,2,2400.00,,2400.00
4746,1818,1,2,2400.00,,2400.00
4747,1818,2,3,2900.00,,2900.00
4748,1819,1,3,2900.00,,2900.00
4749,1819,2,4,3200.00,,3200.00
4750,1820,1,2,2400.00,,2400.00
4751,1820,2,2,2400.00,,2400.00
4752,1820,3,2,2400.00,,2400.00
4753,1821,1,3,2900.00,,2900.00
4754,1821,2,2,2400.00,,2400.00
4755,1822,1,2,2400.00,,2400.00
4756,1822,2,1,1950.00,,1950.00
4757,1822,3,2,2400.00,,2400.00
4758,1823,1,4,3200.00,,3200.00
4759,1823,2,3,2900.00,,2900.00
4760,1824,1,3,2900.00,,2900.00
4761,1824,2,3,2900.00,,2900.00
4762,1825,1,4,3200.00,,3200.00
4763,1825,2,3,2900.00,,2900.00
4764,1826,1,3,2900.00,,2900.00
4765,1826,2,2,2400.00,,2400.00
4766,1826,3,3,2900.00,,2900.00
4767,1827,1,3,2900.00,,2900.00
4768,1827,2,3,2900.00,,2900.00
4769,1828,1,3,2900.00,,2900.00
4770,1828,2,2,2400.00,,2400.00
4771,1829,1,1,1950.00,,1950.00
4772,1829,2,1,1950.00,,1950.00
4773,1829,3,1,1950.00,,1950.00
4774,1830,1,2,2400.00,,2400.00
4775,1830,2,2,2400.00,,2400.00
4776,1831,1,2,2400.00,,2400.00
4777,1831,2,1,1950.00,,1950.00
4778,1832,1,3,2900.00,,2900.00
4779,1832,2,3,2900.00,,2900.00
4780,1832,3,3,2900.00,,2900.00
4781,1833,1,3,2900.00,,2900.00
4782,1833,2,3,2900.00,,2900.00
4783,1834,1,3,2900.00,,2900.00
4784,1834,2,2,2400.00,,2400.00
4785,1835,1,2,2400.00,,2400.00
4786,1835,2,2,2400.00,,2400.00
4787,1835,3,2,2400.00,,2400.00
4788,1836,1,3,2900.00,,2900.00
4789,1836,2,3,2900.00,,2900.00
4790,1837,1,1,1950.00,,1950.00
4791,1837,2,1,1950.00,,1950.00
4792,1837,3,1,1950.00,,1950.00
4793,1838,1,4,3200.00,,3200.00
4794,1838,2,4,3200.00,,3200.00
4795,1839,1,2,2400.00,,2400.00
4796,1839,2,3,2900.00,,2900.00
4797,1840,1,3,2900.00,,2900.00
4798,1840,2,2,2400.00,,2400.00
4799,1841,1,2,2400.00,,2400.00
4800,1841,2,3,2900.00,,2900.00
4801,1842,1,2,2400.00,,2400.00
4802,1842,2,2,2400.00,,2400.00
4803,1843,1,2,2400.00,,2400.00
4804,1843,2,3,2900.00,,2900.00
4805,1844,1,1,1950.00,,1950.00
4806,1844,2,1,1950.00,,1950.00
4807,1845,1,3,2900.00,,2900.00
4808,1845,2,2,2400.00,,2400.00
4809,1846,1,3,2900.00,,2900.00
4810,1846,2,2,2400.00,,2400.00
4811,1847,1,2,2400.00,,2400.00
4812,1847,2,3,2900.00,,2900.00
4813,1847,3,2,2400.00,,2400.00
4814,1848,1,2,2400.00,,2400.00
4815,1848,2,2,2400.00,,2400.00
4816,1849,1,4,3200.00,,3200.00
4817,1849,2,4,3200.00,,3200.00
4818,1850,1,2,2400.00,,2400.00
4819,1850,2,1,1950.00,,1950.00
4820,1851,1,4,3200.00,,3200.00
4821,1851,2,3,2900.00,,2900.00
4822,1852,1,1,1950.00,,1950.00
4823,1852,2,2,2400.00,,2400.00
4824,1852,3,1,1950.00,,1950.00
4825,1853,1,2,2400.00,,2400.00
4826,1853,2,2,2400.00,,2400.00
4827,1854,1,2,2400.00,,2400.00
4828,1854,2,2,2400.00,,2400.00
4829,1855,1,3,2900.00,,2900.00
4830,1855,2,2,2400.00,,2400.00
4831,1855,3,2,2400.00,,2400.00
4832,1856,1,2,2400.00,,2400.00
4833,1856,2,2,2400.00,,2400.00
4834,1856,3,2,2400.00,,2400.00
4835,1857,1,2,2400.00,,2400.00
4836,1857,2,2,2400.00,,2400.00
4837,1858,1,2,2400.00,,2400.00
4838,1858,2,2,2400.00,,2400.00
4839,1859,1,4,3200.00,,3200.00
4840,1859,2,3,2900.00,,2900.00
4841,1860,1,3,2900.00,,2900.00
4842,1860,2,3,2900.00,,2900.00
4843,1861,1,1,1950.00,,1950.00
4844,1861,2,2,2400.00,,2400.00
4845,1862,1,2,2400.00,,2400.00
4846,1862,2,2,2400.00,,2400.00
4847,1863,1,3,2900.00,,2900.00
4848,1863,2,2,2400.00,,2400.00
4849,1864,1,4,3200.00,,3200.00
4850,1864,2,4,3200.00,,3200.00
4851,1865,1,3,2900.00,,2900.00
4852,1865,2,3,2900.00,,2900.00
4853,1866,1,1,1950.00,,1950.00
4854,1866,2,1,1950.00,,1950.00
4855,1867,1,2,2400.00,,2400.00
4856,1867,2,3,2900.00,,2900.00
4857,1868,1,2,2400.00,,2400.00
4858,1868,2,2,2400.00,,2400.00
4859,1869,1,1,1950.00,,1950.00
4860,1869,2,1,1950.00,,1950.00
4861,1870,1,4,3200.00,,3200.00
4862,1870,2,4,3200.00,,3200.00
4863,1871,1,2,2400.00,,2400.00
4864,1871,2,2,2400.00,,2400.00
4865,1872,1,3,2900.00,,2900.00
4866,1872,2,3,2900.00,,2900.00
4867,1873,1,2,2400.00,,2400.00
4868,1873,2,3,2900.00,,2900.00
4869,1874,1,5,3500.00,,3500.00
4870,1874,2,5,3500.00,,3500.00
4871,1875,1,1,1950.00,,1950.00
4872,1875,2,1,1950.00,,1950.00
4873,1876,1,0,1700.00,,1700.00
4874,1876,2,0,1700.00,,1700.00
4875,1877,1,1,1950.00,,1950.00
4876,1877,2,1,1950.00,,1950.00
4877,1878,1,3,2900.00,,2900.00
4878,1878,2,3,2900.00,,2900.00
4879,1879,1,1,1950.00,,1950.00
4880,1879,2,1,1950.00,,1950.00
4881,1880,1,1,1950.00,,1950.00
4882,1880,2,1,1950.00,,1950.00
4883,1881,1,1,1950.00,,1950.00
4884,1881,2,1,1950.00,,1950.00
4885,1882,1,2,2400.00,,2400.00
4886,1882,2,2,2400.00,,2400.00
4887,1883,1,1,1950.00,,1950.00
4888,1883,2,1,1950.00,,1950.00
4889,1884,1,3,2900.00,,2900.00
4890,1884,2,2,2400.00,,2400.00
4891,1885,1,2,2400.00,,2400.00
4892,1885,2,1,1950.00,,1950.00
4893,1886,1,2,2400.00,,2400.00
4894,1886,2,2,2400.00,,2400.00
4895,1887,1,1,1950.00,,1950.00
4896,1887,2,1,1950.00,,1950.00
4897,1888,1,1,1950.00,,1950.00
4898,1888,2,2,2400.00,,2400.00
4899,1889,1,0,1700.00,,1700.00
4900,1889,2,1,1950.00,,1950.00
4901,1890,1,2,2400.00,,2400.00
4902,1890,2,2,2400.00,,2400.00
4903,1891,1,1,1950.00,,1950.00
4904,1891,2,1,1950.00,,1950.00
4905,1892,1,2,2400.00,,2400.00
4906,1892,2,3,2900.00,,2900.00
4907,1893,1,2,2400.00,,2400.00
4908,1893,2,2,2400.00,,2400.00
4909,1894,1,3,2900.00,,2900.00
4910,1894,2,3,2900.00,,2900.00
4911,1894,3,3,2900.00,,2900.00
4912,1895,1,1,1950.00,,1950.00
4913,1895,2,2,2400.00,,2400.00
4914,1895,3,2,2400.00,,2400.00
4915,1895,4,1,1950.00,,1950.00
4916,1896,1,2,2400.00,,2400.00
4917,1896,2,3,2900.00,,2900.00
4918,1896,3,2,2400.00,,2400.00
4919,1897,1,2,2400.00,,2400.00
4920,1897,2,2,2400.00,,2400.00
4921,1897,3,2,2400.00,,2400.00
4922,1897,4,3,2900.00,,2900.00
4923,1898,1,1,1950.00,,1950.00
4924,1898,2,1,1950.00,,1950.00
4925,1898,3,1,1950.00,,1950.00
4926,1898,4,1,1950.00,,1950.00
4927,1898,5,1,1950.00,,1950.00
4928,1899,1,3,2900.00,,2900.00
4929,1899,2,3,2900.00,,2900.00
4930,1900,1,3,2900.00,,2900.00
4931,1900,2,3,2900.00,,2900.00
4932,1901,1,2,2400.00,,2400.00
4933,1901,2,2,2400.00,,2400.00
4934,1901,3,3,2900.00,,2900.00
4935,1902,1,3,2900.00,,2900.00
4936,1902,2,2,2400.00,,2400.00
4937,1902,3,2,2400.00,,2400.00
4938,1903,1,2,2400.00,,2400.00
4939,1903,2,3,2900.00,,2900.00
4940,1903,3,3,2900.00,,2900.00
4941,1904,1,2,2400.00,,2400.00
4942,1904,2,2,2400.00,,2400.00
4943,1904,3,3,2900.00,,2900.00
4944,1905,1,2,2400.00,,2400.00
4945,1905,2,1,1950.00,,1950.00
4946,1906,1,2,2400.00,,2400.00
4947,1906,2,2,2400.00,,2400.00
4948,1906,3,2,2400.00,,2400.00
4949,1907,1,4,3200.00,,3200.00
4950,1907,2,4,3200.00,,3200.00
4951,1907,3,4,3200.00,,3200.00
4952,1907,4,3,2900.00,,2900.00
4953,1908,1,2,2400.00,,2400.00
4954,1908,2,2,2400.00,,2400.00
4955,1909,1,3,2900.00,,2900.00
4956,1909,2,2,2400.00,,2400.00
4957,1909,3,3,2900.00,,2900.00
4958,1910,1,2,2400.00,,2400.00
4959,1910,2,2,2400.00,,2400.00
4960,1910,3,1,1950.00,,1950.00
4961,1911,1,2,2400.00,,2400.00
4962,1911,2,2,2400.00,,2400.00
4963,1912,1,3,2900.00,,2900.00
4964,1912,2,3,2900.00,,2900.00
4965,1912,3,3,2900.00,,2900.00
4966,1913,1,1,1950.00,,1950.00
4967,1913,2,1,1950.00,,1950.00
4968,1913,3,1,1950.00,,1950.00
4969,1913,4,1,1950.00,,1950.00
4970,1914,1,2,2400.00,,2400.00
4971,1914,2,2,2400.00,,2400.00
4972,1914,3,2,2400.00,,2400.00
4973,1915,1,0,1700.00,,1700.00
4974,1915,2,0,1700.00,,1700.00
4975,1915,3,1,1950.00,,1950.00
4976,1915,4,1,1950.00,,1950.00
4977,1915,5,1,1950.00,,1950.00
4978,1915,6,1,1950.00,,1950.00
4979,1915,7,1,1950.00,,1950.00
4980,1915,8,1,1950.00,,1950.00
4981,1916,1,2,2400.00,,2400.00
4982,1916,2,2,2400.00,,2400.00
4983,1917,1,4,3200.00,,3200.00
4984,1917,2,4,3200.00,,3200.00
4985,1917,3,4,3200.00,,3200.00
4986,1918,1,3,2900.00,,2900.00
4987,1918,2,3,2900.00,,2900.00
4988,1919,1,4,3200.00,,3200.00
4989,1919,2,3,2900.00,,2900.00
4990,1920,1,2,2400.00,,2400.00
4991,1920,2,2,2400.00,,2400.00
4992,1920,3,2,2400.00,,2400.00
4993,1921,1,4,3200.00,,3200.00
4994,1921,2,4,3200.00,,3200.00
4995,1922,1,2,2400.00,,2400.00
4996,1922,2,2,2400.00,,2400.00
4997,1922,3,1,1950.00,,1950.00
4998,1923,1,2,2400.00,,2400.00
4999,1923,2,1,1950.00,,1950.00
5000,1924,1,3,2900.00,,2900.00
5001,1924,2,3,2900.00,,2900.00
5002,1924,3,3,2900.00,,2900.00
5003,1925,1,3,2900.00,,2900.00
5004,1925,2,2,2400.00,,2400.00
5005,1926,1,1,1950.00,,1950.00
5006,1926,2,2,2400.00,,2400.00
5007,1927,1,1,1950.00,,1950.00
5008,1927,2,1,1950.00,,1950.00
5009,1928,1,1,1950.00,,1950.00
5010,1928,2,1,1950.00,,1950.00
5011,1929,1,2,2400.00,,2400.00
5012,1929,2,2,2400.00,,2400.00
5013,1930,1,2,2400.00,,2400.00
5014,1930,2,2,2400.00,,2400.00
5015,1930,3,2,2400.00,,2400.00
5016,1931,1,1,1950.00,,1950.00
5017,1931,2,1,1950.00,,1950.00
5018,1931,3,1,1950.00,,1950.00
5019,1931,4,1,1950.00,,1950.00
5020,1931,5,1,1950.00,,1950.00
5021,1932,1,2,2400.00,,2400.00
5022,1932,2,3,2900.00,,2900.00
5023,1933,1,3,2900.00,,2900.00
5024,1933,2,3,2900.00,,2900.00
5025,1933,3,3,2900.00,,2900.00
5026,1934,1,3,2900.00,,2900.00
5027,1934,2,3,2900.00,,2900.00
5028,1935,1,4,3200.00,,3200.00
5029,1935,2,5,3500.00,,3500.00
5030,1936,1,3,2900.00,,2900.00
5031,1936,2,4,3200.00,,3200.00
5032,1937,1,2,2400.00,,2400.00
5033,1937,2,2,2400.00,,2400.00
5034,1937,3,1,1950.00,,1950.00
5035,1938,1,1,1950.00,,1950.00
5036,1938,2,1,1950.00,,1950.00
5037,1938,3,2,2400.00,,2400.00
5038,1938,4,1,1950.00,,1950.00
5039,1939,1,3,2900.00,,2900.00
5040,1939,2,3,2900.00,,2900.00
5041,1939,3,3,2900.00,,2900.00
5042,1940,1,1,1950.00,,1950.00
5043,1940,2,1,1950.00,,1950.00
5044,1940,3,2,2400.00,,2400.00
5045,1940,4,1,1950.00,,1950.00
5046,1941,1,0,1700.00,,1700.00
5047,1941,2,1,1950.00,,1950.00
5048,1941,3,0,1700.00,,1700.00
5049,1941,4,1,1950.00,,1950.00
5050,1941,5,1,1950.00,,1950.00
5051,1941,6,0,1700.00,,1700.00
5052,1942,1,2,2400.00,,2400.00
5053,1942,2,3,2900.00,,2900.00
5054,1943,1,3,2900.00,,2900.00
5055,1943,2,3,2900.00,,2900.00
5056,1944,1,2,2400.00,,2400.00
5057,1944,2,2,2400.00,,2400.00
5058,1945,1,3,2900.00,,2900.00
5059,1945,2,3,2900.00,,2900.00
5060,1946,1,3,2900.00,,2900.00
5061,1946,2,3,2900.00,,2900.00
5062,1947,1,1,1950.00,,1950.00
5063,1947,2,1,1950.00,,1950.00
5064,1947,3,1,1950.00,,1950.00
5065,1948,1,3,2900.00,,2900.00
5066,1948,2,3,2900.00,,2900.00
5067,1948,3,2,2400.00,,2400.00
5068,1949,1,1,1950.00,,1950.00
5069,1949,2,1,1950.00,,1950.00
5070,1950,1,2,2400.00,,2400.00
5071,1950,2,2,2400.00,,2400.00
5072,1950,3,2,2400.00,,2400.00
5073,1951,1,2,2400.00,,2400.00
5074,1951,2,2,2400.00,,2400.00
5075,1951,3,2,2400.00,,2400.00
5076,1952,1,2,2400.00,,2400.00
5077,1952,2,2,2400.00,,2400.00
5078,1952,3,3,2900.00,,2900.00
5079,1953,1,3,2900.00,,2900.00
5080,1953,2,2,2400.00,,2400.00
5081,1954,1,1,1950.00,,1950.00
5082,1954,2,1,1950.00,,1950.00
5083,1954,3,1,1950.00,,1950.00
5084,1954,4,1,1950.00,,1950.00
5085,1954,5,1,1950.00,,1950.00
5086,1954,6,1,1950.00,,1950.00
5087,1955,1,1,1950.00,,1950.00
5088,1955,2,1,1950.00,,1950.00
5089,1955,3,0,1700.00,,1700.00
5090,1955,4,1,1950.00,,1950.00
5091,1956,1,2,2400.00,,2400.00
5092,1956,2,3,2900.00,,2900.00
5093,1957,1,3,2900.00,,2900.00
5094,1957,2,2,2400.00,,2400.00
5095,1957,3,3,2900.00,,2900.00
5096,1958,1,2,2400.00,,2400.00
5097,1958,2,1,1950.00,,1950.00
5098,1958,3,2,2400.00,,2400.00
5099,1959,1,3,2900.00,,2900.00
5100,1959,2,3,2900.00,,2900.00
5101,1960,1,2,2400.00,,2400.00
5102,1960,2,2,2400.00,,2400.00
5103,1960,3,2,2400.00,,2400.00
5104,1961,1,3,2900.00,,2900.00
5105,1961,2,2,2400.00,,2400.00
5106,1961,3,2,2400.00,,2400.00
5107,1962,1,3,2900.00,,2900.00
5108,1962,2,2,2400.00,,2400.00
5109,1962,3,3,2900.00,,2900.00
5110,1963,1,0,1700.00,,1700.00
5111,1963,2,0,1700.00,,1700.00
5112,1964,1,1,1950.00,,1950.00
5113,1964,2,1,1950.00,,1950.00
5114,1964,3,1,1950.00,,1950.00
5115,1965,1,2,2400.00,,2400.00
5116,1965,2,2,2400.00,,2400.00
5117,1965,3,2,2400.00,,2400.00
5118,1966,1,1,1950.00,,1950.00
5119,1966,2,2,2400.00,,2400.00
5120,1966,3,1,1950.00,,1950.00
5121,1967,1,2,2400.00,,2400.00
5122,1967,2,1,1950.00,,1950.00
5123,1967,3,1,1950.00,,1950.00
5124,1968,1,2,2400.00,,2400.00
5125,1968,2,3,2900.00,,2900.00
5126,1969,1,1,1950.00,,1950.00
5127,1969,2,1,1950.00,,1950.00
5128,1969,3,1,1950.00,,1950.00
5129,1969,4,1,1950.00,,1950.00
5130,1969,5,1,1950.00,,1950.00
5131,1969,6,1,1950.00,,1950.00
5132,1970,1,0,1700.00,,1700.00
5133,1970,2,0,1700.00,,1700.00
5134,1971,1,2,2400.00,,2400.00
5135,1971,2,3,2900.00,,2900.00
5136,1971,3,3,2900.00,,2900.00
5137,1972,1,4,3200.00,,3200.00
5138,1972,2,4,3200.00,,3200.00
5139,1972,3,4,3200.00,,3200.00
5140,1973,1,4,3200.00,,3200.00
5141,1973,2,4,3200.00,,3200.00
5142,1974,1,2,2400.00,,2400.00
5143,1974,2,3,2900.00,,2900.00
5144,1975,1,3,2900.00,,2900.00
5145,1975,2,3,2900.00,,2900.00
5146,1976,1,3,2900.00,,2900.00
5147,1976,2,3,2900.00,,2900.00
5148,1976,3,3,2900.00,,2900.00
5149,1977,1,3,2900.00,,2900.00
5150,1977,2,2,2400.00,,2400.00
5151,1978,1,2,2400.00,,2400.00
5152,1978,2,1,1950.00,,1950.00
5153,1978,3,2,2400.00,,2400.00
5154,1978,4,1,1950.00,,1950.00
5155,1979,1,1,1950.00,,1950.00
5156,1979,2,1,1950.00,,1950.00
5157,1979,3,1,1950.00,,1950.00
5158,1979,4,1,1950.00,,1950.00
5159,1979,5,1,1950.00,,1950.00
5160,1979,6,1,1950.00,,1950.00
5161,1980,1,3,2900.00,,2900.00
5162,1980,2,2,2400.00,,2400.00
5163,1980,3,3,2900.00,,2900.00
5164,1981,1,4,3200.00,,3200.00
5165,1981,2,4,3200.00,,3200.00
5166,1982,1,1,1950.00,,1950.00
5167,1982,2,1,1950.00,,1950.00
5168,1982,3,2,2400.00,,2400.00
5169,1982,4,2,2400.00,,2400.00
5170,1982,5,2,2400.00,,2400.00
5171,1983,1,2,2400.00,,2400.00
5172,1983,2,3,2900.00,,2900.00
5173,1984,1,5,3500.00,,3500.00
5174,1984,2,5,3500.00,,3500.00
5175,1984,3,5,3500.00,,3500.00
5176,1985,1,2,2400.00,,2400.00
5177,1985,2,3,2900.00,,2900.00
5178,1985,3,2,2400.00,,2400.00
5179,1986,1,3,2900.00,,2900.00
5180,1986,2,2,2400.00,,2400.00
5181,1986,3,3,2900.00,,2900.00
5182,1987,1,2,2400.00,,2400.00
5183,1987,2,2,2400.00,,2400.00
5184,1987,3,2,2400.00,,2400.00
5185,1988,1,2,2400.00,,2400.00
5186,1988,2,2,2400.00,,2400.00
5187,1988,3,3,2900.00,,2900.00
5188,1989,1,3,2900.00,,2900.00
5189,1989,2,3,2900.00,,2900.00
5190,1989,3,2,2400.00,,2400.00
5191,1990,1,1,1950.00,,1950.00
5192,1990,2,1,1950.00,,1950.00
5193,1990,3,1,1950.00,,1950.00
5194,1990,4,1,1950.00,,1950.00
5195,1990,5,1,1950.00,,1950.00
5196,1990,6,1,1950.00,,1950.00
5197,1991,1,2,2400.00,,2400.00
5198,1991,2,2,2400.00,,2400.00
5199,1991,3,2,2400.00,,2400.00
5200,1992,1,3,2900.00,,2900.00
5201,1992,2,3,2900.00,,2900.00
5202,1992,3,3,2900.00,,2900.00
5203,1993,1,3,2900.00,,2900.00
5204,1993,2,3,2900.00,,2900.00
5205,1993,3,3,2900.00,,2900.00
5206,1994,1,2,2400.00,,2400.00
5207,1994,2,2,2400.00,,2400.00
5208,1994,3,2,2400.00,,2400.00
5209,1995,1,3,2900.00,,2900.00
5210,1995,2,2,2400.00,,2400.00
5211,1995,3,2,2400.00,,2400.00
5212,1996,1,3,2900.00,,2900.00
5213,1996,2,2,2400.00,,2400.00
5214,1996,3,2,2400.00,,2400.00
5215,1997,1,3,2900.00,,2900.00
5216,1997,2,3,2900.00,,2900.00
5217,1998,1,2,2400.00,,2400.00
5218,1998,2,3,2900.00,,2900.00
5219,1998,3,2,2400.00,,2400.00
5220,1999,1,2,2400.00,,2400.00
5221,1999,2,2,2400.00,,2400.00
5222,1999,3,2,2400.00,,2400.00
5223,2000,1,2,2400.00,,2400.00
5224,2000,2,3,2900.00,,2900.00
5225,2000,3,2,2400.00,,2400.00
5226,2001,1,1,1950.00,,1950.00
5227,2001,2,1,1950.00,,1950.00
5228,2001,3,2,2400.00,,2400.00
5229,2002,1,2,2400.00,,2400.00
5230,2002,2,2,2400.00,,2400.00
5231,2002,3,2,2400.00,,2400.00
5232,2003,1,2,2400.00,,2400.00
5233,2003,2,2,2400.00,,2400.00
5234,2003,3,3,2900.00,,2900.00
5235,2004,1,2,2400.00,,2400.00
5236,2004,2,3,2900.00,,2900.00
5237,2004,3,2,2400.00,,2400.00
5238,2005,1,2,2400.00,,2400.00
5239,2005,2,3,2900.00,,2900.00
5240,2005,3,3,2900.00,,2900.00
5241,2006,1,2,2400.00,,2400.00
5242,2006,2,3,2900.00,,2900.00
5243,2006,3,3,2900.00,,2900.00
5244,2007,1,3,2900.00,,2900.00
5245,2007,2,4,3200.00,,3200.00
5246,2008,1,2,2400.00,,2400.00
5247,2008,2,3,2900.00,,2900.00
5248,2008,3,3,2900.00,,2900.00
5249,2009,1,4,3200.00,,3200.00
5250,2009,2,4,3200.00,,3200.00
5251,2010,1,2,2400.00,,2400.00
5252,2010,2,2,2400.00,,2400.00
5253,2010,3,2,2400.00,,2400.00
5254,2011,1,2,2400.00,,2400.00
5255,2011,2,2,2400.00,,2400.00
5256,2011,3,2,2400.00,,2400.00
5257,2012,1,3,2900.00,,2900.00
5258,2012,2,4,3200.00,,3200.00
5259,2013,1,3,2900.00,,2900.00
5260,2013,2,3,2900.00,,2900.00
5261,2014,1,4,3200.00,,3200.00
5262,2014,2,4,3200.00,,3200.00
5263,2015,1,4,3200.00,,3200.00
5264,2015,2,3,2900.00,,2900.00
5265,2016,1,3,2900.00,,2900.00
5266,2016,2,2,2400.00,,2400.00
5267,2017,1,3,2900.00,,2900.00
5268,2017,2,3,2900.00,,2900.00
5269,2017,3,3,2900.00,,2900.00
5270,2018,1,2,2400.00,,2400.00
5271,2018,2,2,2400.00,,2400.00
5272,2018,3,2,2400.00,,2400.00
5273,2019,1,2,2400.00,,2400.00
5274,2019,2,2,2400.00,,2400.00
5275,2019,3,2,2400.00,,2400.00
5276,2019,4,2,2400.00,,2400.00
5277,2019,5,2,2400.00,,2400.00
5278,2019,6,2,2400.00,,2400.00
5279,2020,1,1,1950.00,,1950.00
5280,2020,2,1,1950.00,,1950.00
5281,2020,3,1,1950.00,,1950.00
5282,2021,1,3,2900.00,,2900.00
5283,2021,2,3,2900.00,,2900.00
5284,2021,3,4,3200.00,,3200.00
5285,2022,1,2,2400.00,,2400.00
5286,2022,2,1,1950.00,,1950.00
5287,2023,1,3,2900.00,,2900.00
5288,2023,2,3,2900.00,,2900.00
5289,2024,1,1,1950.00,,1950.00
5290,2024,2,2,2400.00,,2400.00
5291,2024,3,2,2400.00,,2400.00
5292,2024,4,2,2400.00,,2400.00
5293,2025,1,2,2400.00,,2400.00
5294,2025,2,2,2400.00,,2400.00
5295,2026,1,2,2400.00,,2400.00
5296,2026,2,2,2400.00,,2400.00
5297,2026,3,2,2400.00,,2400.00
5298,2027,1,2,2400.00,,2400.00
5299,2027,2,3,2900.00,,2900.00
5300,2027,3,3,2900.00,,2900.00
5301,2028,1,3,2900.00,,2900.00
5302,2028,2,2,2400.00,,2400.00
5303,2028,3,2,2400.00,,2400.00
5304,2029,1,1,1950.00,,1950.00
5305,2029,2,1,1950.00,,1950.00
5306,2030,1,3,2900.00,,2900.00
5307,2030,2,3,2900.00,,2900.00
5308,2030,3,3,2900.00,,2900.00
5309,2031,1,0,1700.00,,1700.00
5310,2031,2,0,1700.00,,1700.00
5311,2031,3,1,1950.00,,1950.00
5312,2031,4,1,1950.00,,1950.00
5313,2031,5,1,1950.00,,1950.00
5314,2031,6,0,1700.00,,1700.00
5315,2031,7,0,1700.00,,1700.00
5316,2032,1,1,1950.00,,1950.00
5317,2032,2,1,1950.00,,1950.00
5318,2032,3,1,1950.00,,1950.00
5319,2032,4,1,1950.00,,1950.00
5320,2032,5,1,1950.00,,1950.00
5321,2032,6,1,1950.00,,1950.00
5322,2033,1,3,2900.00,,2900.00
5323,2033,2,4,3200.00,,3200.00
5324,2033,3,3,2900.00,,2900.00
5325,2034,1,3,2900.00,,2900.00
5326,2034,2,3,2900.00,,2900.00
5327,2034,3,2,2400.00,,2400.00
5328,2035,1,1,1950.00,,1950.00
5329,2035,2,1,1950.00,,1950.00
5330,2035,3,1,1950.00,,1950.00
5331,2035,4,1,1950.00,,1950.00
5332,2035,5,1,1950.00,,1950.00
5333,2035,6,1,1950.00,,1950.00
5334,2036,1,1,1950.00,,1950.00
5335,2036,2,1,1950.00,,1950.00
5336,2036,3,1,1950.00,,1950.00
5337,2036,4,1,1950.00,,1950.00
5338,2036,5,0,1700.00,,1700.00
5339,2036,6,0,1700.00,,1700.00
5340,2037,1,3,2900.00,,2900.00
5341,2037,2,3,2900.00,,2900.00
5342,2038,1,4,3200.00,,3200.00
5343,2038,2,4,3200.00,,3200.00
5344,2039,1,4,3200.00,,3200.00
5345,2039,2,4,3200.00,,3200.00
5346,2040,1,2,2400.00,,2400.00
5347,2040,2,3,2900.00,,2900.00
5348,2041,1,2,2400.00,,2400.00
5349,2041,2,2,2400.00,,2400.00
5350,2041,3,2,2400.00,,2400.00
5351,2042,1,2,2400.00,,2400.00
5352,2042,2,2,2400.00,,2400.00
5353,2043,1,2,2400.00,,2400.00
5354,2043,2,3,2900.00,,2900.00
5355,2044,1,1,1950.00,,1950.00
5356,2044,2,2,2400.00,,2400.00
5357,2044,3,1,1950.00,,1950.00
5358,2045,1,4,3200.00,,3200.00
5359,2045,2,4,3200.00,,3200.00
5360,2046,1,3,2900.00,,2900.00
5361,2046,2,3,2900.00,,2900.00
5362,2047,1,3,2900.00,,2900.00
5363,2047,2,3,2900.00,,2900.00
5364,2047,3,3,2900.00,,2900.00
5365,2047,4,3,2900.00,,2900.00
5366,2048,1,2,2400.00,,2400.00
5367,2048,2,3,2900.00,,2900.00
5368,2049,1,4,3200.00,,3200.00
5369,2049,2,5,3500.00,,3500.00
5370,2050,1,2,2400.00,,2400.00
5371,2050,2,2,2400.00,,2400.00
5372,2050,3,2,2400.00,,2400.00
5373,2051,1,1,1950.00,,1950.00
5374,2051,2,1,1950.00,,1950.00
5375,2052,1,1,1950.00,,1950.00
5376,2052,2,1,1950.00,,1950.00
5377,2052,3,2,2400.00,,2400.00
5378,2053,1,4,3200.00,,3200.00
5379,2053,2,4,3200.00,,3200.00
5380,2053,3,3,2900.00,,2900.00
5381,2054,1,2,2400.00,,2400.00
5382,2054,2,1,1950.00,,1950.00
5383,2054,3,1,1950.00,,1950.00
5384,2055,1,4,3200.00,,3200.00
5385,2055,2,4,3200.00,,3200.00
5386,2056,1,3,2900.00,,2900.00
5387,2056,2,3,2900.00,,2900.00
5388,2057,1,2,2400.00,,2400.00
5389,2057,2,3,2900.00,,2900.00
5390,2058,1,1,1950.00,,1950.00
5391,2058,2,1,1950.00,,1950.00
5392,2058,3,1,1950.00,,1950.00
5393,2059,1,3,2900.00,,2900.00
5394,2059,2,3,2900.00,,2900.00
5395,2060,1,3,2900.00,,2900.00
5396,2060,2,3,2900.00,,2900.00
5397,2061,1,2,2400.00,,2400.00
5398,2061,2,2,2400.00,,2400.00
5399,2061,3,2,2400.00,,2400.00
5400,2061,4,2,2400.00,,2400.00
5401,2061,5,2,2400.00,,2400.00
5402,2061,6,2,2400.00,,2400.00
5403,2062,1,3,2900.00,,2900.00
5404,2062,2,3,2900.00,,2900.00
5405,2063,1,3,2900.00,,2900.00
5406,2063,2,2,2400.00,,2400.00
5407,2063,3,2,2400.00,,2400.00
5408,2064,1,2,2400.00,,2400.00
5409,2064,2,3,2900.00,,2900.00
5410,2065,1,3,2900.00,,2900.00
5411,2065,2,3,2900.00,,2900.00
5412,2066,1,2,2400.00,,2400.00
5413,2066,2,2,2400.00,,2400.00
5414,2066,3,3,2900.00,,2900.00
5415,2067,1,1,1950.00,,1950.00
5416,2067,2,1,1950.00,,1950.00
5417,2067,3,1,1950.00,,1950.00
5418,2067,4,0,1700.00,,1700.00
5419,2067,5,1,1950.00,,1950.00
5420,2067,6,1,1950.00,,1950.00
5421,2068,1,2,2400.00,,2400.00
5422,2068,2,2,2400.00,,2400.00
5423,2069,1,3,2900.00,,2900.00
5424,2069,2,2,2400.00,,2400.00
5425,2070,1,1,1950.00,,1950.00
5426,2070,2,1,1950.00,,1950.00
5427,2070,3,1,1950.00,,1950.00
5428,2070,4,1,1950.00,,1950.00
5429,2071,1,1,1950.00,,1950.00
5430,2071,2,1,1950.00,,1950.00
5431,2071,3,1,1950.00,,1950.00
5432,2071,4,1,1950.00,,1950.00
5433,2072,1,2,2400.00,,2400.00
5434,2072,2,2,2400.00,,2400.00
5435,2072,3,2,2400.00,,2400.00
5436,2072,4,2,2400.00,,2400.00
5437,2072,5,2,2400.00,,2400.00
5438,2072,6,2,2400.00,,2400.00
5439,2072,7,2,2400.00,,2400.00
5440,2072,8,2,2400.00,,2400.00
5441,2073,1,3,2900.00,,2900.00
5442,2073,2,2,2400.00,,2400.00
5443,2073,3,2,2400.00,,2400.00
5444,2074,1,3,2900.00,,2900.00
5445,2074,2,3,2900.00,,2900.00
5446,2074,3,2,2400.00,,2400.00
5447,2075,1,4,3200.00,,3200.00
5448,2075,2,4,3200.00,,3200.00
5449,2076,1,2,2400.00,,2400.00
5450,2076,2,3,2900.00,,2900.00
5451,2076,3,3,2900.00,,2900.00
5452,2077,1,3,2900.00,,2900.00
5453,2077,2,3,2900.00,,2900.00
5454,2078,1,3,2900.00,,2900.00
5455,2078,2,3,2900.00,,2900.00
5456,2078,3,3,2900.00,,2900.00
5457,2079,1,2,2400.00,,2400.00
5458,2079,2,3,2900.00,,2900.00
5459,2080,1,3,2900.00,,2900.00
5460,2080,2,3,2900.00,,2900.00
5461,2081,1,3,2900.00,,2900.00
5462,2081,2,3,2900.00,,2900.00
5463,2082,1,2,2400.00,,2400.00
5464,2082,2,2,2400.00,,2400.00
5465,2082,3,2,2400.00,,2400.00
5466,2082,4,2,2400.00,,2400.00
5467,2083,1,3,2900.00,,2900.00
5468,2083,2,3,2900.00,,2900.00
5469,2084,1,3,2900.00,,2900.00
5470,2084,2,4,3200.00,,3200.00
5471,2085,1,3,2900.00,,2900.00
5472,2085,2,3,2900.00,,2900.00
5473,2086,1,3,2900.00,,2900.00
5474,2086,2,3,2900.00,,2900.00
5475,2087,1,1,1950.00,,1950.00
5476,2087,2,1,1950.00,,1950.00
5477,2088,1,3,2900.00,,2900.00
5478,2088,2,3,2900.00,,2900.00
5479,2088,3,3,2900.00,,2900.00
5480,2089,1,3,2900.00,,2900.00
5481,2089,2,3,2900.00,,2900.00
5482,2089,3,3,2900.00,,2900.00
5483,2090,1,2,2400.00,,2400.00
5484,2090,2,3,2900.00,,2900.00
5485,2091,1,2,2400.00,,2400.00
5486,2091,2,3,2900.00,,2900.00
5487,2091,3,2,2400.00,,2400.00
5488,2091,4,3,2900.00,,2900.00
5489,2092,1,2,2400.00,,2400.00
5490,2092,2,1,1950.00,,1950.00
5491,2092,3,1,1950.00,,1950.00
5492,2092,4,1,1950.00,,1950.00
5493,2092,5,2,2400.00,,2400.00
5494,2092,6,2,2400.00,,2400.00
5495,2093,1,0,1700.00,,1700.00
5496,2093,2,1,1950.00,,1950.00
5497,2093,3,1,1950.00,,1950.00
5498,2093,4,0,1700.00,,1700.00
5499,2093,5,1,1950.00,,1950.00
5500,2093,6,1,1950.00,,1950.00
5501,2094,1,1,1950.00,,1950.00
5502,2094,2,0,1700.00,,1700.00
5503,2094,3,0,1700.00,,1700.00
5504,2094,4,1,1950.00,,1950.00
5505,2094,5,1,1950.00,,1950.00
5506,2094,6,1,1950.00,,1950.00
5507,2094,7,1,1950.00,,1950.00
5508,2095,1,3,2900.00,,2900.00
5509,2095,2,3,2900.00,,2900.00
5510,2095,3,3,2900.00,,2900.00
5511,2096,1,2,2400.00,,2400.00
5512,2096,2,2,2400.00,,2400.00
5513,2096,3,2,2400.00,,2400.00
5514,2097,1,2,2400.00,,2400.00
5515,2097,2,2,2400.00,,2400.00
5516,2097,3,2,2400.00,,2400.00
5517,2098,1,3,2900.00,,2900.00
5518,2098,2,3,2900.00,,2900.00
5519,2099,1,3,2900.00,,2900.00
5520,2099,2,3,2900.00,,2900.00
5521,2099,3,2,2400.00,,2400.00
5522,2099,4,2,2400.00,,2400.00
5523,2100,1,3,2900.00,,2900.00
5524,2100,2,4,3200.00,,3200.00
5525,2101,1,1,1950.00,,1950.00
5526,2101,2,1,1950.00,,1950.00
5527,2101,3,1,1950.00,,1950.00
5528,2101,4,1,1950.00,,1950.00
5529,2101,5,1,1950.00,,1950.00
5530,2102,1,3,2900.00,,2900.00
5531,2102,2,3,2900.00,,2900.00
5532,2103,1,3,2900.00,,2900.00
5533,2103,2,3,2900.00,,2900.00
5534,2103,3,3,2900.00,,2900.00
5535,2104,1,2,2400.00,,2400.00
5536,2104,2,3,2900.00,,2900.00
5537,2104,3,2,2400.00,,2400.00
5538,2105,1,3,2900.00,,2900.00
5539,2105,2,2,2400.00,,2400.00
5540,2106,1,3,2900.00,,2900.00
5541,2106,2,3,2900.00,,2900.00
5542,2107,1,2,2400.00,,2400.00
5543,2107,2,2,2400.00,,2400.00
5544,2108,1,2,2400.00,,2400.00
5545,2108,2,2,2400.00,,2400.00
5546,2108,3,2,2400.00,,2400.00
5547,2109,1,2,2400.00,,2400.00
5548,2109,2,2,2400.00,,2400.00
5549,2110,1,2,2400.00,,2400.00
5550,2110,2,2,2400.00,,2400.00
5551,2110,3,2,2400.00,,2400.00
5552,2111,1,3,2900.00,,2900.00
5553,2111,2,4,3200.00,,3200.00
5554,2112,1,4,3200.00,,3200.00
5555,2112,2,4,3200.00,,3200.00
5556,2113,1,3,2900.00,,2900.00
5557,2113,2,3,2900.00,,2900.00
5558,2113,3,3,2900.00,,2900.00
5559,2114,1,2,2400.00,,2400.00
5560,2114,2,3,2900.00,,2900.00
5561,2114,3,2,2400.00,,2400.00
5562,2115,1,4,3200.00,,3200.00
5563,2115,2,4,3200.00,,3200.00
5564,2115,3,3,2900.00,,2900.00
5565,2116,1,2,2400.00,,2400.00
5566,2116,2,3,2900.00,,2900.00
5567,2117,1,3,2900.00,,2900.00
5568,2117,2,2,2400.00,,2400.00
5569,2118,1,2,2400.00,,2400.00
5570,2118,2,1,1950.00,,1950.00
5571,2119,1,2,2400.00,,2400.00
5572,2119,2,2,2400.00,,2400.00
5573,2120,1,2,2400.00,,2400.00
5574,2120,2,3,2900.00,,2900.00
5575,2121,1,3,2900.00,,2900.00
5576,2121,2,2,2400.00,,2400.00
5577,2122,1,2,2400.00,,2400.00
5578,2122,2,3,2900.00,,2900.00
5579,2122,3,2,2400.00,,2400.00
5580,2123,1,3,2900.00,,2900.00
5581,2123,2,2,2400.00,,2400.00
5582,2123,3,3,2900.00,,2900.00
5583,2124,1,2,2400.00,,2400.00
5584,2124,2,2,2400.00,,2400.00
5585,2124,3,3,2900.00,,2900.00
5586,2125,1,2,2400.00,,2400.00
5587,2125,2,2,2400.00,,2400.00
5588,2125,3,2,2400.00,,2400.00
5589,2126,1,1,1950.00,,1950.00
5590,2126,2,1,1950.00,,1950.00
5591,2127,1,2,2400.00,,2400.00
5592,2127,2,3,2900.00,,2900.00
5593,2127,3,2,2400.00,,2400.00
5594,2128,1,3,2900.00,,2900.00
5595,2128,2,2,2400.00,,2400.00
5596,2128,3,3,2900.00,,2900.00
5597,2129,1,3,2900.00,,2900.00
5598,2129,2,3,2900.00,,2900.00
5599,2129,3,3,2900.00,,2900.00
5600,2130,1,3,2900.00,,2900.00
5601,2130,2,3,2900.00,,2900.00
5602,2131,1,2,2400.00,,2400.00
5603,2131,2,3,2900.00,,2900.00
5604,2131,3,2,2400.00,,2400.00
5605,2132,1,3,2900.00,,2900.00
5606,2132,2,3,2900.00,,2900.00
5607,2133,1,2,2400.00,,2400.00
5608,2133,2,3,2900.00,,2900.00
5609,2134,1,1,1950.00,,1950.00
5610,2134,2,1,1950.00,,1950.00
5611,2134,3,1,1950.00,,1950.00
5612,2134,4,1,1950.00,,1950.00
5613,2134,5,1,1950.00,,1950.00
5614,2135,1,2,2400.00,,2400.00
5615,2135,2,2,2400.00,,2400.00
5616,2135,3,2,2400.00,,2400.00
5617,2136,1,1,1950.00,,1950.00
5618,2136,2,1,1950.00,,1950.00
5619,2137,1,2,2400.00,,2400.00
5620,2137,2,2,2400.00,,2400.00
5621,2137,3,2,2400.00,,2400.00
5622,2138,1,3,2900.00,,2900.00
5623,2138,2,2,2400.00,,2400.00
5624,2138,3,3,2900.00,,2900.00
5625,2139,1,3,2900.00,,2900.00
5626,2139,2,2,2400.00,,2400.00
5627,2139,3,3,2900.00,,2900.00
5628,2140,1,2,2400.00,,2400.00
5629,2140,2,2,2400.00,,2400.00
5630,2141,1,1,1950.00,,1950.00
5631,2141,2,1,1950.00,,1950.00
5632,2141,3,1,1950.00,,1950.00
5633,2142,1,2,2400.00,,2400.00
5634,2142,2,2,2400.00,,2400.00
5635,2143,1,3,2900.00,,2900.00
5636,2143,2,2,2400.00,,2400.00
5637,2144,1,3,2900.00,,2900.00
5638,2144,2,3,2900.00,,2900.00
5639,2144,3,3,2900.00,,2900.00
5640,2145,1,1,1950.00,,1950.00
5641,2145,2,1,1950.00,,1950.00
5642,2145,3,1,1950.00,,1950.00
5643,2145,4,1,1950.00,,1950.00
5644,2145,5,1,1950.00,,1950.00
5645,2145,6,1,1950.00,,1950.00
5646,2146,1,1,1950.00,,1950.00
5647,2146,2,1,1950.00,,1950.00
5648,2146,3,1,1950.00,,1950.00
5649,2147,1,4,3200.00,,3200.00
5650,2147,2,4,3200.00,,3200.00
5651,2147,3,4,3200.00,,3200.00
5652,2148,1,3,2900.00,,2900.00
5653,2148,2,2,2400.00,,2400.00
5654,2148,3,2,2400.00,,2400.00
5655,2149,1,3,2900.00,,2900.00
5656,2149,2,3,2900.00,,2900.00
5657,2150,1,3,2900.00,,2900.00
5658,2150,2,3,2900.00,,2900.00
5659,2150,3,3,2900.00,,2900.00
5660,2151,1,1,1950.00,,1950.00
5661,2151,2,1,1950.00,,1950.00
5662,2152,1,3,2900.00,,2900.00
5663,2152,2,3,2900.00,,2900.00
5664,2152,3,3,2900.00,,2900.00
5665,2153,1,2,2400.00,,2400.00
5666,2153,2,3,2900.00,,2900.00
5667,2153,3,2,2400.00,,2400.00
5668,2154,1,2,2400.00,,2400.00
5669,2154,2,2,2400.00,,2400.00
5670,2154,3,3,2900.00,,2900.00
5671,2155,1,2,2400.00,,2400.00
5672,2155,2,1,1950.00,,1950.00
5673,2155,3,2,2400.00,,2400.00
5674,2155,4,2,2400.00,,2400.00
5675,2155,5,2,2400.00,,2400.00
5676,2155,6,1,1950.00,,1950.00
5677,2156,1,3,2900.00,,2900.00
5678,2156,2,3,2900.00,,2900.00
5679,2156,3,3,2900.00,,2900.00
5680,2157,1,3,2900.00,,2900.00
5681,2157,2,3,2900.00,,2900.00
5682,2158,1,2,2400.00,,2400.00
5683,2158,2,3,2900.00,,2900.00
5684,2159,1,3,2900.00,,2900.00
5685,2159,2,3,2900.00,,2900.00
5686,2160,1,1,1950.00,,1950.00
5687,2160,2,1,1950.00,,1950.00
5688,2160,3,1,1950.00,,1950.00
5689,2161,1,1,1950.00,,1950.00
5690,2161,2,2,2400.00,,2400.00
5691,2161,3,1,1950.00,,1950.00
5692,2162,1,3,2900.00,,2900.00
5693,2162,2,3,2900.00,,2900.00
5694,2162,3,3,2900.00,,2900.00
5695,2163,1,4,3200.00,,3200.00
5696,2163,2,4,3200.00,,3200.00
5697,2164,1,1,1950.00,,1950.00
5698,2164,2,2,2400.00,,2400.00
5699,2164,3,1,1950.00,,1950.00
5700,2165,1,4,3200.00,,3200.00
5701,2165,2,4,3200.00,,3200.00
5702,2165,3,4,3200.00,,3200.00
5703,2165,4,4,3200.00,,3200.00
5704,2166,1,2,2400.00,,2400.00
5705,2166,2,1,1950.00,,1950.00
5706,2166,3,1,1950.00,,1950.00
5707,2167,1,2,2400.00,,2400.00
5708,2167,2,2,2400.00,,2400.00
5709,2167,3,2,2400.00,,2400.00
5710,2168,1,3,2900.00,,2900.00
5711,2168,2,3,2900.00,,2900.00
5712,2168,3,3,2900.00,,2900.00
5713,2169,1,2,2400.00,,2400.00
5714,2169,2,2,2400.00,,2400.00
5715,2169,3,2,2400.00,,2400.00
5716,2170,1,4,3200.00,,3200.00
5717,2170,2,4,3200.00,,3200.00
5718,2171,1,3,2900.00,,2900.00
5719,2171,2,3,2900.00,,2900.00
5720,2172,1,3,2900.00,,2900.00
5721,2172,2,3,2900.00,,2900.00
5722,2172,3,3,2900.00,,2900.00
5723,2173,1,1,1950.00,,1950.00
5724,2173,2,1,1950.00,,1950.00
5725,2173,3,2,2400.00,,2400.00
5726,2173,4,2,2400.00,,2400.00
5727,2173,5,2,2400.00,,2400.00
5728,2173,6,1,1950.00,,1950.00
5729,2174,1,4,3200.00,,3200.00
5730,2174,2,4,3200.00,,3200.00
5731,2174,3,4,3200.00,,3200.00
5732,2175,1,2,2400.00,,2400.00
5733,2175,2,3,2900.00,,2900.00
5734,2176,1,2,2400.00,,2400.00
5735,2176,2,2,2400.00,,2400.00
5736,2176,3,3,2900.00,,2900.00
5737,2177,1,3,2900.00,,2900.00
5738,2177,2,3,2900.00,,2900.00
5739,2178,1,2,2400.00,,2400.00
5740,2178,2,2,2400.00,,2400.00
5741,2178,3,2,2400.00,,2400.00
5742,2179,1,2,2400.00,,2400.00
5743,2179,2,2,2400.00,,2400.00
5744,2179,3,1,1950.00,,1950.00
5745,2180,1,2,2400.00,,2400.00
5746,2180,2,2,2400.00,,2400.00
5747,2180,3,2,2400.00,,2400.00
5748,2181,1,3,2900.00,,2900.00
5749,2181,2,3,2900.00,,2900.00
5750,2181,3,3,2900.00,,2900.00
5751,2182,1,3,2900.00,,2900.00
5752,2182,2,3,2900.00,,2900.00
5753,2182,3,3,2900.00,,2900.00
5754,2183,1,1,1950.00,,1950.00
5755,2183,2,1,1950.00,,1950.00
5756,2183,3,1,1950.00,,1950.00
5757,2183,4,1,1950.00,,1950.00
5758,2183,5,1,1950.00,,1950.00
5759,2183,6,1,1950.00,,1950.00
5760,2183,7,1,1950.00,,1950.00
5761,2183,8,1,1950.00,,1950.00
5762,2184,1,3,2900.00,,2900.00
5763,2184,2,2,2400.00,,2400.00
5764,2184,3,3,2900.00,,2900.00
5765,2185,1,2,2400.00,,2400.00
5766,2185,2,3,2900.00,,2900.00
5767,2186,1,3,2900.00,,2900.00
5768,2186,2,3,2900.00,,2900.00
5769,2187,1,3,2900.00,,2900.00
5770,2187,2,3,2900.00,,2900.00
5771,2187,3,2,2400.00,,2400.00
5772,2188,1,0,1700.00,,1700.00
5773,2188,2,0,1700.00,,1700.00
5774,2188,3,1,1950.00,,1950.00
5775,2189,1,2,2400.00,,2400.00
5776,2189,2,2,2400.00,,2400.00
5777,2189,3,1,1950.00,,1950.00
5778,2189,4,2,2400.00,,2400.00
5779,2190,1,2,2400.00,,2400.00
5780,2190,2,2,2400.00,,2400.00
5781,2191,1,2,2400.00,,2400.00
5782,2191,2,2,2400.00,,2400.00
5783,2191,3,3,2900.00,,2900.00
5784,2192,1,3,2900.00,,2900.00
5785,2192,2,3,2900.00,,2900.00
5786,2193,1,2,2400.00,,2400.00
5787,2193,2,2,2400.00,,2400.00
5788,2193,3,2,2400.00,,2400.00
5789,2194,1,2,2400.00,,2400.00
5790,2194,2,2,2400.00,,2400.00
5791,2195,1,2,2400.00,,2400.00
5792,2195,2,2,2400.00,,2400.00
5793,2195,3,3,2900.00,,2900.00
5794,2196,1,3,2900.00,,2900.00
5795,2196,2,3,2900.00,,2900.00
5796,2196,3,3,2900.00,,2900.00
5797,2197,1,4,3200.00,,3200.00
5798,2197,2,4,3200.00,,3200.00
5799,2198,1,4,3200.00,,3200.00
5800,2198,2,4,3200.00,,3200.00
5801,2199,1,1,1950.00,,1950.00
5802,2199,2,1,1950.00,,1950.00
5803,2199,3,1,1950.00,,1950.00
5804,2200,1,3,2900.00,,2900.00
5805,2200,2,3,2900.00,,2900.00
5806,2200,3,3,2900.00,,2900.00
5807,2201,1,3,2900.00,,2900.00
5808,2201,2,3,2900.00,,2900.00
5809,2202,1,2,2400.00,,2400.00
5810,2202,2,2,2400.00,,2400.00
5811,2202,3,2,2400.00,,2400.00
5812,2203,1,2,2400.00,,2400.00
5813,2203,2,2,2400.00,,2400.00
5814,2203,3,2,2400.00,,2400.00
5815,2204,1,1,1950.00,,1950.00
5816,2204,2,2,2400.00,,2400.00
5817,2204,3,1,1950.00,,1950.00
5818,2205,1,2,2400.00,,2400.00
5819,2205,2,2,2400.00,,2400.00
5820,2206,1,2,2400.00,,2400.00
5821,2206,2,2,2400.00,,2400.00
5822,2206,3,2,2400.00,,2400.00
5823,2207,1,1,1950.00,,1950.00
5824,2207,2,1,1950.00,,1950.00
5825,2207,3,1,1950.00,,1950.00
5826,2208,1,3,2900.00,,2900.00
5827,2208,2,3,2900.00,,2900.00
5828,2209,1,2,2400.00,,2400.00
5829,2209,2,2,2400.00,,2400.00
5830,2209,3,2,2400.00,,2400.00
5831,2210,1,3,2900.00,,2900.00
5832,2210,2,3,2900.00,,2900.00
5833,2210,3,4,3200.00,,3200.00
5834,2211,1,3,2900.00,,2900.00
5835,2211,2,3,2900.00,,2900.00
5836,2212,1,3,2900.00,,2900.00
5837,2212,2,2,2400.00,,2400.00
5838,2212,3,2,2400.00,,2400.00
5839,2213,1,2,2400.00,,2400.00
5840,2213,2,3,2900.00,,2900.00
5841,2213,3,2,2400.00,,2400.00
5842,2214,1,2,2400.00,,2400.00
5843,2214,2,2,2400.00,,2400.00
5844,2214,3,3,2900.00,,2900.00
5845,2215,1,3,2900.00,,2900.00
5846,2215,2,3,2900.00,,2900.00
5847,2215,3,3,2900.00,,2900.00
5848,2216,1,3,2900.00,,2900.00
5849,2216,2,2,2400.00,,2400.00
5850,2217,1,2,2400.00,,2400.00
5851,2217,2,3,2900.00,,2900.00
5852,2218,1,2,2400.00,,2400.00
5853,2218,2,2,2400.00,,2400.00
5854,2219,1,2,2400.00,,2400.00
5855,2219,2,1,1950.00,,1950.00
5856,2219,3,2,2400.00,,2400.00
5857,2220,1,3,2900.00,,2900.00
5858,2220,2,2,2400.00,,2400.00
5859,2220,3,3,2900.00,,2900.00
5860,2221,1,3,2900.00,,2900.00
5861,2221,2,3,2900.00,,2900.00
5862,2222,1,3,2900.00,,2900.00
5863,2222,2,4,3200.00,,3200.00
5864,2222,3,4,3200.00,,3200.00
5865,2223,1,1,1950.00,,1950.00
5866,2223,2,1,1950.00,,1950.00
5867,2223,3,1,1950.00,,1950.00
5868,2224,1,3,2900.00,,2900.00
5869,2224,2,3,2900.00,,2900.00
5870,2224,3,3,2900.00,,2900.00
5871,2225,1,3,2900.00,,2900.00
5872,2225,2,3,2900.00,,2900.00
5873,2225,3,3,2900.00,,2900.00
5874,2226,1,3,2900.00,,2900.00
5875,2226,2,3,2900.00,,2900.00
5876,2227,1,3,2900.00,,2900.00
5877,2227,2,2,2400.00,,2400.00
5878,2228,1,2,2400.00,,2400.00
5879,2228,2,2,2400.00,,2400.00
5880,2229,1,3,2900.00,,2900.00
5881,2229,2,3,2900.00,,2900.00
5882,2230,1,3,2900.00,,2900.00
5883,2230,2,2,2400.00,,2400.00
5884,2230,3,2,2400.00,,2400.00
5885,2231,1,2,2400.00,,2400.00
5886,2231,2,1,1950.00,,1950.00
5887,2232,1,2,2400.00,,2400.00
5888,2232,2,2,2400.00,,2400.00
5889,2233,1,4,3200.00,,3200.00
5890,2233,2,4,3200.00,,3200.00
5891,2234,1,0,1700.00,,1700.00
5892,2234,2,1,1950.00,,1950.00
5893,2234,3,1,1950.00,,1950.00
5894,2234,4,1,1950.00,,1950.00
5895,2235,1,4,3200.00,,3200.00
5896,2235,2,4,3200.00,,3200.00
5897,2236,1,1,1950.00,,1950.00
5898,2236,2,1,1950.00,,1950.00
5899,2237,1,2,2400.00,,2400.00
5900,2237,2,2,2400.00,,2400.00
5901,2237,3,2,2400.00,,2400.00
5902,2238,1,2,2400.00,,2400.00
5903,2238,2,3,2900.00,,2900.00
5904,2238,3,3,2900.00,,2900.00
5905,2239,1,1,1950.00,,1950.00
5906,2239,2,1,1950.00,,1950.00
5907,2240,1,2,2400.00,,2400.00
5908,2240,2,2,2400.00,,2400.00
5909,2240,3,2,2400.00,,2400.00
5910,2241,1,3,2900.00,,2900.00
5911,2241,2,3,2900.00,,2900.00
5912,2242,1,3,2900.00,,2900.00
5913,2242,2,3,2900.00,,2900.00
5914,2242,3,3,2900.00,,2900.00
5915,2243,1,3,2900.00,,2900.00
5916,2243,2,2,2400.00,,2400.00
5917,2244,1,2,2400.00,,2400.00
5918,2244,2,2,2400.00,,2400.00
5919,2244,3,2,2400.00,,2400.00
5920,2245,1,2,2400.00,,2400.00
5921,2245,2,2,2400.00,,2400.00
5922,2245,3,3,2900.00,,2900.00
5923,2246,1,2,2400.00,,2400.00
5924,2246,2,1,1950.00,,1950.00
5925,2246,3,1,1950.00,,1950.00
5926,2247,1,2,2400.00,,2400.00
5927,2247,2,2,2400.00,,2400.00
5928,2247,3,1,1950.00,,1950.00
5929,2248,1,2,2400.00,,2400.00
5930,2248,2,2,2400.00,,2400.00
5931,2248,3,3,2900.00,,2900.00
5932,2249,1,3,2900.00,,2900.00
5933,2249,2,3,2900.00,,2900.00
5934,2250,1,2,2400.00,,2400.00
5935,2250,2,3,2900.00,,2900.00
5936,2250,3,3,2900.00,,2900.00
5937,2251,1,3,2900.00,,2900.00
5938,2251,2,2,2400.00,,2400.00
5939,2252,1,3,2900.00,,2900.00
5940,2252,2,2,2400.00,,2400.00
5941,2252,3,3,2900.00,,2900.00
5942,2253,1,5,3500.00,,3500.00
5943,2253,2,4,3200.00,,3200.00
5944,2254,1,4,3200.00,,3200.00
5945,2254,2,3,2900.00,,2900.00
5946,2255,1,2,2400.00,,2400.00
5947,2255,2,2,2400.00,,2400.00
5948,2255,3,2,2400.00,,2400.00
5949,2256,1,5,3500.00,,3500.00
5950,2256,2,5,3500.00,,3500.00
5951,2257,1,3,2900.00,,2900.00
5952,2257,2,3,2900.00,,2900.00
5953,2257,3,2,2400.00,,2400.00
5954,2258,1,1,1950.00,,1950.00
5955,2258,2,2,2400.00,,2400.00
5956,2259,1,4,3200.00,,3200.00
5957,2259,2,4,3200.00,,3200.00
5958,2260,1,2,2400.00,,2400.00
5959,2260,2,2,2400.00,,2400.00
5960,2260,3,2,2400.00,,2400.00
5961,2261,1,3,2900.00,,2900.00
5962,2261,2,2,2400.00,,2400.00
5963,2262,1,2,2400.00,,2400.00
5964,2262,2,2,2400.00,,2400.00
5965,2263,1,4,3200.00,,3200.00
5966,2263,2,4,3200.00,,3200.00
5967,2264,1,4,3200.00,,3200.00
5968,2264,2,3,2900.00,,2900.00
5969,2265,1,2,2400.00,,2400.00
5970,2265,2,3,2900.00,,2900.00
5971,2266,1,3,2900.00,,2900.00
5972,2266,2,2,2400.00,,2400.00
5973,2266,3,3,2900.00,,2900.00
5974,2267,1,5,3500.00,,3500.00
5975,2267,2,5,3500.00,,3500.00
5976,2268,1,3,2900.00,,2900.00
5977,2268,2,3,2900.00,,2900.00
5978,2269,1,3,2900.00,,2900.00
5979,2269,2,4,3200.00,,3200.00
5980,2270,1,1,1950.00,,1950.00
5981,2270,2,2,2400.00,,2400.00
5982,2271,1,2,2400.00,,2400.00
5983,2271,2,2,2400.00,,2400.00
5984,2271,3,2,2400.00,,2400.00
5985,2272,1,2,2400.00,,2400.00
5986,2272,2,2,2400.00,,2400.00
5987,2272,3,2,2400.00,,2400.00
5988,2273,1,3,2900.00,,2900.00
5989,2273,2,2,2400.00,,2400.00
5990,2273,3,2,2400.00,,2400.00
5991,2274,1,2,2400.00,,2400.00
5992,2274,2,2,2400.00,,2400.00
5993,2275,1,3,2900.00,,2900.00
5994,2275,2,3,2900.00,,2900.00
5995,2276,1,2,2400.00,,2400.00
5996,2276,2,2,2400.00,,2400.00
5997,2277,1,2,2400.00,,2400.00
5998,2277,2,3,2900.00,,2900.00
5999,2278,1,2,2400.00,,2400.00
6000,2278,2,2,2400.00,,2400.00
6001,2279,1,3,2900.00,,2900.00
6002,2279,2,4,3200.00,,3200.00
6003,2280,1,4,3200.00,,3200.00
6004,2280,2,4,3200.00,,3200.00
6005,2281,1,3,2900.00,,2900.00
6006,2281,2,3,2900.00,,2900.00
6007,2281,3,2,2400.00,,2400.00
6008,2282,1,3,2900.00,,2900.00
6009,2282,2,3,2900.00,,2900.00
6010,2282,3,3,2900.00,,2900.00
6011,2283,1,3,2900.00,,2900.00
6012,2283,2,3,2900.00,,2900.00
6013,2284,1,3,2900.00,,2900.00
6014,2284,2,4,3200.00,,3200.00
6015,2285,1,2,2400.00,,2400.00
6016,2285,2,1,1950.00,,1950.00
6017,2286,1,3,2900.00,,2900.00
6018,2286,2,3,2900.00,,2900.00
6019,2287,1,2,2400.00,,2400.00
6020,2287,2,2,2400.00,,2400.00
6021,2288,1,2,2400.00,,2400.00
6022,2288,2,3,2900.00,,2900.00
6023,2289,1,3,2900.00,,2900.00
6024,2289,2,2,2400.00,,2400.00
6025,2290,1,4,3200.00,,3200.00
6026,2290,2,4,3200.00,,3200.00
6027,2291,1,1,1950.00,,1950.00
6028,2291,2,1,1950.00,,1950.00
6029,2292,1,3,2900.00,,2900.00
6030,2292,2,3,2900.00,,2900.00
6031,2293,1,2,2400.00,,2400.00
6032,2293,2,2,2400.00,,2400.00
6033,2293,3,2,2400.00,,2400.00
6034,2294,1,2,2400.00,,2400.00
6035,2294,2,1,1950.00,,1950.00
6036,2295,1,2,2400.00,,2400.00
6037,2295,2,2,2400.00,,2400.00
6038,2295,3,3,2900.00,,2900.00
6039,2296,1,2,2400.00,,2400.00
6040,2296,2,2,2400.00,,2400.00
6041,2297,1,2,2400.00,,2400.00
6042,2297,2,1,1950.00,,1950.00
6043,2297,3,2,2400.00,,2400.00
6044,2298,1,4,3200.00,,3200.00
6045,2298,2,4,3200.00,,3200.00
6046,2299,1,4,3200.00,,3200.00
6047,2299,2,4,3200.00,,3200.00
6048,2300,1,3,2900.00,,2900.00
6049,2300,2,3,2900.00,,2900.00
6050,2301,1,4,3200.00,,3200.00
6051,2301,2,3,2900.00,,2900.00
6052,2301,3,3,2900.00,,2900.00
6053,2302,1,3,2900.00,,2900.00
6054,2302,2,3,2900.00,,2900.00
6055,2302,3,3,2900.00,,2900.00
6056,2303,1,3,2900.00,,2900.00
6057,2303,2,3,2900.00,,2900.00
6058,2303,3,3,2900.00,,2900.00
6059,2304,1,3,2900.00,,2900.00
6060,2304,2,3,2900.00,,2900.00
6061,2304,3,2,2400.00,,2400.00
6062,2305,1,1,1950.00,,1950.00
6063,2305,2,1,1950.00,,1950.00
6064,2305,3,1,1950.00,,1950.00
6065,2305,4,1,1950.00,,1950.00
6066,2305,5,1,1950.00,,1950.00
6067,2305,6,1,1950.00,,1950.00
6068,2305,7,1,1950.00,,1950.00
6069,2305,8,1,1950.00,,1950.00
6070,2306,1,3,2900.00,,2900.00
6071,2306,2,3,2900.00,,2900.00
6072,2307,1,3,2900.00,,2900.00
6073,2307,2,3,2900.00,,2900.00
6074,2308,1,3,2900.00,,2900.00
6075,2308,2,3,2900.00,,2900.00
6076,2309,1,2,2400.00,,2400.00
6077,2309,2,3,2900.00,,2900.00
6078,2309,3,2,2400.00,,2400.00
6079,2310,1,2,2400.00,,2400.00
6080,2310,2,3,2900.00,,2900.00
6081,2310,3,2,2400.00,,2400.00
6082,2311,1,1,1950.00,,1950.00
6083,2311,2,0,1700.00,,1700.00
6084,2312,1,2,2400.00,,2400.00
6085,2312,2,1,1950.00,,1950.00
6086,2312,3,2,2400.00,,2400.00
6087,2313,1,1,1950.00,,1950.00
6088,2313,2,2,2400.00,,2400.00
6089,2313,3,2,2400.00,,2400.00
6090,2314,1,2,2400.00,,2400.00
6091,2314,2,2,2400.00,,2400.00
6092,2314,3,2,2400.00,,2400.00
6093,2315,1,2,2400.00,,2400.00
6094,2315,2,2,2400.00,,2400.00
6095,2315,3,1,1950.00,,1950.00
6096,2315,4,2,2400.00,,2400.00
6097,2315,5,1,1950.00,,1950.00
6098,2316,1,1,1950.00,,1950.00
6099,2316,2,1,1950.00,,1950.00
6100,2317,1,2,2400.00,,2400.00
6101,2317,2,2,2400.00,,2400.00
6102,2317,3,2,2400.00,,2400.00
6103,2318,1,1,1950.00,,1950.00
6104,2318,2,1,1950.00,,1950.00
6105,2319,1,2,2400.00,,2400.00
6106,2319,2,1,1950.00,,1950.00
6107,2320,1,3,2900.00,,2900.00
6108,2320,2,3,2900.00,,2900.00
6109,2321,1,2,2400.00,,2400.00
6110,2321,2,2,2400.00,,2400.00
6111,2322,1,3,2900.00,,2900.00
6112,2322,2,3,2900.00,,2900.00
6113,2323,1,2,2400.00,,2400.00
6114,2323,2,2,2400.00,,2400.00
6115,2324,1,4,3200.00,,3200.00
6116,2324,2,4,3200.00,,3200.00
6117,2325,1,3,2900.00,,2900.00
6118,2325,2,3,2900.00,,2900.00
6119,2326,1,3,2900.00,,2900.00
6120,2326,2,3,2900.00,,2900.00
6121,2327,1,2,2400.00,,2400.00
6122,2327,2,2,2400.00,,2400.00
6123,2327,3,1,1950.00,,1950.00
6124,2328,1,2,2400.00,,2400.00
6125,2328,2,1,1950.00,,1950.00
6126,2329,1,2,2400.00,,2400.00
6127,2329,2,2,2400.00,,2400.00
6128,2329,3,3,2900.00,,2900.00
6129,2330,1,1,1950.00,,1950.00
6130,2330,2,1,1950.00,,1950.00
6131,2330,3,2,2400.00,,2400.00
6132,2331,1,1,1950.00,,1950.00
6133,2331,2,2,2400.00,,2400.00
6134,2332,1,2,2400.00,,2400.00
6135,2332,2,1,1950.00,,1950.00
6136,2333,1,2,2400.00,,2400.00
6137,2333,2,2,2400.00,,2400.00
6138,2334,1,3,2900.00,,2900.00
6139,2334,2,2,2400.00,,2400.00
6140,2335,1,2,2400.00,,2400.00
6141,2335,2,2,2400.00,,2400.00
6142,2336,1,3,2900.00,,2900.00
6143,2336,2,2,2400.00,,2400.00
6144,2337,1,2,2400.00,,2400.00
6145,2337,2,2,2400.00,,2400.00
6146,2338,1,3,2900.00,,2900.00
6147,2338,2,3,2900.00,,2900.00
6148,2339,1,1,1950.00,,1950.00
6149,2339,2,1,1950.00,,1950.00
6150,2339,3,2,2400.00,,2400.00
6151,2340,1,4,3200.00,,3200.00
6152,2340,2,3,2900.00,,2900.00
6153,2341,1,2,2400.00,,2400.00
6154,2341,2,3,2900.00,,2900.00
6155,2342,1,2,2400.00,,2400.00
6156,2342,2,3,2900.00,,2900.00
6157,2343,1,1,1950.00,,1950.00
6158,2343,2,2,2400.00,,2400.00
6159,2343,3,1,1950.00,,1950.00
6160,2344,1,2,2400.00,,2400.00
6161,2344,2,1,1950.00,,1950.00
6162,2344,3,1,1950.00,,1950.00
6163,2345,1,2,2400.00,,2400.00
6164,2345,2,2,2400.00,,2400.00
6165,2345,3,3,2900.00,,2900.00
6166,2345,4,3,2900.00,,2900.00
6167,2345,5,2,2400.00,,2400.00
6168,2346,1,2,2400.00,,2400.00
6169,2346,2,2,2400.00,,2400.00
6170,2347,1,2,2400.00,,2400.00
6171,2347,2,2,2400.00,,2400.00
6172,2348,1,2,2400.00,,2400.00
6173,2348,2,3,2900.00,,2900.00
6174,2349,1,2,2400.00,,2400.00
6175,2349,2,2,2400.00,,2400.00
6176,2350,1,2,2400.00,,2400.00
6177,2350,2,3,2900.00,,2900.00
6178,2351,1,1,1950.00,,1950.00
6179,2351,2,1,1950.00,,1950.00
6180,2352,1,1,1950.00,,1950.00
6181,2352,2,1,1950.00,,1950.00
6182,2353,1,3,2900.00,,2900.00
6183,2353,2,4,3200.00,,3200.00
6184,2354,1,2,2400.00,,2400.00
6185,2354,2,2,2400.00,,2400.00
6186,2354,3,2,2400.00,,2400.00
6187,2355,1,1,1950.00,,1950.00
6188,2355,2,1,1950.00,,1950.00
6189,2355,3,1,1950.00,,1950.00
6190,2356,1,3,2900.00,,2900.00
6191,2356,2,4,3200.00,,3200.00
6192,2357,1,3,2900.00,,2900.00
6193,2357,2,3,2900.00,,2900.00
6194,2358,1,2,2400.00,,2400.00
6195,2358,2,2,2400.00,,2400.00
6196,2359,1,3,2900.00,,2900.00
6197,2359,2,3,2900.00,,2900.00
6198,2360,1,1,1950.00,,1950.00
6199,2360,2,1,1950.00,,1950.00
6200,2361,1,2,2400.00,,2400.00
6201,2361,2,2,2400.00,,2400.00
6202,2362,1,2,2400.00,,2400.00
6203,2362,2,3,2900.00,,2900.00
6204,2363,1,3,2900.00,,2900.00
6205,2363,2,3,2900.00,,2900.00
6206,2364,1,3,2900.00,,2900.00
6207,2364,2,3,2900.00,,2900.00
6208,2365,1,1,1950.00,,1950.00
6209,2365,2,2,2400.00,,2400.00
6210,2366,1,2,2400.00,,2400.00
6211,2366,2,3,2900.00,,2900.00
6212,2367,1,2,2400.00,,2400.00
6213,2367,2,2,2400.00,,2400.00
6214,2368,1,3,2900.00,,2900.00
6215,2368,2,4,3200.00,,3200.00
6216,2369,1,1,1950.00,,1950.00
6217,2369,2,1,1950.00,,1950.00
6218,2370,1,2,2400.00,,2400.00
6219,2370,2,3,2900.00,,2900.00
6220,2371,1,1,1950.00,,1950.00
6221,2371,2,1,1950.00,,1950.00
6222,2372,1,1,1950.00,,1950.00
6223,2372,2,1,1950.00,,1950.00
6224,2372,3,1,1950.00,,1950.00
6225,2373,1,3,2900.00,,2900.00
6226,2373,2,3,2900.00,,2900.00
6227,2374,1,3,2900.00,,2900.00
6228,2374,2,3,2900.00,,2900.00
6229,2375,1,4,3200.00,,3200.00
6230,2375,2,3,2900.00,,2900.00
6231,2376,1,2,2400.00,,2400.00
6232,2376,2,2,2400.00,,2400.00
6233,2377,1,2,2400.00,,2400.00
6234,2377,2,2,2400.00,,2400.00
6235,2378,1,3,2900.00,,2900.00
6236,2378,2,3,2900.00,,2900.00
6237,2379,1,3,2900.00,,2900.00
6238,2379,2,3,2900.00,,2900.00
6239,2380,1,2,2400.00,,2400.00
6240,2380,2,2,2400.00,,2400.00
6241,2381,1,3,2900.00,,2900.00
6242,2381,2,2,2400.00,,2400.00
6243,2382,1,1,1950.00,,1950.00
6244,2382,2,1,1950.00,,1950.00
6245,2383,1,2,2400.00,,2400.00
6246,2383,2,2,2400.00,,2400.00
6247,2383,3,1,1950.00,,1950.00
6248,2384,1,3,2900.00,,2900.00
6249,2384,2,2,2400.00,,2400.00
6250,2384,3,3,2900.00,,2900.00
6251,2385,1,2,2400.00,,2400.00
6252,2385,2,3,2900.00,,2900.00
6253,2386,1,3,2900.00,,2900.00
6254,2386,2,3,2900.00,,2900.00
6255,2387,1,2,2400.00,,2400.00
6256,2387,2,2,2400.00,,2400.00
6257,2388,1,2,2400.00,,2400.00
6258,2388,2,1,1950.00,,1950.00
6259,2388,3,1,1950.00,,1950.00
6260,2389,1,2,2400.00,,2400.00
6261,2389,2,2,2400.00,,2400.00
6262,2390,1,2,2400.00,,2400.00
6263,2390,2,1,1950.00,,1950.00
6264,2391,1,3,2900.00,,2900.00
6265,2391,2,2,2400.00,,2400.00
6266,2391,3,3,2900.00,,2900.00
6267,2392,1,1,1950.00,,1950.00
6268,2392,2,1,1950.00,,1950.00
6269,2392,3,1,1950.00,,1950.00
6270,2393,1,2,2400.00,,2400.00
6271,2393,2,3,2900.00,,2900.00
6272,2394,1,1,1950.00,,1950.00
6273,2394,2,1,1950.00,,1950.00
6274,2394,3,1,1950.00,,1950.00
6275,2394,4,1,1950.00,,1950.00
6276,2394,5,1,1950.00,,1950.00
6277,2394,6,1,1950.00,,1950.00
6278,2395,1,2,2400.00,,2400.00
6279,2395,2,2,2400.00,,2400.00
6280,2396,1,0,1700.00,,1700.00
6281,2396,2,0,1700.00,,1700.00
6282,2396,3,1,1950.00,,1950.00
6283,2397,1,2,2400.00,,2400.00
6284,2397,2,2,2400.00,,2400.00
6285,2397,3,2,2400.00,,2400.00
6286,2398,1,3,2900.00,,2900.00
6287,2398,2,2,2400.00,,2400.00
6288,2399,1,3,2900.00,,2900.00
6289,2399,2,4,3200.00,,3200.00
6290,2400,1,4,3200.00,,3200.00
6291,2400,2,3,2900.00,,2900.00
6292,2401,1,2,2400.00,,2400.00
6293,2401,2,3,2900.00,,2900.00
6294,2402,1,3,2900.00,,2900.00
6295,2402,2,3,2900.00,,2900.00
6296,2403,1,3,2900.00,,2900.00
6297,2403,2,3,2900.00,,2900.00
6298,2404,1,4,3200.00,,3200.00
6299,2404,2,4,3200.00,,3200.00
6300,2405,1,1,1950.00,,1950.00
6301,2405,2,1,1950.00,,1950.00
6302,2405,3,1,1950.00,,1950.00
6303,2405,4,0,1700.00,,1700.00
6304,2405,5,1,1950.00,,1950.00
6305,2405,6,0,1700.00,,1700.00
6306,2405,7,0,1700.00,,1700.00
6307,2405,8,1,1950.00,,1950.00
6308,2406,1,3,2900.00,,2900.00
6309,2406,2,3,2900.00,,2900.00
6310,2407,1,2,2400.00,,2400.00
6311,2407,2,2,2400.00,,2400.00
6312,2408,1,2,2400.00,,2400.00
6313,2408,2,2,2400.00,,2400.00
6314,2409,1,1,1950.00,,1950.00
6315,2409,2,1,1950.00,,1950.00
6316,2410,1,3,2900.00,,2900.00
6317,2410,2,3,2900.00,,2900.00
6318,2411,1,2,2400.00,,2400.00
6319,2411,2,2,2400.00,,2400.00
6320,2412,1,3,2900.00,,2900.00
6321,2412,2,3,2900.00,,2900.00
6322,2413,1,2,2400.00,,2400.00
6323,2413,2,3,2900.00,,2900.00
6324,2414,1,3,2900.00,,2900.00
6325,2414,2,3,2900.00,,2900.00
6326,2415,1,1,1950.00,,1950.00
6327,2415,2,1,1950.00,,1950.00
6328,2415,3,1,1950.00,,1950.00
6329,2416,1,2,2400.00,,2400.00
6330,2416,2,2,2400.00,,2400.00
6331,2417,1,0,1700.00,,1700.00
6332,2417,2,0,1700.00,,1700.00
6333,2418,1,1,1950.00,,1950.00
6334,2418,2,1,1950.00,,1950.00
6335,2418,3,1,1950.00,,1950.00
6336,2418,4,1,1950.00,,1950.00
6337,2419,1,4,3200.00,,3200.00
6338,2419,2,4,3200.00,,3200.00
6339,2420,1,1,1950.00,,1950.00
6340,2420,2,1,1950.00,,1950.00
6341,2421,1,1,1950.00,,1950.00
6342,2421,2,1,1950.00,,1950.00
6343,2422,1,2,2400.00,,2400.00
6344,2422,2,2,2400.00,,2400.00
6345,2423,1,1,1950.00,,1950.00
6346,2423,2,1,1950.00,,1950.00
6347,2424,1,2,2400.00,,2400.00
6348,2424,2,2,2400.00,,2400.00
6349,2425,1,3,2900.00,,2900.00
6350,2425,2,2,2400.00,,2400.00
6351,2426,1,3,2900.00,,2900.00
6352,2426,2,3,2900.00,,2900.00
6353,2427,1,2,2400.00,,2400.00
6354,2427,2,2,2400.00,,2400.00
6355,2428,1,2,2400.00,,2400.00
6356,2428,2,3,2900.00,,2900.00
6357,2428,3,3,2900.00,,2900.00
6358,2429,1,2,2400.00,,2400.00
6359,2429,2,2,2400.00,,2400.00
6360,2430,1,1,1950.00,,1950.00
6361,2430,2,1,1950.00,,1950.00
6362,2430,3,1,1950.00,,1950.00
6363,2431,1,1,1950.00,,1950.00
6364,2431,2,1,1950.00,,1950.00
6365,2431,3,1,1950.00,,1950.00
6366,2432,1,2,2400.00,,2400.00
6367,2432,2,2,2400.00,,2400.00
6368,2433,1,2,2400.00,,2400.00
6369,2433,2,2,2400.00,,2400.00
6370,2434,1,3,2900.00,,2900.00
6371,2434,2,3,2900.00,,2900.00
6372,2435,1,1,1950.00,,1950.00
6373,2435,2,2,2400.00,,2400.00
6374,2436,1,3,2900.00,,2900.00
6375,2436,2,3,2900.00,,2900.00
6376,2437,1,2,2400.00,,2400.00
6377,2437,2,1,1950.00,,1950.00
6378,2438,1,3,2900.00,,2900.00
6379,2438,2,3,2900.00,,2900.00
6380,2439,1,3,2900.00,,2900.00
6381,2439,2,3,2900.00,,2900.00
6382,2439,3,2,2400.00,,2400.00
6383,2440,1,2,2400.00,,2400.00
6384,2440,2,3,2900.00,,2900.00
6385,2441,1,3,2900.00,,2900.00
6386,2441,2,3,2900.00,,2900.00
6387,2442,1,2,2400.00,,2400.00
6388,2442,2,2,2400.00,,2400.00
6389,2443,1,3,2900.00,,2900.00
6390,2443,2,3,2900.00,,2900.00
6391,2444,1,2,2400.00,,2400.00
6392,2444,2,1,1950.00,,1950.00
6393,2445,1,0,1700.00,,1700.00
6394,2445,2,1,1950.00,,1950.00
6395,2445,3,1,1950.00,,1950.00
6396,2446,1,2,2400.00,,2400.00
6397,2446,2,2,2400.00,,2400.00
6398,2447,1,3,2900.00,,2900.00
6399,2447,2,2,2400.00,,2400.00
6400,2448,1,2,2400.00,,2400.00
6401,2448,2,2,2400.00,,2400.00
6402,2449,1,2,2400.00,,2400.00
6403,2449,2,2,2400.00,,2400.00
6404,2450,1,2,2400.00,,2400.00
6405,2450,2,1,1950.00,,1950.00
6406,2450,3,2,2400.00,,2400.00
6407,2451,1,1,1950.00,,1950.00
6408,2451,2,2,2400.00,,2400.00
6409,2452,1,2,2400.00,,2400.00
6410,2452,2,2,2400.00,,2400.00
6411,2453,1,2,2400.00,,2400.00
6412,2453,2,1,1950.00,,1950.00
6413,2453,3,2,2400.00,,2400.00
6414,2454,1,2,2400.00,,2400.00
6415,2454,2,2,2400.00,,2400.00
6416,2455,1,1,1950.00,,1950.00
6417,2455,2,1,1950.00,,1950.00
6418,2456,1,3,2900.00,,2900.00
6419,2456,2,3,2900.00,,2900.00
6420,2457,1,2,2400.00,,2400.00
6421,2457,2,1,1950.00,,1950.00
6422,2457,3,1,1950.00,,1950.00
6423,2458,1,3,2900.00,,2900.00
6424,2458,2,3,2900.00,,2900.00
6425,2459,1,2,2400.00,,2400.00
6426,2459,2,3,2900.00,,2900.00
6427,2460,1,1,1950.00,,1950.00
6428,2460,2,1,1950.00,,1950.00
6429,2460,3,1,1950.00,,1950.00
6430,2461,1,2,2400.00,,2400.00
6431,2461,2,1,1950.00,,1950.00
6432,2462,1,3,2900.00,,2900.00
6433,2462,2,3,2900.00,,2900.00
6434,2463,1,2,2400.00,,2400.00
6435,2463,2,2,2400.00,,2400.00
6436,2463,3,2,2400.00,,2400.00
6437,2464,1,1,1950.00,,1950.00
6438,2464,2,1,1950.00,,1950.00
6439,2464,3,1,1950.00,,1950.00
6440,2465,1,2,2400.00,,2400.00
6441,2465,2,2,2400.00,,2400.00
6442,2466,1,3,2900.00,,2900.00
6443,2466,2,3,2900.00,,2900.00
6444,2467,1,2,2400.00,,2400.00
6445,2467,2,2,2400.00,,2400.00
6446,2467,3,2,2400.00,,2400.00
6447,2468,1,2,2400.00,,2400.00
6448,2468,2,3,2900.00,,2900.00
6449,2469,1,2,2400.00,,2400.00
6450,2469,2,2,2400.00,,2400.00
6451,2470,1,2,2400.00,,2400.00
6452,2470,2,2,2400.00,,2400.00
6453,2471,1,1,1950.00,,1950.00
6454,2471,2,1,1950.00,,1950.00
6455,2472,1,2,2400.00,,2400.00
6456,2472,2,3,2900.00,,2900.00
6457,2473,1,2,2400.00,,2400.00
6458,2473,2,2,2400.00,,2400.00
6459,2473,3,2,2400.00,,2400.00
6460,2474,1,4,3200.00,,3200.00
6461,2474,2,4,3200.00,,3200.00
6462,2475,1,1,1950.00,,1950.00
6463,2475,2,1,1950.00,,1950.00
6464,2475,3,1,1950.00,,1950.00
6465,2476,1,3,2900.00,,2900.00
6466,2476,2,2,2400.00,,2400.00
6467,2476,3,3,2900.00,,2900.00
6468,2477,1,3,2900.00,,2900.00
6469,2477,2,2,2400.00,,2400.00
6470,2477,3,2,2400.00,,2400.00
6471,2478,1,3,2900.00,,2900.00
6472,2478,2,3,2900.00,,2900.00
6473,2479,1,3,2900.00,,2900.00
6474,2479,2,3,2900.00,,2900.00
6475,2480,1,2,2400.00,,2400.00
6476,2480,2,2,2400.00,,2400.00
6477,2481,1,2,2400.00,,2400.00
6478,2481,2,2,2400.00,,2400.00
6479,2482,1,2,2400.00,,2400.00
6480,2482,2,3,2900.00,,2900.00
6481,2483,1,1,1950.00,,1950.00
6482,2483,2,1,1950.00,,1950.00
6483,2484,1,2,2400.00,,2400.00
6484,2484,2,1,1950.00,,1950.00
6485,2485,1,3,2900.00,,2900.00
6486,2485,2,2,2400.00,,2400.00
6487,2486,1,1,1950.00,,1950.00
6488,2486,2,2,2400.00,,2400.00
6489,2487,1,1,1950.00,,1950.00
6490,2487,2,1,1950.00,,1950.00
6491,2487,3,1,1950.00,,1950.00
6492,2488,1,2,2400.00,,2400.00
6493,2488,2,2,2400.00,,2400.00
6494,2489,1,1,1950.00,,1950.00
6495,2489,2,1,1950.00,,1950.00
6496,2490,1,2,2400.00,,2400.00
6497,2490,2,3,2900.00,,2900.00
6498,2490,3,3,2900.00,,2900.00
6499,2491,1,1,1950.00,,1950.00
6500,2491,2,2,2400.00,,2400.00
6501,2492,1,3,2900.00,,2900.00
6502,2492,2,3,2900.00,,2900.00
6503,2493,1,3,2900.00,,2900.00
6504,2493,2,3,2900.00,,2900.00
6505,2494,1,3,2900.00,,2900.00
6506,2494,2,3,2900.00,,2900.00
6507,2495,1,2,2400.00,,2400.00
6508,2495,2,2,2400.00,,2400.00
6509,2496,1,1,1950.00,,1950.00
6510,2496,2,1,1950.00,,1950.00
6511,2497,1,3,2900.00,,2900.00
6512,2497,2,3,2900.00,,2900.00
6513,2498,1,1,1950.00,,1950.00
6514,2498,2,1,1950.00,,1950.00
6515,2499,1,2,2400.00,,2400.00
6516,2499,2,2,2400.00,,2400.00
6517,2500,1,3,2900.00,,2900.00
6518,2500,2,3,2900.00,,2900.00
6519,2501,1,3,2900.00,,2900.00
6520,2501,2,3,2900.00,,2900.00
6521,2502,1,1,1950.00,,1950.00
6522,2502,2,2,2400.00,,2400.00
6523,2503,1,2,2400.00,,2400.00
6524,2503,2,2,2400.00,,2400.00
6525,2504,1,3,2900.00,,2900.00
6526,2504,2,2,2400.00,,2400.00
6527,2504,3,3,2900.00,,2900.00
6528,2505,1,2,2400.00,,2400.00
6529,2505,2,2,2400.00,,2400.00
6530,2505,3,3,2900.00,,2900.00
6531,2506,1,2,2400.00,,2400.00
6532,2506,2,2,2400.00,,2400.00
6533,2507,1,4,3200.00,,3200.00
6534,2507,2,4,3200.00,,3200.00
6535,2507,3,3,2900.00,,2900.00
6536,2507,4,4,3200.00,,3200.00
6537,2507,5,3,2900.00,,2900.00
6538,2507,6,4,3200.00,,3200.00
6539,2508,1,1,1950.00,,1950.00
6540,2508,2,1,1950.00,,1950.00
6541,2508,3,1,1950.00,,1950.00
6542,2508,4,2,2400.00,,2400.00
6543,2508,5,2,2400.00,,2400.00
6544,2508,6,1,1950.00,,1950.00
6545,2509,1,4,3200.00,,3200.00
6546,2509,2,3,2900.00,,2900.00
6547,2510,1,3,2900.00,,2900.00
6548,2510,2,4,3200.00,,3200.00
6549,2511,1,1,1950.00,,1950.00
6550,2511,2,2,2400.00,,2400.00
6551,2511,3,1,1950.00,,1950.00
6552,2511,4,1,1950.00,,1950.00
6553,2511,5,1,1950.00,,1950.00
6554,2512,1,1,1950.00,,1950.00
6555,2512,2,1,1950.00,,1950.00
6556,2512,3,1,1950.00,,1950.00
6557,2513,1,1,1950.00,,1950.00
6558,2513,2,2,2400.00,,2400.00
6559,2513,3,2,2400.00,,2400.00
6560,2513,4,2,2400.00,,2400.00
6561,2513,5,1,1950.00,,1950.00
6562,2514,1,0,1700.00,,1700.00
6563,2514,2,0,1700.00,,1700.00
6564,2514,3,0,1700.00,,1700.00
6565,2514,4,0,1700.00,,1700.00
6566,2514,5,0,1700.00,,1700.00
6567,2515,1,2,2400.00,,2400.00
6568,2515,2,1,1950.00,,1950.00
6569,2516,1,1,1950.00,,1950.00
6570,2516,2,1,1950.00,,1950.00
6571,2516,3,1,1950.00,,1950.00
6572,2517,1,0,1700.00,,1700.00
6573,2517,2,0,1700.00,,1700.00
6574,2517,3,0,1700.00,,1700.00
6575,2518,1,3,2900.00,,2900.00
6576,2518,2,3,2900.00,,2900.00
6577,2519,1,1,1950.00,,1950.00
6578,2519,2,1,1950.00,,1950.00
6579,2519,3,2,2400.00,,2400.00
6580,2520,1,1,1950.00,,1950.00
6581,2520,2,1,1950.00,,1950.00
6582,2520,3,1,1950.00,,1950.00
6583,2521,1,1,1950.00,,1950.00
6584,2521,2,1,1950.00,,1950.00
6585,2522,1,4,3200.00,,3200.00
6586,2522,2,4,3200.00,,3200.00
6587,2522,3,3,2900.00,,2900.00
6588,2523,1,3,2900.00,,2900.00
6589,2523,2,4,3200.00,,3200.00
6590,2524,1,3,2900.00,,2900.00
6591,2524,2,3,2900.00,,2900.00
6592,2525,1,2,2400.00,,2400.00
6593,2525,2,2,2400.00,,2400.00
6594,2526,1,1,1950.00,,1950.00
6595,2526,2,2,2400.00,,2400.00
6596,2526,3,2,2400.00,,2400.00
6597,2526,4,2,2400.00,,2400.00
6598,2526,5,2,2400.00,,2400.00
6599,2527,1,2,2400.00,,2400.00
6600,2527,2,2,2400.00,,2400.00
6601,2527,3,2,2400.00,,2400.00
6602,2527,4,1,1950.00,,1950.00
6603,2528,1,4,3200.00,,3200.00
6604,2528,2,4,3200.00,,3200.00
6605,2529,1,4,3200.00,,3200.00
6606,2529,2,3,2900.00,,2900.00
6607,2530,1,3,2900.00,,2900.00
6608,2530,2,4,3200.00,,3200.00
6609,2531,1,2,2400.00,,2400.00
6610,2531,2,3,2900.00,,2900.00
6611,2531,3,2,2400.00,,2400.00
6612,2532,1,2,2400.00,,2400.00
6613,2532,2,2,2400.00,,2400.00
6614,2532,3,2,2400.00,,2400.00
6615,2532,4,2,2400.00,,2400.00
6616,2532,5,2,2400.00,,2400.00
6617,2533,1,1,1950.00,,1950.00
6618,2533,2,1,1950.00,,1950.00
6619,2533,3,1,1950.00,,1950.00
6620,2533,4,0,1700.00,,1700.00
6621,2533,5,1,1950.00,,1950.00
6622,2533,6,1,1950.00,,1950.00
6623,2534,1,5,3500.00,,3500.00
6624,2534,2,5,3500.00,,3500.00
6625,2535,1,3,2900.00,,2900.00
6626,2535,2,2,2400.00,,2400.00
6627,2536,1,4,3200.00,,3200.00
6628,2536,2,4,3200.00,,3200.00
6629,2537,1,2,2400.00,,2400.00
6630,2537,2,2,2400.00,,2400.00
6631,2537,3,2,2400.00,,2400.00
6632,2538,1,4,3200.00,,3200.00
6633,2538,2,4,3200.00,,3200.00
6634,2539,1,4,3200.00,,3200.00
6635,2539,2,4,3200.00,,3200.00
6636,2540,1,3,2900.00,,2900.00
6637,2540,2,2,2400.00,,2400.00
6638,2541,1,1,1950.00,,1950.00
6639,2541,2,1,1950.00,,1950.00
6640,2541,3,1,1950.00,,1950.00
6641,2541,4,1,1950.00,,1950.00
6642,2541,5,1,1950.00,,1950.00
6643,2542,1,2,2400.00,,2400.00
6644,2542,2,2,2400.00,,2400.00
6645,2542,3,1,1950.00,,1950.00
6646,2542,4,2,2400.00,,2400.00
6647,2543,1,1,1950.00,,1950.00
6648,2543,2,1,1950.00,,1950.00
6649,2543,3,1,1950.00,,1950.00
6650,2543,4,1,1950.00,,1950.00
6651,2543,5,1,1950.00,,1950.00
6652,2544,1,3,2900.00,,2900.00
6653,2544,2,4,3200.00,,3200.00
6654,2545,1,3,2900.00,,2900.00
6655,2545,2,2,2400.00,,2400.00
6656,2546,1,3,2900.00,,2900.00
6657,2546,2,3,2900.00,,2900.00
6658,2547,1,2,2400.00,,2400.00
6659,2547,2,2,2400.00,,2400.00
6660,2547,3,3,2900.00,,2900.00
6661,2548,1,4,3200.00,,3200.00
6662,2548,2,3,2900.00,,2900.00
6663,2549,1,1,1950.00,,1950.00
6664,2549,2,1,1950.00,,1950.00
6665,2549,3,1,1950.00,,1950.00
6666,2550,1,3,2900.00,,2900.00
6667,2550,2,3,2900.00,,2900.00
6668,2551,1,3,2900.00,,2900.00
6669,2551,2,4,3200.00,,3200.00
6670,2552,1,4,3200.00,,3200.00
6671,2552,2,5,3500.00,,3500.00
6672,2553,1,2,2400.00,,2400.00
6673,2553,2,2,2400.00,,2400.00
6674,2553,3,3,2900.00,,2900.00
6675,2554,1,4,3200.00,,3200.00
6676,2554,2,4,3200.00,,3200.00
6677,2555,1,2,2400.00,,2400.00
6678,2555,2,2,2400.00,,2400.00
6679,2555,3,1,1950.00,,1950.00
6680,2555,4,1,1950.00,,1950.00
6681,2555,5,2,2400.00,,2400.00
6682,2555,6,2,2400.00,,2400.00
6683,2556,1,5,3500.00,,3500.00
6684,2556,2,5,3500.00,,3500.00
6685,2557,1,2,2400.00,,2400.00
6686,2557,2,1,1950.00,,1950.00
6687,2558,1,2,2400.00,,2400.00
6688,2558,2,2,2400.00,,2400.00
6689,2558,3,2,2400.00,,2400.00
6690,2559,1,1,1950.00,,1950.00
6691,2559,2,1,1950.00,,1950.00
6692,2559,3,1,1950.00,,1950.00
6693,2560,1,0,1700.00,,1700.00
6694,2560,2,0,1700.00,,1700.00
6695,2560,3,0,1700.00,,1700.00
6696,2560,4,0,1700.00,,1700.00
6697,2560,5,0,1700.00,,1700.00
6698,2560,6,0,1700.00,,1700.00
6699,2560,7,0,1700.00,,1700.00
6700,2560,8,0,1700.00,,1700.00
6701,2561,1,5,3500.00,,3500.00
6702,2561,2,5,3500.00,,3500.00
6703,2562,1,4,3200.00,,3200.00
6704,2562,2,3,2900.00,,2900.00
6705,2563,1,3,2900.00,,2900.00
6706,2563,2,3,2900.00,,2900.00
6707,2563,3,3,2900.00,,2900.00
6708,2564,1,2,2400.00,,2400.00
6709,2564,2,1,1950.00,,1950.00
6710,2564,3,1,1950.00,,1950.00
6711,2564,4,2,2400.00,,2400.00
6712,2564,5,2,2400.00,,2400.00
6713,2565,1,5,3500.00,,3500.00
6714,2565,2,4,3200.00,,3200.00
6715,2566,1,2,2400.00,,2400.00
6716,2566,2,2,2400.00,,2400.00
6717,2566,3,2,2400.00,,2400.00
6718,2567,1,3,2900.00,,2900.00
6719,2567,2,4,3200.00,,3200.00
6720,2568,1,3,2900.00,,2900.00
6721,2568,2,3,2900.00,,2900.00
6722,2569,1,3,2900.00,,2900.00
6723,2569,2,3,2900.00,,2900.00
6724,2570,1,4,3200.00,,3200.00
6725,2570,2,3,2900.00,,2900.00
6726,2571,1,1,1950.00,,1950.00
6727,2571,2,1,1950.00,,1950.00
6728,2571,3,1,1950.00,,1950.00
6729,2571,4,1,1950.00,,1950.00
6730,2571,5,1,1950.00,,1950.00
6731,2571,6,1,1950.00,,1950.00
6732,2572,1,1,1950.00,,1950.00
6733,2572,2,1,1950.00,,1950.00
6734,2572,3,1,1950.00,,1950.00
6735,2572,4,1,1950.00,,1950.00
6736,2572,5,1,1950.00,,1950.00
6737,2573,1,1,1950.00,,1950.00
6738,2573,2,1,1950.00,,1950.00
6739,2573,3,0,1700.00,,1700.00
6740,2573,4,1,1950.00,,1950.00
6741,2574,1,2,2400.00,,2400.00
6742,2574,2,1,1950.00,,1950.00
6743,2574,3,1,1950.00,,1950.00
6744,2574,4,1,1950.00,,1950.00
6745,2575,1,3,2900.00,,2900.00
6746,2575,2,2,2400.00,,2400.00
6747,2575,3,3,2900.00,,2900.00
6748,2575,4,2,2400.00,,2400.00
6749,2576,1,1,1950.00,,1950.00
6750,2576,2,1,1950.00,,1950.00
6751,2577,1,3,2900.00,,2900.00
6752,2577,2,4,3200.00,,3200.00
6753,2578,1,3,2900.00,,2900.00
6754,2578,2,4,3200.00,,3200.00
6755,2579,1,3,2900.00,,2900.00
6756,2579,2,3,2900.00,,2900.00
6757,2579,3,3,2900.00,,2900.00
6758,2579,4,3,2900.00,,2900.00
6759,2579,5,3,2900.00,,2900.00
6760,2579,6,3,2900.00,,2900.00
6761,2580,1,2,2400.00,,2400.00
6762,2580,2,2,2400.00,,2400.00
6763,2580,3,2,2400.00,,2400.00
6764,2581,1,3,2900.00,,2900.00
6765,2581,2,2,2400.00,,2400.00
6766,2581,3,2,2400.00,,2400.00
6767,2582,1,3,2900.00,,2900.00
6768,2582,2,2,2400.00,,2400.00
6769,2582,3,2,2400.00,,2400.00
6770,2583,1,0,1700.00,,1700.00
6771,2583,2,0,1700.00,,1700.00
6772,2583,3,0,1700.00,,1700.00
6773,2583,4,0,1700.00,,1700.00
6774,2583,5,0,1700.00,,1700.00
6775,2584,1,3,2900.00,,2900.00
6776,2584,2,3,2900.00,,2900.00
6777,2584,3,3,2900.00,,2900.00
6778,2585,1,2,2400.00,,2400.00
6779,2585,2,2,2400.00,,2400.00
6780,2586,1,4,3200.00,,3200.00
6781,2586,2,4,3200.00,,3200.00
6782,2587,1,1,1950.00,,1950.00
6783,2587,2,1,1950.00,,1950.00
6784,2587,3,1,1950.00,,1950.00
6785,2587,4,1,1950.00,,1950.00
6786,2588,1,1,1950.00,,1950.00
6787,2588,2,0,1700.00,,1700.00
6788,2589,1,2,2400.00,,2400.00
6789,2589,2,2,2400.00,,2400.00
6790,2589,3,2,2400.00,,2400.00
6791,2590,1,0,1700.00,,1700.00
6792,2590,2,0,1700.00,,1700.00
6793,2590,3,0,1700.00,,1700.00
6794,2591,1,1,1950.00,,1950.00
6795,2591,2,2,2400.00,,2400.00
6796,2591,3,1,1950.00,,1950.00
6797,2591,4,2,2400.00,,2400.00
6798,2592,1,3,2900.00,,2900.00
6799,2592,2,3,2900.00,,2900.00
6800,2592,3,3,2900.00,,2900.00
6801,2593,1,3,2900.00,,2900.00
6802,2593,2,2,2400.00,,2400.00
6803,2594,1,4,3200.00,,3200.00
6804,2594,2,4,3200.00,,3200.00
6805,2595,1,1,1950.00,,1950.00
6806,2595,2,1,1950.00,,1950.00
6807,2595,3,1,1950.00,,1950.00
6808,2595,4,2,2400.00,,2400.00
6809,2596,1,2,2400.00,,2400.00
6810,2596,2,1,1950.00,,1950.00
6811,2597,1,2,2400.00,,2400.00
6812,2597,2,2,2400.00,,2400.00
6813,2598,1,1,1950.00,,1950.00
6814,2598,2,2,2400.00,,2400.00
6815,2599,1,3,2900.00,,2900.00
6816,2599,2,2,2400.00,,2400.00
6817,2599,3,2,2400.00,,2400.00
6818,2600,1,0,1700.00,,1700.00
6819,2600,2,1,1950.00,,1950.00
6820,2600,3,1,1950.00,,1950.00
6821,2600,4,1,1950.00,,1950.00
6822,2600,5,0,1700.00,,1700.00
6823,2600,6,1,1950.00,,1950.00
6824,2600,7,0,1700.00,,1700.00
6825,2600,8,0,1700.00,,1700.00
6826,2601,1,3,2900.00,,2900.00
6827,2601,2,3,2900.00,,2900.00
6828,2602,1,3,2900.00,,2900.00
6829,2602,2,2,2400.00,,2400.00
6830,2602,3,2,2400.00,,2400.00
6831,2602,4,2,2400.00,,2400.00
6832,2603,1,1,1950.00,,1950.00
6833,2603,2,0,1700.00,,1700.00
6834,2603,3,0,1700.00,,1700.00
6835,2603,4,0,1700.00,,1700.00
6836,2603,5,1,1950.00,,1950.00
6837,2603,6,1,1950.00,,1950.00
6838,2604,1,0,1700.00,,1700.00
6839,2604,2,0,1700.00,,1700.00
6840,2604,3,0,1700.00,,1700.00
6841,2604,4,0,1700.00,,1700.00
6842,2604,5,0,1700.00,,1700.00
6843,2604,6,0,1700.00,,1700.00
6844,2605,1,1,1950.00,,1950.00
6845,2605,2,1,1950.00,,1950.00
6846,2605,3,2,2400.00,,2400.00
6847,2606,1,3,2900.00,,2900.00
6848,2606,2,2,2400.00,,2400.00
6849,2607,1,4,3200.00,,3200.00
6850,2607,2,3,2900.00,,2900.00
6851,2608,1,1,1950.00,,1950.00
6852,2608,2,1,1950.00,,1950.00
6853,2609,1,2,2400.00,,2400.00
6854,2609,2,2,2400.00,,2400.00
6855,2609,3,2,2400.00,,2400.00
6856,2610,1,2,2400.00,,2400.00
6857,2610,2,2,2400.00,,2400.00
6858,2610,3,1,1950.00,,1950.00
6859,2611,1,0,1700.00,,1700.00
6860,2611,2,0,1700.00,,1700.00
6861,2611,3,1,1950.00,,1950.00
6862,2612,1,2,2400.00,,2400.00
6863,2612,2,3,2900.00,,2900.00
6864,2612,3,3,2900.00,,2900.00
6865,2613,1,3,2900.00,,2900.00
6866,2613,2,3,2900.00,,2900.00
6867,2614,1,1,1950.00,,1950.00
6868,2614,2,0,1700.00,,1700.00
6869,2615,1,3,2900.00,,2900.00
6870,2615,2,3,2900.00,,2900.00
6871,2615,3,3,2900.00,,2900.00
6872,2616,1,2,2400.00,,2400.00
6873,2616,2,3,2900.00,,2900.00
6874,2617,1,0,1700.00,,1700.00
6875,2617,2,0,1700.00,,1700.00
6876,2617,3,0,1700.00,,1700.00
6877,2618,1,0,1700.00,,1700.00
6878,2618,2,0,1700.00,,1700.00
6879,2618,3,1,1950.00,,1950.00
6880,2618,4,0,1700.00,,1700.00
6881,2618,5,0,1700.00,,1700.00
6882,2618,6,0,1700.00,,1700.00
6883,2619,1,2,2400.00,,2400.00
6884,2619,2,1,1950.00,,1950.00
6885,2619,3,2,2400.00,,2400.00
6886,2620,1,1,1950.00,,1950.00
6887,2620,2,1,1950.00,,1950.00
6888,2620,3,2,2400.00,,2400.00
6889,2621,1,1,1950.00,,1950.00
6890,2621,2,2,2400.00,,2400.00
6891,2621,3,1,1950.00,,1950.00
6892,2621,4,1,1950.00,,1950.00
6893,2621,5,2,2400.00,,2400.00
6894,2621,6,1,1950.00,,1950.00
6895,2622,1,3,2900.00,,2900.00
6896,2622,2,2,2400.00,,2400.00
6897,2623,1,2,2400.00,,2400.00
6898,2623,2,1,1950.00,,1950.00
6899,2623,3,1,1950.00,,1950.00
6900,2624,1,3,2900.00,,2900.00
6901,2624,2,3,2900.00,,2900.00
6902,2625,1,2,2400.00,,2400.00
6903,2625,2,1,1950.00,,1950.00
6904,2625,3,1,1950.00,,1950.00
6905,2626,1,3,2900.00,,2900.00
6906,2626,2,3,2900.00,,2900.00
6907,2626,3,2,2400.00,,2400.00
6908,2627,1,1,1950.00,,1950.00
6909,2627,2,1,1950.00,,1950.00
6910,2627,3,1,1950.00,,1950.00
6911,2628,1,1,1950.00,,1950.00
6912,2628,2,1,1950.00,,1950.00
6913,2629,1,3,2900.00,,2900.00
6914,2629,2,3,2900.00,,2900.00
6915,2630,1,3,2900.00,,2900.00
6916,2630,2,2,2400.00,,2400.00
6917,2630,3,3,2900.00,,2900.00
6918,2630,4,3,2900.00,,2900.00
6919,2630,5,3,2900.00,,2900.00
6920,2630,6,2,2400.00,,2400.00
6921,2631,1,3,2900.00,,2900.00
6922,2631,2,3,2900.00,,2900.00
6923,2631,3,3,2900.00,,2900.00
6924,2632,1,3,2900.00,,2900.00
6925,2632,2,3,2900.00,,2900.00
6926,2633,1,3,2900.00,,2900.00
6927,2633,2,3,2900.00,,2900.00
6928,2634,1,3,2900.00,,2900.00
6929,2634,2,2,2400.00,,2400.00
6930,2634,3,2,2400.00,,2400.00
6931,2635,1,0,1700.00,,1700.00
6932,2635,2,0,1700.00,,1700.00
6933,2635,3,0,1700.00,,1700.00
6934,2635,4,0,1700.00,,1700.00
6935,2635,5,0,1700.00,,1700.00
6936,2636,1,1,1950.00,,1950.00
6937,2636,2,1,1950.00,,1950.00
6938,2637,1,4,3200.00,,3200.00
6939,2637,2,4,3200.00,,3200.00
6940,2638,1,1,1950.00,,1950.00
6941,2638,2,1,1950.00,,1950.00
6942,2638,3,2,2400.00,,2400.00
6943,2638,4,2,2400.00,,2400.00
6944,2638,5,1,1950.00,,1950.00
6945,2638,6,2,2400.00,,2400.00
6946,2639,1,3,2900.00,,2900.00
6947,2639,2,2,2400.00,,2400.00
6948,2640,1,4,3200.00,,3200.00
6949,2640,2,5,3500.00,,3500.00
6950,2641,1,3,2900.00,,2900.00
6951,2641,2,3,2900.00,,2900.00
6952,2642,1,3,2900.00,,2900.00
6953,2642,2,3,2900.00,,2900.00
6954,2642,3,3,2900.00,,2900.00
6955,2642,4,3,2900.00,,2900.00
6956,2643,1,4,3200.00,,3200.00
6957,2643,2,4,3200.00,,3200.00
6958,2644,1,5,3500.00,,3500.00
6959,2644,2,4,3200.00,,3200.00
6960,2645,1,3,2900.00,,2900.00
6961,2645,2,3,2900.00,,2900.00
6962,2646,1,3,2900.00,,2900.00
6963,2646,2,3,2900.00,,2900.00
6964,2647,1,3,2900.00,,2900.00
6965,2647,2,3,2900.00,,2900.00
6966,2648,1,3,2900.00,,2900.00
6967,2648,2,3,2900.00,,2900.00
6968,2649,1,3,2900.00,,2900.00
6969,2649,2,3,2900.00,,2900.00
6970,2650,1,3,2900.00,,2900.00
6971,2650,2,3,2900.00,,2900.00
6972,2651,1,1,1950.00,,1950.00
6973,2651,2,1,1950.00,,1950.00
6974,2652,1,1,1950.00,,1950.00
6975,2652,2,2,2400.00,,2400.00
6976,2652,3,2,2400.00,,2400.00
6977,2652,4,1,1950.00,,1950.00
6978,2652,5,1,1950.00,,1950.00
6979,2652,6,1,1950.00,,1950.00
6980,2652,7,2,2400.00,,2400.00
6981,2653,1,2,2400.00,,2400.00
6982,2653,2,3,2900.00,,2900.00
6983,2654,1,1,1950.00,,1950.00
6984,2654,2,1,1950.00,,1950.00
6985,2655,1,1,1950.00,,1950.00
6986,2655,2,1,1950.00,,1950.00
6987,2656,1,3,2900.00,,2900.00
6988,2656,2,3,2900.00,,2900.00
6989,2657,1,1,1950.00,,1950.00
6990,2657,2,1,1950.00,,1950.00
6991,2657,3,1,1950.00,,1950.00
6992,2658,1,3,2900.00,,2900.00
6993,2658,2,3,2900.00,,2900.00
6994,2659,1,1,1950.00,,1950.00
6995,2659,2,1,1950.00,,1950.00
6996,2660,1,4,3200.00,,3200.00
6997,2660,2,4,3200.00,,3200.00
6998,2661,1,3,2900.00,,2900.00
6999,2661,2,2,2400.00,,2400.00
7000,2662,1,2,2400.00,,2400.00
7001,2662,2,3,2900.00,,2900.00
7002,2662,3,3,2900.00,,2900.00
7003,2663,1,2,2400.00,,2400.00
7004,2663,2,2,2400.00,,2400.00
7005,2663,3,2,2400.00,,2400.00
7006,2664,1,4,3200.00,,3200.00
7007,2664,2,4,3200.00,,3200.00
7008,2665,1,1,1950.00,,1950.00
7009,2665,2,1,1950.00,,1950.00
7010,2665,3,1,1950.00,,1950.00
7011,2665,4,1,1950.00,,1950.00
7012,2665,5,1,1950.00,,1950.00
7013,2665,6,1,1950.00,,1950.00
7014,2666,1,2,2400.00,,2400.00
7015,2666,2,3,2900.00,,2900.00
7016,2666,3,3,2900.00,,2900.00
7017,2667,1,2,2400.00,,2400.00
7018,2667,2,2,2400.00,,2400.00
7019,2667,3,2,2400.00,,2400.00
7020,2667,4,2,2400.00,,2400.00
7021,2667,5,2,2400.00,,2400.00
7022,2667,6,3,2900.00,,2900.00
7023,2668,1,3,2900.00,,2900.00
7024,2668,2,3,2900.00,,2900.00
7025,2668,3,3,2900.00,,2900.00
7026,2669,1,3,2900.00,,2900.00
7027,2669,2,3,2900.00,,2900.00
7028,2669,3,3,2900.00,,2900.00
7029,2669,4,3,2900.00,,2900.00
7030,2670,1,1,1950.00,,1950.00
7031,2670,2,2,2400.00,,2400.00
7032,2670,3,2,2400.00,,2400.00
7033,2671,1,2,2400.00,,2400.00
7034,2671,2,2,2400.00,,2400.00
7035,2672,1,3,2900.00,,2900.00
7036,2672,2,3,2900.00,,2900.00
7037,2673,1,1,1950.00,,1950.00
7038,2673,2,2,2400.00,,2400.00
7039,2673,3,2,2400.00,,2400.00
7040,2674,1,3,2900.00,,2900.00
7041,2674,2,2,2400.00,,2400.00
7042,2675,1,4,3200.00,,3200.00
7043,2675,2,4,3200.00,,3200.00
7044,2675,3,4,3200.00,,3200.00
7045,2675,4,4,3200.00,,3200.00
7046,2675,5,4,3200.00,,3200.00
7047,2675,6,4,3200.00,,3200.00
7048,2676,1,0,1700.00,,1700.00
7049,2676,2,0,1700.00,,1700.00
7050,2676,3,0,1700.00,,1700.00
7051,2676,4,1,1950.00,,1950.00
7052,2676,5,0,1700.00,,1700.00
7053,2676,6,1,1950.00,,1950.00
7054,2677,1,0,1700.00,,1700.00
7055,2677,2,0,1700.00,,1700.00
7056,2677,3,0,1700.00,,1700.00
7057,2677,4,0,1700.00,,1700.00
7058,2677,5,0,1700.00,,1700.00
7059,2677,6,0,1700.00,,1700.00
7060,2678,1,1,1950.00,,1950.00
7061,2678,2,0,1700.00,,1700.00
7062,2678,3,0,1700.00,,1700.00
7063,2678,4,0,1700.00,,1700.00
7064,2678,5,1,1950.00,,1950.00
7065,2678,6,0,1700.00,,1700.00
7066,2679,1,1,1950.00,,1950.00
7067,2679,2,2,2400.00,,2400.00
7068,2679,3,1,1950.00,,1950.00
7069,2679,4,2,2400.00,,2400.00
7070,2679,5,2,2400.00,,2400.00
7071,2679,6,2,2400.00,,2400.00
7072,2680,1,1,1950.00,,1950.00
7073,2680,2,1,1950.00,,1950.00
7074,2680,3,1,1950.00,,1950.00
7075,2681,1,2,2400.00,,2400.00
7076,2681,2,3,2900.00,,2900.00
7077,2681,3,2,2400.00,,2400.00
7078,2682,1,2,2400.00,,2400.00
7079,2682,2,2,2400.00,,2400.00
7080,2683,1,2,2400.00,,2400.00
7081,2683,2,3,2900.00,,2900.00
7082,2683,3,2,2400.00,,2400.00
7083,2684,1,2,2400.00,,2400.00
7084,2684,2,2,2400.00,,2400.00
7085,2685,1,1,1950.00,,1950.00
7086,2685,2,1,1950.00,,1950.00
7087,2685,3,1,1950.00,,1950.00
7088,2686,1,4,3200.00,,3200.00
7089,2686,2,4,3200.00,,3200.00
7090,2687,1,1,1950.00,,1950.00
7091,2687,2,1,1950.00,,1950.00
7092,2688,1,1,1950.00,,1950.00
7093,2688,2,1,1950.00,,1950.00
7094,2688,3,1,1950.00,,1950.00
7095,2689,1,4,3200.00,,3200.00
7096,2689,2,4,3200.00,,3200.00
7097,2690,1,2,2400.00,,2400.00
7098,2690,2,1,1950.00,,1950.00
7099,2691,1,2,2400.00,,2400.00
7100,2691,2,3,2900.00,,2900.00
7101,2691,3,3,2900.00,,2900.00
7102,2692,1,4,3200.00,,3200.00
7103,2692,2,4,3200.00,,3200.00
7104,2693,1,3,2900.00,,2900.00
7105,2693,2,3,2900.00,,2900.00
7106,2694,1,4,3200.00,,3200.00
7107,2694,2,3,2900.00,,2900.00
7108,2695,1,2,2400.00,,2400.00
7109,2695,2,2,2400.00,,2400.00
7110,2696,1,1,1950.00,,1950.00
7111,2696,2,1,1950.00,,1950.00
7112,2696,3,1,1950.00,,1950.00
7113,2696,4,1,1950.00,,1950.00
7114,2696,5,1,1950.00,,1950.00
7115,2696,6,1,1950.00,,1950.00
7116,2697,1,2,2400.00,,2400.00
7117,2697,2,3,2900.00,,2900.00
7118,2698,1,3,2900.00,,2900.00
7119,2698,2,3,2900.00,,2900.00
7120,2699,1,1,1950.00,,1950.00
7121,2699,2,2,2400.00,,2400.00
7122,2700,1,2,2400.00,,2400.00
7123,2700,2,2,2400.00,,2400.00
7124,2701,1,3,2900.00,,2900.00
7125,2701,2,3,2900.00,,2900.00
7126,2702,1,3,2900.00,,2900.00
7127,2702,2,3,2900.00,,2900.00
7128,2703,1,1,1950.00,,1950.00
7129,2703,2,1,1950.00,,1950.00
7130,2703,3,1,1950.00,,1950.00
7131,2704,1,2,2400.00,,2400.00
7132,2704,2,3,2900.00,,2900.00
7133,2704,3,3,2900.00,,2900.00
7134,2705,1,3,2900.00,,2900.00
7135,2705,2,3,2900.00,,2900.00
7136,2706,1,1,1950.00,,1950.00
7137,2706,2,1,1950.00,,1950.00
7138,2707,1,1,1950.00,,1950.00
7139,2707,2,1,1950.00,,1950.00
7140,2707,3,1,1950.00,,1950.00
7141,2707,4,1,1950.00,,1950.00
7142,2708,1,1,1950.00,,1950.00
7143,2708,2,1,1950.00,,1950.00
7144,2709,1,1,1950.00,,1950.00
7145,2709,2,2,2400.00,,2400.00
7146,2710,1,2,2400.00,,2400.00
7147,2710,2,1,1950.00,,1950.00
7148,2711,1,1,1950.00,,1950.00
7149,2711,2,2,2400.00,,2400.00
7150,2712,1,2,2400.00,,2400.00
7151,2712,2,2,2400.00,,2400.00
7152,2713,1,3,2900.00,,2900.00
7153,2713,2,2,2400.00,,2400.00
7154,2714,1,1,1950.00,,1950.00
7155,2714,2,2,2400.00,,2400.00
7156,2715,1,2,2400.00,,2400.00
7157,2715,2,2,2400.00,,2400.00
7158,2716,1,1,1950.00,,1950.00
7159,2716,2,0,1700.00,,1700.00
7160,2717,1,2,2400.00,,2400.00
7161,2717,2,2,2400.00,,2400.00
7162,2718,1,1,1950.00,,1950.00
7163,2718,2,1,1950.00,,1950.00
7164,2719,1,3,2900.00,,2900.00
7165,2719,2,3,2900.00,,2900.00
7166,2720,1,1,1950.00,,1950.00
7167,2720,2,2,2400.00,,2400.00
7168,2720,3,1,1950.00,,1950.00
7169,2721,1,2,2400.00,,2400.00
7170,2721,2,3,2900.00,,2900.00
7171,2722,1,3,2900.00,,2900.00
7172,2722,2,3,2900.00,,2900.00
7173,2722,3,2,2400.00,,2400.00
7174,2723,1,1,1950.00,,1950.00
7175,2723,2,1,1950.00,,1950.00
7176,2723,3,1,1950.00,,1950.00
7177,2724,1,2,2400.00,,2400.00
7178,2724,2,2,2400.00,,2400.00
7179,2725,1,2,2400.00,,2400.00
7180,2725,2,2,2400.00,,2400.00
7181,2726,1,2,2400.00,,2400.00
7182,2726,2,2,2400.00,,2400.00
7183,2727,1,3,2900.00,,2900.00
7184,2727,2,3,2900.00,,2900.00
7185,2728,1,3,2900.00,,2900.00
7186,2728,2,3,2900.00,,2900.00
7187,2729,1,2,2400.00,,2400.00
7188,2729,2,1,1950.00,,1950.00
7189,2729,3,1,1950.00,,1950.00
7190,2729,4,1,1950.00,,1950.00
7191,2730,1,1,1950.00,,1950.00
7192,2730,2,1,1950.00,,1950.00
7193,2730,3,1,1950.00,,1950.00
7194,2731,1,3,2900.00,,2900.00
7195,2731,2,4,3200.00,,3200.00
7196,2732,1,4,3200.00,,3200.00
7197,2732,2,3,2900.00,,2900.00
7198,2732,3,3,2900.00,,2900.00
7199,2733,1,2,2400.00,,2400.00
7200,2733,2,3,2900.00,,2900.00
7201,2734,1,2,2400.00,,2400.00
7202,2734,2,2,2400.00,,2400.00
7203,2735,1,2,2400.00,,2400.00
7204,2735,2,2,2400.00,,2400.00
7205,2735,3,2,2400.00,,2400.00
7206,2736,1,3,2900.00,,2900.00
7207,2736,2,3,2900.00,,2900.00
7208,2737,1,1,1950.00,,1950.00
7209,2737,2,1,1950.00,,1950.00
7210,2737,3,0,1700.00,,1700.00
7211,2737,4,1,1950.00,,1950.00
7212,2737,5,1,1950.00,,1950.00
7213,2737,6,1,1950.00,,1950.00
7214,2738,1,3,2900.00,,2900.00
7215,2738,2,3,2900.00,,2900.00
7216,2739,1,1,1950.00,,1950.00
7217,2739,2,2,2400.00,,2400.00
7218,2739,3,1,1950.00,,1950.00
7219,2740,1,4,3200.00,,3200.00
7220,2740,2,3,2900.00,,2900.00
7221,2741,1,2,2400.00,,2400.00
7222,2741,2,3,2900.00,,2900.00
7223,2741,3,2,2400.00,,2400.00
7224,2742,1,3,2900.00,,2900.00
7225,2742,2,3,2900.00,,2900.00
7226,2743,1,3,2900.00,,2900.00
7227,2743,2,3,2900.00,,2900.00
7228,2744,1,3,2900.00,,2900.00
7229,2744,2,3,2900.00,,2900.00
7230,2745,1,3,2900.00,,2900.00
7231,2745,2,3,2900.00,,2900.00
7232,2745,3,3,2900.00,,2900.00
7233,2746,1,4,3200.00,,3200.00
7234,2746,2,3,2900.00,,2900.00
7235,2747,1,1,1950.00,,1950.00
7236,2747,2,2,2400.00,,2400.00
7237,2748,1,2,2400.00,,2400.00
7238,2748,2,2,2400.00,,2400.00
7239,2748,3,2,2400.00,,2400.00
7240,2749,1,2,2400.00,,2400.00
7241,2749,2,1,1950.00,,1950.00
7242,2750,1,3,2900.00,,2900.00
7243,2750,2,2,2400.00,,2400.00
7244,2751,1,3,2900.00,,2900.00
7245,2751,2,3,2900.00,,2900.00
7246,2751,3,3,2900.00,,2900.00
7247,2752,1,1,1950.00,,1950.00
7248,2752,2,1,1950.00,,1950.00
7249,2752,3,1,1950.00,,1950.00
7250,2753,1,3,2900.00,,2900.00
7251,2753,2,3,2900.00,,2900.00
7252,2754,1,2,2400.00,,2400.00
7253,2754,2,1,1950.00,,1950.00
7254,2755,1,3,2900.00,,2900.00
7255,2755,2,3,2900.00,,2900.00
7256,2756,1,5,3500.00,,3500.00
7257,2756,2,4,3200.00,,3200.00
7258,2757,1,3,2900.00,,2900.00
7259,2757,2,3,2900.00,,2900.00
7260,2758,1,0,1700.00,,1700.00
7261,2758,2,0,1700.00,,1700.00
7262,2759,1,2,2400.00,,2400.00
7263,2759,2,2,2400.00,,2400.00
7264,2760,1,2,2400.00,,2400.00
7265,2760,2,2,2400.00,,2400.00
7266,2761,1,2,2400.00,,2400.00
7267,2761,2,2,2400.00,,2400.00
7268,2761,3,2,2400.00,,2400.00
7269,2762,1,2,2400.00,,2400.00
7270,2762,2,1,1950.00,,1950.00
7271,2762,3,2,2400.00,,2400.00
7272,2763,1,1,1950.00,,1950.00
7273,2763,2,1,1950.00,,1950.00
7274,2764,1,3,2900.00,,2900.00
7275,2764,2,2,2400.00,,2400.00
7276,2764,3,2,2400.00,,2400.00
7277,2765,1,1,1950.00,,1950.00
7278,2765,2,2,2400.00,,2400.00
7279,2765,3,1,1950.00,,1950.00
7280,2766,1,3,2900.00,,2900.00
7281,2766,2,2,2400.00,,2400.00
7282,2767,1,1,1950.00,,1950.00
7283,2767,2,1,1950.00,,1950.00
7284,2767,3,1,1950.00,,1950.00
7285,2767,4,1,1950.00,,1950.00
7286,2768,1,0,1700.00,,1700.00
7287,2768,2,0,1700.00,,1700.00
7288,2768,3,0,1700.00,,1700.00
7289,2768,4,0,1700.00,,1700.00
7290,2769,1,3,2900.00,,2900.00
7291,2769,2,2,2400.00,,2400.00
7292,2769,3,3,2900.00,,2900.00
7293,2770,1,2,2400.00,,2400.00
7294,2770,2,1,1950.00,,1950.00
7295,2771,1,2,2400.00,,2400.00
7296,2771,2,2,2400.00,,2400.00
7297,2771,3,2,2400.00,,2400.00
7298,2772,1,2,2400.00,,2400.00
7299,2772,2,2,2400.00,,2400.00
7300,2772,3,2,2400.00,,2400.00
7301,2773,1,2,2400.00,,2400.00
7302,2773,2,3,2900.00,,2900.00
7303,2774,1,2,2400.00,,2400.00
7304,2774,2,2,2400.00,,2400.00
7305,2774,3,2,2400.00,,2400.00
7306,2775,1,2,2400.00,,2400.00
7307,2775,2,2,2400.00,,2400.00
7308,2775,3,2,2400.00,,2400.00
7309,2776,1,0,1700.00,,1700.00
7310,2776,2,0,1700.00,,1700.00
7311,2776,3,1,1950.00,,1950.00
7312,2776,4,0,1700.00,,1700.00
7313,2777,1,3,2900.00,,2900.00
7314,2777,2,2,2400.00,,2400.00
7315,2777,3,2,2400.00,,2400.00
7316,2778,1,2,2400.00,,2400.00
7317,2778,2,1,1950.00,,1950.00
7318,2778,3,1,1950.00,,1950.00
7319,2779,1,3,2900.00,,2900.00
7320,2779,2,3,2900.00,,2900.00
7321,2780,1,3,2900.00,,2900.00
7322,2780,2,3,2900.00,,2900.00
7323,2781,1,2,2400.00,,2400.00
7324,2781,2,2,2400.00,,2400.00
7325,2781,3,2,2400.00,,2400.00
7326,2781,4,2,2400.00,,2400.00
7327,2781,5,2,2400.00,,2400.00
7328,2781,6,2,2400.00,,2400.00
7329,2782,1,3,2900.00,,2900.00
7330,2782,2,2,2400.00,,2400.00
7331,2782,3,2,2400.00,,2400.00
7332,2783,1,1,1950.00,,1950.00
7333,2783,2,2,2400.00,,2400.00
7334,2783,3,2,2400.00,,2400.00
7335,2784,1,3,2900.00,,2900.00
7336,2784,2,3,2900.00,,2900.00
7337,2785,1,3,2900.00,,2900.00
7338,2785,2,3,2900.00,,2900.00
7339,2786,1,3,2900.00,,2900.00
7340,2786,2,3,2900.00,,2900.00
7341,2786,3,3,2900.00,,2900.00
7342,2787,1,3,2900.00,,2900.00
7343,2787,2,3,2900.00,,2900.00
7344,2788,1,1,1950.00,,1950.00
7345,2788,2,1,1950.00,,1950.00
7346,2788,3,1,1950.00,,1950.00
7347,2789,1,1,1950.00,,1950.00
7348,2789,2,1,1950.00,,1950.00
7349,2789,3,1,1950.00,,1950.00
7350,2790,1,2,2400.00,,2400.00
7351,2790,2,2,2400.00,,2400.00
7352,2791,1,3,2900.00,,2900.00
7353,2791,2,3,2900.00,,2900.00
7354,2792,1,2,2400.00,,2400.00
7355,2792,2,2,2400.00,,2400.00
7356,2793,1,3,2900.00,,2900.00
7357,2793,2,2,2400.00,,2400.00
7358,2794,1,2,2400.00,,2400.00
7359,2794,2,2,2400.00,,2400.00
7360,2795,1,2,2400.00,,2400.00
7361,2795,2,1,1950.00,,1950.00
7362,2796,1,3,2900.00,,2900.00
7363,2796,2,3,2900.00,,2900.00
7364,2797,1,1,1950.00,,1950.00
7365,2797,2,1,1950.00,,1950.00
7366,2797,3,1,1950.00,,1950.00
7367,2797,4,1,1950.00,,1950.00
7368,2798,1,3,2900.00,,2900.00
7369,2798,2,3,2900.00,,2900.00
7370,2799,1,2,2400.00,,2400.00
7371,2799,2,2,2400.00,,2400.00
7372,2799,3,2,2400.00,,2400.00
7373,2800,1,1,1950.00,,1950.00
7374,2800,2,1,1950.00,,1950.00
7375,2801,1,2,2400.00,,2400.00
7376,2801,2,2,2400.00,,2400.00
7377,2801,3,2,2400.00,,2400.00
7378,2802,1,3,2900.00,,2900.00
7379,2802,2,3,2900.00,,2900.00
7380,2802,3,3,2900.00,,2900.00
7381,2803,1,1,1950.00,,1950.00
7382,2803,2,1,1950.00,,1950.00
7383,2803,3,1,1950.00,,1950.00
7384,2804,1,1,1950.00,,1950.00
7385,2804,2,1,1950.00,,1950.00
7386,2805,1,2,2400.00,,2400.00
7387,2805,2,3,2900.00,,2900.00
7388,2806,1,2,2400.00,,2400.00
7389,2806,2,2,2400.00,,2400.00
7390,2807,1,2,2400.00,,2400.00
7391,2807,2,3,2900.00,,2900.00
7392,2808,1,2,2400.00,,2400.00
7393,2808,2,2,2400.00,,2400.00
7394,2809,1,1,1950.00,,1950.00
7395,2809,2,2,2400.00,,2400.00
7396,2809,3,1,1950.00,,1950.00
7397,2810,1,1,1950.00,,1950.00
7398,2810,2,2,2400.00,,2400.00
7399,2811,1,2,2400.00,,2400.00
7400,2811,2,2,2400.00,,2400.00
7401,2811,3,2,2400.00,,2400.00
7402,2812,1,3,2900.00,,2900.00
7403,2812,2,2,2400.00,,2400.00
7404,2812,3,2,2400.00,,2400.00
7405,2813,1,0,1700.00,,1700.00
7406,2813,2,0,1700.00,,1700.00
7407,2813,3,0,1700.00,,1700.00
7408,2813,4,0,1700.00,,1700.00
7409,2814,1,3,2900.00,,2900.00
7410,2814,2,3,2900.00,,2900.00
7411,2814,3,3,2900.00,,2900.00
7412,2815,1,2,2400.00,,2400.00
7413,2815,2,2,2400.00,,2400.00
7414,2815,3,2,2400.00,,2400.00
7415,2816,1,2,2400.00,,2400.00
7416,2816,2,3,2900.00,,2900.00
7417,2817,1,3,2900.00,,2900.00
7418,2817,2,3,2900.00,,2900.00
7419,2817,3,2,2400.00,,2400.00
7420,2818,1,1,1950.00,,1950.00
7421,2818,2,1,1950.00,,1950.00
7422,2818,3,1,1950.00,,1950.00
7423,2819,1,3,2900.00,,2900.00
7424,2819,2,2,2400.00,,2400.00
7425,2819,3,3,2900.00,,2900.00
7426,2820,1,2,2400.00,,2400.00
7427,2820,2,1,1950.00,,1950.00
7428,2821,1,2,2400.00,,2400.00
7429,2821,2,3,2900.00,,2900.00
7430,2822,1,2,2400.00,,2400.00
7431,2822,2,2,2400.00,,2400.00
7432,2823,1,2,2400.00,,2400.00
7433,2823,2,3,2900.00,,2900.00
7434,2824,1,2,2400.00,,2400.00
7435,2824,2,3,2900.00,,2900.00
7436,2824,3,3,2900.00,,2900.00
7437,2825,1,2,2400.00,,2400.00
7438,2825,2,2,2400.00,,2400.00
7439,2825,3,3,2900.00,,2900.00
7440,2826,1,1,1950.00,,1950.00
7441,2826,2,1,1950.00,,1950.00
7442,2827,1,1,1950.00,,1950.00
7443,2827,2,1,1950.00,,1950.00
7444,2827,3,1,1950.00,,1950.00
7445,2828,1,2,2400.00,,2400.00
7446,2828,2,1,1950.00,,1950.00
7447,2828,3,2,2400.00,,2400.00
7448,2829,1,2,2400.00,,2400.00
7449,2829,2,2,2400.00,,2400.00
7450,2830,1,3,2900.00,,2900.00
7451,2830,2,3,2900.00,,2900.00
7452,2830,3,3,2900.00,,2900.00
7453,2831,1,1,1950.00,,1950.00
7454,2831,2,1,1950.00,,1950.00
7455,2832,1,2,2400.00,,2400.00
7456,2832,2,2,2400.00,,2400.00
7457,2832,3,3,2900.00,,2900.00
7458,2833,1,2,2400.00,,2400.00
7459,2833,2,2,2400.00,,2400.00
7460,2834,1,1,1950.00,,1950.00
7461,2834,2,2,2400.00,,2400.00
7462,2834,3,2,2400.00,,2400.00
7463,2834,4,2,2400.00,,2400.00
7464,2834,5,2,2400.00,,2400.00
7465,2834,6,2,2400.00,,2400.00
7466,2835,1,2,2400.00,,2400.00
7467,2835,2,2,2400.00,,2400.00
7468,2836,1,0,1700.00,,1700.00
7469,2836,2,0,1700.00,,1700.00
7470,2836,3,0,1700.00,,1700.00
7471,2837,1,2,2400.00,,2400.00
7472,2837,2,1,1950.00,,1950.00
7473,2837,3,2,2400.00,,2400.00
7474,2838,1,2,2400.00,,2400.00
7475,2838,2,2,2400.00,,2400.00
7476,2838,3,3,2900.00,,2900.00
7477,2839,1,3,2900.00,,2900.00
7478,2839,2,3,2900.00,,2900.00
7479,2840,1,1,1950.00,,1950.00
7480,2840,2,2,2400.00,,2400.00
7481,2840,3,1,1950.00,,1950.00
7482,2841,1,2,2400.00,,2400.00
7483,2841,2,2,2400.00,,2400.00
7484,2841,3,2,2400.00,,2400.00
7485,2842,1,2,2400.00,,2400.00
7486,2842,2,3,2900.00,,2900.00
7487,2843,1,2,2400.00,,2400.00
7488,2843,2,1,1950.00,,1950.00
7489,2844,1,3,2900.00,,2900.00
7490,2844,2,2,2400.00,,2400.00
7491,2845,1,2,2400.00,,2400.00
7492,2845,2,2,2400.00,,2400.00
7493,2846,1,2,2400.00,,2400.00
7494,2846,2,2,2400.00,,2400.00
7495,2847,1,2,2400.00,,2400.00
7496,2847,2,2,2400.00,,2400.00
7497,2848,1,1,1950.00,,1950.00
7498,2848,2,2,2400.00,,2400.00
7499,2848,3,2,2400.00,,2400.00
7500,2849,1,1,1950.00,,1950.00
7501,2849,2,2,2400.00,,2400.00
7502,2850,1,2,2400.00,,2400.00
7503,2850,2,2,2400.00,,2400.00
7504,2851,1,2,2400.00,,2400.00
7505,2851,2,2,2400.00,,2400.00
7506,2852,1,1,1950.00,,1950.00
7507,2852,2,1,1950.00,,1950.00
7508,2853,1,2,2400.00,,2400.00
7509,2853,2,2,2400.00,,2400.00
7510,2854,1,2,2400.00,,2400.00
7511,2854,2,3,2900.00,,2900.00
7512,2855,1,1,1950.00,,1950.00
7513,2855,2,1,1950.00,,1950.00
7514,2856,1,1,1950.00,,1950.00
7515,2856,2,2,2400.00,,2400.00
7516,2857,1,2,2400.00,,2400.00
7517,2857,2,2,2400.00,,2400.00
7518,2857,3,2,2400.00,,2400.00
7519,2858,1,2,2400.00,,2400.00
7520,2858,2,2,2400.00,,2400.00
7521,2858,3,1,1950.00,,1950.00
7522,2859,1,2,2400.00,,2400.00
7523,2859,2,2,2400.00,,2400.00
7524,2859,3,3,2900.00,,2900.00
7525,2860,1,1,1950.00,,1950.00
7526,2860,2,1,1950.00,,1950.00
7527,2861,1,3,2900.00,,2900.00
7528,2861,2,3,2900.00,,2900.00
7529,2862,1,1,1950.00,,1950.00
7530,2862,2,2,2400.00,,2400.00
7531,2862,3,2,2400.00,,2400.00
7532,2863,1,0,1700.00,,1700.00
7533,2863,2,1,1950.00,,1950.00
7534,2863,3,1,1950.00,,1950.00
7535,2863,4,1,1950.00,,1950.00
7536,2864,1,2,2400.00,,2400.00
7537,2864,2,2,2400.00,,2400.00
7538,2864,3,2,2400.00,,2400.00
7539,2865,1,2,2400.00,,2400.00
7540,2865,2,2,2400.00,,2400.00
7541,2866,1,2,2400.00,,2400.00
7542,2866,2,3,2900.00,,2900.00
7543,2867,1,3,2900.00,,2900.00
7544,2867,2,2,2400.00,,2400.00
7545,2868,1,2,2400.00,,2400.00
7546,2868,2,2,2400.00,,2400.00
7547,2868,3,1,1950.00,,1950.00
7548,2869,1,3,2900.00,,2900.00
7549,2869,2,3,2900.00,,2900.00
7550,2869,3,3,2900.00,,2900.00
7551,2870,1,2,2400.00,,2400.00
7552,2870,2,2,2400.00,,2400.00
7553,2871,1,2,2400.00,,2400.00
7554,2871,2,3,2900.00,,2900.00
7555,2872,1,3,2900.00,,2900.00
7556,2872,2,3,2900.00,,2900.00
7557,2873,1,0,1700.00,,1700.00
7558,2873,2,1,1950.00,,1950.00
7559,2874,1,4,3200.00,,3200.00
7560,2874,2,4,3200.00,,3200.00
7561,2874,3,4,3200.00,,3200.00
7562,2874,4,4,3200.00,,3200.00
7563,2875,1,2,2400.00,,2400.00
7564,2875,2,1,1950.00,,1950.00
7565,2876,1,3,2900.00,,2900.00
7566,2876,2,3,2900.00,,2900.00
7567,2877,1,2,2400.00,,2400.00
7568,2877,2,2,2400.00,,2400.00
7569,2878,1,2,2400.00,,2400.00
7570,2878,2,2,2400.00,,2400.00
7571,2879,1,1,1950.00,,1950.00
7572,2879,2,2,2400.00,,2400.00
7573,2880,1,2,2400.00,,2400.00
7574,2880,2,2,2400.00,,2400.00
7575,2881,1,2,2400.00,,2400.00
7576,2881,2,2,2400.00,,2400.00
7577,2882,1,2,2400.00,,2400.00
7578,2882,2,2,2400.00,,2400.00
7579,2883,1,3,2900.00,,2900.00
7580,2883,2,3,2900.00,,2900.00
7581,2884,1,1,1950.00,,1950.00
7582,2884,2,0,1700.00,,1700.00
7583,2885,1,2,2400.00,,2400.00
7584,2885,2,3,2900.00,,2900.00
7585,2886,1,1,1950.00,,1950.00
7586,2886,2,1,1950.00,,1950.00
7587,2887,1,4,3200.00,,3200.00
7588,2887,2,4,3200.00,,3200.00
7589,2888,1,3,2900.00,,2900.00
7590,2888,2,4,3200.00,,3200.00
7591,2889,1,1,1950.00,,1950.00
7592,2889,2,1,1950.00,,1950.00
7593,2889,3,1,1950.00,,1950.00
7594,2890,1,1,1950.00,,1950.00
7595,2890,2,1,1950.00,,1950.00
7596,2891,1,1,1950.00,,1950.00
7597,2891,2,1,1950.00,,1950.00
7598,2891,3,1,1950.00,,1950.00
7599,2892,1,2,2400.00,,2400.00
7600,2892,2,1,1950.00,,1950.00
7601,2893,1,2,2400.00,,2400.00
7602,2893,2,2,2400.00,,2400.00
7603,2894,1,2,2400.00,,2400.00
7604,2894,2,2,2400.00,,2400.00
7605,2895,1,1,1950.00,,1950.00
7606,2895,2,1,1950.00,,1950.00
7607,2896,1,1,1950.00,,1950.00
7608,2896,2,2,2400.00,,2400.00
7609,2896,3,1,1950.00,,1950.00
7610,2896,4,1,1950.00,,1950.00
7611,2897,1,3,2900.00,,2900.00
7612,2897,2,2,2400.00,,2400.00
7613,2898,1,2,2400.00,,2400.00
7614,2898,2,2,2400.00,,2400.00
7615,2898,3,2,2400.00,,2400.00
7616,2899,1,2,2400.00,,2400.00
7617,2899,2,2,2400.00,,2400.00
7618,2900,1,2,2400.00,,2400.00
7619,2900,2,2,2400.00,,2400.00
7620,2900,3,1,1950.00,,1950.00
7621,2901,1,3,2900.00,,2900.00
7622,2901,2,3,2900.00,,2900.00
7623,2901,3,3,2900.00,,2900.00
7624,2902,1,3,2900.00,,2900.00
7625,2902,2,3,2900.00,,2900.00
7626,2903,1,2,2400.00,,2400.00
7627,2903,2,2,2400.00,,2400.00
7628,2903,3,2,2400.00,,2400.00
7629,2904,1,3,2900.00,,2900.00
7630,2904,2,2,2400.00,,2400.00
7631,2905,1,3,2900.00,,2900.00
7632,2905,2,4,3200.00,,3200.00
7633,2906,1,2,2400.00,,2400.00
7634,2906,2,3,2900.00,,2900.00
7635,2906,3,2,2400.00,,2400.00
7636,2907,1,2,2400.00,,2400.00
7637,2907,2,2,2400.00,,2400.00
7638,2907,3,2,2400.00,,2400.00
7639,2908,1,2,2400.00,,2400.00
7640,2908,2,2,2400.00,,2400.00
7641,2909,1,2,2400.00,,2400.00
7642,2909,2,2,2400.00,,2400.00
7643,2910,1,2,2400.00,,2400.00
7644,2910,2,2,2400.00,,2400.00
7645,2911,1,2,2400.00,,2400.00
7646,2911,2,2,2400.00,,2400.00
7647,2912,1,2,2400.00,,2400.00
7648,2912,2,2,2400.00,,2400.00
7649,2913,1,1,1950.00,,1950.00
7650,2913,2,1,1950.00,,1950.00
7651,2914,1,1,1950.00,,1950.00
7652,2914,2,1,1950.00,,1950.00
7653,2915,1,0,1700.00,,1700.00
7654,2915,2,0,1700.00,,1700.00
7655,2916,1,1,1950.00,,1950.00
7656,2916,2,1,1950.00,,1950.00
7657,2917,1,3,2900.00,,2900.00
7658,2917,2,3,2900.00,,2900.00
7659,2918,1,2,2400.00,,2400.00
7660,2918,2,2,2400.00,,2400.00
7661,2918,3,2,2400.00,,2400.00
7662,2919,1,1,1950.00,,1950.00
7663,2919,2,1,1950.00,,1950.00
7664,2919,3,1,1950.00,,1950.00
7665,2920,1,2,2400.00,,2400.00
7666,2920,2,3,2900.00,,2900.00
7667,2921,1,3,2900.00,,2900.00
7668,2921,2,3,2900.00,,2900.00
7669,2921,3,3,2900.00,,2900.00
7670,2922,1,0,1700.00,,1700.00
7671,2922,2,0,1700.00,,1700.00
7672,2922,3,0,1700.00,,1700.00
7673,2923,1,3,2900.00,,2900.00
7674,2923,2,3,2900.00,,2900.00
7675,2924,1,2,2400.00,,2400.00
7676,2924,2,2,2400.00,,2400.00
7677,2925,1,2,2400.00,,2400.00
7678,2925,2,3,2900.00,,2900.00
7679,2925,3,2,2400.00,,2400.00
7680,2926,1,3,2900.00,,2900.00
7681,2926,2,3,2900.00,,2900.00
7682,2926,3,3,2900.00,,2900.00
7683,2927,1,3,2900.00,,2900.00
7684,2927,2,3,2900.00,,2900.00
7685,2927,3,3,2900.00,,2900.00
7686,2928,1,2,2400.00,,2400.00
7687,2928,2,2,2400.00,,2400.00
7688,2928,3,3,2900.00,,2900.00
7689,2929,1,2,2400.00,,2400.00
7690,2929,2,2,2400.00,,2400.00
7691,2930,1,3,2900.00,,2900.00
7692,2930,2,3,2900.00,,2900.00
7693,2930,3,2,2400.00,,2400.00
7694,2931,1,2,2400.00,,2400.00
7695,2931,2,2,2400.00,,2400.00
7696,2931,3,1,1950.00,,1950.00
7697,2932,1,1,1950.00,,1950.00
7698,2932,2,2,2400.00,,2400.00
7699,2933,1,3,2900.00,,2900.00
7700,2933,2,3,2900.00,,2900.00
7701,2934,1,1,1950.00,,1950.00
7702,2934,2,2,2400.00,,2400.00
7703,2935,1,2,2400.00,,2400.00
7704,2935,2,1,1950.00,,1950.00
7705,2936,1,2,2400.00,,2400.00
7706,2936,2,2,2400.00,,2400.00
7707,2936,3,2,2400.00,,2400.00
7708,2937,1,3,2900.00,,2900.00
7709,2937,2,2,2400.00,,2400.00
7710,2938,1,3,2900.00,,2900.00
7711,2938,2,2,2400.00,,2400.00
7712,2939,1,2,2400.00,,2400.00
7713,2939,2,2,2400.00,,2400.00
7714,2939,3,1,1950.00,,1950.00
7715,2940,1,2,2400.00,,2400.00
7716,2940,2,1,1950.00,,1950.00
7717,2941,1,2,2400.00,,2400.00
7718,2941,2,1,1950.00,,1950.00
7719,2941,3,2,2400.00,,2400.00
7720,2942,1,2,2400.00,,2400.00
7721,2942,2,2,2400.00,,2400.00
7722,2942,3,1,1950.00,,1950.00
7723,2943,1,1,1950.00,,1950.00
7724,2943,2,1,1950.00,,1950.00
7725,2943,3,1,1950.00,,1950.00
7726,2944,1,2,2400.00,,2400.00
7727,2944,2,2,2400.00,,2400.00
7728,2944,3,2,2400.00,,2400.00
7729,2945,1,3,2900.00,,2900.00
7730,2945,2,3,2900.00,,2900.00
7731,2946,1,3,2900.00,,2900.00
7732,2946,2,3,2900.00,,2900.00
7733,2947,1,1,1950.00,,1950.00
7734,2947,2,1,1950.00,,1950.00
7735,2948,1,2,2400.00,,2400.00
7736,2948,2,2,2400.00,,2400.00
7737,2949,1,0,1700.00,,1700.00
7738,2949,2,0,1700.00,,1700.00
7739,2950,1,1,1950.00,,1950.00
7740,2950,2,1,1950.00,,1950.00
7741,2951,1,2,2400.00,,2400.00
7742,2951,2,1,1950.00,,1950.00
7743,2952,1,2,2400.00,,2400.00
7744,2952,2,2,2400.00,,2400.00
7745,2952,3,2,2400.00,,2400.00
7746,2953,1,2,2400.00,,2400.00
7747,2953,2,1,1950.00,,1950.00
7748,2953,3,2,2400.00,,2400.00
7749,2954,1,2,2400.00,,2400.00
7750,2954,2,3,2900.00,,2900.00
7751,2955,1,1,1950.00,,1950.00
7752,2955,2,1,1950.00,,1950.00
7753,2956,1,1,1950.00,,1950.00
7754,2956,2,1,1950.00,,1950.00
7755,2956,3,2,2400.00,,2400.00
7756,2957,1,2,2400.00,,2400.00
7757,2957,2,1,1950.00,,1950.00
7758,2957,3,1,1950.00,,1950.00
7759,2958,1,2,2400.00,,2400.00
7760,2958,2,3,2900.00,,2900.00
7761,2959,1,3,2900.00,,2900.00
7762,2959,2,3,2900.00,,2900.00
7763,2960,1,2,2400.00,,2400.00
7764,2960,2,1,1950.00,,1950.00
7765,2960,3,2,2400.00,,2400.00
7766,2960,4,2,2400.00,,2400.00
7767,2960,5,2,2400.00,,2400.00
7768,2960,6,1,1950.00,,1950.00
7769,2961,1,2,2400.00,,2400.00
7770,2961,2,1,1950.00,,1950.00
7771,2961,3,2,2400.00,,2400.00
7772,2961,4,2,2400.00,,2400.00
7773,2961,5,1,1950.00,,1950.00
7774,2961,6,2,2400.00,,2400.00
7775,2962,1,2,2400.00,,2400.00
7776,2962,2,1,1950.00,,1950.00
7777,2962,3,1,1950.00,,1950.00
7778,2962,4,2,2400.00,,2400.00
7779,2962,5,1,1950.00,,1950.00
7780,2962,6,1,1950.00,,1950.00
7781,2962,7,1,1950.00,,1950.00
7782,2963,1,2,2400.00,,2400.00
7783,2963,2,2,2400.00,,2400.00
7784,2963,3,2,2400.00,,2400.00
7785,2964,1,2,2400.00,,2400.00
7786,2964,2,1,1950.00,,1950.00
7787,2965,1,2,2400.00,,2400.00
7788,2965,2,2,2400.00,,2400.00
7789,2966,1,2,2400.00,,2400.00
7790,2966,2,3,2900.00,,2900.00
7791,2967,1,3,2900.00,,2900.00
7792,2967,2,2,2400.00,,2400.00
7793,2968,1,3,2900.00,,2900.00
7794,2968,2,3,2900.00,,2900.00
7795,2969,1,1,1950.00,,1950.00
7796,2969,2,2,2400.00,,2400.00
7797,2969,3,2,2400.00,,2400.00
7798,2970,1,2,2400.00,,2400.00
7799,2970,2,2,2400.00,,2400.00
7800,2971,1,2,2400.00,,2400.00
7801,2971,2,2,2400.00,,2400.00
7802,2972,1,3,2900.00,,2900.00
7803,2972,2,3,2900.00,,2900.00
7804,2973,1,2,2400.00,,2400.00
7805,2973,2,2,2400.00,,2400.00
7806,2974,1,2,2400.00,,2400.00
7807,2974,2,3,2900.00,,2900.00
7808,2975,1,2,2400.00,,2400.00
7809,2975,2,3,2900.00,,2900.00
7810,2976,1,2,2400.00,,2400.00
7811,2976,2,2,2400.00,,2400.00
7812,2977,1,3,2900.00,,2900.00
7813,2977,2,3,2900.00,,2900.00
7814,2978,1,1,1950.00,,1950.00
7815,2978,2,1,1950.00,,1950.00
7816,2978,3,2,2400.00,,2400.00
7817,2979,1,3,2900.00,,2900.00
7818,2979,2,3,2900.00,,2900.00
7819,2980,1,2,2400.00,,2400.00
7820,2980,2,2,2400.00,,2400.00
7821,2981,1,2,2400.00,,2400.00
7822,2981,2,3,2900.00,,2900.00
7823,2981,3,2,2400.00,,2400.00
7824,2982,1,3,2900.00,,2900.00
7825,2982,2,2,2400.00,,2400.00
7826,2983,1,3,2900.00,,2900.00
7827,2983,2,4,3200.00,,3200.00
7828,2984,1,3,2900.00,,2900.00
7829,2984,2,2,2400.00,,2400.00
7830,2985,1,3,2900.00,,2900.00
7831,2985,2,3,2900.00,,2900.00
7832,2986,1,3,2900.00,,2900.00
7833,2986,2,3,2900.00,,2900.00
7834,2987,1,1,1950.00,,1950.00
7835,2987,2,1,1950.00,,1950.00
7836,2987,3,1,1950.00,,1950.00
7837,2988,1,1,1950.00,,1950.00
7838,2988,2,1,1950.00,,1950.00
7839,2989,1,1,1950.00,,1950.00
7840,2989,2,1,1950.00,,1950.00
7841,2989,3,1,1950.00,,1950.00
7842,2989,4,1,1950.00,,1950.00
7843,2989,5,1,1950.00,,1950.00
7844,2989,6,1,1950.00,,1950.00
7845,2990,1,3,2900.00,,2900.00
7846,2990,2,3,2900.00,,2900.00
7847,2991,1,3,2900.00,,2900.00
7848,2991,2,3,2900.00,,2900.00
7849,2992,1,2,2400.00,,2400.00
7850,2992,2,2,2400.00,,2400.00
7851,2993,1,1,1950.00,,1950.00
7852,2993,2,1,1950.00,,1950.00
7853,2993,3,1,1950.00,,1950.00
7854,2994,1,1,1950.00,,1950.00
7855,2994,2,2,2400.00,,2400.00
7856,2994,3,1,1950.00,,1950.00
7857,2995,1,1,1950.00,,1950.00
7858,2995,2,1,1950.00,,1950.00
7859,2996,1,2,2400.00,,2400.00
7860,2996,2,3,2900.00,,2900.00
7861,2996,3,2,2400.00,,2400.00
7862,2997,1,2,2400.00,,2400.00
7863,2997,2,2,2400.00,,2400.00
7864,2997,3,2,2400.00,,2400.00
7865,2998,1,1,1950.00,,1950.00
7866,2998,2,1,1950.00,,1950.00
7867,2998,3,1,1950.00,,1950.00
7868,2999,1,1,1950.00,,1950.00
7869,2999,2,2,2400.00,,2400.00
7870,3000,1,2,2400.00,,2400.00
7871,3000,2,2,2400.00,,2400.00
7872,3000,3,2,2400.00,,2400.00
7873,3001,1,2,2400.00,,2400.00
7874,3001,2,2,2400.00,,2400.00
7875,3001,3,2,2400.00,,2400.00
7876,3002,1,2,2400.00,,2400.00
7877,3002,2,2,2400.00,,2400.00
7878,3002,3,3,2900.00,,2900.00
7879,3003,1,2,2400.00,,2400.00
7880,3003,2,2,2400.00,,2400.00
7881,3003,3,2,2400.00,,2400.00
7882,3004,1,2,2400.00,,2400.00
7883,3004,2,2,2400.00,,2400.00
7884,3004,3,2,2400.00,,2400.00
7885,3005,1,3,2900.00,,2900.00
7886,3005,2,3,2900.00,,2900.00
7887,3005,3,3,2900.00,,2900.00
7888,3006,1,2,2400.00,,2400.00
7889,3006,2,3,2900.00,,2900.00
7890,3006,3,2,2400.00,,2400.00
7891,3007,1,3,2900.00,,2900.00
7892,3007,2,3,2900.00,,2900.00
7893,3008,1,2,2400.00,,2400.00
7894,3008,2,3,2900.00,,2900.00
7895,3009,1,3,2900.00,,2900.00
7896,3009,2,3,2900.00,,2900.00
7897,3010,1,2,2400.00,,2400.00
7898,3010,2,2,2400.00,,2400.00
7899,3011,1,2,2400.00,,2400.00
7900,3011,2,3,2900.00,,2900.00
7901,3012,1,2,2400.00,,2400.00
7902,3012,2,2,2400.00,,2400.00
7903,3012,3,2,2400.00,,2400.00
7904,3013,1,3,2900.00,,2900.00
7905,3013,2,3,2900.00,,2900.00
7906,3014,1,1,1950.00,,1950.00
7907,3014,2,1,1950.00,,1950.00
7908,3015,1,3,2900.00,,2900.00
7909,3015,2,3,2900.00,,2900.00
7910,3015,3,2,2400.00,,2400.00
7911,3016,1,3,2900.00,,2900.00
7912,3016,2,2,2400.00,,2400.00
7913,3016,3,3,2900.00,,2900.00
7914,3017,1,3,2900.00,,2900.00
7915,3017,2,3,2900.00,,2900.00
7916,3017,3,2,2400.00,,2400.00
7917,3018,1,3,2900.00,,2900.00
7918,3018,2,3,2900.00,,2900.00
7919,3018,3,3,2900.00,,2900.00
7920,3019,1,3,2900.00,,2900.00
7921,3019,2,3,2900.00,,2900.00
7922,3019,3,2,2400.00,,2400.00
7923,3020,1,2,2400.00,,2400.00
7924,3020,2,2,2400.00,,2400.00
7925,3020,3,3,2900.00,,2900.00
7926,3021,1,2,2400.00,,2400.00
7927,3021,2,2,2400.00,,2400.00
7928,3022,1,2,2400.00,,2400.00
7929,3022,2,3,2900.00,,2900.00
7930,3022,3,2,2400.00,,2400.00
7931,3023,1,3,2900.00,,2900.00
7932,3023,2,3,2900.00,,2900.00
7933,3024,1,2,2400.00,,2400.00
7934,3024,2,2,2400.00,,2400.00
7935,3025,1,2,2400.00,,2400.00
7936,3025,2,3,2900.00,,2900.00
7937,3026,1,3,2900.00,,2900.00
7938,3026,2,2,2400.00,,2400.00
7939,3027,1,2,2400.00,,2400.00
7940,3027,2,3,2900.00,,2900.00
7941,3027,3,3,2900.00,,2900.00
7942,3028,1,3,2900.00,,2900.00
7943,3028,2,4,3200.00,,3200.00
7944,3029,1,2,2400.00,,2400.00
7945,3029,2,3,2900.00,,2900.00
7946,3030,1,2,2400.00,,2400.00
7947,3030,2,1,1950.00,,1950.00
7948,3031,1,3,2900.00,,2900.00
7949,3031,2,2,2400.00,,2400.00
7950,3031,3,2,2400.00,,2400.00
7951,3032,1,2,2400.00,,2400.00
7952,3032,2,2,2400.00,,2400.00
7953,3033,1,2,2400.00,,2400.00
7954,3033,2,3,2900.00,,2900.00
7955,3034,1,3,2900.00,,2900.00
7956,3034,2,2,2400.00,,2400.00
7957,3034,3,1,1950.00,,1950.00
7958,3035,1,2,2400.00,,2400.00
7959,3035,2,1,1950.00,,1950.00
7960,3036,1,1,1950.00,,1950.00
7961,3036,2,1,1950.00,,1950.00
7962,3036,3,1,1950.00,,1950.00
7963,3037,1,1,1950.00,,1950.00
7964,3037,2,1,1950.00,,1950.00
7965,3038,1,2,2400.00,,2400.00
7966,3038,2,3,2900.00,,2900.00
7967,3038,3,3,2900.00,,2900.00
7968,3039,1,3,2900.00,,2900.00
7969,3039,2,4,3200.00,,3200.00
7970,3040,1,2,2400.00,,2400.00
7971,3040,2,2,2400.00,,2400.00
7972,3041,1,2,2400.00,,2400.00
7973,3041,2,3,2900.00,,2900.00
7974,3042,1,1,1950.00,,1950.00
7975,3042,2,1,1950.00,,1950.00
7976,3043,1,2,2400.00,,2400.00
7977,3043,2,2,2400.00,,2400.00
7978,3044,1,1,1950.00,,1950.00
7979,3044,2,2,2400.00,,2400.00
7980,3045,1,2,2400.00,,2400.00
7981,3045,2,2,2400.00,,2400.00
7982,3045,3,2,2400.00,,2400.00
7983,3046,1,3,2900.00,,2900.00
7984,3046,2,3,2900.00,,2900.00
7985,3047,1,2,2400.00,,2400.00
7986,3047,2,2,2400.00,,2400.00
7987,3048,1,3,2900.00,,2900.00
7988,3048,2,3,2900.00,,2900.00
7989,3048,3,3,2900.00,,2900.00
7990,3048,4,2,2400.00,,2400.00
7991,3048,5,2,2400.00,,2400.00
7992,3048,6,3,2900.00,,2900.00
7993,3049,1,2,2400.00,,2400.00
7994,3049,2,1,1950.00,,1950.00
7995,3049,3,2,2400.00,,2400.00
7996,3050,1,3,2900.00,,2900.00
7997,3050,2,3,2900.00,,2900.00
7998,3051,1,3,2900.00,,2900.00
7999,3051,2,3,2900.00,,2900.00
8000,3052,1,2,2400.00,,2400.00
8001,3052,2,2,2400.00,,2400.00
8002,3052,3,2,2400.00,,2400.00
8003,3053,1,2,2400.00,,2400.00
8004,3053,2,3,2900.00,,2900.00
8005,3054,1,3,2900.00,,2900.00
8006,3054,2,4,3200.00,,3200.00
8007,3055,1,3,2900.00,,2900.00
8008,3055,2,2,2400.00,,2400.00
8009,3055,3,2,2400.00,,2400.00
8010,3056,1,3,2900.00,,2900.00
8011,3056,2,3,2900.00,,2900.00
8012,3056,3,3,2900.00,,2900.00
8013,3057,1,2,2400.00,,2400.00
8014,3057,2,2,2400.00,,2400.00
8015,3057,3,2,2400.00,,2400.00
8016,3058,1,2,2400.00,,2400.00
8017,3058,2,2,2400.00,,2400.00
8018,3058,3,2,2400.00,,2400.00
8019,3059,1,3,2900.00,,2900.00
8020,3059,2,2,2400.00,,2400.00
8021,3059,3,2,2400.00,,2400.00
8022,3060,1,3,2900.00,,2900.00
8023,3060,2,2,2400.00,,2400.00
8024,3061,1,3,2900.00,,2900.00
8025,3061,2,3,2900.00,,2900.00
8026,3062,1,2,2400.00,,2400.00
8027,3062,2,2,2400.00,,2400.00
8028,3062,3,2,2400.00,,2400.00
8029,3063,1,3,2900.00,,2900.00
8030,3063,2,2,2400.00,,2400.00
8031,3063,3,3,2900.00,,2900.00
8032,3064,1,2,2400.00,,2400.00
8033,3064,2,2,2400.00,,2400.00
8034,3064,3,2,2400.00,,2400.00
8035,3065,1,3,2900.00,,2900.00
8036,3065,2,3,2900.00,,2900.00
8037,3065,3,2,2400.00,,2400.00
8038,3066,1,4,3200.00,,3200.00
8039,3066,2,4,3200.00,,3200.00
8040,3066,3,4,3200.00,,3200.00
8041,3067,1,3,2900.00,,2900.00
8042,3067,2,2,2400.00,,2400.00
8043,3067,3,3,2900.00,,2900.00
8044,3068,1,2,2400.00,,2400.00
8045,3068,2,2,2400.00,,2400.00
8046,3068,3,2,2400.00,,2400.00
8047,3069,1,1,1950.00,,1950.00
8048,3069,2,2,2400.00,,2400.00
8049,3069,3,2,2400.00,,2400.00
8050,3070,1,3,2900.00,,2900.00
8051,3070,2,3,2900.00,,2900.00
8052,3070,3,3,2900.00,,2900.00
8053,3071,1,2,2400.00,,2400.00
8054,3071,2,2,2400.00,,2400.00
8055,3071,3,2,2400.00,,2400.00
8056,3072,1,4,3200.00,,3200.00
8057,3072,2,3,2900.00,,2900.00
8058,3073,1,3,2900.00,,2900.00
8059,3073,2,3,2900.00,,2900.00
8060,3073,3,3,2900.00,,2900.00
8061,3074,1,3,2900.00,,2900.00
8062,3074,2,3,2900.00,,2900.00
8063,3074,3,3,2900.00,,2900.00
8064,3075,1,2,2400.00,,2400.00
8065,3075,2,2,2400.00,,2400.00
8066,3075,3,2,2400.00,,2400.00
8067,3076,1,2,2400.00,,2400.00
8068,3076,2,2,2400.00,,2400.00
8069,3076,3,2,2400.00,,2400.00
8070,3077,1,1,1950.00,,1950.00
8071,3077,2,1,1950.00,,1950.00
8072,3077,3,1,1950.00,,1950.00
8073,3078,1,2,2400.00,,2400.00
8074,3078,2,2,2400.00,,2400.00
8075,3078,3,2,2400.00,,2400.00
8076,3079,1,2,2400.00,,2400.00
8077,3079,2,2,2400.00,,2400.00
8078,3079,3,2,2400.00,,2400.00
8079,3080,1,3,2900.00,,2900.00
8080,3080,2,3,2900.00,,2900.00
8081,3080,3,4,3200.00,,3200.00
8082,3080,4,4,3200.00,,3200.00
8083,3081,1,2,2400.00,,2400.00
8084,3081,2,2,2400.00,,2400.00
8085,3081,3,2,2400.00,,2400.00
8086,3082,1,2,2400.00,,2400.00
8087,3082,2,2,2400.00,,2400.00
8088,3082,3,2,2400.00,,2400.00
8089,3083,1,1,1950.00,,1950.00
8090,3083,2,2,2400.00,,2400.00
8091,3084,1,3,2900.00,,2900.00
8092,3084,2,2,2400.00,,2400.00
8093,3084,3,3,2900.00,,2900.00
8094,3085,1,2,2400.00,,2400.00
8095,3085,2,1,1950.00,,1950.00
8096,3085,3,1,1950.00,,1950.00
8097,3086,1,2,2400.00,,2400.00
8098,3086,2,3,2900.00,,2900.00
8099,3087,1,1,1950.00,,1950.00
8100,3087,2,1,1950.00,,1950.00
8101,3087,3,1,1950.00,,1950.00
8102,3088,1,1,1950.00,,1950.00
8103,3088,2,1,1950.00,,1950.00
8104,3088,3,1,1950.00,,1950.00
8105,3089,1,0,1700.00,,1700.00
8106,3089,2,1,1950.00,,1950.00
8107,3090,1,3,2900.00,,2900.00
8108,3090,2,3,2900.00,,2900.00
8109,3091,1,3,2900.00,,2900.00
8110,3091,2,3,2900.00,,2900.00
8111,3092,1,2,2400.00,,2400.00
8112,3092,2,2,2400.00,,2400.00
8113,3093,1,1,1950.00,,1950.00
8114,3093,2,1,1950.00,,1950.00
8115,3093,3,1,1950.00,,1950.00
8116,3094,1,2,2400.00,,2400.00
8117,3094,2,2,2400.00,,2400.00
8118,3095,1,1,1950.00,,1950.00
8119,3095,2,1,1950.00,,1950.00
8120,3095,3,1,1950.00,,1950.00
8121,3095,4,1,1950.00,,1950.00
8122,3096,1,2,2400.00,,2400.00
8123,3096,2,2,2400.00,,2400.00
8124,3097,1,2,2400.00,,2400.00
8125,3097,2,2,2400.00,,2400.00
8126,3097,3,2,2400.00,,2400.00
8127,3098,1,3,2900.00,,2900.00
8128,3098,2,3,2900.00,,2900.00
8129,3099,1,1,1950.00,,1950.00
8130,3099,2,1,1950.00,,1950.00
8131,3100,1,2,2400.00,,2400.00
8132,3100,2,1,1950.00,,1950.00
8133,3101,1,2,2400.00,,2400.00
8134,3101,2,2,2400.00,,2400.00
8135,3101,3,2,2400.00,,2400.00
8136,3102,1,1,1950.00,,1950.00
8137,3102,2,1,1950.00,,1950.00
8138,3102,3,1,1950.00,,1950.00
8139,3103,1,1,1950.00,,1950.00
8140,3103,2,1,1950.00,,1950.00
8141,3103,3,1,1950.00,,1950.00
8142,3104,1,2,2400.00,,2400.00
8143,3104,2,2,2400.00,,2400.00
8144,3105,1,2,2400.00,,2400.00
8145,3105,2,2,2400.00,,2400.00
8146,3106,1,2,2400.00,,2400.00
8147,3106,2,2,2400.00,,2400.00
8148,3107,1,2,2400.00,,2400.00
8149,3107,2,2,2400.00,,2400.00
8150,3108,1,2,2400.00,,2400.00
8151,3108,2,2,2400.00,,2400.00
8152,3109,1,2,2400.00,,2400.00
8153,3109,2,1,1950.00,,1950.00
8154,3110,1,2,2400.00,,2400.00
8155,3110,2,2,2400.00,,2400.00
8156,3111,1,1,1950.00,,1950.00
8157,3111,2,2,2400.00,,2400.00
8158,3112,1,2,2400.00,,2400.00
8159,3112,2,2,2400.00,,2400.00
8160,3113,1,2,2400.00,,2400.00
8161,3113,2,1,1950.00,,1950.00
8162,3114,1,1,1950.00,,1950.00
8163,3114,2,1,1950.00,,1950.00
8164,3114,3,1,1950.00,,1950.00
8165,3115,1,3,2900.00,,2900.00
8166,3115,2,3,2900.00,,2900.00
8167,3116,1,2,2400.00,,2400.00
8168,3116,2,1,1950.00,,1950.00
8169,3117,1,2,2400.00,,2400.00
8170,3117,2,2,2400.00,,2400.00
8171,3118,1,2,2400.00,,2400.00
8172,3118,2,1,1950.00,,1950.00
8173,3119,1,2,2400.00,,2400.00
8174,3119,2,2,2400.00,,2400.00
8175,3120,1,1,1950.00,,1950.00
8176,3120,2,1,1950.00,,1950.00
8177,3120,3,1,1950.00,,1950.00
8178,3121,1,2,2400.00,,2400.00
8179,3121,2,1,1950.00,,1950.00
8180,3122,1,1,1950.00,,1950.00
8181,3122,2,2,2400.00,,2400.00
8182,3122,3,1,1950.00,,1950.00
8183,3123,1,1,1950.00,,1950.00
8184,3123,2,1,1950.00,,1950.00
8185,3123,3,1,1950.00,,1950.00
8186,3124,1,2,2400.00,,2400.00
8187,3124,2,1,1950.00,,1950.00
8188,3124,3,1,1950.00,,1950.00
8189,3125,1,2,2400.00,,2400.00
8190,3125,2,2,2400.00,,2400.00
8191,3126,1,1,1950.00,,1950.00
8192,3126,2,1,1950.00,,1950.00
8193,3126,3,1,1950.00,,1950.00
8194,3127,1,0,1700.00,,1700.00
8195,3127,2,1,1950.00,,1950.00
8196,3127,3,0,1700.00,,1700.00
8197,3128,1,2,2400.00,,2400.00
8198,3128,2,2,2400.00,,2400.00
8199,3128,3,3,2900.00,,2900.00
8200,3129,1,3,2900.00,,2900.00
8201,3129,2,3,2900.00,,2900.00
8202,3130,1,3,2900.00,,2900.00
8203,3130,2,2,2400.00,,2400.00
8204,3130,3,2,2400.00,,2400.00
8205,3131,1,3,2900.00,,2900.00
8206,3131,2,2,2400.00,,2400.00
8207,3131,3,3,2900.00,,2900.00
8208,3132,1,2,2400.00,,2400.00
8209,3132,2,2,2400.00,,2400.00
8210,3132,3,2,2400.00,,2400.00
8211,3133,1,3,2900.00,,2900.00
8212,3133,2,2,2400.00,,2400.00
8213,3134,1,0,1700.00,,1700.00
8214,3134,2,0,1700.00,,1700.00
8215,3135,1,2,2400.00,,2400.00
8216,3135,2,3,2900.00,,2900.00
8217,3135,3,3,2900.00,,2900.00
8218,3136,1,2,2400.00,,2400.00
8219,3136,2,2,2400.00,,2400.00
8220,3136,3,1,1950.00,,1950.00
8221,3137,1,3,2900.00,,2900.00
8222,3137,2,3,2900.00,,2900.00
8223,3138,1,3,2900.00,,2900.00
8224,3138,2,2,2400.00,,2400.00
8225,3138,3,2,2400.00,,2400.00
8226,3139,1,3,2900.00,,2900.00
8227,3139,2,3,2900.00,,2900.00
8228,3140,1,2,2400.00,,2400.00
8229,3140,2,3,2900.00,,2900.00
8230,3140,3,2,2400.00,,2400.00
8231,3141,1,3,2900.00,,2900.00
8232,3141,2,3,2900.00,,2900.00
8233,3141,3,3,2900.00,,2900.00
8234,3142,1,3,2900.00,,2900.00
8235,3142,2,3,2900.00,,2900.00
8236,3143,1,2,2400.00,,2400.00
8237,3143,2,2,2400.00,,2400.00
8238,3144,1,2,2400.00,,2400.00
8239,3144,2,2,2400.00,,2400.00
8240,3145,1,1,1950.00,,1950.00
8241,3145,2,1,1950.00,,1950.00
8242,3145,3,1,1950.00,,1950.00
8243,3145,4,0,1700.00,,1700.00
8244,3145,5,1,1950.00,,1950.00
8245,3145,6,1,1950.00,,1950.00
8246,3146,1,1,1950.00,,1950.00
8247,3146,2,1,1950.00,,1950.00
8248,3147,1,2,2400.00,,2400.00
8249,3147,2,2,2400.00,,2400.00
8250,3148,1,2,2400.00,,2400.00
8251,3148,2,3,2900.00,,2900.00
8252,3148,3,2,2400.00,,2400.00
8253,3149,1,2,2400.00,,2400.00
8254,3149,2,2,2400.00,,2400.00
8255,3149,3,2,2400.00,,2400.00
8256,3150,1,2,2400.00,,2400.00
8257,3150,2,3,2900.00,,2900.00
8258,3150,3,2,2400.00,,2400.00
8259,3151,1,1,1950.00,,1950.00
8260,3151,2,1,1950.00,,1950.00
8261,3152,1,2,2400.00,,2400.00
8262,3152,2,1,1950.00,,1950.00
8263,3153,1,2,2400.00,,2400.00
8264,3153,2,2,2400.00,,2400.00
8265,3154,1,2,2400.00,,2400.00
8266,3154,2,2,2400.00,,2400.00
8267,3155,1,1,1950.00,,1950.00
8268,3155,2,1,1950.00,,1950.00
8269,3155,3,1,1950.00,,1950.00
8270,3156,1,2,2400.00,,2400.00
8271,3156,2,2,2400.00,,2400.00
8272,3156,3,2,2400.00,,2400.00
8273,3157,1,0,1700.00,,1700.00
8274,3157,2,1,1950.00,,1950.00
8275,3158,1,1,1950.00,,1950.00
8276,3158,2,1,1950.00,,1950.00
8277,3158,3,0,1700.00,,1700.00
8278,3159,1,1,1950.00,,1950.00
8279,3159,2,1,1950.00,,1950.00
8280,3159,3,1,1950.00,,1950.00
8281,3160,1,2,2400.00,,2400.00
8282,3160,2,3,2900.00,,2900.00
8283,3161,1,2,2400.00,,2400.00
8284,3161,2,3,2900.00,,2900.00
8285,3161,3,3,2900.00,,2900.00
8286,3162,1,1,1950.00,,1950.00
8287,3162,2,1,1950.00,,1950.00
8288,3162,3,1,1950.00,,1950.00
8289,3163,1,2,2400.00,,2400.00
8290,3163,2,1,1950.00,,1950.00
8291,3164,1,0,1700.00,,1700.00
8292,3164,2,0,1700.00,,1700.00
8293,3164,3,0,1700.00,,1700.00
8294,3165,1,3,2900.00,,2900.00
8295,3165,2,2,2400.00,,2400.00
8296,3166,1,2,2400.00,,2400.00
8297,3166,2,2,2400.00,,2400.00
8298,3166,3,2,2400.00,,2400.00
8299,3167,1,2,2400.00,,2400.00
8300,3167,2,2,2400.00,,2400.00
8301,3167,3,1,1950.00,,1950.00
8302,3168,1,1,1950.00,,1950.00
8303,3168,2,1,1950.00,,1950.00
8304,3168,3,1,1950.00,,1950.00
8305,3169,1,1,1950.00,,1950.00
8306,3169,2,1,1950.00,,1950.00
8307,3169,3,1,1950.00,,1950.00
8308,3170,1,3,2900.00,,2900.00
8309,3170,2,3,2900.00,,2900.00
8310,3171,1,2,2400.00,,2400.00
8311,3171,2,1,1950.00,,1950.00
8312,3172,1,0,1700.00,,1700.00
8313,3172,2,0,1700.00,,1700.00
8314,3172,3,0,1700.00,,1700.00
8315,3173,1,1,1950.00,,1950.00
8316,3173,2,1,1950.00,,1950.00
8317,3173,3,0,1700.00,,1700.00
8318,3174,1,2,2400.00,,2400.00
8319,3174,2,2,2400.00,,2400.00
8320,3175,1,2,2400.00,,2400.00
8321,3175,2,2,2400.00,,2400.00
8322,3176,1,3,2900.00,,2900.00
8323,3176,2,3,2900.00,,2900.00
8324,3176,3,3,2900.00,,2900.00
8325,3177,1,2,2400.00,,2400.00
8326,3177,2,3,2900.00,,2900.00
8327,3177,3,2,2400.00,,2400.00
8328,3178,1,3,2900.00,,2900.00
8329,3178,2,3,2900.00,,2900.00
8330,3179,1,2,2400.00,,2400.00
8331,3179,2,2,2400.00,,2400.00
8332,3180,1,2,2400.00,,2400.00
8333,3180,2,2,2400.00,,2400.00
8334,3180,3,1,1950.00,,1950.00
8335,3181,1,3,2900.00,,2900.00
8336,3181,2,2,2400.00,,2400.00
8337,3182,1,2,2400.00,,2400.00
8338,3182,2,2,2400.00,,2400.00
8339,3183,1,3,2900.00,,2900.00
8340,3183,2,3,2900.00,,2900.00
8341,3184,1,2,2400.00,,2400.00
8342,3184,2,3,2900.00,,2900.00
8343,3185,1,1,1950.00,,1950.00
8344,3185,2,0,1700.00,,1700.00
8345,3185,3,0,1700.00,,1700.00
8346,3186,1,1,1950.00,,1950.00
8347,3186,2,1,1950.00,,1950.00
8348,3186,3,1,1950.00,,1950.00
8349,3187,1,2,2400.00,,2400.00
8350,3187,2,1,1950.00,,1950.00
8351,3188,1,1,1950.00,,1950.00
8352,3188,2,1,1950.00,,1950.00
8353,3188,3,1,1950.00,,1950.00
8354,3189,1,3,2900.00,,2900.00
8355,3189,2,3,2900.00,,2900.00
8356,3190,1,1,1950.00,,1950.00
8357,3190,2,2,2400.00,,2400.00
8358,3191,1,2,2400.00,,2400.00
8359,3191,2,2,2400.00,,2400.00
8360,3192,1,2,2400.00,,2400.00
8361,3192,2,2,2400.00,,2400.00
8362,3193,1,2,2400.00,,2400.00
8363,3193,2,2,2400.00,,2400.00
8364,3194,1,2,2400.00,,2400.00
8365,3194,2,3,2900.00,,2900.00
8366,3195,1,3,2900.00,,2900.00
8367,3195,2,3,2900.00,,2900.00
8368,3195,3,3,2900.00,,2900.00
8369,3196,1,2,2400.00,,2400.00
8370,3196,2,2,2400.00,,2400.00
8371,3197,1,2,2400.00,,2400.00
8372,3197,2,2,2400.00,,2400.00
8373,3198,1,2,2400.00,,2400.00
8374,3198,2,2,2400.00,,2400.00
8375,3198,3,2,2400.00,,2400.00
8376,3199,1,1,1950.00,,1950.00
8377,3199,2,1,1950.00,,1950.00
8378,3199,3,1,1950.00,,1950.00
8379,3200,1,4,3200.00,,3200.00
8380,3200,2,3,2900.00,,2900.00
8381,3201,1,2,2400.00,,2400.00
8382,3201,2,1,1950.00,,1950.00
8383,3202,1,2,2400.00,,2400.00
8384,3202,2,2,2400.00,,2400.00
8385,3202,3,2,2400.00,,2400.00
8386,3203,1,2,2400.00,,2400.00
8387,3203,2,2,2400.00,,2400.00
8388,3203,3,2,2400.00,,2400.00
8389,3204,1,1,1950.00,,1950.00
8390,3204,2,1,1950.00,,1950.00
8391,3204,3,1,1950.00,,1950.00
8392,3205,1,2,2400.00,,2400.00
8393,3205,2,1,1950.00,,1950.00
8394,3205,3,1,1950.00,,1950.00
8395,3206,1,2,2400.00,,2400.00
8396,3206,2,1,1950.00,,1950.00
8397,3206,3,2,2400.00,,2400.00
8398,3207,1,3,2900.00,,2900.00
8399,3207,2,3,2900.00,,2900.00
8400,3208,1,1,1950.00,,1950.00
8401,3208,2,1,1950.00,,1950.00
8402,3208,3,1,1950.00,,1950.00
8403,3209,1,2,2400.00,,2400.00
8404,3209,2,2,2400.00,,2400.00
8405,3210,1,3,2900.00,,2900.00
8406,3210,2,3,2900.00,,2900.00
8407,3211,1,3,2900.00,,2900.00
8408,3211,2,3,2900.00,,2900.00
8409,3212,1,2,2400.00,,2400.00
8410,3212,2,2,2400.00,,2400.00
8411,3212,3,3,2900.00,,2900.00
8412,3213,1,2,2400.00,,2400.00
8413,3213,2,2,2400.00,,2400.00
8414,3214,1,2,2400.00,,2400.00
8415,3214,2,3,2900.00,,2900.00
8416,3215,1,1,1950.00,,1950.00
8417,3215,2,1,1950.00,,1950.00
8418,3215,3,1,1950.00,,1950.00
8419,3216,1,1,1950.00,,1950.00
8420,3216,2,1,1950.00,,1950.00
8421,3216,3,1,1950.00,,1950.00
8422,3217,1,4,3200.00,,3200.00
8423,3217,2,4,3200.00,,3200.00
8424,3218,1,1,1950.00,,1950.00
8425,3218,2,2,2400.00,,2400.00
8426,3219,1,1,1950.00,,1950.00
8427,3219,2,2,2400.00,,2400.00
8428,3219,3,2,2400.00,,2400.00
8429,3220,1,1,1950.00,,1950.00
8430,3220,2,1,1950.00,,1950.00
8431,3220,3,1,1950.00,,1950.00
8432,3221,1,2,2400.00,,2400.00
8433,3221,2,2,2400.00,,2400.00
8434,3222,1,4,3200.00,,3200.00
8435,3222,2,4,3200.00,,3200.00
8436,3223,1,3,2900.00,,2900.00
8437,3223,2,2,2400.00,,2400.00
8438,3224,1,3,2900.00,,2900.00
8439,3224,2,3,2900.00,,2900.00
8440,3225,1,3,2900.00,,2900.00
8441,3225,2,3,2900.00,,2900.00
8442,3226,1,2,2400.00,,2400.00
8443,3226,2,3,2900.00,,2900.00
8444,3227,1,2,2400.00,,2400.00
8445,3227,2,2,2400.00,,2400.00
8446,3227,3,3,2900.00,,2900.00
8447,3227,4,2,2400.00,,2400.00
8448,3228,1,2,2400.00,,2400.00
8449,3228,2,2,2400.00,,2400.00
8450,3229,1,2,2400.00,,2400.00
8451,3229,2,3,2900.00,,2900.00
8452,3229,3,3,2900.00,,2900.00
8453,3230,1,3,2900.00,,2900.00
8454,3230,2,3,2900.00,,2900.00
8455,3231,1,2,2400.00,,2400.00
8456,3231,2,2,2400.00,,2400.00
8457,3232,1,2,2400.00,,2400.00
8458,3232,2,2,2400.00,,2400.00
8459,3232,3,2,2400.00,,2400.00
8460,3232,4,1,1950.00,,1950.00
8461,3233,1,2,2400.00,,2400.00
8462,3233,2,3,2900.00,,2900.00
8463,3233,3,2,2400.00,,2400.00
8464,3234,1,1,1950.00,,1950.00
8465,3234,2,1,1950.00,,1950.00
8466,3234,3,1,1950.00,,1950.00
8467,3234,4,1,1950.00,,1950.00
8468,3234,5,0,1700.00,,1700.00
8469,3234,6,1,1950.00,,1950.00
8470,3235,1,1,1950.00,,1950.00
8471,3235,2,1,1950.00,,1950.00
8472,3235,3,1,1950.00,,1950.00
8473,3235,4,2,2400.00,,2400.00
8474,3235,5,1,1950.00,,1950.00
8475,3235,6,2,2400.00,,2400.00
8476,3235,7,2,2400.00,,2400.00
8477,3235,8,1,1950.00,,1950.00
8478,3236,1,2,2400.00,,2400.00
8479,3236,2,2,2400.00,,2400.00
8480,3236,3,2,2400.00,,2400.00
8481,3237,1,2,2400.00,,2400.00
8482,3237,2,2,2400.00,,2400.00
8483,3237,3,3,2900.00,,2900.00
8484,3238,1,2,2400.00,,2400.00
8485,3238,2,1,1950.00,,1950.00
8486,3239,1,0,1700.00,,1700.00
8487,3239,2,0,1700.00,,1700.00
8488,3239,3,0,1700.00,,1700.00
8489,3239,4,0,1700.00,,1700.00
8490,3239,5,0,1700.00,,1700.00
8491,3240,1,2,2400.00,,2400.00
8492,3240,2,2,2400.00,,2400.00
8493,3241,1,2,2400.00,,2400.00
8494,3241,2,2,2400.00,,2400.00
8495,3241,3,2,2400.00,,2400.00
8496,3242,1,2,2400.00,,2400.00
8497,3242,2,2,2400.00,,2400.00
8498,3243,1,1,1950.00,,1950.00
8499,3243,2,1,1950.00,,1950.00
8500,3244,1,3,2900.00,,2900.00
8501,3244,2,2,2400.00,,2400.00
8502,3245,1,3,2900.00,,2900.00
8503,3245,2,2,2400.00,,2400.00
8504,3246,1,2,2400.00,,2400.00
8505,3246,2,2,2400.00,,2400.00
8506,3247,1,2,2400.00,,2400.00
8507,3247,2,1,1950.00,,1950.00
8508,3248,1,2,2400.00,,2400.00
8509,3248,2,2,2400.00,,2400.00
8510,3249,1,2,2400.00,,2400.00
8511,3249,2,2,2400.00,,2400.00
8512,3250,1,2,2400.00,,2400.00
8513,3250,2,3,2900.00,,2900.00
8514,3251,1,3,2900.00,,2900.00
8515,3251,2,3,2900.00,,2900.00
8516,3252,1,2,2400.00,,2400.00
8517,3252,2,2,2400.00,,2400.00
8518,3253,1,3,2900.00,,2900.00
8519,3253,2,3,2900.00,,2900.00
8520,3253,3,3,2900.00,,2900.00
8521,3254,1,2,2400.00,,2400.00
8522,3254,2,3,2900.00,,2900.00
8523,3255,1,2,2400.00,,2400.00
8524,3255,2,2,2400.00,,2400.00
8525,3256,1,3,2900.00,,2900.00
8526,3256,2,2,2400.00,,2400.00
8527,3257,1,2,2400.00,,2400.00
8528,3257,2,2,2400.00,,2400.00
8529,3257,3,2,2400.00,,2400.00
8530,3258,1,2,2400.00,,2400.00
8531,3258,2,2,2400.00,,2400.00
8532,3258,3,2,2400.00,,2400.00
8533,3259,1,3,2900.00,,2900.00
8534,3259,2,3,2900.00,,2900.00
8535,3259,3,2,2400.00,,2400.00
8536,3260,1,1,1950.00,,1950.00
8537,3260,2,1,1950.00,,1950.00
8538,3261,1,1,1950.00,,1950.00
8539,3261,2,1,1950.00,,1950.00
8540,3261,3,1,1950.00,,1950.00
8541,3261,4,1,1950.00,,1950.00
8542,3262,1,2,2400.00,,2400.00
8543,3262,2,1,1950.00,,1950.00
8544,3262,3,1,1950.00,,1950.00
8545,3263,1,2,2400.00,,2400.00
8546,3263,2,2,2400.00,,2400.00
8547,3264,1,1,1950.00,,1950.00
8548,3264,2,2,2400.00,,2400.00
8549,3265,1,1,1950.00,,1950.00
8550,3265,2,2,2400.00,,2400.00
8551,3266,1,2,2400.00,,2400.00
8552,3266,2,1,1950.00,,1950.00
8553,3267,1,3,2900.00,,2900.00
8554,3267,2,2,2400.00,,2400.00
8555,3268,1,1,1950.00,,1950.00
8556,3268,2,1,1950.00,,1950.00
8557,3269,1,2,2400.00,,2400.00
8558,3269,2,1,1950.00,,1950.00
8559,3269,3,2,2400.00,,2400.00
8560,3270,1,2,2400.00,,2400.00
8561,3270,2,3,2900.00,,2900.00
8562,3271,1,1,1950.00,,1950.00
8563,3271,2,2,2400.00,,2400.00
8564,3272,1,1,1950.00,,1950.00
8565,3272,2,1,1950.00,,1950.00
8566,3273,1,3,2900.00,,2900.00
8567,3273,2,3,2900.00,,2900.00
8568,3273,3,3,2900.00,,2900.00
8569,3274,1,2,2400.00,,2400.00
8570,3274,2,2,2400.00,,2400.00
8571,3275,1,4,3200.00,,3200.00
8572,3275,2,3,2900.00,,2900.00
8573,3275,3,3,2900.00,,2900.00
8574,3276,1,1,1950.00,,1950.00
8575,3276,2,1,1950.00,,1950.00
8576,3276,3,1,1950.00,,1950.00
8577,3277,1,2,2400.00,,2400.00
8578,3277,2,2,2400.00,,2400.00
8579,3278,1,1,1950.00,,1950.00
8580,3278,2,2,2400.00,,2400.00
8581,3279,1,2,2400.00,,2400.00
8582,3279,2,2,2400.00,,2400.00
8583,3280,1,3,2900.00,,2900.00
8584,3280,2,2,2400.00,,2400.00
8585,3280,3,2,2400.00,,2400.00
8586,3281,1,3,2900.00,,2900.00
8587,3281,2,3,2900.00,,2900.00
8588,3282,1,2,2400.00,,2400.00
8589,3282,2,2,2400.00,,2400.00
8590,3282,3,2,2400.00,,2400.00
8591,3283,1,2,2400.00,,2400.00
8592,3283,2,2,2400.00,,2400.00
8593,3283,3,2,2400.00,,2400.00
8594,3284,1,1,1950.00,,1950.00
8595,3284,2,1,1950.00,,1950.00
8596,3284,3,1,1950.00,,1950.00
8597,3285,1,3,2900.00,,2900.00
8598,3285,2,2,2400.00,,2400.00
8599,3286,1,2,2400.00,,2400.00
8600,3286,2,2,2400.00,,2400.00
8601,3287,1,1,1950.00,,1950.00
8602,3287,2,1,1950.00,,1950.00
8603,3288,1,2,2400.00,,2400.00
8604,3288,2,2,2400.00,,2400.00
8605,3289,1,2,2400.00,,2400.00
8606,3289,2,3,2900.00,,2900.00
8607,3290,1,2,2400.00,,2400.00
8608,3290,2,2,2400.00,,2400.00
8609,3291,1,3,2900.00,,2900.00
8610,3291,2,2,2400.00,,2400.00
8611,3292,1,2,2400.00,,2400.00
8612,3292,2,2,2400.00,,2400.00
8613,3293,1,3,2900.00,,2900.00
8614,3293,2,2,2400.00,,2400.00
8615,3294,1,2,2400.00,,2400.00
8616,3294,2,2,2400.00,,2400.00
8617,3295,1,2,2400.00,,2400.00
8618,3295,2,2,2400.00,,2400.00
8619,3296,1,1,1950.00,,1950.00
8620,3296,2,1,1950.00,,1950.00
8621,3297,1,1,1950.00,,1950.00
8622,3297,2,2,2400.00,,2400.00
8623,3298,1,3,2900.00,,2900.00
8624,3298,2,3,2900.00,,2900.00
8625,3299,1,3,2900.00,,2900.00
8626,3299,2,3,2900.00,,2900.00
8627,3300,1,2,2400.00,,2400.00
8628,3300,2,3,2900.00,,2900.00
8629,3301,1,2,2400.00,,2400.00
8630,3301,2,2,2400.00,,2400.00
8631,3301,3,2,2400.00,,2400.00
8632,3302,1,2,2400.00,,2400.00
8633,3302,2,2,2400.00,,2400.00
8634,3303,1,3,2900.00,,2900.00
8635,3303,2,3,2900.00,,2900.00
8636,3304,1,3,2900.00,,2900.00
8637,3304,2,3,2900.00,,2900.00
8638,3305,1,2,2400.00,,2400.00
8639,3305,2,3,2900.00,,2900.00
8640,3306,1,3,2900.00,,2900.00
8641,3306,2,3,2900.00,,2900.00
8642,3306,3,3,2900.00,,2900.00
8643,3307,1,2,2400.00,,2400.00
8644,3307,2,3,2900.00,,2900.00
8645,3308,1,2,2400.00,,2400.00
8646,3308,2,2,2400.00,,2400.00
8647,3309,1,3,2900.00,,2900.00
8648,3309,2,3,2900.00,,2900.00
8649,3310,1,2,2400.00,,2400.00
8650,3310,2,2,2400.00,,2400.00
8651,3310,3,1,1950.00,,1950.00
8652,3311,1,2,2400.00,,2400.00
8653,3311,2,2,2400.00,,2400.00
8654,3311,3,2,2400.00,,2400.00
8655,3312,1,1,1950.00,,1950.00
8656,3312,2,2,2400.00,,2400.00
8657,3312,3,2,2400.00,,2400.00
8658,3313,1,2,2400.00,,2400.00
8659,3313,2,1,1950.00,,1950.00
8660,3313,3,2,2400.00,,2400.00
8661,3314,1,3,2900.00,,2900.00
8662,3314,2,3,2900.00,,2900.00
8663,3315,1,3,2900.00,,2900.00
8664,3315,2,3,2900.00,,2900.00
8665,3316,1,3,2900.00,,2900.00
8666,3316,2,3,2900.00,,2900.00
8667,3317,1,3,2900.00,,2900.00
8668,3317,2,3,2900.00,,2900.00
8669,3318,1,3,2900.00,,2900.00
8670,3318,2,4,3200.00,,3200.00
8671,3319,1,2,2400.00,,2400.00
8672,3319,2,1,1950.00,,1950.00
8673,3319,3,2,2400.00,,2400.00
8674,3320,1,2,2400.00,,2400.00
8675,3320,2,1,1950.00,,1950.00
8676,3320,3,2,2400.00,,2400.00
8677,3321,1,2,2400.00,,2400.00
8678,3321,2,2,2400.00,,2400.00
8679,3322,1,4,3200.00,,3200.00
8680,3322,2,3,2900.00,,2900.00
8681,3323,1,2,2400.00,,2400.00
8682,3323,2,3,2900.00,,2900.00
8683,3324,1,2,2400.00,,2400.00
8684,3324,2,2,2400.00,,2400.00
8685,3324,3,2,2400.00,,2400.00
8686,3325,1,1,1950.00,,1950.00
8687,3325,2,1,1950.00,,1950.00
8688,3326,1,3,2900.00,,2900.00
8689,3326,2,4,3200.00,,3200.00
8690,3327,1,3,2900.00,,2900.00
8691,3327,2,3,2900.00,,2900.00
8692,3328,1,3,2900.00,,2900.00
8693,3328,2,3,2900.00,,2900.00
8694,3329,1,2,2400.00,,2400.00
8695,3329,2,3,2900.00,,2900.00
8696,3329,3,2,2400.00,,2400.00
8697,3330,1,3,2900.00,,2900.00
8698,3330,2,2,2400.00,,2400.00
8699,3330,3,2,2400.00,,2400.00
8700,3331,1,3,2900.00,,2900.00
8701,3331,2,2,2400.00,,2400.00
8702,3331,3,3,2900.00,,2900.00
8703,3332,1,2,2400.00,,2400.00
8704,3332,2,3,2900.00,,2900.00
8705,3332,3,3,2900.00,,2900.00
8706,3333,1,3,2900.00,,2900.00
8707,3333,2,2,2400.00,,2400.00
8708,3333,3,3,2900.00,,2900.00
8709,3334,1,4,3200.00,,3200.00
8710,3334,2,3,2900.00,,2900.00
8711,3335,1,1,1950.00,,1950.00
8712,3335,2,2,2400.00,,2400.00
8713,3335,3,2,2400.00,,2400.00
8714,3336,1,2,2400.00,,2400.00
8715,3336,2,1,1950.00,,1950.00
8716,3337,1,3,2900.00,,2900.00
8717,3337,2,3,2900.00,,2900.00
8718,3338,1,0,1700.00,,1700.00
8719,3338,2,0,1700.00,,1700.00
8720,3338,3,0,1700.00,,1700.00
8721,3339,1,4,3200.00,,3200.00
8722,3339,2,4,3200.00,,3200.00
8723,3340,1,3,2900.00,,2900.00
8724,3340,2,3,2900.00,,2900.00
8725,3341,1,1,1950.00,,1950.00
8726,3341,2,2,2400.00,,2400.00
8727,3341,3,1,1950.00,,1950.00
8728,3342,1,3,2900.00,,2900.00
8729,3342,2,3,2900.00,,2900.00
8730,3343,1,2,2400.00,,2400.00
8731,3343,2,2,2400.00,,2400.00
8732,3343,3,2,2400.00,,2400.00
8733,3344,1,3,2900.00,,2900.00
8734,3344,2,3,2900.00,,2900.00
8735,3345,1,3,2900.00,,2900.00
8736,3345,2,2,2400.00,,2400.00
8737,3346,1,3,2900.00,,2900.00
8738,3346,2,3,2900.00,,2900.00
8739,3347,1,1,1950.00,,1950.00
8740,3347,2,2,2400.00,,2400.00
8741,3347,3,1,1950.00,,1950.00
8742,3348,1,1,1950.00,,1950.00
8743,3348,2,2,2400.00,,2400.00
8744,3349,1,2,2400.00,,2400.00
8745,3349,2,2,2400.00,,2400.00
8746,3349,3,2,2400.00,,2400.00
8747,3350,1,1,1950.00,,1950.00
8748,3350,2,2,2400.00,,2400.00
8749,3350,3,1,1950.00,,1950.00
8750,3351,1,1,1950.00,,1950.00
8751,3351,2,1,1950.00,,1950.00
8752,3351,3,1,1950.00,,1950.00
8753,3352,1,1,1950.00,,1950.00
8754,3352,2,1,1950.00,,1950.00
8755,3352,3,1,1950.00,,1950.00
8756,3353,1,2,2400.00,,2400.00
8757,3353,2,2,2400.00,,2400.00
8758,3353,3,1,1950.00,,1950.00
8759,3354,1,1,1950.00,,1950.00
8760,3354,2,1,1950.00,,1950.00
8761,3354,3,2,2400.00,,2400.00
8762,3355,1,3,2900.00,,2900.00
8763,3355,2,2,2400.00,,2400.00
8764,3356,1,2,2400.00,,2400.00
8765,3356,2,2,2400.00,,2400.00
8766,3357,1,1,1950.00,,1950.00
8767,3357,2,2,2400.00,,2400.00
8768,3358,1,1,1950.00,,1950.00
8769,3358,2,1,1950.00,,1950.00
8770,3358,3,1,1950.00,,1950.00
8771,3359,1,2,2400.00,,2400.00
8772,3359,2,2,2400.00,,2400.00
8773,3360,1,2,2400.00,,2400.00
8774,3360,2,2,2400.00,,2400.00
8775,3360,3,2,2400.00,,2400.00
8776,3361,1,4,3200.00,,3200.00
8777,3361,2,4,3200.00,,3200.00
8778,3362,1,3,2900.00,,2900.00
8779,3362,2,3,2900.00,,2900.00
8780,3363,1,2,2400.00,,2400.00
8781,3363,2,1,1950.00,,1950.00
8782,3363,3,2,2400.00,,2400.00
8783,3364,1,3,2900.00,,2900.00
8784,3364,2,4,3200.00,,3200.00
8785,3365,1,3,2900.00,,2900.00
8786,3365,2,3,2900.00,,2900.00
8787,3366,1,4,3200.00,,3200.00
8788,3366,2,4,3200.00,,3200.00
8789,3367,1,3,2900.00,,2900.00
8790,3367,2,3,2900.00,,2900.00
8791,3368,1,3,2900.00,,2900.00
8792,3368,2,3,2900.00,,2900.00
8793,3369,1,2,2400.00,,2400.00
8794,3369,2,1,1950.00,,1950.00
8795,3369,3,1,1950.00,,1950.00
8796,3370,1,1,1950.00,,1950.00
8797,3370,2,1,1950.00,,1950.00
8798,3371,1,1,1950.00,,1950.00
8799,3371,2,1,1950.00,,1950.00
8800,3372,1,2,2400.00,,2400.00
8801,3372,2,1,1950.00,,1950.00
8802,3372,3,2,2400.00,,2400.00
8803,3372,4,2,2400.00,,2400.00
8804,3373,1,1,1950.00,,1950.00
8805,3373,2,1,1950.00,,1950.00
8806,3373,3,1,1950.00,,1950.00
8807,3374,1,3,2900.00,,2900.00
8808,3374,2,3,2900.00,,2900.00
8809,3374,3,2,2400.00,,2400.00
8810,3375,1,2,2400.00,,2400.00
8811,3375,2,2,2400.00,,2400.00
8812,3375,3,2,2400.00,,2400.00
8813,3376,1,4,3200.00,,3200.00
8814,3376,2,4,3200.00,,3200.00
8815,3377,1,2,2400.00,,2400.00
8816,3377,2,2,2400.00,,2400.00
8817,3377,3,2,2400.00,,2400.00
8818,3378,1,3,2900.00,,2900.00
8819,3378,2,2,2400.00,,2400.00
8820,3379,1,2,2400.00,,2400.00
8821,3379,2,3,2900.00,,2900.00
8822,3380,1,2,2400.00,,2400.00
8823,3380,2,2,2400.00,,2400.00
8824,3380,3,2,2400.00,,2400.00
8825,3381,1,3,2900.00,,2900.00
8826,3381,2,3,2900.00,,2900.00
8827,3382,1,2,2400.00,,2400.00
8828,3382,2,3,2900.00,,2900.00
8829,3382,3,2,2400.00,,2400.00
8830,3383,1,2,2400.00,,2400.00
8831,3383,2,2,2400.00,,2400.00
8832,3383,3,2,2400.00,,2400.00
8833,3384,1,2,2400.00,,2400.00
8834,3384,2,2,2400.00,,2400.00
8835,3385,1,1,1950.00,,1950.00
8836,3385,2,1,1950.00,,1950.00
8837,3386,1,3,2900.00,,2900.00
8838,3386,2,2,2400.00,,2400.00
8839,3387,1,3,2900.00,,2900.00
8840,3387,2,3,2900.00,,2900.00
8841,3388,1,2,2400.00,,2400.00
8842,3388,2,2,2400.00,,2400.00
8843,3389,1,1,1950.00,,1950.00
8844,3389,2,1,1950.00,,1950.00
8845,3390,1,2,2400.00,,2400.00
8846,3390,2,2,2400.00,,2400.00
8847,3391,1,2,2400.00,,2400.00
8848,3391,2,2,2400.00,,2400.00
8849,3392,1,3,2900.00,,2900.00
8850,3392,2,3,2900.00,,2900.00
8851,3393,1,1,1950.00,,1950.00
8852,3393,2,2,2400.00,,2400.00
8853,3394,1,3,2900.00,,2900.00
8854,3394,2,3,2900.00,,2900.00
8855,3395,1,3,2900.00,,2900.00
8856,3395,2,3,2900.00,,2900.00
8857,3396,1,2,2400.00,,2400.00
8858,3396,2,1,1950.00,,1950.00
8859,3397,1,1,1950.00,,1950.00
8860,3397,2,1,1950.00,,1950.00
8861,3398,1,0,1700.00,,1700.00
8862,3398,2,1,1950.00,,1950.00
8863,3399,1,1,1950.00,,1950.00
8864,3399,2,1,1950.00,,1950.00
8865,3400,1,1,1950.00,,1950.00
8866,3400,2,1,1950.00,,1950.00
8867,3400,3,1,1950.00,,1950.00
8868,3401,1,2,2400.00,,2400.00
8869,3401,2,2,2400.00,,2400.00
8870,3401,3,3,2900.00,,2900.00
8871,3402,1,1,1950.00,,1950.00
8872,3402,2,2,2400.00,,2400.00
8873,3403,1,0,1700.00,,1700.00
8874,3403,2,1,1950.00,,1950.00
8875,3404,1,2,2400.00,,2400.00
8876,3404,2,1,1950.00,,1950.00
8877,3405,1,3,2900.00,,2900.00
8878,3405,2,3,2900.00,,2900.00
8879,3406,1,2,2400.00,,2400.00
8880,3406,2,2,2400.00,,2400.00
8881,3407,1,1,1950.00,,1950.00
8882,3407,2,2,2400.00,,2400.00
8883,3408,1,2,2400.00,,2400.00
8884,3408,2,3,2900.00,,2900.00
8885,3409,1,2,2400.00,,2400.00
8886,3409,2,2,2400.00,,2400.00
8887,3410,1,2,2400.00,,2400.00
8888,3410,2,2,2400.00,,2400.00
8889,3411,1,2,2400.00,,2400.00
8890,3411,2,3,2900.00,,2900.00
8891,3412,1,3,2900.00,,2900.00
8892,3412,2,2,2400.00,,2400.00
8893,3413,1,4,3200.00,,3200.00
8894,3413,2,4,3200.00,,3200.00
8895,3414,1,4,3200.00,,3200.00
8896,3414,2,4,3200.00,,3200.00
8897,3415,1,2,2400.00,,2400.00
8898,3415,2,2,2400.00,,2400.00
8899,3415,3,2,2400.00,,2400.00
8900,3416,1,2,2400.00,,2400.00
8901,3416,2,1,1950.00,,1950.00
8902,3416,3,1,1950.00,,1950.00
8903,3417,1,3,2900.00,,2900.00
8904,3417,2,3,2900.00,,2900.00
8905,3418,1,1,1950.00,,1950.00
8906,3418,2,2,2400.00,,2400.00
8907,3419,1,1,1950.00,,1950.00
8908,3419,2,2,2400.00,,2400.00
8909,3420,1,4,3200.00,,3200.00
8910,3420,2,5,3500.00,,3500.00
8911,3421,1,3,2900.00,,2900.00
8912,3421,2,2,2400.00,,2400.00
8913,3422,1,2,2400.00,,2400.00
8914,3422,2,3,2900.00,,2900.00
8915,3423,1,2,2400.00,,2400.00
8916,3423,2,1,1950.00,,1950.00
8917,3424,1,3,2900.00,,2900.00
8918,3424,2,3,2900.00,,2900.00
8919,3425,1,2,2400.00,,2400.00
8920,3425,2,3,2900.00,,2900.00
8921,3426,1,3,2900.00,,2900.00
8922,3426,2,3,2900.00,,2900.00
8923,3427,1,2,2400.00,,2400.00
8924,3427,2,2,2400.00,,2400.00
8925,3428,1,1,1950.00,,1950.00
8926,3428,2,1,1950.00,,1950.00
8927,3428,3,1,1950.00,,1950.00
8928,3429,1,3,2900.00,,2900.00
8929,3429,2,3,2900.00,,2900.00
8930,3430,1,1,1950.00,,1950.00
8931,3430,2,1,1950.00,,1950.00
8932,3431,1,2,2400.00,,2400.00
8933,3431,2,1,1950.00,,1950.00
8934,3432,1,2,2400.00,,2400.00
8935,3432,2,2,2400.00,,2400.00
8936,3433,1,3,2900.00,,2900.00
8937,3433,2,2,2400.00,,2400.00
8938,3434,1,1,1950.00,,1950.00
8939,3434,2,0,1700.00,,1700.00
8940,3434,3,1,1950.00,,1950.00
8941,3435,1,3,2900.00,,2900.00
8942,3435,2,3,2900.00,,2900.00
8943,3436,1,3,2900.00,,2900.00
8944,3436,2,3,2900.00,,2900.00
8945,3437,1,3,2900.00,,2900.00
8946,3437,2,2,2400.00,,2400.00
8947,3438,1,2,2400.00,,2400.00
8948,3438,2,1,1950.00,,1950.00
8949,3439,1,2,2400.00,,2400.00
8950,3439,2,2,2400.00,,2400.00
8951,3440,1,1,1950.00,,1950.00
8952,3440,2,1,1950.00,,1950.00
8953,3440,3,2,2400.00,,2400.00
8954,3441,1,3,2900.00,,2900.00
8955,3441,2,3,2900.00,,2900.00
8956,3442,1,1,1950.00,,1950.00
8957,3442,2,2,2400.00,,2400.00
8958,3443,1,1,1950.00,,1950.00
8959,3443,2,2,2400.00,,2400.00
8960,3444,1,1,1950.00,,1950.00
8961,3444,2,2,2400.00,,2400.00
8962,3445,1,2,2400.00,,2400.00
8963,3445,2,2,2400.00,,2400.00
8964,3445,3,1,1950.00,,1950.00
8965,3446,1,3,2900.00,,2900.00
8966,3446,2,3,2900.00,,2900.00
8967,3446,3,3,2900.00,,2900.00
8968,3447,1,2,2400.00,,2400.00
8969,3447,2,2,2400.00,,2400.00
8970,3448,1,2,2400.00,,2400.00
8971,3448,2,1,1950.00,,1950.00
8972,3449,1,1,1950.00,,1950.00
8973,3449,2,1,1950.00,,1950.00
8974,3449,3,2,2400.00,,2400.00
8975,3450,1,2,2400.00,,2400.00
8976,3450,2,2,2400.00,,2400.00
8977,3451,1,3,2900.00,,2900.00
8978,3451,2,2,2400.00,,2400.00
8979,3451,3,3,2900.00,,2900.00
8980,3452,1,3,2900.00,,2900.00
8981,3452,2,3,2900.00,,2900.00
8982,3452,3,3,2900.00,,2900.00
8983,3453,1,2,2400.00,,2400.00
8984,3453,2,2,2400.00,,2400.00
8985,3454,1,2,2400.00,,2400.00
8986,3454,2,2,2400.00,,2400.00
8987,3455,1,2,2400.00,,2400.00
8988,3455,2,2,2400.00,,2400.00
8989,3456,1,3,2900.00,,2900.00
8990,3456,2,3,2900.00,,2900.00
8991,3456,3,2,2400.00,,2400.00
8992,3457,1,3,2900.00,,2900.00
8993,3457,2,3,2900.00,,2900.00
8994,3458,1,2,2400.00,,2400.00
8995,3458,2,3,2900.00,,2900.00
8996,3459,1,4,3200.00,,3200.00
8997,3459,2,4,3200.00,,3200.00
8998,3460,1,2,2400.00,,2400.00
8999,3460,2,3,2900.00,,2900.00
9000,3460,3,3,2900.00,,2900.00
9001,3461,1,1,1950.00,,1950.00
9002,3461,2,1,1950.00,,1950.00
9003,3462,1,2,2400.00,,2400.00
9004,3462,2,3,2900.00,,2900.00
9005,3462,3,2,2400.00,,2400.00
9006,3463,1,4,3200.00,,3200.00
9007,3463,2,3,2900.00,,2900.00
9008,3464,1,4,3200.00,,3200.00
9009,3464,2,3,2900.00,,2900.00
9010,3465,1,2,2400.00,,2400.00
9011,3465,2,3,2900.00,,2900.00
9012,3466,1,2,2400.00,,2400.00
9013,3466,2,3,2900.00,,2900.00
9014,3467,1,2,2400.00,,2400.00
9015,3467,2,2,2400.00,,2400.00
9016,3468,1,2,2400.00,,2400.00
9017,3468,2,2,2400.00,,2400.00
9018,3469,1,3,2900.00,,2900.00
9019,3469,2,3,2900.00,,2900.00
9020,3470,1,1,1950.00,,1950.00
9021,3470,2,2,2400.00,,2400.00
9022,3470,3,2,2400.00,,2400.00
9023,3471,1,3,2900.00,,2900.00
9024,3471,2,3,2900.00,,2900.00
9025,3472,1,1,1950.00,,1950.00
9026,3472,2,1,1950.00,,1950.00
9027,3473,1,3,2900.00,,2900.00
9028,3473,2,2,2400.00,,2400.00
9029,3474,1,2,2400.00,,2400.00
9030,3474,2,2,2400.00,,2400.00
9031,3475,1,1,1950.00,,1950.00
9032,3475,2,2,2400.00,,2400.00
9033,3476,1,2,2400.00,,2400.00
9034,3476,2,3,2900.00,,2900.00
9035,3476,3,2,2400.00,,2400.00
9036,3477,1,3,2900.00,,2900.00
9037,3477,2,3,2900.00,,2900.00
9038,3477,3,3,2900.00,,2900.00
9039,3478,1,2,2400.00,,2400.00
9040,3478,2,3,2900.00,,2900.00
9041,3479,1,3,2900.00,,2900.00
9042,3479,2,3,2900.00,,2900.00
9043,3480,1,1,1950.00,,1950.00
9044,3480,2,1,1950.00,,1950.00
9045,3480,3,1,1950.00,,1950.00
9046,3481,1,3,2900.00,,2900.00
9047,3481,2,3,2900.00,,2900.00
9048,3482,1,3,2900.00,,2900.00
9049,3482,2,2,2400.00,,2400.00
9050,3483,1,2,2400.00,,2400.00
9051,3483,2,3,2900.00,,2900.00
9052,3484,1,2,2400.00,,2400.00
9053,3484,2,2,2400.00,,2400.00
9054,3485,1,3,2900.00,,2900.00
9055,3485,2,3,2900.00,,2900.00
9056,3486,1,3,2900.00,,2900.00
9057,3486,2,2,2400.00,,2400.00
9058,3487,1,2,2400.00,,2400.00
9059,3487,2,3,2900.00,,2900.00
9060,3488,1,2,2400.00,,2400.00
9061,3488,2,3,2900.00,,2900.00
9062,3488,3,3,2900.00,,2900.00
9063,3489,1,3,2900.00,,2900.00
9064,3489,2,2,2400.00,,2400.00
9065,3490,1,0,1700.00,,1700.00
9066,3490,2,1,1950.00,,1950.00
9067,3491,1,3,2900.00,,2900.00
9068,3491,2,2,2400.00,,2400.00
9069,3491,3,3,2900.00,,2900.00
9070,3492,1,2,2400.00,,2400.00
9071,3492,2,3,2900.00,,2900.00
9072,3493,1,3,2900.00,,2900.00
9073,3493,2,3,2900.00,,2900.00
9074,3494,1,2,2400.00,,2400.00
9075,3494,2,2,2400.00,,2400.00
9076,3495,1,3,2900.00,,2900.00
9077,3495,2,3,2900.00,,2900.00
9078,3496,1,3,2900.00,,2900.00
9079,3496,2,3,2900.00,,2900.00
9080,3497,1,2,2400.00,,2400.00
9081,3497,2,3,2900.00,,2900.00
9082,3498,1,2,2400.00,,2400.00
9083,3498,2,2,2400.00,,2400.00
9084,3499,1,2,2400.00,,2400.00
9085,3499,2,3,2900.00,,2900.00
9086,3500,1,2,2400.00,,2400.00
9087,3500,2,3,2900.00,,2900.00
9088,3501,1,2,2400.00,,2400.00
9089,3501,2,2,2400.00,,2400.00
9090,3502,1,2,2400.00,,2400.00
9091,3502,2,1,1950.00,,1950.00
9092,3503,1,1,1950.00,,1950.00
9093,3503,2,1,1950.00,,1950.00
9094,3503,3,2,2400.00,,2400.00
9095,3504,1,2,2400.00,,2400.00
9096,3504,2,2,2400.00,,2400.00
9097,3505,1,2,2400.00,,2400.00
9098,3505,2,2,2400.00,,2400.00
9099,3506,1,3,2900.00,,2900.00
9100,3506,2,3,2900.00,,2900.00
9101,3507,1,2,2400.00,,2400.00
9102,3507,2,3,2900.00,,2900.00
9103,3508,1,2,2400.00,,2400.00
9104,3508,2,1,1950.00,,1950.00
9105,3509,1,2,2400.00,,2400.00
9106,3509,2,2,2400.00,,2400.00
9107,3510,1,1,1950.00,,1950.00
9108,3510,2,2,2400.00,,2400.00
9109,3511,1,2,2400.00,,2400.00
9110,3511,2,1,1950.00,,1950.00
9111,3512,1,2,2400.00,,2400.00
9112,3512,2,2,2400.00,,2400.00
9113,3513,1,2,2400.00,,2400.00
9114,3513,2,2,2400.00,,2400.00
9115,3514,1,2,2400.00,,2400.00
9116,3514,2,2,2400.00,,2400.00
9117,3515,1,2,2400.00,,2400.00
9118,3515,2,3,2900.00,,2900.00
9119,3516,1,2,2400.00,,2400.00
9120,3516,2,2,2400.00,,2400.00
9121,3516,3,1,1950.00,,1950.00
9122,3517,1,3,2900.00,,2900.00
9123,3517,2,3,2900.00,,2900.00
9124,3518,1,2,2400.00,,2400.00
9125,3518,2,2,2400.00,,2400.00
9126,3519,1,2,2400.00,,2400.00
9127,3519,2,2,2400.00,,2400.00
9128,3520,1,4,3200.00,,3200.00
9129,3520,2,3,2900.00,,2900.00
9130,3521,1,1,1950.00,,1950.00
9131,3521,2,1,1950.00,,1950.00
9132,3522,1,1,1950.00,,1950.00
9133,3522,2,2,2400.00,,2400.00
9134,3523,1,2,2400.00,,2400.00
9135,3523,2,1,1950.00,,1950.00
9136,3524,1,2,2400.00,,2400.00
9137,3524,2,1,1950.00,,1950.00
9138,3525,1,3,2900.00,,2900.00
9139,3525,2,3,2900.00,,2900.00
9140,3526,1,2,2400.00,,2400.00
9141,3526,2,2,2400.00,,2400.00
9142,3527,1,3,2900.00,,2900.00
9143,3527,2,3,2900.00,,2900.00
9144,3528,1,3,2900.00,,2900.00
9145,3528,2,3,2900.00,,2900.00
9146,3529,1,2,2400.00,,2400.00
9147,3529,2,2,2400.00,,2400.00
9148,3529,3,2,2400.00,,2400.00
9149,3530,1,1,1950.00,,1950.00
9150,3530,2,1,1950.00,,1950.00
9151,3530,3,1,1950.00,,1950.00
9152,3531,1,2,2400.00,,2400.00
9153,3531,2,3,2900.00,,2900.00
9154,3531,3,2,2400.00,,2400.00
9155,3532,1,4,3200.00,,3200.00
9156,3532,2,5,3500.00,,3500.00
9157,3533,1,2,2400.00,,2400.00
9158,3533,2,2,2400.00,,2400.00
9159,3534,1,3,2900.00,,2900.00
9160,3534,2,3,2900.00,,2900.00
9161,3534,3,3,2900.00,,2900.00
9162,3534,4,3,2900.00,,2900.00
9163,3535,1,5,3500.00,,3500.00
9164,3535,2,5,3500.00,,3500.00
9165,3536,1,3,2900.00,,2900.00
9166,3536,2,3,2900.00,,2900.00
9167,3537,1,3,2900.00,,2900.00
9168,3537,2,3,2900.00,,2900.00
9169,3538,1,4,3200.00,,3200.00
9170,3538,2,4,3200.00,,3200.00
9171,3538,3,4,3200.00,,3200.00
9172,3539,1,5,3500.00,,3500.00
9173,3539,2,5,3500.00,,3500.00
9174,3540,1,5,3500.00,,3500.00
9175,3540,2,5,3500.00,,3500.00
9176,3541,1,4,3200.00,,3200.00
9177,3541,2,3,2900.00,,2900.00
9178,3542,1,3,2900.00,,2900.00
9179,3542,2,3,2900.00,,2900.00
9180,3543,1,4,3200.00,,3200.00
9181,3543,2,4,3200.00,,3200.00
9182,3544,1,4,3200.00,,3200.00
9183,3544,2,3,2900.00,,2900.00
9184,3545,1,2,2400.00,,2400.00
9185,3545,2,2,2400.00,,2400.00
9186,3545,3,2,2400.00,,2400.00
9187,3546,1,3,2900.00,,2900.00
9188,3546,2,3,2900.00,,2900.00
9189,3546,3,3,2900.00,,2900.00
9190,3546,4,2,2400.00,,2400.00
9191,3546,5,2,2400.00,,2400.00
9192,3546,6,3,2900.00,,2900.00
9193,3547,1,2,2400.00,,2400.00
9194,3547,2,2,2400.00,,2400.00
9195,3547,3,3,2900.00,,2900.00
9196,3548,1,1,1950.00,,1950.00
9197,3548,2,1,1950.00,,1950.00
9198,3549,1,3,2900.00,,2900.00
9199,3549,2,3,2900.00,,2900.00
9200,3550,1,3,2900.00,,2900.00
9201,3550,2,3,2900.00,,2900.00
9202,3551,1,3,2900.00,,2900.00
9203,3551,2,3,2900.00,,2900.00
9204,3552,1,1,1950.00,,1950.00
9205,3552,2,2,2400.00,,2400.00
9206,3552,3,2,2400.00,,2400.00
9207,3552,4,2,2400.00,,2400.00
9208,3552,5,2,2400.00,,2400.00
9209,3552,6,2,2400.00,,2400.00
9210,3553,1,2,2400.00,,2400.00
9211,3553,2,3,2900.00,,2900.00
9212,3554,1,3,2900.00,,2900.00
9213,3554,2,3,2900.00,,2900.00
9214,3555,1,4,3200.00,,3200.00
9215,3555,2,4,3200.00,,3200.00
9216,3556,1,1,1950.00,,1950.00
9217,3556,2,0,1700.00,,1700.00
9218,3556,3,1,1950.00,,1950.00
9219,3556,4,0,1700.00,,1700.00
9220,3557,1,3,2900.00,,2900.00
9221,3557,2,2,2400.00,,2400.00
9222,3557,3,2,2400.00,,2400.00
9223,3558,1,3,2900.00,,2900.00
9224,3558,2,3,2900.00,,2900.00
9225,3559,1,1,1950.00,,1950.00
9226,3559,2,1,1950.00,,1950.00
9227,3560,1,3,2900.00,,2900.00
9228,3560,2,4,3200.00,,3200.00
9229,3561,1,4,3200.00,,3200.00
9230,3561,2,4,3200.00,,3200.00
9231,3562,1,2,2400.00,,2400.00
9232,3562,2,2,2400.00,,2400.00
9233,3563,1,2,2400.00,,2400.00
9234,3563,2,2,2400.00,,2400.00
9235,3563,3,1,1950.00,,1950.00
9236,3564,1,3,2900.00,,2900.00
9237,3564,2,2,2400.00,,2400.00
9238,3565,1,4,3200.00,,3200.00
9239,3565,2,4,3200.00,,3200.00
9240,3566,1,3,2900.00,,2900.00
9241,3566,2,3,2900.00,,2900.00
9242,3567,1,3,2900.00,,2900.00
9243,3567,2,3,2900.00,,2900.00
9244,3567,3,2,2400.00,,2400.00
9245,3568,1,3,2900.00,,2900.00
9246,3568,2,3,2900.00,,2900.00
9247,3568,3,3,2900.00,,2900.00
9248,3569,1,2,2400.00,,2400.00
9249,3569,2,2,2400.00,,2400.00
9250,3569,3,2,2400.00,,2400.00
9251,3570,1,2,2400.00,,2400.00
9252,3570,2,2,2400.00,,2400.00
9253,3570,3,3,2900.00,,2900.00
9254,3571,1,3,2900.00,,2900.00
9255,3571,2,4,3200.00,,3200.00
9256,3571,3,4,3200.00,,3200.00
9257,3571,4,4,3200.00,,3200.00
9258,3571,5,4,3200.00,,3200.00
9259,3571,6,4,3200.00,,3200.00
9260,3572,1,4,3200.00,,3200.00
9261,3572,2,5,3500.00,,3500.00
9262,3573,1,2,2400.00,,2400.00
9263,3573,2,3,2900.00,,2900.00
9264,3573,3,3,2900.00,,2900.00
9265,3574,1,5,3500.00,,3500.00
9266,3574,2,5,3500.00,,3500.00
9267,3575,1,2,2400.00,,2400.00
9268,3575,2,2,2400.00,,2400.00
9269,3575,3,3,2900.00,,2900.00
9270,3576,1,2,2400.00,,2400.00
9271,3576,2,2,2400.00,,2400.00
9272,3576,3,2,2400.00,,2400.00
9273,3577,1,3,2900.00,,2900.00
9274,3577,2,3,2900.00,,2900.00
9275,3577,3,3,2900.00,,2900.00
9276,3578,1,2,2400.00,,2400.00
9277,3578,2,3,2900.00,,2900.00
9278,3579,1,2,2400.00,,2400.00
9279,3579,2,3,2900.00,,2900.00
9280,3579,3,3,2900.00,,2900.00
9281,3580,1,2,2400.00,,2400.00
9282,3580,2,2,2400.00,,2400.00
9283,3581,1,1,1950.00,,1950.00
9284,3581,2,2,2400.00,,2400.00
9285,3581,3,2,2400.00,,2400.00
9286,3581,4,1,1950.00,,1950.00
9287,3581,5,2,2400.00,,2400.00
9288,3581,6,2,2400.00,,2400.00
9289,3582,1,2,2400.00,,2400.00
9290,3582,2,2,2400.00,,2400.00
9291,3582,3,2,2400.00,,2400.00
9292,3582,4,2,2400.00,,2400.00
9293,3582,5,2,2400.00,,2400.00
9294,3582,6,1,1950.00,,1950.00
9295,3583,1,2,2400.00,,2400.00
9296,3583,2,1,1950.00,,1950.00
9297,3583,3,2,2400.00,,2400.00
9298,3583,4,2,2400.00,,2400.00
9299,3583,5,2,2400.00,,2400.00
9300,3583,6,2,2400.00,,2400.00
9301,3584,1,3,2900.00,,2900.00
9302,3584,2,3,2900.00,,2900.00
9303,3584,3,2,2400.00,,2400.00
9304,3585,1,2,2400.00,,2400.00
9305,3585,2,2,2400.00,,2400.00
9306,3586,1,4,3200.00,,3200.00
9307,3586,2,4,3200.00,,3200.00
9308,3587,1,2,2400.00,,2400.00
9309,3587,2,2,2400.00,,2400.00
9310,3587,3,3,2900.00,,2900.00
9311,3587,4,2,2400.00,,2400.00
9312,3588,1,3,2900.00,,2900.00
9313,3588,2,3,2900.00,,2900.00
9314,3589,1,3,2900.00,,2900.00
9315,3589,2,3,2900.00,,2900.00
9316,3590,1,3,2900.00,,2900.00
9317,3590,2,2,2400.00,,2400.00
9318,3591,1,3,2900.00,,2900.00
9319,3591,2,3,2900.00,,2900.00
9320,3592,1,4,3200.00,,3200.00
9321,3592,2,5,3500.00,,3500.00
9322,3593,1,2,2400.00,,2400.00
9323,3593,2,3,2900.00,,2900.00
9324,3594,1,2,2400.00,,2400.00
9325,3594,2,2,2400.00,,2400.00
9326,3595,1,2,2400.00,,2400.00
9327,3595,2,1,1950.00,,1950.00
9328,3596,1,2,2400.00,,2400.00
9329,3596,2,2,2400.00,,2400.00
9330,3596,3,1,1950.00,,1950.00
9331,3597,1,3,2900.00,,2900.00
9332,3597,2,2,2400.00,,2400.00
9333,3598,1,1,1950.00,,1950.00
9334,3598,2,1,1950.00,,1950.00
9335,3599,1,3,2900.00,,2900.00
9336,3599,2,2,2400.00,,2400.00
9337,3600,1,3,2900.00,,2900.00
9338,3600,2,3,2900.00,,2900.00
9339,3601,1,3,2900.00,,2900.00
9340,3601,2,3,2900.00,,2900.00
9341,3601,3,3,2900.00,,2900.00
9342,3602,1,5,3500.00,,3500.00
9343,3602,2,4,3200.00,,3200.00
9344,3603,1,2,2400.00,,2400.00
9345,3603,2,2,2400.00,,2400.00
9346,3604,1,2,2400.00,,2400.00
9347,3604,2,2,2400.00,,2400.00
9348,3604,3,2,2400.00,,2400.00
9349,3605,1,2,2400.00,,2400.00
9350,3605,2,1,1950.00,,1950.00
9351,3606,1,2,2400.00,,2400.00
9352,3606,2,3,2900.00,,2900.00
9353,3607,1,3,2900.00,,2900.00
9354,3607,2,3,2900.00,,2900.00
9355,3607,3,3,2900.00,,2900.00
9356,3608,1,1,1950.00,,1950.00
9357,3608,2,1,1950.00,,1950.00
9358,3608,3,1,1950.00,,1950.00
9359,3608,4,1,1950.00,,1950.00
9360,3608,5,1,1950.00,,1950.00
9361,3609,1,4,3200.00,,3200.00
9362,3609,2,4,3200.00,,3200.00
9363,3610,1,4,3200.00,,3200.00
9364,3610,2,5,3500.00,,3500.00
9365,3611,1,4,3200.00,,3200.00
9366,3611,2,5,3500.00,,3500.00
9367,3612,1,3,2900.00,,2900.00
9368,3612,2,3,2900.00,,2900.00
9369,3613,1,2,2400.00,,2400.00
9370,3613,2,2,2400.00,,2400.00
9371,3614,1,2,2400.00,,2400.00
9372,3614,2,3,2900.00,,2900.00
9373,3615,1,5,3500.00,,3500.00
9374,3615,2,5,3500.00,,3500.00
9375,3616,1,4,3200.00,,3200.00
9376,3616,2,4,3200.00,,3200.00
9377,3617,1,3,2900.00,,2900.00
9378,3617,2,3,2900.00,,2900.00
9379,3618,1,4,3200.00,,3200.00
9380,3618,2,5,3500.00,,3500.00
9381,3619,1,4,3200.00,,3200.00
9382,3619,2,3,2900.00,,2900.00
9383,3620,1,5,3500.00,,3500.00
9384,3620,2,4,3200.00,,3200.00
9385,3621,1,4,3200.00,,3200.00
9386,3621,2,4,3200.00,,3200.00
9387,3622,1,3,2900.00,,2900.00
9388,3622,2,3,2900.00,,2900.00
9389,3622,3,3,2900.00,,2900.00
9390,3623,1,4,3200.00,,3200.00
9391,3623,2,4,3200.00,,3200.00
9392,3624,1,5,3500.00,,3500.00
9393,3624,2,4,3200.00,,3200.00
9394,3625,1,3,2900.00,,2900.00
9395,3625,2,4,3200.00,,3200.00
9396,3626,1,4,3200.00,,3200.00
9397,3626,2,4,3200.00,,3200.00
9398,3627,1,4,3200.00,,3200.00
9399,3627,2,3,2900.00,,2900.00
9400,3628,1,5,3500.00,,3500.00
9401,3628,2,5,3500.00,,3500.00
9402,3629,1,4,3200.00,,3200.00
9403,3629,2,4,3200.00,,3200.00
9404,3630,1,5,3500.00,,3500.00
9405,3630,2,4,3200.00,,3200.00
9406,3631,1,4,3200.00,,3200.00
9407,3631,2,4,3200.00,,3200.00
9408,3632,1,3,2900.00,,2900.00
9409,3632,2,3,2900.00,,2900.00
9410,3633,1,3,2900.00,,2900.00
9411,3633,2,3,2900.00,,2900.00
9412,3634,1,4,3200.00,,3200.00
9413,3634,2,4,3200.00,,3200.00
9414,3635,1,2,2400.00,,2400.00
9415,3635,2,3,2900.00,,2900.00
9416,3636,1,4,3200.00,,3200.00
9417,3636,2,4,3200.00,,3200.00
9418,3636,3,4,3200.00,,3200.00
9419,3637,1,3,2900.00,,2900.00
9420,3637,2,2,2400.00,,2400.00
9421,3637,3,2,2400.00,,2400.00
9422,3638,1,4,3200.00,,3200.00
9423,3638,2,4,3200.00,,3200.00
9424,3639,1,1,1950.00,,1950.00
9425,3639,2,1,1950.00,,1950.00
9426,3640,1,5,3500.00,,3500.00
9427,3640,2,5,3500.00,,3500.00
9428,3641,1,4,3200.00,,3200.00
9429,3641,2,5,3500.00,,3500.00
9430,3642,1,5,3500.00,,3500.00
9431,3642,2,5,3500.00,,3500.00
9432,3643,1,4,3200.00,,3200.00
9433,3643,2,3,2900.00,,2900.00
9434,3644,1,5,3500.00,,3500.00
9435,3644,2,5,3500.00,,3500.00
9436,3645,1,3,2900.00,,2900.00
9437,3645,2,3,2900.00,,2900.00
9438,3646,1,3,2900.00,,2900.00
9439,3646,2,3,2900.00,,2900.00
9440,3647,1,2,2400.00,,2400.00
9441,3647,2,2,2400.00,,2400.00
9442,3648,1,2,2400.00,,2400.00
9443,3648,2,2,2400.00,,2400.00
9444,3648,3,2,2400.00,,2400.00
9445,3648,4,2,2400.00,,2400.00
9446,3648,5,2,2400.00,,2400.00
9447,3648,6,3,2900.00,,2900.00
9448,3649,1,1,1950.00,,1950.00
9449,3649,2,1,1950.00,,1950.00
9450,3650,1,1,1950.00,,1950.00
9451,3650,2,1,1950.00,,1950.00
9452,3650,3,1,1950.00,,1950.00
9453,3651,1,4,3200.00,,3200.00
9454,3651,2,4,3200.00,,3200.00
9455,3652,1,2,2400.00,,2400.00
9456,3652,2,2,2400.00,,2400.00
9457,3653,1,3,2900.00,,2900.00
9458,3653,2,3,2900.00,,2900.00
9459,3654,1,3,2900.00,,2900.00
9460,3654,2,3,2900.00,,2900.00
9461,3655,1,3,2900.00,,2900.00
9462,3655,2,3,2900.00,,2900.00
9463,3655,3,3,2900.00,,2900.00
9464,3656,1,2,2400.00,,2400.00
9465,3656,2,2,2400.00,,2400.00
9466,3657,1,3,2900.00,,2900.00
9467,3657,2,3,2900.00,,2900.00
9468,3658,1,2,2400.00,,2400.00
9469,3658,2,2,2400.00,,2400.00
9470,3658,3,2,2400.00,,2400.00
9471,3659,1,1,1950.00,,1950.00
9472,3659,2,2,2400.00,,2400.00
9473,3659,3,2,2400.00,,2400.00
9474,3659,4,1,1950.00,,1950.00
9475,3659,5,1,1950.00,,1950.00
9476,3660,1,3,2900.00,,2900.00
9477,3660,2,3,2900.00,,2900.00
9478,3660,3,3,2900.00,,2900.00
9479,3661,1,3,2900.00,,2900.00
9480,3661,2,3,2900.00,,2900.00
9481,3661,3,4,3200.00,,3200.00
9482,3662,1,3,2900.00,,2900.00
9483,3662,2,3,2900.00,,2900.00
9484,3662,3,4,3200.00,,3200.00
9485,3663,1,3,2900.00,,2900.00
9486,3663,2,3,2900.00,,2900.00
9487,3664,1,3,2900.00,,2900.00
9488,3664,2,3,2900.00,,2900.00
9489,3664,3,3,2900.00,,2900.00
9490,3665,1,3,2900.00,,2900.00
9491,3665,2,3,2900.00,,2900.00
9492,3665,3,3,2900.00,,2900.00
9493,3666,1,2,2400.00,,2400.00
9494,3666,2,2,2400.00,,2400.00
9495,3667,1,3,2900.00,,2900.00
9496,3667,2,2,2400.00,,2400.00
9497,3668,1,1,1950.00,,1950.00
9498,3668,2,2,2400.00,,2400.00
9499,3669,1,3,2900.00,,2900.00
9500,3669,2,2,2400.00,,2400.00
9501,3670,1,4,3200.00,,3200.00
9502,3670,2,3,2900.00,,2900.00
9503,3671,1,2,2400.00,,2400.00
9504,3671,2,2,2400.00,,2400.00
9505,3672,1,1,1950.00,,1950.00
9506,3672,2,1,1950.00,,1950.00
9507,3672,3,1,1950.00,,1950.00
9508,3673,1,1,1950.00,,1950.00
9509,3673,2,1,1950.00,,1950.00
9510,3674,1,4,3200.00,,3200.00
9511,3674,2,4,3200.00,,3200.00
9512,3675,1,1,1950.00,,1950.00
9513,3675,2,1,1950.00,,1950.00
9514,3675,3,1,1950.00,,1950.00
9515,3676,1,2,2400.00,,2400.00
9516,3676,2,2,2400.00,,2400.00
9517,3677,1,1,1950.00,,1950.00
9518,3677,2,1,1950.00,,1950.00
9519,3677,3,1,1950.00,,1950.00
9520,3678,1,2,2400.00,,2400.00
9521,3678,2,3,2900.00,,2900.00
9522,3679,1,2,2400.00,,2400.00
9523,3679,2,3,2900.00,,2900.00
9524,3679,3,2,2400.00,,2400.00
9525,3680,1,2,2400.00,,2400.00
9526,3680,2,2,2400.00,,2400.00
9527,3680,3,1,1950.00,,1950.00
9528,3681,1,2,2400.00,,2400.00
9529,3681,2,3,2900.00,,2900.00
9530,3681,3,3,2900.00,,2900.00
9531,3682,1,2,2400.00,,2400.00
9532,3682,2,2,2400.00,,2400.00
9533,3682,3,2,2400.00,,2400.00
9534,3683,1,2,2400.00,,2400.00
9535,3683,2,1,1950.00,,1950.00
9536,3683,3,1,1950.00,,1950.00
9537,3684,1,2,2400.00,,2400.00
9538,3684,2,2,2400.00,,2400.00
9539,3684,3,2,2400.00,,2400.00
9540,3685,1,2,2400.00,,2400.00
9541,3685,2,3,2900.00,,2900.00
9542,3685,3,2,2400.00,,2400.00
9543,3686,1,3,2900.00,,2900.00
9544,3686,2,3,2900.00,,2900.00
9545,3686,3,3,2900.00,,2900.00
9546,3687,1,4,3200.00,,3200.00
9547,3687,2,4,3200.00,,3200.00
9548,3688,1,2,2400.00,,2400.00
9549,3688,2,2,2400.00,,2400.00
9550,3689,1,0,1700.00,,1700.00
9551,3689,2,0,1700.00,,1700.00
9552,3689,3,0,1700.00,,1700.00
9553,3690,1,3,2900.00,,2900.00
9554,3690,2,4,3200.00,,3200.00
9555,3691,1,3,2900.00,,2900.00
9556,3691,2,3,2900.00,,2900.00
9557,3692,1,3,2900.00,,2900.00
9558,3692,2,4,3200.00,,3200.00
9559,3693,1,3,2900.00,,2900.00
9560,3693,2,3,2900.00,,2900.00
9561,3694,1,4,3200.00,,3200.00
9562,3694,2,4,3200.00,,3200.00
9563,3695,1,4,3200.00,,3200.00
9564,3695,2,4,3200.00,,3200.00
9565,3696,1,3,2900.00,,2900.00
9566,3696,2,3,2900.00,,2900.00
9567,3697,1,4,3200.00,,3200.00
9568,3697,2,3,2900.00,,2900.00
9569,3698,1,4,3200.00,,3200.00
9570,3698,2,4,3200.00,,3200.00
9571,3699,1,2,2400.00,,2400.00
9572,3699,2,2,2400.00,,2400.00
9573,3699,3,2,2400.00,,2400.00
9574,3700,1,3,2900.00,,2900.00
9575,3700,2,3,2900.00,,2900.00
9576,3701,1,3,2900.00,,2900.00
9577,3701,2,3,2900.00,,2900.00
9578,3702,1,3,2900.00,,2900.00
9579,3702,2,2,2400.00,,2400.00
9580,3702,3,2,2400.00,,2400.00
9581,3703,1,3,2900.00,,2900.00
9582,3703,2,3,2900.00,,2900.00
9583,3704,1,3,2900.00,,2900.00
9584,3704,2,2,2400.00,,2400.00
9585,3704,3,2,2400.00,,2400.00
9586,3704,4,3,2900.00,,2900.00
9587,3704,5,2,2400.00,,2400.00
9588,3704,6,3,2900.00,,2900.00
9589,3704,7,2,2400.00,,2400.00
9590,3705,1,1,1950.00,,1950.00
9591,3705,2,1,1950.00,,1950.00
9592,3705,3,1,1950.00,,1950.00
9593,3706,1,1,1950.00,,1950.00
9594,3706,2,1,1950.00,,1950.00
9595,3706,3,1,1950.00,,1950.00
9596,3707,1,2,2400.00,,2400.00
9597,3707,2,1,1950.00,,1950.00
9598,3707,3,2,2400.00,,2400.00
9599,3707,4,1,1950.00,,1950.00
9600,3708,1,2,2400.00,,2400.00
9601,3708,2,2,2400.00,,2400.00
9602,3708,3,1,1950.00,,1950.00
9603,3709,1,3,2900.00,,2900.00
9604,3709,2,3,2900.00,,2900.00
9605,3709,3,3,2900.00,,2900.00
9606,3710,1,3,2900.00,,2900.00
9607,3710,2,3,2900.00,,2900.00
9608,3711,1,4,3200.00,,3200.00
9609,3711,2,4,3200.00,,3200.00
9610,3712,1,3,2900.00,,2900.00
9611,3712,2,3,2900.00,,2900.00
9612,3712,3,3,2900.00,,2900.00
9613,3712,4,2,2400.00,,2400.00
9614,3713,1,2,2400.00,,2400.00
9615,3713,2,3,2900.00,,2900.00
9616,3713,3,2,2400.00,,2400.00
9617,3714,1,3,2900.00,,2900.00
9618,3714,2,3,2900.00,,2900.00
9619,3715,1,3,2900.00,,2900.00
9620,3715,2,2,2400.00,,2400.00
9621,3716,1,1,1950.00,,1950.00
9622,3716,2,1,1950.00,,1950.00
9623,3716,3,1,1950.00,,1950.00
9624,3716,4,1,1950.00,,1950.00
9625,3717,1,3,2900.00,,2900.00
9626,3717,2,3,2900.00,,2900.00
9627,3718,1,1,1950.00,,1950.00
9628,3718,2,1,1950.00,,1950.00
9629,3718,3,2,2400.00,,2400.00
9630,3718,4,2,2400.00,,2400.00
9631,3718,5,1,1950.00,,1950.00
9632,3718,6,1,1950.00,,1950.00
9633,3719,1,1,1950.00,,1950.00
9634,3719,2,2,2400.00,,2400.00
9635,3720,1,3,2900.00,,2900.00
9636,3720,2,2,2400.00,,2400.00
9637,3720,3,2,2400.00,,2400.00
9638,3721,1,3,2900.00,,2900.00
9639,3721,2,3,2900.00,,2900.00
9640,3722,1,3,2900.00,,2900.00
9641,3722,2,2,2400.00,,2400.00
9642,3723,1,3,2900.00,,2900.00
9643,3723,2,3,2900.00,,2900.00
9644,3724,1,3,2900.00,,2900.00
9645,3724,2,2,2400.00,,2400.00
9646,3724,3,3,2900.00,,2900.00
9647,3725,1,1,1950.00,,1950.00
9648,3725,2,1,1950.00,,1950.00
9649,3726,1,1,1950.00,,1950.00
9650,3726,2,1,1950.00,,1950.00
9651,3726,3,1,1950.00,,1950.00
9652,3727,1,1,1950.00,,1950.00
9653,3727,2,2,2400.00,,2400.00
9654,3728,1,2,2400.00,,2400.00
9655,3728,2,1,1950.00,,1950.00
9656,3729,1,3,2900.00,,2900.00
9657,3729,2,2,2400.00,,2400.00
9658,3730,1,1,1950.00,,1950.00
9659,3730,2,1,1950.00,,1950.00
9660,3731,1,1,1950.00,,1950.00
9661,3731,2,1,1950.00,,1950.00
9662,3732,1,3,2900.00,,2900.00
9663,3732,2,3,2900.00,,2900.00
9664,3733,1,1,1950.00,,1950.00
9665,3733,2,1,1950.00,,1950.00
9666,3733,3,1,1950.00,,1950.00
9667,3734,1,4,3200.00,,3200.00
9668,3734,2,4,3200.00,,3200.00
9669,3735,1,3,2900.00,,2900.00
9670,3735,2,3,2900.00,,2900.00
9671,3735,3,3,2900.00,,2900.00
9672,3736,1,3,2900.00,,2900.00
9673,3736,2,4,3200.00,,3200.00
9674,3737,1,1,1950.00,,1950.00
9675,3737,2,1,1950.00,,1950.00
9676,3737,3,1,1950.00,,1950.00
9677,3737,4,1,1950.00,,1950.00
9678,3737,5,1,1950.00,,1950.00
9679,3737,6,1,1950.00,,1950.00
9680,3738,1,2,2400.00,,2400.00
9681,3738,2,2,2400.00,,2400.00
9682,3738,3,2,2400.00,,2400.00
9683,3738,4,2,2400.00,,2400.00
9684,3738,5,2,2400.00,,2400.00
9685,3739,1,2,2400.00,,2400.00
9686,3739,2,2,2400.00,,2400.00
9687,3739,3,2,2400.00,,2400.00
9688,3740,1,3,2900.00,,2900.00
9689,3740,2,3,2900.00,,2900.00
9690,3740,3,3,2900.00,,2900.00
9691,3741,1,3,2900.00,,2900.00
9692,3741,2,3,2900.00,,2900.00
9693,3742,1,2,2400.00,,2400.00
9694,3742,2,2,2400.00,,2400.00
9695,3742,3,2,2400.00,,2400.00
9696,3743,1,3,2900.00,,2900.00
9697,3743,2,2,2400.00,,2400.00
9698,3744,1,2,2400.00,,2400.00
9699,3744,2,2,2400.00,,2400.00
9700,3745,1,4,3200.00,,3200.00
9701,3745,2,4,3200.00,,3200.00
9702,3746,1,4,3200.00,,3200.00
9703,3746,2,4,3200.00,,3200.00
9704,3747,1,3,2900.00,,2900.00
9705,3747,2,3,2900.00,,2900.00
9706,3748,1,1,1950.00,,1950.00
9707,3748,2,2,2400.00,,2400.00
9708,3749,1,3,2900.00,,2900.00
9709,3749,2,3,2900.00,,2900.00
9710,3750,1,4,3200.00,,3200.00
9711,3750,2,4,3200.00,,3200.00
9712,3750,3,3,2900.00,,2900.00
9713,3751,1,2,2400.00,,2400.00
9714,3751,2,2,2400.00,,2400.00
9715,3752,1,2,2400.00,,2400.00
9716,3752,2,2,2400.00,,2400.00
9717,3752,3,2,2400.00,,2400.00
9718,3752,4,2,2400.00,,2400.00
9719,3753,1,2,2400.00,,2400.00
9720,3753,2,2,2400.00,,2400.00
9721,3754,1,2,2400.00,,2400.00
9722,3754,2,2,2400.00,,2400.00
9723,3754,3,1,1950.00,,1950.00
9724,3755,1,3,2900.00,,2900.00
9725,3755,2,3,2900.00,,2900.00
9726,3756,1,2,2400.00,,2400.00
9727,3756,2,2,2400.00,,2400.00
9728,3757,1,2,2400.00,,2400.00
9729,3757,2,2,2400.00,,2400.00
9730,3757,3,2,2400.00,,2400.00
9731,3758,1,3,2900.00,,2900.00
9732,3758,2,3,2900.00,,2900.00
9733,3758,3,3,2900.00,,2900.00
9734,3759,1,2,2400.00,,2400.00
9735,3759,2,1,1950.00,,1950.00
9736,3759,3,2,2400.00,,2400.00
9737,3760,1,3,2900.00,,2900.00
9738,3760,2,3,2900.00,,2900.00
9739,3761,1,2,2400.00,,2400.00
9740,3761,2,2,2400.00,,2400.00
9741,3761,3,2,2400.00,,2400.00
9742,3762,1,1,1950.00,,1950.00
9743,3762,2,0,1700.00,,1700.00
9744,3762,3,1,1950.00,,1950.00
9745,3763,1,3,2900.00,,2900.00
9746,3763,2,4,3200.00,,3200.00
9747,3764,1,3,2900.00,,2900.00
9748,3764,2,3,2900.00,,2900.00
9749,3765,1,2,2400.00,,2400.00
9750,3765,2,2,2400.00,,2400.00
9751,3765,3,2,2400.00,,2400.00
9752,3766,1,3,2900.00,,2900.00
9753,3766,2,3,2900.00,,2900.00
9754,3767,1,3,2900.00,,2900.00
9755,3767,2,3,2900.00,,2900.00
9756,3767,3,3,2900.00,,2900.00
9757,3768,1,2,2400.00,,2400.00
9758,3768,2,2,2400.00,,2400.00
9759,3768,3,2,2400.00,,2400.00
9760,3769,1,2,2400.00,,2400.00
9761,3769,2,3,2900.00,,2900.00
9762,3769,3,3,2900.00,,2900.00
9763,3770,1,1,1950.00,,1950.00
9764,3770,2,1,1950.00,,1950.00
9765,3770,3,2,2400.00,,2400.00
9766,3771,1,1,1950.00,,1950.00
9767,3771,2,1,1950.00,,1950.00
9768,3772,1,3,2900.00,,2900.00
9769,3772,2,4,3200.00,,3200.00
9770,3773,1,3,2900.00,,2900.00
9771,3773,2,3,2900.00,,2900.00
9772,3774,1,3,2900.00,,2900.00
9773,3774,2,2,2400.00,,2400.00
9774,3774,3,2,2400.00,,2400.00
9775,3775,1,2,2400.00,,2400.00
9776,3775,2,2,2400.00,,2400.00
9777,3775,3,2,2400.00,,2400.00
9778,3776,1,2,2400.00,,2400.00
9779,3776,2,2,2400.00,,2400.00
9780,3776,3,3,2900.00,,2900.00
9781,3777,1,3,2900.00,,2900.00
9782,3777,2,2,2400.00,,2400.00
9783,3778,1,3,2900.00,,2900.00
9784,3778,2,3,2900.00,,2900.00
9785,3779,1,2,2400.00,,2400.00
9786,3779,2,2,2400.00,,2400.00
9787,3779,3,2,2400.00,,2400.00
9788,3780,1,2,2400.00,,2400.00
9789,3780,2,2,2400.00,,2400.00
9790,3780,3,1,1950.00,,1950.00
9791,3781,1,3,2900.00,,2900.00
9792,3781,2,3,2900.00,,2900.00
9793,3782,1,1,1950.00,,1950.00
9794,3782,2,1,1950.00,,1950.00
9795,3783,1,5,3500.00,,3500.00
9796,3783,2,5,3500.00,,3500.00
9797,3783,3,5,3500.00,,3500.00
9798,3784,1,3,2900.00,,2900.00
9799,3784,2,3,2900.00,,2900.00
9800,3784,3,3,2900.00,,2900.00
9801,3785,1,2,2400.00,,2400.00
9802,3785,2,2,2400.00,,2400.00
9803,3785,3,2,2400.00,,2400.00
9804,3785,4,2,2400.00,,2400.00
9805,3785,5,2,2400.00,,2400.00
9806,3785,6,2,2400.00,,2400.00
9807,3786,1,3,2900.00,,2900.00
9808,3786,2,3,2900.00,,2900.00
9809,3787,1,3,2900.00,,2900.00
9810,3787,2,2,2400.00,,2400.00
9811,3788,1,3,2900.00,,2900.00
9812,3788,2,2,2400.00,,2400.00
9813,3789,1,2,2400.00,,2400.00
9814,3789,2,2,2400.00,,2400.00
9815,3789,3,1,1950.00,,1950.00
9816,3789,4,2,2400.00,,2400.00
9817,3790,1,1,1950.00,,1950.00
9818,3790,2,2,2400.00,,2400.00
9819,3790,3,2,2400.00,,2400.00
9820,3790,4,1,1950.00,,1950.00
9821,3791,1,3,2900.00,,2900.00
9822,3791,2,4,3200.00,,3200.00
9823,3792,1,4,3200.00,,3200.00
9824,3792,2,4,3200.00,,3200.00
9825,3793,1,3,2900.00,,2900.00
9826,3793,2,3,2900.00,,2900.00
9827,3793,3,3,2900.00,,2900.00
9828,3794,1,2,2400.00,,2400.00
9829,3794,2,2,2400.00,,2400.00
9830,3794,3,2,2400.00,,2400.00
9831,3795,1,1,1950.00,,1950.00
9832,3795,2,1,1950.00,,1950.00
9833,3796,1,3,2900.00,,2900.00
9834,3796,2,3,2900.00,,2900.00
9835,3797,1,3,2900.00,,2900.00
9836,3797,2,3,2900.00,,2900.00
9837,3798,1,2,2400.00,,2400.00
9838,3798,2,3,2900.00,,2900.00
9839,3799,1,4,3200.00,,3200.00
9840,3799,2,4,3200.00,,3200.00
9841,3800,1,2,2400.00,,2400.00
9842,3800,2,2,2400.00,,2400.00
9843,3801,1,2,2400.00,,2400.00
9844,3801,2,2,2400.00,,2400.00
9845,3802,1,3,2900.00,,2900.00
9846,3802,2,3,2900.00,,2900.00
9847,3803,1,2,2400.00,,2400.00
9848,3803,2,2,2400.00,,2400.00
9849,3804,1,3,2900.00,,2900.00
9850,3804,2,3,2900.00,,2900.00
9851,3804,3,3,2900.00,,2900.00
9852,3804,4,2,2400.00,,2400.00
9853,3805,1,2,2400.00,,2400.00
9854,3805,2,1,1950.00,,1950.00
9855,3805,3,2,2400.00,,2400.00
9856,3806,1,2,2400.00,,2400.00
9857,3806,2,1,1950.00,,1950.00
9858,3806,3,2,2400.00,,2400.00
9859,3806,4,1,1950.00,,1950.00
9860,3807,1,3,2900.00,,2900.00
9861,3807,2,3,2900.00,,2900.00
9862,3808,1,2,2400.00,,2400.00
9863,3808,2,2,2400.00,,2400.00
9864,3808,3,2,2400.00,,2400.00
9865,3809,1,3,2900.00,,2900.00
9866,3809,2,3,2900.00,,2900.00
9867,3810,1,2,2400.00,,2400.00
9868,3810,2,2,2400.00,,2400.00
9869,3810,3,2,2400.00,,2400.00
9870,3811,1,1,1950.00,,1950.00
9871,3811,2,1,1950.00,,1950.00
9872,3812,1,3,2900.00,,2900.00
9873,3812,2,3,2900.00,,2900.00
9874,3813,1,3,2900.00,,2900.00
9875,3813,2,3,2900.00,,2900.00
9876,3814,1,2,2400.00,,2400.00
9877,3814,2,2,2400.00,,2400.00
9878,3814,3,2,2400.00,,2400.00
9879,3815,1,1,1950.00,,1950.00
9880,3815,2,1,1950.00,,1950.00
9881,3815,3,1,1950.00,,1950.00
9882,3816,1,2,2400.00,,2400.00
9883,3816,2,2,2400.00,,2400.00
9884,3817,1,0,1700.00,,1700.00
9885,3817,2,1,1950.00,,1950.00
9886,3817,3,1,1950.00,,1950.00
9887,3818,1,3,2900.00,,2900.00
9888,3818,2,3,2900.00,,2900.00
9889,3819,1,1,1950.00,,1950.00
9890,3819,2,1,1950.00,,1950.00
9891,3820,1,4,3200.00,,3200.00
9892,3820,2,3,2900.00,,2900.00
9893,3821,1,3,2900.00,,2900.00
9894,3821,2,3,2900.00,,2900.00
9895,3822,1,2,2400.00,,2400.00
9896,3822,2,1,1950.00,,1950.00
9897,3822,3,1,1950.00,,1950.00
9898,3823,1,4,3200.00,,3200.00
9899,3823,2,4,3200.00,,3200.00
9900,3824,1,2,2400.00,,2400.00
9901,3824,2,1,1950.00,,1950.00
9902,3825,1,2,2400.00,,2400.00
9903,3825,2,1,1950.00,,1950.00
9904,3826,1,1,1950.00,,1950.00
9905,3826,2,1,1950.00,,1950.00
9906,3827,1,3,2900.00,,2900.00
9907,3827,2,3,2900.00,,2900.00
9908,3828,1,1,1950.00,,1950.00
9909,3828,2,1,1950.00,,1950.00
9910,3828,3,1,1950.00,,1950.00
9911,3829,1,2,2400.00,,2400.00
9912,3829,2,1,1950.00,,1950.00
9913,3830,1,2,2400.00,,2400.00
9914,3830,2,2,2400.00,,2400.00
9915,3830,3,3,2900.00,,2900.00
9916,3831,1,3,2900.00,,2900.00
9917,3831,2,2,2400.00,,2400.00
9918,3832,1,3,2900.00,,2900.00
9919,3832,2,3,2900.00,,2900.00
9920,3833,1,3,2900.00,,2900.00
9921,3833,2,3,2900.00,,2900.00
9922,3834,1,1,1950.00,,1950.00
9923,3834,2,1,1950.00,,1950.00
9924,3834,3,1,1950.00,,1950.00
9925,3835,1,1,1950.00,,1950.00
9926,3835,2,2,2400.00,,2400.00
9927,3835,3,2,2400.00,,2400.00
9928,3836,1,2,2400.00,,2400.00
9929,3836,2,2,2400.00,,2400.00
9930,3836,3,1,1950.00,,1950.00
9931,3837,1,2,2400.00,,2400.00
9932,3837,2,2,2400.00,,2400.00
9933,3838,1,2,2400.00,,2400.00
9934,3838,2,3,2900.00,,2900.00
9935,3839,1,4,3200.00,,3200.00
9936,3839,2,4,3200.00,,3200.00
9937,3840,1,3,2900.00,,2900.00
9938,3840,2,2,2400.00,,2400.00
9939,3841,1,3,2900.00,,2900.00
9940,3841,2,3,2900.00,,2900.00
9941,3842,1,1,1950.00,,1950.00
9942,3842,2,1,1950.00,,1950.00
9943,3842,3,1,1950.00,,1950.00
9944,3843,1,0,1700.00,,1700.00
9945,3843,2,0,1700.00,,1700.00
9946,3843,3,0,1700.00,,1700.00
9947,3843,4,0,1700.00,,1700.00
9948,3843,5,0,1700.00,,1700.00
9949,3843,6,0,1700.00,,1700.00
9950,3844,1,1,1950.00,,1950.00
9951,3844,2,1,1950.00,,1950.00
9952,3845,1,2,2400.00,,2400.00
9953,3845,2,2,2400.00,,2400.00
9954,3845,3,3,2900.00,,2900.00
9955,3846,1,2,2400.00,,2400.00
9956,3846,2,2,2400.00,,2400.00
9957,3847,1,1,1950.00,,1950.00
9958,3847,2,1,1950.00,,1950.00
9959,3848,1,2,2400.00,,2400.00
9960,3848,2,1,1950.00,,1950.00
9961,3848,3,2,2400.00,,2400.00
9962,3849,1,1,1950.00,,1950.00
9963,3849,2,1,1950.00,,1950.00
9964,3849,3,2,2400.00,,2400.00
9965,3850,1,1,1950.00,,1950.00
9966,3850,2,1,1950.00,,1950.00
9967,3851,1,2,2400.00,,2400.00
9968,3851,2,1,1950.00,,1950.00
9969,3852,1,3,2900.00,,2900.00
9970,3852,2,3,2900.00,,2900.00
9971,3853,1,1,1950.00,,1950.00
9972,3853,2,1,1950.00,,1950.00
9973,3853,3,1,1950.00,,1950.00
9974,3854,1,4,3200.00,,3200.00
9975,3854,2,3,2900.00,,2900.00
9976,3855,1,3,2900.00,,2900.00
9977,3855,2,4,3200.00,,3200.00
9978,3856,1,3,2900.00,,2900.00
9979,3856,2,4,3200.00,,3200.00
9980,3857,1,2,2400.00,,2400.00
9981,3857,2,3,2900.00,,2900.00
9982,3858,1,4,3200.00,,3200.00
9983,3858,2,3,2900.00,,2900.00
9984,3859,1,3,2900.00,,2900.00
9985,3859,2,2,2400.00,,2400.00
9986,3860,1,2,2400.00,,2400.00
9987,3860,2,2,2400.00,,2400.00
9988,3861,1,2,2400.00,,2400.00
9989,3861,2,2,2400.00,,2400.00
9990,3862,1,2,2400.00,,2400.00
9991,3862,2,2,2400.00,,2400.00
9992,3863,1,3,2900.00,,2900.00
9993,3863,2,2,2400.00,,2400.00
9994,3864,1,3,2900.00,,2900.00
9995,3864,2,2,2400.00,,2400.00
9996,3865,1,2,2400.00,,2400.00
9997,3865,2,3,2900.00,,2900.00
9998,3866,1,2,2400.00,,2400.00
9999,3866,2,2,2400.00,,2400.00
10000,3866,3,2,2400.00,,2400.00
10001,3867,1,2,2400.00,,2400.00
10002,3867,2,1,1950.00,,1950.00
10003,3868,1,2,2400.00,,2400.00
10004,3868,2,3,2900.00,,2900.00
10005,3869,1,3,2900.00,,2900.00
10006,3869,2,3,2900.00,,2900.00
10007,3869,3,2,2400.00,,2400.00
10008,3870,1,2,2400.00,,2400.00
10009,3870,2,3,2900.00,,2900.00
10010,3870,3,3,2900.00,,2900.00
10011,3871,1,2,2400.00,,2400.00
10012,3871,2,2,2400.00,,2400.00
10013,3872,1,3,2900.00,,2900.00
10014,3872,2,3,2900.00,,2900.00
10015,3873,1,3,2900.00,,2900.00
10016,3873,2,3,2900.00,,2900.00
10017,3874,1,2,2400.00,,2400.00
10018,3874,2,3,2900.00,,2900.00
10019,3875,1,2,2400.00,,2400.00
10020,3875,2,1,1950.00,,1950.00
10021,3876,1,1,1950.00,,1950.00
10022,3876,2,2,2400.00,,2400.00
10023,3877,1,3,2900.00,,2900.00
10024,3877,2,3,2900.00,,2900.00
10025,3878,1,3,2900.00,,2900.00
10026,3878,2,3,2900.00,,2900.00
10027,3878,3,3,2900.00,,2900.00
10028,3879,1,3,2900.00,,2900.00
10029,3879,2,4,3200.00,,3200.00
10030,3880,1,3,2900.00,,2900.00
10031,3880,2,2,2400.00,,2400.00
10032,3881,1,3,2900.00,,2900.00
10033,3881,2,3,2900.00,,2900.00
10034,3882,1,2,2400.00,,2400.00
10035,3882,2,2,2400.00,,2400.00
10036,3882,3,2,2400.00,,2400.00
10037,3883,1,3,2900.00,,2900.00
10038,3883,2,2,2400.00,,2400.00
10039,3884,1,3,2900.00,,2900.00
10040,3884,2,2,2400.00,,2400.00
10041,3885,1,2,2400.00,,2400.00
10042,3885,2,2,2400.00,,2400.00
10043,3886,1,2,2400.00,,2400.00
10044,3886,2,2,2400.00,,2400.00
10045,3886,3,1,1950.00,,1950.00
10046,3887,1,2,2400.00,,2400.00
10047,3887,2,2,2400.00,,2400.00
10048,3888,1,1,1950.00,,1950.00
10049,3888,2,1,1950.00,,1950.00
10050,3888,3,1,1950.00,,1950.00
10051,3888,4,1,1950.00,,1950.00
10052,3889,1,3,2900.00,,2900.00
10053,3889,2,3,2900.00,,2900.00
10054,3889,3,3,2900.00,,2900.00
10055,3890,1,3,2900.00,,2900.00
10056,3890,2,2,2400.00,,2400.00
10057,3890,3,3,2900.00,,2900.00
10058,3891,1,3,2900.00,,2900.00
10059,3891,2,3,2900.00,,2900.00
10060,3892,1,2,2400.00,,2400.00
10061,3892,2,2,2400.00,,2400.00
10062,3892,3,2,2400.00,,2400.00
10063,3893,1,2,2400.00,,2400.00
10064,3893,2,1,1950.00,,1950.00
10065,3894,1,2,2400.00,,2400.00
10066,3894,2,3,2900.00,,2900.00
10067,3895,1,3,2900.00,,2900.00
10068,3895,2,3,2900.00,,2900.00
10069,3895,3,2,2400.00,,2400.00
10070,3896,1,3,2900.00,,2900.00
10071,3896,2,3,2900.00,,2900.00
10072,3896,3,3,2900.00,,2900.00
10073,3897,1,3,2900.00,,2900.00
10074,3897,2,3,2900.00,,2900.00
10075,3898,1,2,2400.00,,2400.00
10076,3898,2,2,2400.00,,2400.00
10077,3898,3,2,2400.00,,2400.00
10078,3899,1,2,2400.00,,2400.00
10079,3899,2,2,2400.00,,2400.00
10080,3900,1,2,2400.00,,2400.00
10081,3900,2,3,2900.00,,2900.00
10082,3900,3,3,2900.00,,2900.00
10083,3901,1,2,2400.00,,2400.00
10084,3901,2,2,2400.00,,2400.00
10085,3901,3,2,2400.00,,2400.00
10086,3902,1,2,2400.00,,2400.00
10087,3902,2,2,2400.00,,2400.00
10088,3903,1,2,2400.00,,2400.00
10089,3903,2,1,1950.00,,1950.00
10090,3903,3,2,2400.00,,2400.00
10091,3904,1,1,1950.00,,1950.00
10092,3904,2,1,1950.00,,1950.00
10093,3904,3,1,1950.00,,1950.00
10094,3905,1,2,2400.00,,2400.00
10095,3905,2,3,2900.00,,2900.00
10096,3906,1,1,1950.00,,1950.00
10097,3906,2,2,2400.00,,2400.00
10098,3907,1,1,1950.00,,1950.00
10099,3907,2,2,2400.00,,2400.00
10100,3908,1,3,2900.00,,2900.00
10101,3908,2,2,2400.00,,2400.00
10102,3909,1,1,1950.00,,1950.00
10103,3909,2,1,1950.00,,1950.00
10104,3910,1,2,2400.00,,2400.00
10105,3910,2,3,2900.00,,2900.00
10106,3910,3,2,2400.00,,2400.00
10107,3911,1,2,2400.00,,2400.00
10108,3911,2,2,2400.00,,2400.00
10109,3911,3,2,2400.00,,2400.00
10110,3912,1,3,2900.00,,2900.00
10111,3912,2,3,2900.00,,2900.00
10112,3912,3,3,2900.00,,2900.00
10113,3913,1,3,2900.00,,2900.00
10114,3913,2,3,2900.00,,2900.00
10115,3913,3,3,2900.00,,2900.00
10116,3914,1,3,2900.00,,2900.00
10117,3914,2,3,2900.00,,2900.00
10118,3915,1,2,2400.00,,2400.00
10119,3915,2,2,2400.00,,2400.00
10120,3916,1,1,1950.00,,1950.00
10121,3916,2,2,2400.00,,2400.00
10122,3916,3,2,2400.00,,2400.00
10123,3917,1,3,2900.00,,2900.00
10124,3917,2,3,2900.00,,2900.00
10125,3917,3,4,3200.00,,3200.00
10126,3918,1,2,2400.00,,2400.00
10127,3918,2,1,1950.00,,1950.00
10128,3918,3,2,2400.00,,2400.00
10129,3919,1,3,2900.00,,2900.00
10130,3919,2,3,2900.00,,2900.00
10131,3920,1,3,2900.00,,2900.00
10132,3920,2,3,2900.00,,2900.00
10133,3921,1,1,1950.00,,1950.00
10134,3921,2,2,2400.00,,2400.00
10135,3922,1,1,1950.00,,1950.00
10136,3922,2,2,2400.00,,2400.00
10137,3923,1,2,2400.00,,2400.00
10138,3923,2,3,2900.00,,2900.00
10139,3923,3,3,2900.00,,2900.00
10140,3924,1,3,2900.00,,2900.00
10141,3924,2,3,2900.00,,2900.00
10142,3924,3,3,2900.00,,2900.00
10143,3925,1,3,2900.00,,2900.00
10144,3925,2,2,2400.00,,2400.00
10145,3926,1,3,2900.00,,2900.00
10146,3926,2,3,2900.00,,2900.00
10147,3927,1,3,2900.00,,2900.00
10148,3927,2,2,2400.00,,2400.00
10149,3927,3,2,2400.00,,2400.00
10150,3928,1,3,2900.00,,2900.00
10151,3928,2,2,2400.00,,2400.00
10152,3928,3,3,2900.00,,2900.00
10153,3929,1,3,2900.00,,2900.00
10154,3929,2,3,2900.00,,2900.00
10155,3929,3,3,2900.00,,2900.00
10156,3930,1,2,2400.00,,2400.00
10157,3930,2,1,1950.00,,1950.00
10158,3931,1,2,2400.00,,2400.00
10159,3931,2,2,2400.00,,2400.00
10160,3931,3,2,2400.00,,2400.00
10161,3932,1,2,2400.00,,2400.00
10162,3932,2,1,1950.00,,1950.00
10163,3933,1,3,2900.00,,2900.00
10164,3933,2,3,2900.00,,2900.00
10165,3934,1,1,1950.00,,1950.00
10166,3934,2,2,2400.00,,2400.00
10167,3934,3,2,2400.00,,2400.00
10168,3935,1,3,2900.00,,2900.00
10169,3935,2,3,2900.00,,2900.00
10170,3936,1,1,1950.00,,1950.00
10171,3936,2,2,2400.00,,2400.00
10172,3936,3,2,2400.00,,2400.00
10173,3937,1,3,2900.00,,2900.00
10174,3937,2,3,2900.00,,2900.00
10175,3938,1,3,2900.00,,2900.00
10176,3938,2,2,2400.00,,2400.00
10177,3939,1,3,2900.00,,2900.00
10178,3939,2,4,3200.00,,3200.00
10179,3940,1,2,2400.00,,2400.00
10180,3940,2,2,2400.00,,2400.00
10181,3940,3,2,2400.00,,2400.00
10182,3941,1,1,1950.00,,1950.00
10183,3941,2,1,1950.00,,1950.00
10184,3941,3,1,1950.00,,1950.00
10185,3941,4,1,1950.00,,1950.00
10186,3942,1,3,2900.00,,2900.00
10187,3942,2,2,2400.00,,2400.00
10188,3943,1,3,2900.00,,2900.00
10189,3943,2,3,2900.00,,2900.00
10190,3944,1,4,3200.00,,3200.00
10191,3944,2,3,2900.00,,2900.00
10192,3945,1,3,2900.00,,2900.00
10193,3945,2,3,2900.00,,2900.00
10194,3946,1,4,3200.00,,3200.00
10195,3946,2,4,3200.00,,3200.00
10196,3946,3,4,3200.00,,3200.00
10197,3947,1,1,1950.00,,1950.00
10198,3947,2,1,1950.00,,1950.00
10199,3947,3,1,1950.00,,1950.00
10200,3947,4,0,1700.00,,1700.00
10201,3947,5,1,1950.00,,1950.00
10202,3947,6,1,1950.00,,1950.00
10203,3948,1,3,2900.00,,2900.00
10204,3948,2,3,2900.00,,2900.00
10205,3949,1,3,2900.00,,2900.00
10206,3949,2,3,2900.00,,2900.00
10207,3950,1,3,2900.00,,2900.00
10208,3950,2,3,2900.00,,2900.00
10209,3951,1,1,1950.00,,1950.00
10210,3951,2,1,1950.00,,1950.00
10211,3952,1,4,3200.00,,3200.00
10212,3952,2,3,2900.00,,2900.00
10213,3953,1,3,2900.00,,2900.00
10214,3953,2,2,2400.00,,2400.00
10215,3953,3,2,2400.00,,2400.00
10216,3954,1,3,2900.00,,2900.00
10217,3954,2,2,2400.00,,2400.00
10218,3954,3,2,2400.00,,2400.00
10219,3955,1,1,1950.00,,1950.00
10220,3955,2,1,1950.00,,1950.00
10221,3956,1,1,1950.00,,1950.00
10222,3956,2,1,1950.00,,1950.00
10223,3956,3,1,1950.00,,1950.00
10224,3956,4,1,1950.00,,1950.00
10225,3956,5,1,1950.00,,1950.00
10226,3956,6,1,1950.00,,1950.00
10227,3957,1,2,2400.00,,2400.00
10228,3957,2,3,2900.00,,2900.00
10229,3957,3,2,2400.00,,2400.00
10230,3958,1,3,2900.00,,2900.00
10231,3958,2,2,2400.00,,2400.00
10232,3958,3,3,2900.00,,2900.00
10233,3959,1,3,2900.00,,2900.00
10234,3959,2,4,3200.00,,3200.00
10235,3960,1,2,2400.00,,2400.00
10236,3960,2,2,2400.00,,2400.00
10237,3961,1,3,2900.00,,2900.00
10238,3961,2,3,2900.00,,2900.00
10239,3962,1,1,1950.00,,1950.00
10240,3962,2,1,1950.00,,1950.00
10241,3962,3,1,1950.00,,1950.00
10242,3962,4,1,1950.00,,1950.00
10243,3962,5,1,1950.00,,1950.00
10244,3962,6,1,1950.00,,1950.00
10245,3963,1,1,1950.00,,1950.00
10246,3963,2,2,2400.00,,2400.00
10247,3963,3,1,1950.00,,1950.00
10248,3963,4,1,1950.00,,1950.00
10249,3963,5,2,2400.00,,2400.00
10250,3964,1,2,2400.00,,2400.00
10251,3964,2,2,2400.00,,2400.00
10252,3964,3,2,2400.00,,2400.00
10253,3965,1,3,2900.00,,2900.00
10254,3965,2,3,2900.00,,2900.00
10255,3966,1,2,2400.00,,2400.00
10256,3966,2,2,2400.00,,2400.00
10257,3966,3,2,2400.00,,2400.00
10258,3967,1,1,1950.00,,1950.00
10259,3967,2,1,1950.00,,1950.00
10260,3968,1,2,2400.00,,2400.00
10261,3968,2,2,2400.00,,2400.00
10262,3968,3,2,2400.00,,2400.00
10263,3968,4,2,2400.00,,2400.00
10264,3969,1,3,2900.00,,2900.00
10265,3969,2,3,2900.00,,2900.00
10266,3970,1,3,2900.00,,2900.00
10267,3970,2,3,2900.00,,2900.00
10268,3971,1,1,1950.00,,1950.00
10269,3971,2,1,1950.00,,1950.00
10270,3972,1,1,1950.00,,1950.00
10271,3972,2,1,1950.00,,1950.00
10272,3973,1,3,2900.00,,2900.00
10273,3973,2,3,2900.00,,2900.00
10274,3974,1,3,2900.00,,2900.00
10275,3974,2,2,2400.00,,2400.00
10276,3974,3,2,2400.00,,2400.00
10277,3975,1,3,2900.00,,2900.00
10278,3975,2,2,2400.00,,2400.00
10279,3976,1,2,2400.00,,2400.00
10280,3976,2,3,2900.00,,2900.00
10281,3977,1,1,1950.00,,1950.00
10282,3977,2,1,1950.00,,1950.00
10283,3978,1,2,2400.00,,2400.00
10284,3978,2,2,2400.00,,2400.00
10285,3979,1,3,2900.00,,2900.00
10286,3979,2,3,2900.00,,2900.00
10287,3980,1,2,2400.00,,2400.00
10288,3980,2,2,2400.00,,2400.00
10289,3980,3,2,2400.00,,2400.00
10290,3981,1,1,1950.00,,1950.00
10291,3981,2,2,2400.00,,2400.00
10292,3981,3,2,2400.00,,2400.00
10293,3982,1,3,2900.00,,2900.00
10294,3982,2,2,2400.00,,2400.00
10295,3982,3,2,2400.00,,2400.00
10296,3983,1,0,1700.00,,1700.00
10297,3983,2,0,1700.00,,1700.00
10298,3983,3,0,1700.00,,1700.00
10299,3983,4,0,1700.00,,1700.00
10300,3983,5,0,1700.00,,1700.00
10301,3984,1,2,2400.00,,2400.00
10302,3984,2,1,1950.00,,1950.00
10303,3985,1,2,2400.00,,2400.00
10304,3985,2,1,1950.00,,1950.00
10305,3985,3,1,1950.00,,1950.00
10306,3986,1,3,2900.00,,2900.00
10307,3986,2,2,2400.00,,2400.00
10308,3986,3,2,2400.00,,2400.00
10309,3987,1,4,3200.00,,3200.00
10310,3987,2,3,2900.00,,2900.00
10311,3988,1,2,2400.00,,2400.00
10312,3988,2,2,2400.00,,2400.00
10313,3988,3,2,2400.00,,2400.00
10314,3989,1,2,2400.00,,2400.00
10315,3989,2,2,2400.00,,2400.00
10316,3989,3,1,1950.00,,1950.00
10317,3990,1,2,2400.00,,2400.00
10318,3990,2,1,1950.00,,1950.00
10319,3991,1,4,3200.00,,3200.00
10320,3991,2,3,2900.00,,2900.00
10321,3992,1,3,2900.00,,2900.00
10322,3992,2,3,2900.00,,2900.00
10323,3993,1,3,2900.00,,2900.00
10324,3993,2,3,2900.00,,2900.00
10325,3994,1,1,1950.00,,1950.00
10326,3994,2,2,2400.00,,2400.00
10327,3995,1,2,2400.00,,2400.00
10328,3995,2,2,2400.00,,2400.00
10329,3995,3,1,1950.00,,1950.00
10330,3996,1,2,2400.00,,2400.00
10331,3996,2,2,2400.00,,2400.00
10332,3997,1,3,2900.00,,2900.00
10333,3997,2,3,2900.00,,2900.00
10334,3998,1,3,2900.00,,2900.00
10335,3998,2,3,2900.00,,2900.00
10336,3999,1,1,1950.00,,1950.00
10337,3999,2,2,2400.00,,2400.00
10338,3999,3,2,2400.00,,2400.00
10339,4000,1,2,2400.00,,2400.00
10340,4000,2,2,2400.00,,2400.00
10341,4000,3,1,1950.00,,1950.00
10342,4001,1,3,2900.00,,2900.00
10343,4001,2,3,2900.00,,2900.00
10344,4001,3,3,2900.00,,2900.00
10345,4002,1,3,2900.00,,2900.00
10346,4002,2,2,2400.00,,2400.00
10347,4003,1,3,2900.00,,2900.00
10348,4003,2,3,2900.00,,2900.00
10349,4004,1,3,2900.00,,2900.00
10350,4004,2,3,2900.00,,2900.00
10351,4005,1,2,2400.00,,2400.00
10352,4005,2,2,2400.00,,2400.00
10353,4006,1,4,3200.00,,3200.00
10354,4006,2,3,2900.00,,2900.00
10355,4007,1,1,1950.00,,1950.00
10356,4007,2,1,1950.00,,1950.00
10357,4007,3,1,1950.00,,1950.00
10358,4008,1,1,1950.00,,1950.00
10359,4008,2,2,2400.00,,2400.00
10360,4008,3,1,1950.00,,1950.00
10361,4009,1,2,2400.00,,2400.00
10362,4009,2,2,2400.00,,2400.00
10363,4009,3,2,2400.00,,2400.00
10364,4010,1,1,1950.00,,1950.00
10365,4010,2,1,1950.00,,1950.00
10366,4010,3,1,1950.00,,1950.00
10367,4010,4,1,1950.00,,1950.00
10368,4010,5,1,1950.00,,1950.00
10369,4010,6,2,2400.00,,2400.00
10370,4011,1,1,1950.00,,1950.00
10371,4011,2,1,1950.00,,1950.00
10372,4011,3,1,1950.00,,1950.00
10373,4011,4,1,1950.00,,1950.00
10374,4011,5,1,1950.00,,1950.00
10375,4011,6,1,1950.00,,1950.00
10376,4012,1,1,1950.00,,1950.00
10377,4012,2,1,1950.00,,1950.00
10378,4013,1,2,2400.00,,2400.00
10379,4013,2,1,1950.00,,1950.00
10380,4013,3,2,2400.00,,2400.00
10381,4014,1,1,1950.00,,1950.00
10382,4014,2,2,2400.00,,2400.00
10383,4015,1,2,2400.00,,2400.00
10384,4015,2,2,2400.00,,2400.00
10385,4015,3,2,2400.00,,2400.00
10386,4016,1,2,2400.00,,2400.00
10387,4016,2,2,2400.00,,2400.00
10388,4017,1,1,1950.00,,1950.00
10389,4017,2,1,1950.00,,1950.00
10390,4017,3,1,1950.00,,1950.00
10391,4018,1,2,2400.00,,2400.00
10392,4018,2,2,2400.00,,2400.00
10393,4019,1,2,2400.00,,2400.00
10394,4019,2,1,1950.00,,1950.00
10395,4020,1,1,1950.00,,1950.00
10396,4020,2,2,2400.00,,2400.00
10397,4020,3,2,2400.00,,2400.00
10398,4021,1,3,2900.00,,2900.00
10399,4021,2,3,2900.00,,2900.00
10400,4022,1,1,1950.00,,1950.00
10401,4022,2,1,1950.00,,1950.00
10402,4022,3,1,1950.00,,1950.00
10403,4023,1,3,2900.00,,2900.00
10404,4023,2,2,2400.00,,2400.00
10405,4024,1,1,1950.00,,1950.00
10406,4024,2,1,1950.00,,1950.00
10407,4024,3,0,1700.00,,1700.00
10408,4025,1,3,2900.00,,2900.00
10409,4025,2,1,1950.00,,1950.00
10410,4025,3,3,2900.00,,2900.00
10411,4026,1,0,1700.00,,1700.00
10412,4026,2,0,1700.00,,1700.00
10413,4027,1,1,1950.00,,1950.00
10414,4027,2,1,1950.00,,1950.00
10415,4027,3,1,1950.00,,1950.00
10416,4028,1,2,2400.00,,2400.00
10417,4028,2,3,2900.00,,2900.00
10418,4028,3,3,2900.00,,2900.00
10419,4029,1,2,2400.00,,2400.00
10420,4029,2,1,1950.00,,1950.00
10421,4030,1,4,3200.00,,3200.00
10422,4030,2,3,2900.00,,2900.00
10423,4031,1,1,1950.00,,1950.00
10424,4031,2,1,1950.00,,1950.00
10425,4031,3,1,1950.00,,1950.00
10426,4032,1,3,2900.00,,2900.00
10427,4032,2,3,2900.00,,2900.00
10428,4033,1,1,1950.00,,1950.00
10429,4033,2,1,1950.00,,1950.00
10430,4034,1,3,2900.00,,2900.00
10431,4034,2,2,2400.00,,2400.00
10432,4034,3,3,2900.00,,2900.00
10433,4035,1,3,2900.00,,2900.00
10434,4035,2,3,2900.00,,2900.00
10435,4035,3,2,2400.00,,2400.00
10436,4036,1,2,2400.00,,2400.00
10437,4036,2,2,2400.00,,2400.00
10438,4036,3,3,2900.00,,2900.00
10439,4037,1,3,2900.00,,2900.00
10440,4037,2,3,2900.00,,2900.00
10441,4038,1,2,2400.00,,2400.00
10442,4038,2,2,2400.00,,2400.00
10443,4039,1,2,2400.00,,2400.00
10444,4039,2,2,2400.00,,2400.00
10445,4040,1,1,1950.00,,1950.00
10446,4040,2,1,1950.00,,1950.00
10447,4041,1,1,1950.00,,1950.00
10448,4041,2,1,1950.00,,1950.00
10449,4041,3,1,1950.00,,1950.00
10450,4042,1,2,2400.00,,2400.00
10451,4042,2,2,2400.00,,2400.00
10452,4043,1,2,2400.00,,2400.00
10453,4043,2,2,2400.00,,2400.00
10454,4044,1,2,2400.00,,2400.00
10455,4044,2,2,2400.00,,2400.00
10456,4044,3,2,2400.00,,2400.00
10457,4045,1,1,1950.00,,1950.00
10458,4045,2,1,1950.00,,1950.00
10459,4046,1,3,2900.00,,2900.00
10460,4046,2,3,2900.00,,2900.00
10461,4047,1,1,1950.00,,1950.00
10462,4047,2,1,1950.00,,1950.00
10463,4047,3,1,1950.00,,1950.00
10464,4047,4,1,1950.00,,1950.00
10465,4048,1,3,2900.00,,2900.00
10466,4048,2,2,2400.00,,2400.00
10467,4048,3,2,2400.00,,2400.00
10468,4049,1,1,1950.00,,1950.00
10469,4049,2,2,2400.00,,2400.00
10470,4050,1,2,2400.00,,2400.00
10471,4050,2,2,2400.00,,2400.00
10472,4051,1,2,2400.00,,2400.00
10473,4051,2,1,1950.00,,1950.00
10474,4052,1,1,1950.00,,1950.00
10475,4052,2,1,1950.00,,1950.00
10476,4053,1,1,1950.00,,1950.00
10477,4053,2,1,1950.00,,1950.00
10478,4054,1,2,2400.00,,2400.00
10479,4054,2,2,2400.00,,2400.00
10480,4055,1,2,2400.00,,2400.00
10481,4055,2,1,1950.00,,1950.00
10482,4056,1,1,1950.00,,1950.00
10483,4056,2,1,1950.00,,1950.00
10484,4056,3,1,1950.00,,1950.00
10485,4057,1,4,3200.00,,3200.00
10486,4057,2,4,3200.00,,3200.00
10487,4058,1,2,2400.00,,2400.00
10488,4058,2,2,2400.00,,2400.00
10489,4059,1,2,2400.00,,2400.00
10490,4059,2,2,2400.00,,2400.00
10491,4059,3,2,2400.00,,2400.00
10492,4060,1,2,2400.00,,2400.00
10493,4060,2,3,2900.00,,2900.00
10494,4061,1,1,1950.00,,1950.00
10495,4061,2,1,1950.00,,1950.00
10496,4062,1,3,2900.00,,2900.00
10497,4062,2,3,2900.00,,2900.00
10498,4063,1,2,2400.00,,2400.00
10499,4063,2,1,1950.00,,1950.00
10500,4064,1,1,1950.00,,1950.00
10501,4064,2,1,1950.00,,1950.00
10502,4065,1,2,2400.00,,2400.00
10503,4065,2,2,2400.00,,2400.00
10504,4065,3,2,2400.00,,2400.00
10505,4066,1,1,1950.00,,1950.00
10506,4066,2,1,1950.00,,1950.00
10507,4066,3,1,1950.00,,1950.00
10508,4066,4,1,1950.00,,1950.00
10509,4066,5,1,1950.00,,1950.00
10510,4067,1,2,2400.00,,2400.00
10511,4067,2,2,2400.00,,2400.00
10512,4067,3,2,2400.00,,2400.00
10513,4068,1,1,1950.00,,1950.00
10514,4068,2,1,1950.00,,1950.00
10515,4068,3,2,2400.00,,2400.00
10516,4069,1,2,2400.00,,2400.00
10517,4069,2,2,2400.00,,2400.00
10518,4069,3,1,1950.00,,1950.00
10519,4070,1,4,3200.00,,3200.00
10520,4070,2,3,2900.00,,2900.00
10521,4070,3,3,2900.00,,2900.00
10522,4070,4,4,3200.00,,3200.00
10523,4070,5,3,2900.00,,2900.00
10524,4070,6,3,2900.00,,2900.00
10525,4071,1,2,2400.00,,2400.00
10526,4071,2,2,2400.00,,2400.00
10527,4072,1,1,1950.00,,1950.00
10528,4072,2,1,1950.00,,1950.00
10529,4072,3,1,1950.00,,1950.00
10530,4073,1,1,1950.00,,1950.00
10531,4073,2,2,2400.00,,2400.00
10532,4073,3,2,2400.00,,2400.00
10533,4074,1,3,2900.00,,2900.00
10534,4074,2,3,2900.00,,2900.00
10535,4075,1,3,2900.00,,2900.00
10536,4075,2,4,3200.00,,3200.00
10537,4076,1,2,2400.00,,2400.00
10538,4076,2,3,2900.00,,2900.00
10539,4077,1,2,2400.00,,2400.00
10540,4077,2,2,2400.00,,2400.00
10541,4077,3,2,2400.00,,2400.00
10542,4078,1,3,2900.00,,2900.00
10543,4078,2,2,2400.00,,2400.00
10544,4079,1,2,2400.00,,2400.00
10545,4079,2,3,2900.00,,2900.00
10546,4079,3,3,2900.00,,2900.00
10547,4079,4,2,2400.00,,2400.00
10548,4079,5,3,2900.00,,2900.00
10549,4079,6,3,2900.00,,2900.00
10550,4080,1,0,1700.00,,1700.00
10551,4080,2,0,1700.00,,1700.00
10552,4080,3,1,1950.00,,1950.00
10553,4080,4,0,1700.00,,1700.00
10554,4080,5,0,1700.00,,1700.00
10555,4081,1,2,2400.00,,2400.00
10556,4081,2,3,2900.00,,2900.00
10557,4081,3,2,2400.00,,2400.00
10558,4082,1,2,2400.00,,2400.00
10559,4082,2,2,2400.00,,2400.00
10560,4082,3,1,1950.00,,1950.00
10561,4083,1,3,2900.00,,2900.00
10562,4083,2,3,2900.00,,2900.00
10563,4083,3,3,2900.00,,2900.00
10564,4084,1,4,3200.00,,3200.00
10565,4084,2,4,3200.00,,3200.00
10566,4085,1,3,2900.00,,2900.00
10567,4085,2,2,2400.00,,2400.00
10568,4086,1,2,2400.00,,2400.00
10569,4086,2,1,1950.00,,1950.00
10570,4086,3,2,2400.00,,2400.00
10571,4087,1,1,1950.00,,1950.00
10572,4087,2,2,2400.00,,2400.00
10573,4087,3,1,1950.00,,1950.00
10574,4088,1,2,2400.00,,2400.00
10575,4088,2,2,2400.00,,2400.00
10576,4088,3,2,2400.00,,2400.00
10577,4089,1,2,2400.00,,2400.00
10578,4089,2,2,2400.00,,2400.00
10579,4089,3,2,2400.00,,2400.00
10580,4089,4,2,2400.00,,2400.00
10581,4090,1,3,2900.00,,2900.00
10582,4090,2,2,2400.00,,2400.00
10583,4090,3,3,2900.00,,2900.00
10584,4091,1,3,2900.00,,2900.00
10585,4091,2,3,2900.00,,2900.00
10586,4091,3,3,2900.00,,2900.00
10587,4092,1,2,2400.00,,2400.00
10588,4092,2,2,2400.00,,2400.00
10589,4092,3,2,2400.00,,2400.00
10590,4093,1,2,2400.00,,2400.00
10591,4093,2,2,2400.00,,2400.00
10592,4093,3,3,2900.00,,2900.00
10593,4094,1,1,1950.00,,1950.00
10594,4094,2,2,2400.00,,2400.00
10595,4095,1,2,2400.00,,2400.00
10596,4095,2,2,2400.00,,2400.00
10597,4096,1,3,2900.00,,2900.00
10598,4096,2,3,2900.00,,2900.00
10599,4097,1,3,2900.00,,2900.00
10600,4097,2,3,2900.00,,2900.00
10601,4098,1,2,2400.00,,2400.00
10602,4098,2,2,2400.00,,2400.00
10603,4098,3,2,2400.00,,2400.00
10604,4099,1,2,2400.00,,2400.00
10605,4099,2,2,2400.00,,2400.00
10606,4100,1,2,2400.00,,2400.00
10607,4100,2,2,2400.00,,2400.00
10608,4101,1,3,2900.00,,2900.00
10609,4101,2,3,2900.00,,2900.00
10610,4102,1,1,1950.00,,1950.00
10611,4102,2,2,2400.00,,2400.00
10612,4102,3,2,2400.00,,2400.00
10613,4103,1,3,2900.00,,2900.00
10614,4103,2,3,2900.00,,2900.00
10615,4104,1,4,3200.00,,3200.00
10616,4104,2,3,2900.00,,2900.00
10617,4105,1,3,2900.00,,2900.00
10618,4105,2,3,2900.00,,2900.00
10619,4106,1,4,3200.00,,3200.00
10620,4106,2,3,2900.00,,2900.00
10621,4107,1,2,2400.00,,2400.00
10622,4107,2,3,2900.00,,2900.00
10623,4108,1,3,2900.00,,2900.00
10624,4108,2,4,3200.00,,3200.00
10625,4109,1,4,3200.00,,3200.00
10626,4109,2,3,2900.00,,2900.00
10627,4110,1,2,2400.00,,2400.00
10628,4110,2,2,2400.00,,2400.00
10629,4110,3,1,1950.00,,1950.00
10630,4111,1,3,2900.00,,2900.00
10631,4111,2,2,2400.00,,2400.00
10632,4112,1,2,2400.00,,2400.00
10633,4112,2,2,2400.00,,2400.00
10634,4112,3,2,2400.00,,2400.00
10635,4113,1,2,2400.00,,2400.00
10636,4113,2,3,2900.00,,2900.00
10637,4114,1,1,1950.00,,1950.00
10638,4114,2,1,1950.00,,1950.00
10639,4114,3,1,1950.00,,1950.00
10640,4115,1,3,2900.00,,2900.00
10641,4115,2,3,2900.00,,2900.00
10642,4115,3,3,2900.00,,2900.00
10643,4116,1,4,3200.00,,3200.00
10644,4116,2,4,3200.00,,3200.00
10645,4117,1,1,1950.00,,1950.00
10646,4117,2,1,1950.00,,1950.00
10647,4118,1,1,1950.00,,1950.00
10648,4118,2,1,1950.00,,1950.00
10649,4118,3,2,2400.00,,2400.00
10650,4119,1,3,2900.00,,2900.00
10651,4119,2,3,2900.00,,2900.00
10652,4120,1,2,2400.00,,2400.00
10653,4120,2,2,2400.00,,2400.00
10654,4120,3,2,2400.00,,2400.00
10655,4121,1,1,1950.00,,1950.00
10656,4121,2,1,1950.00,,1950.00
10657,4121,3,1,1950.00,,1950.00
10658,4121,4,2,2400.00,,2400.00
10659,4122,1,2,2400.00,,2400.00
10660,4122,2,2,2400.00,,2400.00
10661,4122,3,2,2400.00,,2400.00
10662,4123,1,3,2900.00,,2900.00
10663,4123,2,3,2900.00,,2900.00
10664,4124,1,2,2400.00,,2400.00
10665,4124,2,2,2400.00,,2400.00
10666,4125,1,1,1950.00,,1950.00
10667,4125,2,2,2400.00,,2400.00
10668,4125,3,1,1950.00,,1950.00
10669,4126,1,3,2900.00,,2900.00
10670,4126,2,4,3200.00,,3200.00
10671,4126,3,3,2900.00,,2900.00
10672,4127,1,4,3200.00,,3200.00
10673,4127,2,3,2900.00,,2900.00
10674,4128,1,3,2900.00,,2900.00
10675,4128,2,2,2400.00,,2400.00
10676,4129,1,4,3200.00,,3200.00
10677,4129,2,4,3200.00,,3200.00
10678,4130,1,4,3200.00,,3200.00
10679,4130,2,4,3200.00,,3200.00
10680,4131,1,3,2900.00,,2900.00
10681,4131,2,3,2900.00,,2900.00
10682,4131,3,2,2400.00,,2400.00
10683,4132,1,2,2400.00,,2400.00
10684,4132,2,2,2400.00,,2400.00
10685,4132,3,2,2400.00,,2400.00
10686,4133,1,3,2900.00,,2900.00
10687,4133,2,2,2400.00,,2400.00
10688,4134,1,2,2400.00,,2400.00
10689,4134,2,3,2900.00,,2900.00
10690,4135,1,4,3200.00,,3200.00
10691,4135,2,4,3200.00,,3200.00
10692,4136,1,3,2900.00,,2900.00
10693,4136,2,3,2900.00,,2900.00
10694,4137,1,3,2900.00,,2900.00
10695,4137,2,2,2400.00,,2400.00
10696,4138,1,2,2400.00,,2400.00
10697,4138,2,3,2900.00,,2900.00
10698,4138,3,2,2400.00,,2400.00
10699,4139,1,3,2900.00,,2900.00
10700,4139,2,3,2900.00,,2900.00
10701,4139,3,3,2900.00,,2900.00
10702,4140,1,3,2900.00,,2900.00
10703,4140,2,3,2900.00,,2900.00
10704,4140,3,3,2900.00,,2900.00
10705,4141,1,1,1950.00,,1950.00
10706,4141,2,1,1950.00,,1950.00
10707,4141,3,2,2400.00,,2400.00
10708,4141,4,1,1950.00,,1950.00
10709,4141,5,1,1950.00,,1950.00
10710,4142,1,2,2400.00,,2400.00
10711,4142,2,2,2400.00,,2400.00
10712,4142,3,2,2400.00,,2400.00
10713,4143,1,3,2900.00,,2900.00
10714,4143,2,3,2900.00,,2900.00
10715,4143,3,2,2400.00,,2400.00
10716,4144,1,3,2900.00,,2900.00
10717,4144,2,3,2900.00,,2900.00
10718,4144,3,3,2900.00,,2900.00
10719,4145,1,3,2900.00,,2900.00
10720,4145,2,4,3200.00,,3200.00
10721,4146,1,3,2900.00,,2900.00
10722,4146,2,2,2400.00,,2400.00
10723,4147,1,1,1950.00,,1950.00
10724,4147,2,2,2400.00,,2400.00
10725,4148,1,5,3500.00,,3500.00
10726,4148,2,4,3200.00,,3200.00
10727,4149,1,0,1700.00,,1700.00
10728,4149,2,0,1700.00,,1700.00
10729,4150,1,2,2400.00,,2400.00
10730,4150,2,3,2900.00,,2900.00
10731,4150,3,2,2400.00,,2400.00
10732,4151,1,1,1950.00,,1950.00
10733,4151,2,1,1950.00,,1950.00
10734,4152,1,4,3200.00,,3200.00
10735,4152,2,3,2900.00,,2900.00
10736,4153,1,2,2400.00,,2400.00
10737,4153,2,2,2400.00,,2400.00
10738,4153,3,2,2400.00,,2400.00
10739,4154,1,3,2900.00,,2900.00
10740,4154,2,3,2900.00,,2900.00
10741,4155,1,1,1950.00,,1950.00
10742,4155,2,1,1950.00,,1950.00
10743,4156,1,2,2400.00,,2400.00
10744,4156,2,3,2900.00,,2900.00
10745,4156,3,2,2400.00,,2400.00
10746,4157,1,3,2900.00,,2900.00
10747,4157,2,3,2900.00,,2900.00
10748,4158,1,2,2400.00,,2400.00
10749,4158,2,3,2900.00,,2900.00
10750,4158,3,3,2900.00,,2900.00
10751,4159,1,3,2900.00,,2900.00
10752,4159,2,3,2900.00,,2900.00
10753,4159,3,2,2400.00,,2400.00
10754,4160,1,3,2900.00,,2900.00
10755,4160,2,2,2400.00,,2400.00
10756,4160,3,2,2400.00,,2400.00
10757,4161,1,2,2400.00,,2400.00
10758,4161,2,1,1950.00,,1950.00
10759,4161,3,2,2400.00,,2400.00
10760,4162,1,2,2400.00,,2400.00
10761,4162,2,2,2400.00,,2400.00
10762,4163,1,2,2400.00,,2400.00
10763,4163,2,1,1950.00,,1950.00
10764,4163,3,1,1950.00,,1950.00
10765,4163,4,1,1950.00,,1950.00
10766,4163,5,1,1950.00,,1950.00
10767,4164,1,3,2900.00,,2900.00
10768,4164,2,3,2900.00,,2900.00
10769,4165,1,2,2400.00,,2400.00
10770,4165,2,2,2400.00,,2400.00
10771,4165,3,2,2400.00,,2400.00
10772,4166,1,2,2400.00,,2400.00
10773,4166,2,2,2400.00,,2400.00
10774,4167,1,2,2400.00,,2400.00
10775,4167,2,2,2400.00,,2400.00
10776,4168,1,1,1950.00,,1950.00
10777,4168,2,1,1950.00,,1950.00
10778,4169,1,2,2400.00,,2400.00
10779,4169,2,2,2400.00,,2400.00
10780,4169,3,2,2400.00,,2400.00
10781,4170,1,1,1950.00,,1950.00
10782,4170,2,1,1950.00,,1950.00
10783,4171,1,2,2400.00,,2400.00
10784,4171,2,2,2400.00,,2400.00
10785,4172,1,1,1950.00,,1950.00
10786,4172,2,1,1950.00,,1950.00
10787,4173,1,1,1950.00,,1950.00
10788,4173,2,1,1950.00,,1950.00
10789,4174,1,2,2400.00,,2400.00
10790,4174,2,2,2400.00,,2400.00
10791,4175,1,3,2900.00,,2900.00
10792,4175,2,2,2400.00,,2400.00
10793,4175,3,2,2400.00,,2400.00
10794,4176,1,2,2400.00,,2400.00
10795,4176,2,2,2400.00,,2400.00
10796,4177,1,2,2400.00,,2400.00
10797,4177,2,2,2400.00,,2400.00
10798,4178,1,3,2900.00,,2900.00
10799,4178,2,3,2900.00,,2900.00
10800,4178,3,3,2900.00,,2900.00
10801,4179,1,3,2900.00,,2900.00
10802,4179,2,3,2900.00,,2900.00
10803,4180,1,2,2400.00,,2400.00
10804,4180,2,2,2400.00,,2400.00
10805,4181,1,3,2900.00,,2900.00
10806,4181,2,3,2900.00,,2900.00
10807,4181,3,3,2900.00,,2900.00
10808,4182,1,2,2400.00,,2400.00
10809,4182,2,1,1950.00,,1950.00
10810,4182,3,1,1950.00,,1950.00
10811,4183,1,2,2400.00,,2400.00
10812,4183,2,2,2400.00,,2400.00
10813,4184,1,3,2900.00,,2900.00
10814,4184,2,2,2400.00,,2400.00
10815,4184,3,3,2900.00,,2900.00
10816,4185,1,3,2900.00,,2900.00
10817,4185,2,3,2900.00,,2900.00
10818,4186,1,2,2400.00,,2400.00
10819,4186,2,2,2400.00,,2400.00
10820,4186,3,2,2400.00,,2400.00
10821,4187,1,2,2400.00,,2400.00
10822,4187,2,2,2400.00,,2400.00
10823,4188,1,4,3200.00,,3200.00
10824,4188,2,3,2900.00,,2900.00
10825,4189,1,2,2400.00,,2400.00
10826,4189,2,2,2400.00,,2400.00
10827,4189,3,2,2400.00,,2400.00
10828,4190,1,3,2900.00,,2900.00
10829,4190,2,3,2900.00,,2900.00
10830,4191,1,1,1950.00,,1950.00
10831,4191,2,1,1950.00,,1950.00
10832,4191,3,1,1950.00,,1950.00
10833,4192,1,3,2900.00,,2900.00
10834,4192,2,3,2900.00,,2900.00
10835,4193,1,2,2400.00,,2400.00
10836,4193,2,2,2400.00,,2400.00
10837,4193,3,2,2400.00,,2400.00
10838,4194,1,2,2400.00,,2400.00
10839,4194,2,2,2400.00,,2400.00
10840,4195,1,1,1950.00,,1950.00
10841,4195,2,2,2400.00,,2400.00
10842,4196,1,3,2900.00,,2900.00
10843,4196,2,3,2900.00,,2900.00
10844,4196,3,2,2400.00,,2400.00
10845,4197,1,2,2400.00,,2400.00
10846,4197,2,2,2400.00,,2400.00
10847,4197,3,2,2400.00,,2400.00
10848,4198,1,2,2400.00,,2400.00
10849,4198,2,2,2400.00,,2400.00
10850,4198,3,2,2400.00,,2400.00
10851,4199,1,2,2400.00,,2400.00
10852,4199,2,2,2400.00,,2400.00
10853,4199,3,3,2900.00,,2900.00
10854,4200,1,3,2900.00,,2900.00
10855,4200,2,2,2400.00,,2400.00
10856,4201,1,1,1950.00,,1950.00
10857,4201,2,1,1950.00,,1950.00
10858,4201,3,1,1950.00,,1950.00
10859,4202,1,1,1950.00,,1950.00
10860,4202,2,1,1950.00,,1950.00
10861,4202,3,1,1950.00,,1950.00
10862,4203,1,1,1950.00,,1950.00
10863,4203,2,1,1950.00,,1950.00
10864,4204,1,1,1950.00,,1950.00
10865,4204,2,2,2400.00,,2400.00
10866,4204,3,2,2400.00,,2400.00
10867,4205,1,1,1950.00,,1950.00
10868,4205,2,1,1950.00,,1950.00
10869,4205,3,1,1950.00,,1950.00
10870,4206,1,2,2400.00,,2400.00
10871,4206,2,1,1950.00,,1950.00
10872,4206,3,1,1950.00,,1950.00
10873,4207,1,3,2900.00,,2900.00
10874,4207,2,3,2900.00,,2900.00
10875,4207,3,3,2900.00,,2900.00
10876,4208,1,2,2400.00,,2400.00
10877,4208,2,2,2400.00,,2400.00
10878,4209,1,3,2900.00,,2900.00
10879,4209,2,2,2400.00,,2400.00
10880,4210,1,1,1950.00,,1950.00
10881,4210,2,1,1950.00,,1950.00
10882,4210,3,2,2400.00,,2400.00
10883,4211,1,3,2900.00,,2900.00
10884,4211,2,3,2900.00,,2900.00
10885,4212,1,2,2400.00,,2400.00
10886,4212,2,3,2900.00,,2900.00
10887,4212,3,2,2400.00,,2400.00
10888,4213,1,2,2400.00,,2400.00
10889,4213,2,1,1950.00,,1950.00
10890,4213,3,1,1950.00,,1950.00
10891,4214,1,1,1950.00,,1950.00
10892,4214,2,1,1950.00,,1950.00
10893,4215,1,1,1950.00,,1950.00
10894,4215,2,1,1950.00,,1950.00
10895,4215,3,1,1950.00,,1950.00
10896,4216,1,1,1950.00,,1950.00
10897,4216,2,1,1950.00,,1950.00
10898,4217,1,0,1700.00,,1700.00
10899,4217,2,0,1700.00,,1700.00
10900,4218,1,3,2900.00,,2900.00
10901,4218,2,2,2400.00,,2400.00
10902,4219,1,2,2400.00,,2400.00
10903,4219,2,2,2400.00,,2400.00
10904,4220,1,1,1950.00,,1950.00
10905,4220,2,2,2400.00,,2400.00
10906,4221,1,2,2400.00,,2400.00
10907,4221,2,1,1950.00,,1950.00
10908,4222,1,1,1950.00,,1950.00
10909,4222,2,1,1950.00,,1950.00
10910,4223,1,2,2400.00,,2400.00
10911,4223,2,2,2400.00,,2400.00
10912,4224,1,2,2400.00,,2400.00
10913,4224,2,2,2400.00,,2400.00
10914,4224,3,1,1950.00,,1950.00
10915,4225,1,3,2900.00,,2900.00
10916,4225,2,3,2900.00,,2900.00
10917,4225,3,3,2900.00,,2900.00
10918,4225,4,2,2400.00,,2400.00
10919,4225,5,3,2900.00,,2900.00
10920,4225,6,3,2900.00,,2900.00
10921,4226,1,1,1950.00,,1950.00
10922,4226,2,2,2400.00,,2400.00
10923,4226,3,2,2400.00,,2400.00
10924,4226,4,1,1950.00,,1950.00
10925,4226,5,1,1950.00,,1950.00
10926,4226,6,2,2400.00,,2400.00
10927,4227,1,2,2400.00,,2400.00
10928,4227,2,2,2400.00,,2400.00
10929,4227,3,2,2400.00,,2400.00
10930,4227,4,1,1950.00,,1950.00
10931,4227,5,1,1950.00,,1950.00
10932,4227,6,2,2400.00,,2400.00
10933,4228,1,3,2900.00,,2900.00
10934,4228,2,3,2900.00,,2900.00
10935,4229,1,3,2900.00,,2900.00
10936,4229,2,3,2900.00,,2900.00
10937,4230,1,2,2400.00,,2400.00
10938,4230,2,2,2400.00,,2400.00
10939,4230,3,1,1950.00,,1950.00
10940,4231,1,3,2900.00,,2900.00
10941,4231,2,2,2400.00,,2400.00
10942,4232,1,2,2400.00,,2400.00
10943,4232,2,2,2400.00,,2400.00
10944,4232,3,2,2400.00,,2400.00
10945,4233,1,1,1950.00,,1950.00
10946,4233,2,1,1950.00,,1950.00
10947,4234,1,2,2400.00,,2400.00
10948,4234,2,2,2400.00,,2400.00
10949,4235,1,2,2400.00,,2400.00
10950,4235,2,2,2400.00,,2400.00
10951,4236,1,3,2900.00,,2900.00
10952,4236,2,3,2900.00,,2900.00
10953,4237,1,2,2400.00,,2400.00
10954,4237,2,2,2400.00,,2400.00
10955,4237,3,2,2400.00,,2400.00
10956,4238,1,2,2400.00,,2400.00
10957,4238,2,2,2400.00,,2400.00
10958,4238,3,2,2400.00,,2400.00
10959,4239,1,2,2400.00,,2400.00
10960,4239,2,2,2400.00,,2400.00
10961,4240,1,2,2400.00,,2400.00
10962,4240,2,2,2400.00,,2400.00
10963,4241,1,2,2400.00,,2400.00
10964,4241,2,3,2900.00,,2900.00
10965,4242,1,2,2400.00,,2400.00
10966,4242,2,3,2900.00,,2900.00
10967,4243,1,1,1950.00,,1950.00
10968,4243,2,1,1950.00,,1950.00
10969,4243,3,1,1950.00,,1950.00
10970,4244,1,2,2400.00,,2400.00
10971,4244,2,2,2400.00,,2400.00
10972,4245,1,0,1700.00,,1700.00
10973,4245,2,1,1950.00,,1950.00
10974,4245,3,0,1700.00,,1700.00
10975,4246,1,2,2400.00,,2400.00
10976,4246,2,2,2400.00,,2400.00
10977,4246,3,2,2400.00,,2400.00
10978,4247,1,1,1950.00,,1950.00
10979,4247,2,2,2400.00,,2400.00
10980,4248,1,1,1950.00,,1950.00
10981,4248,2,2,2400.00,,2400.00
10982,4249,1,1,1950.00,,1950.00
10983,4249,2,2,2400.00,,2400.00
10984,4250,1,2,2400.00,,2400.00
10985,4250,2,2,2400.00,,2400.00
10986,4251,1,2,2400.00,,2400.00
10987,4251,2,1,1950.00,,1950.00
10988,4251,3,2,2400.00,,2400.00
10989,4252,1,1,1950.00,,1950.00
10990,4252,2,1,1950.00,,1950.00
10991,4253,1,2,2400.00,,2400.00
10992,4253,2,2,2400.00,,2400.00
10993,4254,1,2,2400.00,,2400.00
10994,4254,2,3,2900.00,,2900.00
10995,4255,1,3,2900.00,,2900.00
10996,4255,2,2,2400.00,,2400.00
10997,4256,1,2,2400.00,,2400.00
10998,4256,2,2,2400.00,,2400.00
10999,4257,1,2,2400.00,,2400.00
11000,4257,2,2,2400.00,,2400.00
11001,4258,1,2,2400.00,,2400.00
11002,4258,2,2,2400.00,,2400.00
11003,4259,1,2,2400.00,,2400.00
11004,4259,2,2,2400.00,,2400.00
11005,4259,3,2,2400.00,,2400.00
11006,4260,1,2,2400.00,,2400.00
11007,4260,2,3,2900.00,,2900.00
11008,4261,1,3,2900.00,,2900.00
11009,4261,2,2,2400.00,,2400.00
11010,4262,1,3,2900.00,,2900.00
11011,4262,2,2,2400.00,,2400.00
11012,4263,1,3,2900.00,,2900.00
11013,4263,2,3,2900.00,,2900.00
11014,4264,1,3,2900.00,,2900.00
11015,4264,2,3,2900.00,,2900.00
11016,4265,1,2,2400.00,,2400.00
11017,4265,2,2,2400.00,,2400.00
11018,4266,1,2,2400.00,,2400.00
11019,4266,2,2,2400.00,,2400.00
11020,4267,1,3,2900.00,,2900.00
11021,4267,2,2,2400.00,,2400.00
11022,4268,1,2,2400.00,,2400.00
11023,4268,2,3,2900.00,,2900.00
11024,4269,1,2,2400.00,,2400.00
11025,4269,2,3,2900.00,,2900.00
11026,4270,1,2,2400.00,,2400.00
11027,4270,2,2,2400.00,,2400.00
11028,4271,1,1,1950.00,,1950.00
11029,4271,2,1,1950.00,,1950.00
11030,4271,3,1,1950.00,,1950.00
11031,4272,1,2,2400.00,,2400.00
11032,4272,2,3,2900.00,,2900.00
11033,4273,1,2,2400.00,,2400.00
11034,4273,2,2,2400.00,,2400.00
11035,4273,3,1,1950.00,,1950.00
11036,4274,1,2,2400.00,,2400.00
11037,4274,2,2,2400.00,,2400.00
11038,4274,3,2,2400.00,,2400.00
11039,4275,1,1,1950.00,,1950.00
11040,4275,2,1,1950.00,,1950.00
11041,4275,3,1,1950.00,,1950.00
11042,4275,4,1,1950.00,,1950.00
11043,4276,1,2,2400.00,,2400.00
11044,4276,2,2,2400.00,,2400.00
11045,4277,1,2,2400.00,,2400.00
11046,4277,2,2,2400.00,,2400.00
11047,4278,1,3,2900.00,,2900.00
11048,4278,2,2,2400.00,,2400.00
11049,4279,1,2,2400.00,,2400.00
11050,4279,2,2,2400.00,,2400.00
11051,4280,1,2,2400.00,,2400.00
11052,4280,2,1,1950.00,,1950.00
11053,4281,1,0,1700.00,,1700.00
11054,4281,2,0,1700.00,,1700.00
11055,4282,1,3,2900.00,,2900.00
11056,4282,2,3,2900.00,,2900.00
11057,4283,1,3,2900.00,,2900.00
11058,4283,2,2,2400.00,,2400.00
11059,4284,1,1,1950.00,,1950.00
11060,4284,2,1,1950.00,,1950.00
11061,4284,3,1,1950.00,,1950.00
11062,4284,4,1,1950.00,,1950.00
11063,4284,5,1,1950.00,,1950.00
11064,4285,1,1,1950.00,,1950.00
11065,4285,2,1,1950.00,,1950.00
11066,4285,3,1,1950.00,,1950.00
11067,4286,1,0,1700.00,,1700.00
11068,4286,2,1,1950.00,,1950.00
11069,4286,3,1,1950.00,,1950.00
11070,4287,1,2,2400.00,,2400.00
11071,4287,2,2,2400.00,,2400.00
11072,4288,1,1,1950.00,,1950.00
11073,4288,2,1,1950.00,,1950.00
11074,4289,1,4,3200.00,,3200.00
11075,4289,2,4,3200.00,,3200.00
11076,4290,1,2,2400.00,,2400.00
11077,4290,2,3,2900.00,,2900.00
11078,4291,1,3,2900.00,,2900.00
11079,4291,2,3,2900.00,,2900.00
11080,4292,1,3,2900.00,,2900.00
11081,4292,2,3,2900.00,,2900.00
11082,4293,1,1,1950.00,,1950.00
11083,4293,2,1,1950.00,,1950.00
11084,4293,3,2,2400.00,,2400.00
11085,4294,1,2,2400.00,,2400.00
11086,4294,2,1,1950.00,,1950.00
11087,4294,3,1,1950.00,,1950.00
11088,4295,1,2,2400.00,,2400.00
11089,4295,2,2,2400.00,,2400.00
11090,4295,3,3,2900.00,,2900.00
11091,4296,1,3,2900.00,,2900.00
11092,4296,2,3,2900.00,,2900.00
11093,4297,1,2,2400.00,,2400.00
11094,4297,2,2,2400.00,,2400.00
11095,4297,3,2,2400.00,,2400.00
11096,4298,1,3,2900.00,,2900.00
11097,4298,2,3,2900.00,,2900.00
11098,4299,1,1,1950.00,,1950.00
11099,4299,2,1,1950.00,,1950.00
11100,4299,3,2,2400.00,,2400.00
11101,4300,1,1,1950.00,,1950.00
11102,4300,2,1,1950.00,,1950.00
11103,4300,3,2,2400.00,,2400.00
11104,4301,1,3,2900.00,,2900.00
11105,4301,2,3,2900.00,,2900.00
11106,4302,1,2,2400.00,,2400.00
11107,4302,2,1,1950.00,,1950.00
11108,4302,3,2,2400.00,,2400.00
11109,4303,1,2,2400.00,,2400.00
11110,4303,2,3,2900.00,,2900.00
11111,4304,1,3,2900.00,,2900.00
11112,4304,2,2,2400.00,,2400.00
11113,4305,1,1,1950.00,,1950.00
11114,4305,2,1,1950.00,,1950.00
11115,4305,3,1,1950.00,,1950.00
11116,4306,1,1,1950.00,,1950.00
11117,4306,2,2,2400.00,,2400.00
11118,4306,3,1,1950.00,,1950.00
11119,4307,1,2,2400.00,,2400.00
11120,4307,2,2,2400.00,,2400.00
11121,4308,1,1,1950.00,,1950.00
11122,4308,2,1,1950.00,,1950.00
11123,4309,1,2,2400.00,,2400.00
11124,4309,2,2,2400.00,,2400.00
11125,4310,1,3,2900.00,,2900.00
11126,4310,2,2,2400.00,,2400.00
11127,4311,1,2,2400.00,,2400.00
11128,4311,2,2,2400.00,,2400.00
11129,4312,1,1,1950.00,,1950.00
11130,4312,2,2,2400.00,,2400.00
11131,4312,3,2,2400.00,,2400.00
11132,4313,1,1,1950.00,,1950.00
11133,4313,2,1,1950.00,,1950.00
11134,4313,3,1,1950.00,,1950.00
11135,4314,1,2,2400.00,,2400.00
11136,4314,2,2,2400.00,,2400.00
11137,4315,1,2,2400.00,,2400.00
11138,4315,2,2,2400.00,,2400.00
11139,4316,1,1,1950.00,,1950.00
11140,4316,2,2,2400.00,,2400.00
11141,4316,3,2,2400.00,,2400.00
11142,4317,1,1,1950.00,,1950.00
11143,4317,2,1,1950.00,,1950.00
11144,4317,3,1,1950.00,,1950.00
11145,4318,1,1,1950.00,,1950.00
11146,4318,2,1,1950.00,,1950.00
11147,4318,3,1,1950.00,,1950.00
11148,4319,1,2,2400.00,,2400.00
11149,4319,2,2,2400.00,,2400.00
11150,4319,3,1,1950.00,,1950.00
11151,4320,1,2,2400.00,,2400.00
11152,4320,2,2,2400.00,,2400.00
11153,4321,1,1,1950.00,,1950.00
11154,4321,2,1,1950.00,,1950.00
11155,4321,3,1,1950.00,,1950.00
11156,4322,1,2,2400.00,,2400.00
11157,4322,2,2,2400.00,,2400.00
11158,4323,1,1,1950.00,,1950.00
11159,4323,2,2,2400.00,,2400.00
11160,4323,3,1,1950.00,,1950.00
11161,4324,1,3,2900.00,,2900.00
11162,4324,2,3,2900.00,,2900.00
11163,4325,1,4,3200.00,,3200.00
11164,4325,2,3,2900.00,,2900.00
11165,4326,1,3,2900.00,,2900.00
11166,4326,2,3,2900.00,,2900.00
11167,4326,3,3,2900.00,,2900.00
11168,4327,1,2,2400.00,,2400.00
11169,4327,2,2,2400.00,,2400.00
11170,4328,1,2,2400.00,,2400.00
11171,4328,2,2,2400.00,,2400.00
11172,4329,1,4,3200.00,,3200.00
11173,4329,2,4,3200.00,,3200.00
11174,4330,1,1,1950.00,,1950.00
11175,4330,2,1,1950.00,,1950.00
11176,4330,3,1,1950.00,,1950.00
11177,4331,1,3,2900.00,,2900.00
11178,4331,2,3,2900.00,,2900.00
11179,4332,1,3,2900.00,,2900.00
11180,4332,2,3,2900.00,,2900.00
11181,4332,3,2,2400.00,,2400.00
11182,4333,1,2,2400.00,,2400.00
11183,4333,2,2,2400.00,,2400.00
11184,4334,1,2,2400.00,,2400.00
11185,4334,2,2,2400.00,,2400.00
11186,4335,1,3,2900.00,,2900.00
11187,4335,2,3,2900.00,,2900.00
11188,4336,1,2,2400.00,,2400.00
11189,4336,2,2,2400.00,,2400.00
11190,4336,3,2,2400.00,,2400.00
11191,4337,1,3,2900.00,,2900.00
11192,4337,2,3,2900.00,,2900.00
11193,4338,1,2,2400.00,,2400.00
11194,4338,2,1,1950.00,,1950.00
11195,4339,1,1,1950.00,,1950.00
11196,4339,2,1,1950.00,,1950.00
11197,4340,1,1,1950.00,,1950.00
11198,4340,2,2,2400.00,,2400.00
11199,4341,1,1,1950.00,,1950.00
11200,4341,2,2,2400.00,,2400.00
11201,4341,3,2,2400.00,,2400.00
11202,4342,1,2,2400.00,,2400.00
11203,4342,2,2,2400.00,,2400.00
11204,4343,1,1,1950.00,,1950.00
11205,4343,2,1,1950.00,,1950.00
11206,4344,1,1,1950.00,,1950.00
11207,4344,2,2,2400.00,,2400.00
11208,4345,1,2,2400.00,,2400.00
11209,4345,2,2,2400.00,,2400.00
11210,4345,3,1,1950.00,,1950.00
11211,4346,1,0,1700.00,,1700.00
11212,4346,2,0,1700.00,,1700.00
11213,4346,3,0,1700.00,,1700.00
11214,4347,1,2,2400.00,,2400.00
11215,4347,2,1,1950.00,,1950.00
11216,4348,1,0,1700.00,,1700.00
11217,4348,2,0,1700.00,,1700.00
11218,4348,3,1,1950.00,,1950.00
11219,4349,1,1,1950.00,,1950.00
11220,4349,2,1,1950.00,,1950.00
11221,4349,3,2,2400.00,,2400.00
11222,4349,4,2,2400.00,,2400.00
11223,4349,5,1,1950.00,,1950.00
11224,4349,6,1,1950.00,,1950.00
11225,4350,1,3,2900.00,,2900.00
11226,4350,2,2,2400.00,,2400.00
11227,4350,3,3,2900.00,,2900.00
11228,4351,1,2,2400.00,,2400.00
11229,4351,2,2,2400.00,,2400.00
11230,4352,1,2,2400.00,,2400.00
11231,4352,2,2,2400.00,,2400.00
11232,4353,1,4,3200.00,,3200.00
11233,4353,2,4,3200.00,,3200.00
11234,4354,1,4,3200.00,,3200.00
11235,4354,2,3,2900.00,,2900.00
11236,4355,1,1,1950.00,,1950.00
11237,4355,2,1,1950.00,,1950.00
11238,4355,3,1,1950.00,,1950.00
11239,4356,1,1,1950.00,,1950.00
11240,4356,2,2,2400.00,,2400.00
11241,4357,1,2,2400.00,,2400.00
11242,4357,2,2,2400.00,,2400.00
11243,4358,1,0,1700.00,,1700.00
11244,4358,2,0,1700.00,,1700.00
11245,4358,3,0,1700.00,,1700.00
11246,4359,1,3,2900.00,,2900.00
11247,4359,2,3,2900.00,,2900.00
11248,4360,1,3,2900.00,,2900.00
11249,4360,2,2,2400.00,,2400.00
11250,4361,1,3,2900.00,,2900.00
11251,4361,2,4,3200.00,,3200.00
11252,4362,1,3,2900.00,,2900.00
11253,4362,2,3,2900.00,,2900.00
11254,4363,1,3,2900.00,,2900.00
11255,4363,2,4,3200.00,,3200.00
11256,4364,1,2,2400.00,,2400.00
11257,4364,2,2,2400.00,,2400.00
11258,4365,1,3,2900.00,,2900.00
11259,4365,2,3,2900.00,,2900.00
11260,4366,1,4,3200.00,,3200.00
11261,4366,2,3,2900.00,,2900.00
11262,4367,1,3,2900.00,,2900.00
11263,4367,2,2,2400.00,,2400.00
11264,4368,1,3,2900.00,,2900.00
11265,4368,2,3,2900.00,,2900.00
11266,4369,1,3,2900.00,,2900.00
11267,4369,2,3,2900.00,,2900.00
11268,4369,3,3,2900.00,,2900.00
11269,4370,1,1,1950.00,,1950.00
11270,4370,2,1,1950.00,,1950.00
11271,4371,1,2,2400.00,,2400.00
11272,4371,2,2,2400.00,,2400.00
11273,4372,1,2,2400.00,,2400.00
11274,4372,2,3,2900.00,,2900.00
11275,4373,1,2,2400.00,,2400.00
11276,4373,2,2,2400.00,,2400.00
11277,4374,1,1,1950.00,,1950.00
11278,4374,2,2,2400.00,,2400.00
11279,4374,3,2,2400.00,,2400.00
11280,4375,1,3,2900.00,,2900.00
11281,4375,2,3,2900.00,,2900.00
11282,4376,1,2,2400.00,,2400.00
11283,4376,2,2,2400.00,,2400.00
11284,4377,1,1,1950.00,,1950.00
11285,4377,2,1,1950.00,,1950.00
11286,4378,1,2,2400.00,,2400.00
11287,4378,2,2,2400.00,,2400.00
11288,4378,3,2,2400.00,,2400.00
11289,4379,1,3,2900.00,,2900.00
11290,4379,2,3,2900.00,,2900.00
11291,4379,3,2,2400.00,,2400.00
11292,4380,1,3,2900.00,,2900.00
11293,4380,2,3,2900.00,,2900.00
11294,4381,1,2,2400.00,,2400.00
11295,4381,2,2,2400.00,,2400.00
11296,4382,1,0,1700.00,,1700.00
11297,4382,2,0,1700.00,,1700.00
11298,4382,3,0,1700.00,,1700.00
11299,4383,1,2,2400.00,,2400.00
11300,4383,2,2,2400.00,,2400.00
11301,4384,1,1,1950.00,,1950.00
11302,4384,2,2,2400.00,,2400.00
11303,4384,3,1,1950.00,,1950.00
11304,4384,4,1,1950.00,,1950.00
11305,4385,1,3,2900.00,,2900.00
11306,4385,2,3,2900.00,,2900.00
11307,4386,1,2,2400.00,,2400.00
11308,4386,2,3,2900.00,,2900.00
11309,4387,1,3,2900.00,,2900.00
11310,4387,2,2,2400.00,,2400.00
11311,4388,1,3,2900.00,,2900.00
11312,4388,2,3,2900.00,,2900.00
11313,4389,1,3,2900.00,,2900.00
11314,4389,2,3,2900.00,,2900.00
11315,4390,1,2,2400.00,,2400.00
11316,4390,2,2,2400.00,,2400.00
11317,4390,3,2,2400.00,,2400.00
11318,4391,1,3,2900.00,,2900.00
11319,4391,2,3,2900.00,,2900.00
11320,4391,3,3,2900.00,,2900.00
11321,4392,1,3,2900.00,,2900.00
11322,4392,2,3,2900.00,,2900.00
11323,4393,1,1,1950.00,,1950.00
11324,4393,2,1,1950.00,,1950.00
11325,4394,1,2,2400.00,,2400.00
11326,4394,2,2,2400.00,,2400.00
11327,4394,3,1,1950.00,,1950.00
11328,4395,1,2,2400.00,,2400.00
11329,4395,2,1,1950.00,,1950.00
11330,4395,3,2,2400.00,,2400.00
11331,4396,1,1,1950.00,,1950.00
11332,4396,2,1,1950.00,,1950.00
11333,4396,3,2,2400.00,,2400.00
11334,4397,1,2,2400.00,,2400.00
11335,4397,2,2,2400.00,,2400.00
11336,4397,3,2,2400.00,,2400.00
11337,4398,1,3,2900.00,,2900.00
11338,4398,2,3,2900.00,,2900.00
11339,4398,3,3,2900.00,,2900.00
11340,4399,1,2,2400.00,,2400.00
11341,4399,2,1,1950.00,,1950.00
11342,4399,3,1,1950.00,,1950.00
11343,4400,1,2,2400.00,,2400.00
11344,4400,2,2,2400.00,,2400.00
11345,4401,1,1,1950.00,,1950.00
11346,4401,2,1,1950.00,,1950.00
11347,4401,3,1,1950.00,,1950.00
11348,4402,1,1,1950.00,,1950.00
11349,4402,2,1,1950.00,,1950.00
11350,4402,3,1,1950.00,,1950.00
11351,4402,4,1,1950.00,,1950.00
11352,4403,1,3,2900.00,,2900.00
11353,4403,2,4,3200.00,,3200.00
11354,4404,1,2,2400.00,,2400.00
11355,4404,2,2,2400.00,,2400.00
11356,4405,1,2,2400.00,,2400.00
11357,4405,2,3,2900.00,,2900.00
11358,4405,3,3,2900.00,,2900.00
11359,4406,1,3,2900.00,,2900.00
11360,4406,2,3,2900.00,,2900.00
11361,4407,1,3,2900.00,,2900.00
11362,4407,2,3,2900.00,,2900.00
11363,4408,1,3,2900.00,,2900.00
11364,4408,2,3,2900.00,,2900.00
11365,4408,3,3,2900.00,,2900.00
11366,4409,1,3,2900.00,,2900.00
11367,4409,2,3,2900.00,,2900.00
11368,4409,3,3,2900.00,,2900.00
11369,4410,1,2,2400.00,,2400.00
11370,4410,2,2,2400.00,,2400.00
11371,4410,3,1,1950.00,,1950.00
11372,4411,1,4,3200.00,,3200.00
11373,4411,2,3,2900.00,,2900.00
11374,4411,3,3,2900.00,,2900.00
11375,4412,1,2,2400.00,,2400.00
11376,4412,2,2,2400.00,,2400.00
11377,4412,3,3,2900.00,,2900.00
11378,4413,1,1,1950.00,,1950.00
11379,4413,2,1,1950.00,,1950.00
11380,4414,1,1,1950.00,,1950.00
11381,4414,2,1,1950.00,,1950.00
11382,4414,3,1,1950.00,,1950.00
11383,4415,1,1,1950.00,,1950.00
11384,4415,2,1,1950.00,,1950.00
11385,4415,3,1,1950.00,,1950.00
11386,4416,1,1,1950.00,,1950.00
11387,4416,2,1,1950.00,,1950.00
11388,4416,3,1,1950.00,,1950.00
11389,4417,1,1,1950.00,,1950.00
11390,4417,2,1,1950.00,,1950.00
11391,4417,3,1,1950.00,,1950.00
11392,4418,1,1,1950.00,,1950.00
11393,4418,2,2,2400.00,,2400.00
11394,4419,1,2,2400.00,,2400.00
11395,4419,2,3,2900.00,,2900.00
11396,4420,1,3,2900.00,,2900.00
11397,4420,2,4,3200.00,,3200.00
11398,4421,1,2,2400.00,,2400.00
11399,4421,2,3,2900.00,,2900.00
11400,4422,1,3,2900.00,,2900.00
11401,4422,2,3,2900.00,,2900.00
11402,4422,3,2,2400.00,,2400.00
11403,4423,1,1,1950.00,,1950.00
11404,4423,2,2,2400.00,,2400.00
11405,4424,1,1,1950.00,,1950.00
11406,4424,2,1,1950.00,,1950.00
11407,4425,1,1,1950.00,,1950.00
11408,4425,2,1,1950.00,,1950.00
11409,4426,1,2,2400.00,,2400.00
11410,4426,2,3,2900.00,,2900.00
11411,4427,1,2,2400.00,,2400.00
11412,4427,2,2,2400.00,,2400.00
11413,4428,1,3,2900.00,,2900.00
11414,4428,2,2,2400.00,,2400.00
11415,4429,1,3,2900.00,,2900.00
11416,4429,2,3,2900.00,,2900.00
11417,4430,1,2,2400.00,,2400.00
11418,4430,2,3,2900.00,,2900.00
11419,4431,1,3,2900.00,,2900.00
11420,4431,2,3,2900.00,,2900.00
11421,4432,1,3,2900.00,,2900.00
11422,4432,2,3,2900.00,,2900.00
11423,4433,1,3,2900.00,,2900.00
11424,4433,2,3,2900.00,,2900.00
11425,4434,1,2,2400.00,,2400.00
11426,4434,2,2,2400.00,,2400.00
11427,4435,1,3,2900.00,,2900.00
11428,4435,2,2,2400.00,,2400.00
11429,4436,1,2,2400.00,,2400.00
11430,4436,2,2,2400.00,,2400.00
11431,4437,1,4,3200.00,,3200.00
11432,4437,2,3,2900.00,,2900.00
11433,4438,1,3,2900.00,,2900.00
11434,4438,2,4,3200.00,,3200.00
11435,4439,1,3,2900.00,,2900.00
11436,4439,2,3,2900.00,,2900.00
11437,4439,3,3,2900.00,,2900.00
11438,4439,4,2,2400.00,,2400.00
11439,4440,1,1,1950.00,,1950.00
11440,4440,2,2,2400.00,,2400.00
11441,4440,3,2,2400.00,,2400.00
11442,4441,1,2,2400.00,,2400.00
11443,4441,2,3,2900.00,,2900.00
11444,4442,1,2,2400.00,,2400.00
11445,4442,2,2,2400.00,,2400.00
11446,4443,1,3,2900.00,,2900.00
11447,4443,2,3,2900.00,,2900.00
11448,4444,1,2,2400.00,,2400.00
11449,4444,2,2,2400.00,,2400.00
11450,4445,1,2,2400.00,,2400.00
11451,4445,2,3,2900.00,,2900.00
11452,4446,1,3,2900.00,,2900.00
11453,4446,2,2,2400.00,,2400.00
11454,4447,1,3,2900.00,,2900.00
11455,4447,2,2,2400.00,,2400.00
11456,4448,1,3,2900.00,,2900.00
11457,4448,2,2,2400.00,,2400.00
11458,4449,1,2,2400.00,,2400.00
11459,4449,2,1,1950.00,,1950.00
11460,4449,3,1,1950.00,,1950.00
11461,4450,1,2,2400.00,,2400.00
11462,4450,2,2,2400.00,,2400.00
11463,4451,1,4,3200.00,,3200.00
11464,4451,2,4,3200.00,,3200.00
11465,4452,1,2,2400.00,,2400.00
11466,4452,2,2,2400.00,,2400.00
11467,4452,3,2,2400.00,,2400.00
11468,4453,1,3,2900.00,,2900.00
11469,4453,2,3,2900.00,,2900.00
11470,4454,1,3,2900.00,,2900.00
11471,4454,2,3,2900.00,,2900.00
11472,4455,1,3,2900.00,,2900.00
11473,4455,2,3,2900.00,,2900.00
11474,4456,1,2,2400.00,,2400.00
11475,4456,2,2,2400.00,,2400.00
11476,4457,1,2,2400.00,,2400.00
11477,4457,2,2,2400.00,,2400.00
11478,4458,1,2,2400.00,,2400.00
11479,4458,2,1,1950.00,,1950.00
11480,4459,1,1,1950.00,,1950.00
11481,4459,2,1,1950.00,,1950.00
11482,4459,3,1,1950.00,,1950.00
11483,4460,1,1,1950.00,,1950.00
11484,4460,2,0,1700.00,,1700.00
11485,4460,3,1,1950.00,,1950.00
11486,4461,1,0,1700.00,,1700.00
11487,4461,2,0,1700.00,,1700.00
11488,4461,3,1,1950.00,,1950.00
11489,4462,1,2,2400.00,,2400.00
11490,4462,2,2,2400.00,,2400.00
11491,4463,1,1,1950.00,,1950.00
11492,4463,2,0,1700.00,,1700.00
11493,4464,1,2,2400.00,,2400.00
11494,4464,2,3,2900.00,,2900.00
11495,4465,1,2,2400.00,,2400.00
11496,4465,2,2,2400.00,,2400.00
11497,4466,1,1,1950.00,,1950.00
11498,4466,2,1,1950.00,,1950.00
11499,4466,3,1,1950.00,,1950.00
11500,4466,4,1,1950.00,,1950.00
11501,4466,5,1,1950.00,,1950.00
11502,4467,1,3,2900.00,,2900.00
11503,4467,2,2,2400.00,,2400.00
11504,4467,3,2,2400.00,,2400.00
11505,4468,1,2,2400.00,,2400.00
11506,4468,2,1,1950.00,,1950.00
11507,4468,3,1,1950.00,,1950.00
11508,4468,4,1,1950.00,,1950.00
11509,4468,5,1,1950.00,,1950.00
11510,4468,6,2,2400.00,,2400.00
11511,4469,1,2,2400.00,,2400.00
11512,4469,2,3,2900.00,,2900.00
11513,4470,1,3,2900.00,,2900.00
11514,4470,2,3,2900.00,,2900.00
11515,4470,3,3,2900.00,,2900.00
11516,4471,1,2,2400.00,,2400.00
11517,4471,2,2,2400.00,,2400.00
11518,4471,3,3,2900.00,,2900.00
11519,4472,1,1,1950.00,,1950.00
11520,4472,2,1,1950.00,,1950.00
11521,4473,1,2,2400.00,,2400.00
11522,4473,2,2,2400.00,,2400.00
11523,4473,3,3,2900.00,,2900.00
11524,4474,1,3,2900.00,,2900.00
11525,4474,2,3,2900.00,,2900.00
11526,4475,1,2,2400.00,,2400.00
11527,4475,2,2,2400.00,,2400.00
11528,4476,1,1,1950.00,,1950.00
11529,4476,2,2,2400.00,,2400.00
11530,4477,1,1,1950.00,,1950.00
11531,4477,2,1,1950.00,,1950.00
11532,4478,1,1,1950.00,,1950.00
11533,4478,2,1,1950.00,,1950.00
11534,4478,3,1,1950.00,,1950.00
11535,4479,1,3,2900.00,,2900.00
11536,4479,2,3,2900.00,,2900.00
11537,4479,3,3,2900.00,,2900.00
11538,4480,1,2,2400.00,,2400.00
11539,4480,2,2,2400.00,,2400.00
11540,4481,1,2,2400.00,,2400.00
11541,4481,2,2,2400.00,,2400.00
11542,4481,3,2,2400.00,,2400.00
11543,4482,1,1,1950.00,,1950.00
11544,4482,2,1,1950.00,,1950.00
11545,4483,1,3,2900.00,,2900.00
11546,4483,2,2,2400.00,,2400.00
11547,4484,1,2,2400.00,,2400.00
11548,4484,2,2,2400.00,,2400.00
11549,4484,3,2,2400.00,,2400.00
11550,4485,1,1,1950.00,,1950.00
11551,4485,2,1,1950.00,,1950.00
11552,4485,3,1,1950.00,,1950.00
11553,4486,1,2,2400.00,,2400.00
11554,4486,2,2,2400.00,,2400.00
11555,4487,1,2,2400.00,,2400.00
11556,4487,2,2,2400.00,,2400.00
11557,4487,3,1,1950.00,,1950.00
11558,4488,1,2,2400.00,,2400.00
11559,4488,2,2,2400.00,,2400.00
11560,4489,1,3,2900.00,,2900.00
11561,4489,2,3,2900.00,,2900.00
11562,4490,1,1,1950.00,,1950.00
11563,4490,2,2,2400.00,,2400.00
11564,4491,1,1,1950.00,,1950.00
11565,4491,2,1,1950.00,,1950.00
11566,4492,1,2,2400.00,,2400.00
11567,4492,2,3,2900.00,,2900.00
11568,4493,1,0,1700.00,,1700.00
11569,4493,2,0,1700.00,,1700.00
11570,4494,1,1,1950.00,,1950.00
11571,4494,2,1,1950.00,,1950.00
11572,4494,3,1,1950.00,,1950.00
11573,4495,1,2,2400.00,,2400.00
11574,4495,2,3,2900.00,,2900.00
11575,4496,1,2,2400.00,,2400.00
11576,4496,2,2,2400.00,,2400.00
11577,4497,1,3,2900.00,,2900.00
11578,4497,2,3,2900.00,,2900.00
11579,4498,1,1,1950.00,,1950.00
11580,4498,2,1,1950.00,,1950.00
11581,4498,3,1,1950.00,,1950.00
11582,4499,1,2,2400.00,,2400.00
11583,4499,2,2,2400.00,,2400.00
11584,4500,1,1,1950.00,,1950.00
11585,4500,2,2,2400.00,,2400.00
11586,4500,3,2,2400.00,,2400.00
11587,4501,1,1,1950.00,,1950.00
11588,4501,2,1,1950.00,,1950.00
11589,4501,3,1,1950.00,,1950.00
11590,4502,1,1,1950.00,,1950.00
11591,4502,2,1,1950.00,,1950.00
11592,4502,3,1,1950.00,,1950.00
11593,4503,1,3,2900.00,,2900.00
11594,4503,2,3,2900.00,,2900.00
11595,4504,1,2,2400.00,,2400.00
11596,4504,2,2,2400.00,,2400.00
11597,4505,1,2,2400.00,,2400.00
11598,4505,2,2,2400.00,,2400.00
11599,4505,3,3,2900.00,,2900.00
11600,4506,1,1,1950.00,,1950.00
11601,4506,2,1,1950.00,,1950.00
11602,4506,3,1,1950.00,,1950.00
11603,4507,1,3,2900.00,,2900.00
11604,4507,2,2,2400.00,,2400.00
11605,4507,3,3,2900.00,,2900.00
11606,4508,1,2,2400.00,,2400.00
11607,4508,2,2,2400.00,,2400.00
11608,4509,1,2,2400.00,,2400.00
11609,4509,2,1,1950.00,,1950.00
11610,4510,1,2,2400.00,,2400.00
11611,4510,2,2,2400.00,,2400.00
11612,4510,3,2,2400.00,,2400.00
11613,4511,1,2,2400.00,,2400.00
11614,4511,2,2,2400.00,,2400.00
11615,4511,3,2,2400.00,,2400.00
11616,4512,1,1,1950.00,,1950.00
11617,4512,2,1,1950.00,,1950.00
11618,4512,3,1,1950.00,,1950.00
11619,4513,1,3,2900.00,,2900.00
11620,4513,2,3,2900.00,,2900.00
11621,4514,1,1,1950.00,,1950.00
11622,4514,2,2,2400.00,,2400.00
11623,4514,3,2,2400.00,,2400.00
11624,4515,1,3,2900.00,,2900.00
11625,4515,2,2,2400.00,,2400.00
11626,4516,1,1,1950.00,,1950.00
11627,4516,2,2,2400.00,,2400.00
11628,4516,3,1,1950.00,,1950.00
11629,4517,1,1,1950.00,,1950.00
11630,4517,2,1,1950.00,,1950.00
11631,4518,1,2,2400.00,,2400.00
11632,4518,2,2,2400.00,,2400.00
11633,4519,1,2,2400.00,,2400.00
11634,4519,2,2,2400.00,,2400.00
11635,4519,3,3,2900.00,,2900.00
11636,4520,1,3,2900.00,,2900.00
11637,4520,2,3,2900.00,,2900.00
11638,4521,1,2,2400.00,,2400.00
11639,4521,2,1,1950.00,,1950.00
11640,4521,3,1,1950.00,,1950.00
11641,4522,1,3,2900.00,,2900.00
11642,4522,2,3,2900.00,,2900.00
11643,4523,1,1,1950.00,,1950.00
11644,4523,2,1,1950.00,,1950.00
11645,4524,1,1,1950.00,,1950.00
11646,4524,2,1,1950.00,,1950.00
11647,4525,1,2,2400.00,,2400.00
11648,4525,2,3,2900.00,,2900.00
11649,4526,1,2,2400.00,,2400.00
11650,4526,2,1,1950.00,,1950.00
11651,4527,1,1,1950.00,,1950.00
11652,4527,2,1,1950.00,,1950.00
11653,4527,3,2,2400.00,,2400.00
11654,4528,1,1,1950.00,,1950.00
11655,4528,2,1,1950.00,,1950.00
11656,4528,3,1,1950.00,,1950.00
11657,4529,1,1,1950.00,,1950.00
11658,4529,2,1,1950.00,,1950.00
11659,4530,1,3,2900.00,,2900.00
11660,4530,2,3,2900.00,,2900.00
11661,4531,1,3,2900.00,,2900.00
11662,4531,2,4,3200.00,,3200.00
11663,4532,1,2,2400.00,,2400.00
11664,4532,2,3,2900.00,,2900.00
11665,4533,1,2,2400.00,,2400.00
11666,4533,2,3,2900.00,,2900.00
11667,4534,1,2,2400.00,,2400.00
11668,4534,2,2,2400.00,,2400.00
11669,4535,1,2,2400.00,,2400.00
11670,4535,2,3,2900.00,,2900.00
11671,4536,1,3,2900.00,,2900.00
11672,4536,2,3,2900.00,,2900.00
11673,4537,1,3,2900.00,,2900.00
11674,4537,2,3,2900.00,,2900.00
11675,4538,1,1,1950.00,,1950.00
11676,4538,2,1,1950.00,,1950.00
11677,4538,3,1,1950.00,,1950.00
11678,4539,1,2,2400.00,,2400.00
11679,4539,2,3,2900.00,,2900.00
11680,4539,3,3,2900.00,,2900.00
11681,4540,1,2,2400.00,,2400.00
11682,4540,2,2,2400.00,,2400.00
11683,4540,3,2,2400.00,,2400.00
11684,4541,1,1,1950.00,,1950.00
11685,4541,2,1,1950.00,,1950.00
11686,4542,1,2,2400.00,,2400.00
11687,4542,2,2,2400.00,,2400.00
11688,4543,1,2,2400.00,,2400.00
11689,4543,2,2,2400.00,,2400.00
11690,4543,3,2,2400.00,,2400.00
11691,4544,1,2,2400.00,,2400.00
11692,4544,2,2,2400.00,,2400.00
11693,4545,1,2,2400.00,,2400.00
11694,4545,2,1,1950.00,,1950.00
11695,4545,3,2,2400.00,,2400.00
11696,4546,1,2,2400.00,,2400.00
11697,4546,2,2,2400.00,,2400.00
11698,4547,1,2,2400.00,,2400.00
11699,4547,2,3,2900.00,,2900.00
11700,4547,3,3,2900.00,,2900.00
11701,4548,1,3,2900.00,,2900.00
11702,4548,2,3,2900.00,,2900.00
11703,4549,1,1,1950.00,,1950.00
11704,4549,2,1,1950.00,,1950.00
11705,4550,1,2,2400.00,,2400.00
11706,4550,2,3,2900.00,,2900.00
11707,4550,3,2,2400.00,,2400.00
11708,4551,1,3,2900.00,,2900.00
11709,4551,2,3,2900.00,,2900.00
11710,4552,1,3,2900.00,,2900.00
11711,4552,2,3,2900.00,,2900.00
11712,4552,3,3,2900.00,,2900.00
11713,4553,1,2,2400.00,,2400.00
11714,4553,2,1,1950.00,,1950.00
11715,4553,3,2,2400.00,,2400.00
11716,4554,1,2,2400.00,,2400.00
11717,4554,2,3,2900.00,,2900.00
11718,4554,3,2,2400.00,,2400.00
11719,4555,1,3,2900.00,,2900.00
11720,4555,2,2,2400.00,,2400.00
11721,4555,3,2,2400.00,,2400.00
11722,4556,1,3,2900.00,,2900.00
11723,4556,2,3,2900.00,,2900.00
11724,4557,1,0,1700.00,,1700.00
11725,4557,2,0,1700.00,,1700.00
11726,4558,1,2,2400.00,,2400.00
11727,4558,2,2,2400.00,,2400.00
11728,4559,1,2,2400.00,,2400.00
11729,4559,2,1,1950.00,,1950.00
11730,4560,1,2,2400.00,,2400.00
11731,4560,2,3,2900.00,,2900.00
11732,4561,1,1,1950.00,,1950.00
11733,4561,2,1,1950.00,,1950.00
11734,4562,1,1,1950.00,,1950.00
11735,4562,2,1,1950.00,,1950.00
11736,4563,1,2,2400.00,,2400.00
11737,4563,2,2,2400.00,,2400.00
11738,4564,1,1,1950.00,,1950.00
11739,4564,2,2,2400.00,,2400.00
11740,4565,1,1,1950.00,,1950.00
11741,4565,2,2,2400.00,,2400.00
11742,4566,1,2,2400.00,,2400.00
11743,4566,2,1,1950.00,,1950.00
11744,4566,3,2,2400.00,,2400.00
11745,4567,1,2,2400.00,,2400.00
11746,4567,2,2,2400.00,,2400.00
11747,4568,1,1,1950.00,,1950.00
11748,4568,2,2,2400.00,,2400.00
11749,4569,1,2,2400.00,,2400.00
11750,4569,2,2,2400.00,,2400.00
11751,4569,3,2,2400.00,,2400.00
11752,4570,1,3,2900.00,,2900.00
11753,4570,2,3,2900.00,,2900.00
11754,4571,1,3,2900.00,,2900.00
11755,4571,2,2,2400.00,,2400.00
11756,4571,3,2,2400.00,,2400.00
11757,4572,1,2,2400.00,,2400.00
11758,4572,2,2,2400.00,,2400.00
11759,4572,3,3,2900.00,,2900.00
11760,4573,1,2,2400.00,,2400.00
11761,4573,2,2,2400.00,,2400.00
11762,4574,1,3,2900.00,,2900.00
11763,4574,2,4,3200.00,,3200.00
11764,4575,1,3,2900.00,,2900.00
11765,4575,2,3,2900.00,,2900.00
11766,4575,3,2,2400.00,,2400.00
11767,4576,1,4,3200.00,,3200.00
11768,4576,2,5,3500.00,,3500.00
11769,4577,1,3,2900.00,,2900.00
11770,4577,2,3,2900.00,,2900.00
11771,4578,1,3,2900.00,,2900.00
11772,4578,2,4,3200.00,,3200.00
11773,4579,1,2,2400.00,,2400.00
11774,4579,2,2,2400.00,,2400.00
11775,4580,1,2,2400.00,,2400.00
11776,4580,2,2,2400.00,,2400.00
11777,4581,1,3,2900.00,,2900.00
11778,4581,2,2,2400.00,,2400.00
11779,4582,1,2,2400.00,,2400.00
11780,4582,2,3,2900.00,,2900.00
11781,4583,1,3,2900.00,,2900.00
11782,4583,2,4,3200.00,,3200.00
11783,4584,1,2,2400.00,,2400.00
11784,4584,2,2,2400.00,,2400.00
11785,4585,1,3,2900.00,,2900.00
11786,4585,2,2,2400.00,,2400.00
11787,4586,1,2,2400.00,,2400.00
11788,4586,2,2,2400.00,,2400.00
11789,4587,1,3,2900.00,,2900.00
11790,4587,2,1,1950.00,,1950.00
11791,4588,1,3,2900.00,,2900.00
11792,4588,2,3,2900.00,,2900.00
11793,4589,1,2,2400.00,,2400.00
11794,4589,2,1,1950.00,,1950.00
11795,4589,3,2,2400.00,,2400.00
11796,4590,1,2,2400.00,,2400.00
11797,4590,2,2,2400.00,,2400.00
11798,4591,1,2,2400.00,,2400.00
11799,4591,2,3,2900.00,,2900.00
11800,4592,1,3,2900.00,,2900.00
11801,4592,2,2,2400.00,,2400.00
11802,4593,1,3,2900.00,,2900.00
11803,4593,2,3,2900.00,,2900.00
11804,4594,1,4,3200.00,,3200.00
11805,4594,2,4,3200.00,,3200.00
11806,4595,1,2,2400.00,,2400.00
11807,4595,2,3,2900.00,,2900.00
11808,4596,1,3,2900.00,,2900.00
11809,4596,2,3,2900.00,,2900.00
11810,4597,1,3,2900.00,,2900.00
11811,4597,2,3,2900.00,,2900.00
11812,4598,1,2,2400.00,,2400.00
11813,4598,2,3,2900.00,,2900.00
11814,4599,1,3,2900.00,,2900.00
11815,4599,2,3,2900.00,,2900.00
11816,4600,1,4,3200.00,,3200.00
11817,4600,2,4,3200.00,,3200.00
11818,4601,1,3,2900.00,,2900.00
11819,4601,2,3,2900.00,,2900.00
11820,4602,1,3,2900.00,,2900.00
11821,4602,2,2,2400.00,,2400.00
11822,4603,1,2,2400.00,,2400.00
11823,4603,2,3,2900.00,,2900.00
11824,4604,1,3,2900.00,,2900.00
11825,4604,2,3,2900.00,,2900.00
11826,4605,1,1,1950.00,,1950.00
11827,4605,2,1,1950.00,,1950.00
11828,4606,1,2,2400.00,,2400.00
11829,4606,2,2,2400.00,,2400.00
11830,4607,1,3,2900.00,,2900.00
11831,4607,2,3,2900.00,,2900.00
11832,4608,1,3,2900.00,,2900.00
11833,4608,2,3,2900.00,,2900.00
11834,4609,1,3,2900.00,,2900.00
11835,4609,2,3,2900.00,,2900.00
11836,4610,1,3,2900.00,,2900.00
11837,4610,2,3,2900.00,,2900.00
11838,4611,1,2,2400.00,,2400.00
11839,4611,2,3,2900.00,,2900.00
11840,4612,1,3,2900.00,,2900.00
11841,4612,2,4,3200.00,,3200.00
11842,4613,1,2,2400.00,,2400.00
11843,4613,2,2,2400.00,,2400.00
11844,4614,1,3,2900.00,,2900.00
11845,4614,2,3,2900.00,,2900.00
11846,4615,1,3,2900.00,,2900.00
11847,4615,2,2,2400.00,,2400.00
11848,4616,1,1,1950.00,,1950.00
11849,4616,2,2,2400.00,,2400.00
11850,4617,1,2,2400.00,,2400.00
11851,4617,2,2,2400.00,,2400.00
11852,4618,1,2,2400.00,,2400.00
11853,4618,2,2,2400.00,,2400.00
11854,4619,1,3,2900.00,,2900.00
11855,4619,2,3,2900.00,,2900.00
11856,4620,1,3,2900.00,,2900.00
11857,4620,2,2,2400.00,,2400.00
11858,4621,1,1,1950.00,,1950.00
11859,4621,2,1,1950.00,,1950.00
11860,4622,1,3,2900.00,,2900.00
11861,4622,2,3,2900.00,,2900.00
11862,4623,1,2,2400.00,,2400.00
11863,4623,2,1,1950.00,,1950.00
11864,4624,1,2,2400.00,,2400.00
11865,4624,2,2,2400.00,,2400.00
11866,4625,1,4,3200.00,,3200.00
11867,4625,2,4,3200.00,,3200.00
11868,4626,1,2,2400.00,,2400.00
11869,4626,2,1,1950.00,,1950.00
11870,4627,1,2,2400.00,,2400.00
11871,4627,2,2,2400.00,,2400.00
11872,4628,1,3,2900.00,,2900.00
11873,4628,2,3,2900.00,,2900.00
11874,4629,1,4,3200.00,,3200.00
11875,4629,2,3,2900.00,,2900.00
11876,4630,1,2,2400.00,,2400.00
11877,4630,2,2,2400.00,,2400.00
11878,4631,1,1,1950.00,,1950.00
11879,4631,2,1,1950.00,,1950.00
11880,4632,1,2,2400.00,,2400.00
11881,4632,2,2,2400.00,,2400.00
11882,4633,1,2,2400.00,,2400.00
11883,4633,2,2,2400.00,,2400.00
11884,4633,3,1,1950.00,,1950.00
11885,4634,1,3,2900.00,,2900.00
11886,4634,2,3,2900.00,,2900.00
11887,4635,1,2,2400.00,,2400.00
11888,4635,2,2,2400.00,,2400.00
11889,4635,3,2,2400.00,,2400.00
11890,4636,1,4,3200.00,,3200.00
11891,4636,2,3,2900.00,,2900.00
11892,4637,1,2,2400.00,,2400.00
11893,4637,2,2,2400.00,,2400.00
11894,4637,3,3,2900.00,,2900.00
11895,4638,1,3,2900.00,,2900.00
11896,4638,2,2,2400.00,,2400.00
11897,4639,1,3,2900.00,,2900.00
11898,4639,2,3,2900.00,,2900.00
11899,4640,1,1,1950.00,,1950.00
11900,4640,2,1,1950.00,,1950.00
11901,4641,1,2,2400.00,,2400.00
11902,4641,2,1,1950.00,,1950.00
11903,4642,1,3,2900.00,,2900.00
11904,4642,2,3,2900.00,,2900.00
11905,4643,1,3,2900.00,,2900.00
11906,4643,2,3,2900.00,,2900.00
11907,4643,3,2,2400.00,,2400.00
11908,4644,1,3,2900.00,,2900.00
11909,4644,2,3,2900.00,,2900.00
11910,4645,1,3,2900.00,,2900.00
11911,4645,2,3,2900.00,,2900.00
11912,4646,1,2,2400.00,,2400.00
11913,4646,2,2,2400.00,,2400.00
11914,4647,1,4,3200.00,,3200.00
11915,4647,2,3,2900.00,,2900.00
11916,4648,1,1,1950.00,,1950.00
11917,4648,2,1,1950.00,,1950.00
11918,4649,1,1,1950.00,,1950.00
11919,4649,2,1,1950.00,,1950.00
11920,4649,3,1,1950.00,,1950.00
11921,4650,1,4,3200.00,,3200.00
11922,4650,2,4,3200.00,,3200.00
11923,4651,1,4,3200.00,,3200.00
11924,4651,2,5,3500.00,,3500.00
11925,4652,1,2,2400.00,,2400.00
11926,4652,2,2,2400.00,,2400.00
11927,4652,3,2,2400.00,,2400.00
11928,4652,4,3,2900.00,,2900.00
11929,4653,1,1,1950.00,,1950.00
11930,4653,2,1,1950.00,,1950.00
11931,4653,3,2,2400.00,,2400.00
11932,4654,1,2,2400.00,,2400.00
11933,4654,2,1,1950.00,,1950.00
11934,4654,3,1,1950.00,,1950.00
11935,4655,1,2,2400.00,,2400.00
11936,4655,2,3,2900.00,,2900.00
11937,4655,3,3,2900.00,,2900.00
11938,4656,1,2,2400.00,,2400.00
11939,4656,2,2,2400.00,,2400.00
11940,4657,1,3,2900.00,,2900.00
11941,4657,2,2,2400.00,,2400.00
11942,4658,1,3,2900.00,,2900.00
11943,4658,2,3,2900.00,,2900.00
11944,4659,1,3,2900.00,,2900.00
11945,4659,2,3,2900.00,,2900.00
11946,4659,3,3,2900.00,,2900.00
11947,4660,1,1,1950.00,,1950.00
11948,4660,2,1,1950.00,,1950.00
11949,4660,3,1,1950.00,,1950.00
11950,4660,4,1,1950.00,,1950.00
11951,4661,1,3,2900.00,,2900.00
11952,4661,2,2,2400.00,,2400.00
11953,4661,3,3,2900.00,,2900.00
11954,4662,1,3,2900.00,,2900.00
11955,4662,2,3,2900.00,,2900.00
11956,4662,3,3,2900.00,,2900.00
11957,4663,1,1,1950.00,,1950.00
11958,4663,2,1,1950.00,,1950.00
11959,4664,1,3,2900.00,,2900.00
11960,4664,2,2,2400.00,,2400.00
11961,4665,1,3,2900.00,,2900.00
11962,4665,2,3,2900.00,,2900.00
11963,4666,1,1,1950.00,,1950.00
11964,4666,2,1,1950.00,,1950.00
11965,4666,3,2,2400.00,,2400.00
11966,4667,1,1,1950.00,,1950.00
11967,4667,2,1,1950.00,,1950.00
11968,4667,3,2,2400.00,,2400.00
11969,4667,4,2,2400.00,,2400.00
11970,4667,5,2,2400.00,,2400.00
11971,4667,6,1,1950.00,,1950.00
11972,4667,7,1,1950.00,,1950.00
11973,4668,1,4,3200.00,,3200.00
11974,4668,2,4,3200.00,,3200.00
11975,4669,1,4,3200.00,,3200.00
11976,4669,2,4,3200.00,,3200.00
11977,4670,1,3,2900.00,,2900.00
11978,4670,2,2,2400.00,,2400.00
11979,4670,3,2,2400.00,,2400.00
11980,4671,1,5,3500.00,,3500.00
11981,4671,2,5,3500.00,,3500.00
11982,4672,1,3,2900.00,,2900.00
11983,4672,2,3,2900.00,,2900.00
11984,4673,1,1,1950.00,,1950.00
11985,4673,2,2,2400.00,,2400.00
11986,4673,3,2,2400.00,,2400.00
11987,4674,1,3,2900.00,,2900.00
11988,4674,2,3,2900.00,,2900.00
11989,4675,1,3,2900.00,,2900.00
11990,4675,2,3,2900.00,,2900.00
11991,4675,3,3,2900.00,,2900.00
11992,4676,1,4,3200.00,,3200.00
11993,4676,2,4,3200.00,,3200.00
11994,4677,1,3,2900.00,,2900.00
11995,4677,2,2,2400.00,,2400.00
11996,4678,1,4,3200.00,,3200.00
11997,4678,2,5,3500.00,,3500.00
11998,4679,1,3,2900.00,,2900.00
11999,4679,2,4,3200.00,,3200.00
12000,4680,1,2,2400.00,,2400.00
12001,4680,2,2,2400.00,,2400.00
12002,4680,3,2,2400.00,,2400.00
12003,4681,1,4,3200.00,,3200.00
12004,4681,2,4,3200.00,,3200.00
12005,4682,1,2,2400.00,,2400.00
12006,4682,2,2,2400.00,,2400.00
12007,4682,3,2,2400.00,,2400.00
12008,4683,1,3,2900.00,,2900.00
12009,4683,2,2,2400.00,,2400.00
12010,4683,3,3,2900.00,,2900.00
12011,4684,1,2,2400.00,,2400.00
12012,4684,2,2,2400.00,,2400.00
12013,4684,3,2,2400.00,,2400.00
12014,4685,1,3,2900.00,,2900.00
12015,4685,2,3,2900.00,,2900.00
12016,4686,1,2,2400.00,,2400.00
12017,4686,2,2,2400.00,,2400.00
12018,4686,3,1,1950.00,,1950.00
12019,4687,1,4,3200.00,,3200.00
12020,4687,2,3,2900.00,,2900.00
12021,4687,3,3,2900.00,,2900.00
12022,4688,1,3,2900.00,,2900.00
12023,4688,2,3,2900.00,,2900.00
12024,4688,3,3,2900.00,,2900.00
12025,4689,1,3,2900.00,,2900.00
12026,4689,2,3,2900.00,,2900.00
12027,4690,1,3,2900.00,,2900.00
12028,4690,2,3,2900.00,,2900.00
12029,4690,3,2,2400.00,,2400.00
12030,4691,1,3,2900.00,,2900.00
12031,4691,2,3,2900.00,,2900.00
12032,4692,1,3,2900.00,,2900.00
12033,4692,2,3,2900.00,,2900.00
12034,4693,1,3,2900.00,,2900.00
12035,4693,2,3,2900.00,,2900.00
12036,4694,1,3,2900.00,,2900.00
12037,4694,2,3,2900.00,,2900.00
12038,4695,1,1,1950.00,,1950.00
12039,4695,2,2,2400.00,,2400.00
12040,4695,3,2,2400.00,,2400.00
12041,4696,1,3,2900.00,,2900.00
12042,4696,2,3,2900.00,,2900.00
12043,4697,1,1,1950.00,,1950.00
12044,4697,2,1,1950.00,,1950.00
12045,4697,3,2,2400.00,,2400.00
12046,4698,1,2,2400.00,,2400.00
12047,4698,2,2,2400.00,,2400.00
12048,4699,1,3,2900.00,,2900.00
12049,4699,2,3,2900.00,,2900.00
12050,4700,1,1,1950.00,,1950.00
12051,4700,2,1,1950.00,,1950.00
12052,4700,3,1,1950.00,,1950.00
12053,4700,4,1,1950.00,,1950.00
12054,4700,5,2,2400.00,,2400.00
12055,4700,6,1,1950.00,,1950.00
12056,4701,1,2,2400.00,,2400.00
12057,4701,2,3,2900.00,,2900.00
12058,4702,1,3,2900.00,,2900.00
12059,4702,2,3,2900.00,,2900.00
12060,4703,1,3,2900.00,,2900.00
12061,4703,2,3,2900.00,,2900.00
12062,4703,3,3,2900.00,,2900.00
12063,4704,1,3,2900.00,,2900.00
12064,4704,2,3,2900.00,,2900.00
12065,4704,3,3,2900.00,,2900.00
12066,4705,1,3,2900.00,,2900.00
12067,4705,2,3,2900.00,,2900.00
12068,4706,1,2,2400.00,,2400.00
12069,4706,2,2,2400.00,,2400.00
12070,4706,3,2,2400.00,,2400.00
12071,4707,1,3,2900.00,,2900.00
12072,4707,2,4,3200.00,,3200.00
12073,4708,1,3,2900.00,,2900.00
12074,4708,2,3,2900.00,,2900.00
12075,4709,1,2,2400.00,,2400.00
12076,4709,2,3,2900.00,,2900.00
12077,4709,3,3,2900.00,,2900.00
12078,4710,1,2,2400.00,,2400.00
12079,4710,2,1,1950.00,,1950.00
12080,4711,1,3,2900.00,,2900.00
12081,4711,2,2,2400.00,,2400.00
12082,4711,3,2,2400.00,,2400.00
12083,4712,1,2,2400.00,,2400.00
12084,4712,2,2,2400.00,,2400.00
12085,4712,3,2,2400.00,,2400.00
12086,4713,1,3,2900.00,,2900.00
12087,4713,2,2,2400.00,,2400.00
12088,4713,3,3,2900.00,,2900.00
12089,4714,1,2,2400.00,,2400.00
12090,4714,2,2,2400.00,,2400.00
12091,4715,1,3,2900.00,,2900.00
12092,4715,2,3,2900.00,,2900.00
12093,4716,1,1,1950.00,,1950.00
12094,4716,2,1,1950.00,,1950.00
12095,4716,3,2,2400.00,,2400.00
12096,4717,1,2,2400.00,,2400.00
12097,4717,2,2,2400.00,,2400.00
12098,4718,1,2,2400.00,,2400.00
12099,4718,2,2,2400.00,,2400.00
12100,4718,3,2,2400.00,,2400.00
12101,4719,1,1,1950.00,,1950.00
12102,4719,2,1,1950.00,,1950.00
12103,4720,1,3,2900.00,,2900.00
12104,4720,2,3,2900.00,,2900.00
12105,4721,1,3,2900.00,,2900.00
12106,4721,2,3,2900.00,,2900.00
12107,4722,1,3,2900.00,,2900.00
12108,4722,2,3,2900.00,,2900.00
12109,4722,3,3,2900.00,,2900.00
12110,4723,1,2,2400.00,,2400.00
12111,4723,2,2,2400.00,,2400.00
12112,4724,1,3,2900.00,,2900.00
12113,4724,2,3,2900.00,,2900.00
12114,4724,3,3,2900.00,,2900.00
12115,4725,1,1,1950.00,,1950.00
12116,4725,2,2,2400.00,,2400.00
12117,4726,1,1,1950.00,,1950.00
12118,4726,2,1,1950.00,,1950.00
12119,4727,1,3,2900.00,,2900.00
12120,4727,2,3,2900.00,,2900.00
12121,4728,1,1,1950.00,,1950.00
12122,4728,2,2,2400.00,,2400.00
12123,4729,1,1,1950.00,,1950.00
12124,4729,2,1,1950.00,,1950.00
12125,4730,1,1,1950.00,,1950.00
12126,4730,2,2,2400.00,,2400.00
12127,4730,3,2,2400.00,,2400.00
12128,4731,1,0,1700.00,,1700.00
12129,4731,2,1,1950.00,,1950.00
12130,4731,3,0,1700.00,,1700.00
12131,4732,1,2,2400.00,,2400.00
12132,4732,2,2,2400.00,,2400.00
12133,4733,1,1,1950.00,,1950.00
12134,4733,2,2,2400.00,,2400.00
12135,4734,1,2,2400.00,,2400.00
12136,4734,2,2,2400.00,,2400.00
12137,4734,3,2,2400.00,,2400.00
12138,4735,1,3,2900.00,,2900.00
12139,4735,2,2,2400.00,,2400.00
12140,4735,3,3,2900.00,,2900.00
12141,4736,1,4,3200.00,,3200.00
12142,4736,2,3,2900.00,,2900.00
12143,4737,1,3,2900.00,,2900.00
12144,4737,2,2,2400.00,,2400.00
12145,4738,1,2,2400.00,,2400.00
12146,4738,2,3,2900.00,,2900.00
12147,4738,3,2,2400.00,,2400.00
12148,4739,1,3,2900.00,,2900.00
12149,4739,2,2,2400.00,,2400.00
12150,4740,1,3,2900.00,,2900.00
12151,4740,2,3,2900.00,,2900.00
12152,4741,1,3,2900.00,,2900.00
12153,4741,2,3,2900.00,,2900.00
12154,4741,3,4,3200.00,,3200.00
12155,4742,1,1,1950.00,,1950.00
12156,4742,2,1,1950.00,,1950.00
12157,4742,3,1,1950.00,,1950.00
12158,4742,4,1,1950.00,,1950.00
12159,4742,5,0,1700.00,,1700.00
12160,4743,1,2,2400.00,,2400.00
12161,4743,2,2,2400.00,,2400.00
12162,4744,1,2,2400.00,,2400.00
12163,4744,2,2,2400.00,,2400.00
12164,4744,3,1,1950.00,,1950.00
12165,4745,1,1,1950.00,,1950.00
12166,4745,2,1,1950.00,,1950.00
12167,4745,3,1,1950.00,,1950.00
12168,4746,1,3,2900.00,,2900.00
12169,4746,2,3,2900.00,,2900.00
12170,4746,3,2,2400.00,,2400.00
12171,4746,4,2,2400.00,,2400.00
12172,4747,1,1,1950.00,,1950.00
12173,4747,2,1,1950.00,,1950.00
12174,4747,3,1,1950.00,,1950.00
12175,4748,1,2,2400.00,,2400.00
12176,4748,2,3,2900.00,,2900.00
12177,4748,3,3,2900.00,,2900.00
12178,4749,1,3,2900.00,,2900.00
12179,4749,2,3,2900.00,,2900.00
12180,4749,3,3,2900.00,,2900.00
12181,4750,1,2,2400.00,,2400.00
12182,4750,2,3,2900.00,,2900.00
12183,4750,3,2,2400.00,,2400.00
12184,4751,1,2,2400.00,,2400.00
12185,4751,2,2,2400.00,,2400.00
12186,4752,1,2,2400.00,,2400.00
12187,4752,2,2,2400.00,,2400.00
12188,4752,3,3,2900.00,,2900.00
12189,4753,1,3,2900.00,,2900.00
12190,4753,2,2,2400.00,,2400.00
12191,4753,3,2,2400.00,,2400.00
12192,4754,1,2,2400.00,,2400.00
12193,4754,2,2,2400.00,,2400.00
12194,4755,1,3,2900.00,,2900.00
12195,4755,2,3,2900.00,,2900.00
12196,4756,1,1,1950.00,,1950.00
12197,4756,2,2,2400.00,,2400.00
12198,4756,3,1,1950.00,,1950.00
12199,4757,1,3,2900.00,,2900.00
12200,4757,2,3,2900.00,,2900.00
12201,4758,1,3,2900.00,,2900.00
12202,4758,2,3,2900.00,,2900.00
12203,4759,1,1,1950.00,,1950.00
12204,4759,2,1,1950.00,,1950.00
12205,4759,3,1,1950.00,,1950.00
12206,4759,4,1,1950.00,,1950.00
12207,4759,5,1,1950.00,,1950.00
12208,4759,6,1,1950.00,,1950.00
12209,4760,1,2,2400.00,,2400.00
12210,4760,2,2,2400.00,,2400.00
12211,4760,3,3,2900.00,,2900.00
12212,4761,1,2,2400.00,,2400.00
12213,4761,2,1,1950.00,,1950.00
12214,4761,3,1,1950.00,,1950.00
12215,4762,1,3,2900.00,,2900.00
12216,4762,2,3,2900.00,,2900.00
12217,4762,3,4,3200.00,,3200.00
12218,4763,1,3,2900.00,,2900.00
12219,4763,2,2,2400.00,,2400.00
12220,4764,1,2,2400.00,,2400.00
12221,4764,2,2,2400.00,,2400.00
12222,4765,1,3,2900.00,,2900.00
12223,4765,2,3,2900.00,,2900.00
12224,4766,1,2,2400.00,,2400.00
12225,4766,2,2,2400.00,,2400.00
12226,4766,3,2,2400.00,,2400.00
12227,4767,1,1,1950.00,,1950.00
12228,4767,2,1,1950.00,,1950.00
12229,4768,1,1,1950.00,,1950.00
12230,4768,2,2,2400.00,,2400.00
12231,4768,3,1,1950.00,,1950.00
12232,4769,1,2,2400.00,,2400.00
12233,4769,2,2,2400.00,,2400.00
12234,4769,3,2,2400.00,,2400.00
12235,4770,1,1,1950.00,,1950.00
12236,4770,2,2,2400.00,,2400.00
12237,4771,1,2,2400.00,,2400.00
12238,4771,2,2,2400.00,,2400.00
12239,4772,1,1,1950.00,,1950.00
12240,4772,2,1,1950.00,,1950.00
12241,4773,1,2,2400.00,,2400.00
12242,4773,2,2,2400.00,,2400.00
12243,4774,1,2,2400.00,,2400.00
12244,4774,2,2,2400.00,,2400.00
12245,4775,1,2,2400.00,,2400.00
12246,4775,2,2,2400.00,,2400.00
12247,4776,1,3,2900.00,,2900.00
12248,4776,2,3,2900.00,,2900.00
12249,4776,3,3,2900.00,,2900.00
12250,4777,1,2,2400.00,,2400.00
12251,4777,2,2,2400.00,,2400.00
12252,4778,1,2,2400.00,,2400.00
12253,4778,2,2,2400.00,,2400.00
12254,4778,3,1,1950.00,,1950.00
12255,4778,4,2,2400.00,,2400.00
12256,4779,1,3,2900.00,,2900.00
12257,4779,2,2,2400.00,,2400.00
12258,4780,1,2,2400.00,,2400.00
12259,4780,2,2,2400.00,,2400.00
12260,4781,1,3,2900.00,,2900.00
12261,4781,2,3,2900.00,,2900.00
12262,4782,1,3,2900.00,,2900.00
12263,4782,2,2,2400.00,,2400.00
12264,4782,3,2,2400.00,,2400.00
12265,4783,1,4,3200.00,,3200.00
12266,4783,2,3,2900.00,,2900.00
12267,4784,1,3,2900.00,,2900.00
12268,4784,2,2,2400.00,,2400.00
12269,4785,1,4,3200.00,,3200.00
12270,4785,2,4,3200.00,,3200.00
12271,4786,1,3,2900.00,,2900.00
12272,4786,2,3,2900.00,,2900.00
12273,4787,1,3,2900.00,,2900.00
12274,4787,2,3,2900.00,,2900.00
12275,4788,1,2,2400.00,,2400.00
12276,4788,2,2,2400.00,,2400.00
12277,4789,1,2,2400.00,,2400.00
12278,4789,2,2,2400.00,,2400.00
12279,4790,1,4,3200.00,,3200.00
12280,4790,2,3,2900.00,,2900.00
12281,4791,1,0,1700.00,,1700.00
12282,4791,2,0,1700.00,,1700.00
12283,4792,1,2,2400.00,,2400.00
12284,4792,2,1,1950.00,,1950.00
12285,4792,3,1,1950.00,,1950.00
12286,4793,1,3,2900.00,,2900.00
12287,4793,2,4,3200.00,,3200.00
12288,4794,1,2,2400.00,,2400.00
12289,4794,2,2,2400.00,,2400.00
12290,4795,1,2,2400.00,,2400.00
12291,4795,2,2,2400.00,,2400.00
12292,4796,1,4,3200.00,,3200.00
12293,4796,2,3,2900.00,,2900.00
12294,4797,1,2,2400.00,,2400.00
12295,4797,2,2,2400.00,,2400.00
12296,4798,1,3,2900.00,,2900.00
12297,4798,2,2,2400.00,,2400.00
12298,4799,1,2,2400.00,,2400.00
12299,4799,2,2,2400.00,,2400.00
12300,4800,1,1,1950.00,,1950.00
12301,4800,2,2,2400.00,,2400.00
12302,4801,1,1,1950.00,,1950.00
12303,4801,2,1,1950.00,,1950.00
12304,4802,1,2,2400.00,,2400.00
12305,4802,2,2,2400.00,,2400.00
12306,4803,1,1,1950.00,,1950.00
12307,4803,2,2,2400.00,,2400.00
12308,4804,1,2,2400.00,,2400.00
12309,4804,2,3,2900.00,,2900.00
12310,4805,1,2,2400.00,,2400.00
12311,4805,2,3,2900.00,,2900.00
12312,4805,3,3,2900.00,,2900.00
12313,4806,1,1,1950.00,,1950.00
12314,4806,2,1,1950.00,,1950.00
12315,4807,1,1,1950.00,,1950.00
12316,4807,2,1,1950.00,,1950.00
12317,4807,3,1,1950.00,,1950.00
12318,4808,1,4,3200.00,,3200.00
12319,4808,2,4,3200.00,,3200.00
12320,4808,3,4,3200.00,,3200.00
12321,4809,1,1,1950.00,,1950.00
12322,4809,2,1,1950.00,,1950.00
12323,4809,3,1,1950.00,,1950.00
12324,4810,1,2,2400.00,,2400.00
12325,4810,2,3,2900.00,,2900.00
12326,4810,3,2,2400.00,,2400.00
12327,4811,1,1,1950.00,,1950.00
12328,4811,2,1,1950.00,,1950.00
12329,4812,1,1,1950.00,,1950.00
12330,4812,2,1,1950.00,,1950.00
12331,4813,1,3,2900.00,,2900.00
12332,4813,2,2,2400.00,,2400.00
12333,4813,3,2,2400.00,,2400.00
12334,4814,1,2,2400.00,,2400.00
12335,4814,2,2,2400.00,,2400.00
12336,4814,3,2,2400.00,,2400.00
12337,4815,1,2,2400.00,,2400.00
12338,4815,2,2,2400.00,,2400.00
12339,4815,3,2,2400.00,,2400.00
12340,4816,1,2,2400.00,,2400.00
12341,4816,2,3,2900.00,,2900.00
12342,4816,3,2,2400.00,,2400.00
12343,4817,1,3,2900.00,,2900.00
12344,4817,2,3,2900.00,,2900.00
12345,4818,1,3,2900.00,,2900.00
12346,4818,2,3,2900.00,,2900.00
12347,4819,1,2,2400.00,,2400.00
12348,4819,2,3,2900.00,,2900.00
12349,4819,3,2,2400.00,,2400.00
12350,4820,1,2,2400.00,,2400.00
12351,4820,2,2,2400.00,,2400.00
12352,4821,1,0,1700.00,,1700.00
12353,4821,2,1,1950.00,,1950.00
12354,4822,1,2,2400.00,,2400.00
12355,4822,2,2,2400.00,,2400.00
12356,4823,1,3,2900.00,,2900.00
12357,4823,2,3,2900.00,,2900.00
12358,4824,1,2,2400.00,,2400.00
12359,4824,2,2,2400.00,,2400.00
12360,4824,3,2,2400.00,,2400.00
12361,4825,1,1,1950.00,,1950.00
12362,4825,2,1,1950.00,,1950.00
12363,4825,3,1,1950.00,,1950.00
12364,4826,1,2,2400.00,,2400.00
12365,4826,2,2,2400.00,,2400.00
12366,4827,1,2,2400.00,,2400.00
12367,4827,2,2,2400.00,,2400.00
12368,4828,1,2,2400.00,,2400.00
12369,4828,2,2,2400.00,,2400.00
12370,4829,1,2,2400.00,,2400.00
12371,4829,2,2,2400.00,,2400.00
12372,4830,1,1,1950.00,,1950.00
12373,4830,2,1,1950.00,,1950.00
12374,4830,3,1,1950.00,,1950.00
12375,4831,1,2,2400.00,,2400.00
12376,4831,2,2,2400.00,,2400.00
12377,4832,1,1,1950.00,,1950.00
12378,4832,2,2,2400.00,,2400.00
12379,4832,3,2,2400.00,,2400.00
12380,4833,1,2,2400.00,,2400.00
12381,4833,2,3,2900.00,,2900.00
12382,4834,1,1,1950.00,,1950.00
12383,4834,2,2,2400.00,,2400.00
12384,4835,1,3,2900.00,,2900.00
12385,4835,2,3,2900.00,,2900.00
12386,4836,1,2,2400.00,,2400.00
12387,4836,2,2,2400.00,,2400.00
12388,4837,1,2,2400.00,,2400.00
12389,4837,2,2,2400.00,,2400.00
12390,4838,1,1,1950.00,,1950.00
12391,4838,2,2,2400.00,,2400.00
12392,4839,1,3,2900.00,,2900.00
12393,4839,2,3,2900.00,,2900.00
12394,4840,1,3,2900.00,,2900.00
12395,4840,2,2,2400.00,,2400.00
12396,4840,3,2,2400.00,,2400.00
12397,4841,1,1,1950.00,,1950.00
12398,4841,2,1,1950.00,,1950.00
12399,4841,3,1,1950.00,,1950.00
12400,4842,1,1,1950.00,,1950.00
12401,4842,2,1,1950.00,,1950.00
12402,4843,1,3,2900.00,,2900.00
12403,4843,2,3,2900.00,,2900.00
12404,4844,1,1,1950.00,,1950.00
12405,4844,2,1,1950.00,,1950.00
12406,4845,1,2,2400.00,,2400.00
12407,4845,2,2,2400.00,,2400.00
12408,4846,1,3,2900.00,,2900.00
12409,4846,2,2,2400.00,,2400.00
12410,4847,1,3,2900.00,,2900.00
12411,4847,2,3,2900.00,,2900.00
12412,4848,1,4,3200.00,,3200.00
12413,4848,2,4,3200.00,,3200.00
12414,4849,1,2,2400.00,,2400.00
12415,4849,2,3,2900.00,,2900.00
12416,4850,1,3,2900.00,,2900.00
12417,4850,2,3,2900.00,,2900.00
12418,4851,1,3,2900.00,,2900.00
12419,4851,2,3,2900.00,,2900.00
12420,4852,1,2,2400.00,,2400.00
12421,4852,2,2,2400.00,,2400.00
12422,4852,3,3,2900.00,,2900.00
12423,4853,1,3,2900.00,,2900.00
12424,4853,2,4,3200.00,,3200.00
12425,4854,1,3,2900.00,,2900.00
12426,4854,2,3,2900.00,,2900.00
12427,4855,1,2,2400.00,,2400.00
12428,4855,2,3,2900.00,,2900.00
12429,4856,1,2,2400.00,,2400.00
12430,4856,2,3,2900.00,,2900.00
12431,4857,1,4,3200.00,,3200.00
12432,4857,2,3,2900.00,,2900.00
12433,4858,1,1,1950.00,,1950.00
12434,4858,2,2,2400.00,,2400.00
12435,4858,3,1,1950.00,,1950.00
12436,4859,1,3,2900.00,,2900.00
12437,4859,2,4,3200.00,,3200.00
12438,4860,1,2,2400.00,,2400.00
12439,4860,2,3,2900.00,,2900.00
12440,4861,1,1,1950.00,,1950.00
12441,4861,2,1,1950.00,,1950.00
12442,4861,3,1,1950.00,,1950.00
12443,4861,4,1,1950.00,,1950.00
12444,4861,5,1,1950.00,,1950.00
12445,4861,6,1,1950.00,,1950.00
12446,4862,1,3,2900.00,,2900.00
12447,4862,2,2,2400.00,,2400.00
12448,4862,3,2,2400.00,,2400.00
12449,4863,1,3,2900.00,,2900.00
12450,4863,2,3,2900.00,,2900.00
12451,4864,1,3,2900.00,,2900.00
12452,4864,2,2,2400.00,,2400.00
12453,4865,1,3,2900.00,,2900.00
12454,4865,2,3,2900.00,,2900.00
12455,4866,1,1,1950.00,,1950.00
12456,4866,2,1,1950.00,,1950.00
12457,4866,3,1,1950.00,,1950.00
12458,4867,1,3,2900.00,,2900.00
12459,4867,2,2,2400.00,,2400.00
12460,4868,1,1,1950.00,,1950.00
12461,4868,2,1,1950.00,,1950.00
12462,4869,1,2,2400.00,,2400.00
12463,4869,2,2,2400.00,,2400.00
12464,4870,1,3,2900.00,,2900.00
12465,4870,2,3,2900.00,,2900.00
12466,4871,1,1,1950.00,,1950.00
12467,4871,2,2,2400.00,,2400.00
12468,4871,3,2,2400.00,,2400.00
12469,4872,1,3,2900.00,,2900.00
12470,4872,2,2,2400.00,,2400.00
12471,4873,1,2,2400.00,,2400.00
12472,4873,2,2,2400.00,,2400.00
12473,4873,3,2,2400.00,,2400.00
12474,4874,1,2,2400.00,,2400.00
12475,4874,2,3,2900.00,,2900.00
12476,4875,1,3,2900.00,,2900.00
12477,4875,2,2,2400.00,,2400.00
12478,4876,1,3,2900.00,,2900.00
12479,4876,2,3,2900.00,,2900.00
12480,4877,1,2,2400.00,,2400.00
12481,4877,2,2,2400.00,,2400.00
12482,4878,1,2,2400.00,,2400.00
12483,4878,2,2,2400.00,,2400.00
12484,4878,3,2,2400.00,,2400.00
12485,4879,1,2,2400.00,,2400.00
12486,4879,2,2,2400.00,,2400.00
12487,4879,3,1,1950.00,,1950.00
12488,4880,1,1,1950.00,,1950.00
12489,4880,2,1,1950.00,,1950.00
12490,4880,3,1,1950.00,,1950.00
12491,4881,1,3,2900.00,,2900.00
12492,4881,2,2,2400.00,,2400.00
12493,4881,3,3,2900.00,,2900.00
12494,4882,1,2,2400.00,,2400.00
12495,4882,2,2,2400.00,,2400.00
12496,4882,3,2,2400.00,,2400.00
12497,4883,1,2,2400.00,,2400.00
12498,4883,2,2,2400.00,,2400.00
12499,4884,1,2,2400.00,,2400.00
12500,4884,2,2,2400.00,,2400.00
12501,4885,1,3,2900.00,,2900.00
12502,4885,2,2,2400.00,,2400.00
12503,4886,1,3,2900.00,,2900.00
12504,4886,2,2,2400.00,,2400.00
12505,4887,1,2,2400.00,,2400.00
12506,4887,2,2,2400.00,,2400.00
12507,4888,1,3,2900.00,,2900.00
12508,4888,2,3,2900.00,,2900.00
12509,4889,1,2,2400.00,,2400.00
12510,4889,2,1,1950.00,,1950.00
12511,4889,3,2,2400.00,,2400.00
12512,4890,1,1,1950.00,,1950.00
12513,4890,2,1,1950.00,,1950.00
12514,4890,3,1,1950.00,,1950.00
12515,4891,1,1,1950.00,,1950.00
12516,4891,2,1,1950.00,,1950.00
12517,4891,3,1,1950.00,,1950.00
12518,4892,1,2,2400.00,,2400.00
12519,4892,2,2,2400.00,,2400.00
12520,4893,1,3,2900.00,,2900.00
12521,4893,2,2,2400.00,,2400.00
12522,4894,1,3,2900.00,,2900.00
12523,4894,2,2,2400.00,,2400.00
12524,4895,1,1,1950.00,,1950.00
12525,4895,2,1,1950.00,,1950.00
12526,4895,3,2,2400.00,,2400.00
12527,4896,1,2,2400.00,,2400.00
12528,4896,2,2,2400.00,,2400.00
12529,4897,1,3,2900.00,,2900.00
12530,4897,2,3,2900.00,,2900.00
12531,4898,1,3,2900.00,,2900.00
12532,4898,2,2,2400.00,,2400.00
12533,4899,1,3,2900.00,,2900.00
12534,4899,2,2,2400.00,,2400.00
12535,4900,1,3,2900.00,,2900.00
12536,4900,2,2,2400.00,,2400.00
12537,4901,1,3,2900.00,,2900.00
12538,4901,2,3,2900.00,,2900.00
12539,4902,1,2,2400.00,,2400.00
12540,4902,2,3,2900.00,,2900.00
12541,4903,1,0,1700.00,,1700.00
12542,4903,2,1,1950.00,,1950.00
12543,4904,1,1,1950.00,,1950.00
12544,4904,2,1,1950.00,,1950.00
12545,4904,3,1,1950.00,,1950.00
12546,4905,1,2,2400.00,,2400.00
12547,4905,2,2,2400.00,,2400.00
12548,4906,1,1,1950.00,,1950.00
12549,4906,2,2,2400.00,,2400.00
12550,4907,1,1,1950.00,,1950.00
12551,4907,2,1,1950.00,,1950.00
12552,4908,1,2,2400.00,,2400.00
12553,4908,2,2,2400.00,,2400.00
12554,4909,1,2,2400.00,,2400.00
12555,4909,2,2,2400.00,,2400.00
12556,4909,3,2,2400.00,,2400.00
12557,4910,1,2,2400.00,,2400.00
12558,4910,2,3,2900.00,,2900.00
12559,4911,1,2,2400.00,,2400.00
12560,4911,2,2,2400.00,,2400.00
12561,4912,1,3,2900.00,,2900.00
12562,4912,2,3,2900.00,,2900.00
12563,4913,1,1,1950.00,,1950.00
12564,4913,2,2,2400.00,,2400.00
12565,4914,1,4,3200.00,,3200.00
12566,4914,2,3,2900.00,,2900.00
12567,4915,1,2,2400.00,,2400.00
12568,4915,2,2,2400.00,,2400.00
12569,4915,3,2,2400.00,,2400.00
12570,4916,1,2,2400.00,,2400.00
12571,4916,2,3,2900.00,,2900.00
12572,4917,1,4,3200.00,,3200.00
12573,4917,2,3,2900.00,,2900.00
12574,4918,1,2,2400.00,,2400.00
12575,4918,2,2,2400.00,,2400.00
12576,4918,3,2,2400.00,,2400.00
12577,4919,1,2,2400.00,,2400.00
12578,4919,2,2,2400.00,,2400.00
12579,4919,3,2,2400.00,,2400.00
12580,4920,1,3,2900.00,,2900.00
12581,4920,2,3,2900.00,,2900.00
12582,4921,1,3,2900.00,,2900.00
12583,4921,2,3,2900.00,,2900.00
12584,4921,3,3,2900.00,,2900.00
12585,4922,1,2,2400.00,,2400.00
12586,4922,2,2,2400.00,,2400.00
12587,4922,3,2,2400.00,,2400.00
12588,4923,1,2,2400.00,,2400.00
12589,4923,2,2,2400.00,,2400.00
12590,4923,3,2,2400.00,,2400.00
12591,4924,1,3,2900.00,,2900.00
12592,4924,2,3,2900.00,,2900.00
12593,4925,1,3,2900.00,,2900.00
12594,4925,2,3,2900.00,,2900.00
12595,4926,1,2,2400.00,,2400.00
12596,4926,2,3,2900.00,,2900.00
12597,4927,1,2,2400.00,,2400.00
12598,4927,2,2,2400.00,,2400.00
12599,4928,1,3,2900.00,,2900.00
12600,4928,2,2,2400.00,,2400.00
12601,4929,1,3,2900.00,,2900.00
12602,4929,2,3,2900.00,,2900.00
12603,4930,1,3,2900.00,,2900.00
12604,4930,2,3,2900.00,,2900.00
12605,4931,1,1,1950.00,,1950.00
12606,4931,2,1,1950.00,,1950.00
12607,4932,1,2,2400.00,,2400.00
12608,4932,2,2,2400.00,,2400.00
12609,4932,3,2,2400.00,,2400.00
12610,4933,1,2,2400.00,,2400.00
12611,4933,2,2,2400.00,,2400.00
12612,4934,1,3,2900.00,,2900.00
12613,4934,2,3,2900.00,,2900.00
12614,4935,1,2,2400.00,,2400.00
12615,4935,2,2,2400.00,,2400.00
12616,4935,3,2,2400.00,,2400.00
12617,4936,1,1,1950.00,,1950.00
12618,4936,2,1,1950.00,,1950.00
12619,4937,1,3,2900.00,,2900.00
12620,4937,2,3,2900.00,,2900.00
12621,4937,3,3,2900.00,,2900.00
12622,4938,1,3,2900.00,,2900.00
12623,4938,2,3,2900.00,,2900.00
12624,4939,1,3,2900.00,,2900.00
12625,4939,2,3,2900.00,,2900.00
12626,4940,1,2,2400.00,,2400.00
12627,4940,2,2,2400.00,,2400.00
12628,4941,1,2,2400.00,,2400.00
12629,4941,2,2,2400.00,,2400.00
12630,4942,1,2,2400.00,,2400.00
12631,4942,2,2,2400.00,,2400.00
12632,4943,1,2,2400.00,,2400.00
12633,4943,2,3,2900.00,,2900.00
12634,4944,1,2,2400.00,,2400.00
12635,4944,2,3,2900.00,,2900.00
12636,4945,1,2,2400.00,,2400.00
12637,4945,2,2,2400.00,,2400.00
12638,4946,1,3,2900.00,,2900.00
12639,4946,2,2,2400.00,,2400.00
12640,4947,1,3,2900.00,,2900.00
12641,4947,2,2,2400.00,,2400.00
12642,4948,1,2,2400.00,,2400.00
12643,4948,2,2,2400.00,,2400.00
12644,4949,1,2,2400.00,,2400.00
12645,4949,2,1,1950.00,,1950.00
12646,4950,1,1,1950.00,,1950.00
12647,4950,2,1,1950.00,,1950.00
12648,4951,1,2,2400.00,,2400.00
12649,4951,2,2,2400.00,,2400.00
12650,4952,1,2,2400.00,,2400.00
12651,4952,2,3,2900.00,,2900.00
12652,4953,1,3,2900.00,,2900.00
12653,4953,2,2,2400.00,,2400.00
12654,4953,3,2,2400.00,,2400.00
12655,4954,1,2,2400.00,,2400.00
12656,4954,2,2,2400.00,,2400.00
12657,4955,1,3,2900.00,,2900.00
12658,4955,2,3,2900.00,,2900.00
12659,4956,1,3,2900.00,,2900.00
12660,4956,2,2,2400.00,,2400.00
12661,4957,1,2,2400.00,,2400.00
12662,4957,2,1,1950.00,,1950.00
12663,4957,3,1,1950.00,,1950.00
12664,4958,1,3,2900.00,,2900.00
12665,4958,2,2,2400.00,,2400.00
12666,4959,1,2,2400.00,,2400.00
12667,4959,2,2,2400.00,,2400.00
12668,4960,1,3,2900.00,,2900.00
12669,4960,2,2,2400.00,,2400.00
12670,4960,3,2,2400.00,,2400.00
12671,4961,1,2,2400.00,,2400.00
12672,4961,2,3,2900.00,,2900.00
12673,4962,1,2,2400.00,,2400.00
12674,4962,2,2,2400.00,,2400.00
12675,4962,3,2,2400.00,,2400.00
12676,4963,1,3,2900.00,,2900.00
12677,4963,2,3,2900.00,,2900.00
12678,4964,1,2,2400.00,,2400.00
12679,4964,2,2,2400.00,,2400.00
12680,4965,1,4,3200.00,,3200.00
12681,4965,2,4,3200.00,,3200.00
12682,4966,1,1,1950.00,,1950.00
12683,4966,2,1,1950.00,,1950.00
12684,4966,3,1,1950.00,,1950.00
12685,4967,1,3,2900.00,,2900.00
12686,4967,2,2,2400.00,,2400.00
12687,4968,1,2,2400.00,,2400.00
12688,4968,2,3,2900.00,,2900.00
12689,4969,1,2,2400.00,,2400.00
12690,4969,2,2,2400.00,,2400.00
12691,4970,1,2,2400.00,,2400.00
12692,4970,2,2,2400.00,,2400.00
12693,4971,1,1,1950.00,,1950.00
12694,4971,2,2,2400.00,,2400.00
12695,4972,1,2,2400.00,,2400.00
12696,4972,2,2,2400.00,,2400.00
12697,4973,1,2,2400.00,,2400.00
12698,4973,2,2,2400.00,,2400.00
12699,4974,1,2,2400.00,,2400.00
12700,4974,2,2,2400.00,,2400.00
12701,4975,1,2,2400.00,,2400.00
12702,4975,2,2,2400.00,,2400.00
12703,4976,1,2,2400.00,,2400.00
12704,4976,2,2,2400.00,,2400.00
12705,4977,1,2,2400.00,,2400.00
12706,4977,2,2,2400.00,,2400.00
