Rung_StartingCapital,ProjectionID,Seed,Months,EngineVersion,ProjectionInGold,Survived,FinalCash,FinalTotal,EvictionCount,Command
2000000,300,1,240,0.5.0,no (needs reproduction-rungs setup),0,0.00,0.00,0,python app/src/simulation.py --env <db> --projection-id 300 --seed 1 --months 240
2000000,300,2,240,0.5.0,no (needs reproduction-rungs setup),0,0.00,0.00,0,python app/src/simulation.py --env <db> --projection-id 300 --seed 2 --months 240
2000000,300,3,240,0.5.0,no (needs reproduction-rungs setup),0,0.00,0.00,0,python app/src/simulation.py --env <db> --projection-id 300 --seed 3 --months 240
2000000,300,4,240,0.5.0,no (needs reproduction-rungs setup),0,2155.61,8663.17,0,python app/src/simulation.py --env <db> --projection-id 300 --seed 4 --months 240
2000000,300,5,240,0.5.0,no (needs reproduction-rungs setup),0,1578.58,6152.94,0,python app/src/simulation.py --env <db> --projection-id 300 --seed 5 --months 240
2000000,300,6,240,0.5.0,no (needs reproduction-rungs setup),0,5761.98,6847.48,0,python app/src/simulation.py --env <db> --projection-id 300 --seed 6 --months 240
2000000,300,7,240,0.5.0,no (needs reproduction-rungs setup),0,0.00,0.00,0,python app/src/simulation.py --env <db> --projection-id 300 --seed 7 --months 240
2000000,300,8,240,0.5.0,no (needs reproduction-rungs setup),0,0.00,0.00,0,python app/src/simulation.py --env <db> --projection-id 300 --seed 8 --months 240
2000000,300,9,240,0.5.0,no (needs reproduction-rungs setup),0,0.00,0.00,0,python app/src/simulation.py --env <db> --projection-id 300 --seed 9 --months 240
2000000,300,10,240,0.5.0,no (needs reproduction-rungs setup),0,0.00,0.00,0,python app/src/simulation.py --env <db> --projection-id 300 --seed 10 --months 240
2000000,300,11,240,0.5.0,no (needs reproduction-rungs setup),0,0.00,0.00,0,python app/src/simulation.py --env <db> --projection-id 300 --seed 11 --months 240
2000000,300,12,240,0.5.0,no (needs reproduction-rungs setup),0,0.00,0.00,0,python app/src/simulation.py --env <db> --projection-id 300 --seed 12 --months 240
2000000,300,13,240,0.5.0,no (needs reproduction-rungs setup),0,0.00,0.00,0,python app/src/simulation.py --env <db> --projection-id 300 --seed 13 --months 240
2000000,300,14,240,0.5.0,no (needs reproduction-rungs setup),0,4043.84,9074.98,0,python app/src/simulation.py --env <db> --projection-id 300 --seed 14 --months 240
2000000,300,15,240,0.5.0,no (needs reproduction-rungs setup),0,0.00,0.00,0,python app/src/simulation.py --env <db> --projection-id 300 --seed 15 --months 240
2000000,300,16,240,0.5.0,no (needs reproduction-rungs setup),0,0.00,0.00,0,python app/src/simulation.py --env <db> --projection-id 300 --seed 16 --months 240
2000000,300,17,240,0.5.0,no (needs reproduction-rungs setup),0,0.00,0.00,0,python app/src/simulation.py --env <db> --projection-id 300 --seed 17 --months 240
2000000,300,18,240,0.5.0,no (needs reproduction-rungs setup),0,0.00,0.00,0,python app/src/simulation.py --env <db> --projection-id 300 --seed 18 --months 240
2000000,300,19,240,0.5.0,no (needs reproduction-rungs setup),0,0.00,0.00,0,python app/src/simulation.py --env <db> --projection-id 300 --seed 19 --months 240
2000000,300,20,240,0.5.0,no (needs reproduction-rungs setup),0,0.00,0.00,0,python app/src/simulation.py --env <db> --projection-id 300 --seed 20 --months 240
2000000,300,21,240,0.5.0,no (needs reproduction-rungs setup),0,5285.34,5547.83,0,python app/src/simulation.py --env <db> --projection-id 300 --seed 21 --months 240
2000000,300,22,240,0.5.0,no (needs reproduction-rungs setup),0,0.00,0.00,0,python app/src/simulation.py --env <db> --projection-id 300 --seed 22 --months 240
2000000,300,23,240,0.5.0,no (needs reproduction-rungs setup),0,0.00,0.00,0,python app/src/simulation.py --env <db> --projection-id 300 --seed 23 --months 240
2000000,300,24,240,0.5.0,no (needs reproduction-rungs setup),0,0.00,0.00,0,python app/src/simulation.py --env <db> --projection-id 300 --seed 24 --months 240
2000000,300,25,240,0.5.0,no (needs reproduction-rungs setup),1,298628.52,656748.24,0,python app/src/simulation.py --env <db> --projection-id 300 --seed 25 --months 240
2000000,300,26,240,0.5.0,no (needs reproduction-rungs setup),0,0.00,0.00,0,python app/src/simulation.py --env <db> --projection-id 300 --seed 26 --months 240
2000000,300,27,240,0.5.0,no (needs reproduction-rungs setup),0,7544.42,8929.65,0,python app/src/simulation.py --env <db> --projection-id 300 --seed 27 --months 240
2000000,300,28,240,0.5.0,no (needs reproduction-rungs setup),0,4831.23,10227.85,0,python app/src/simulation.py --env <db> --projection-id 300 --seed 28 --months 240
2000000,300,29,240,0.5.0,no (needs reproduction-rungs setup),0,0.00,0.00,0,python app/src/simulation.py --env <db> --projection-id 300 --seed 29 --months 240
2000000,300,30,240,0.5.0,no (needs reproduction-rungs setup),0,6963.90,8424.44,0,python app/src/simulation.py --env <db> --projection-id 300 --seed 30 --months 240
2000000,300,31,240,0.5.0,no (needs reproduction-rungs setup),0,956.92,10335.91,0,python app/src/simulation.py --env <db> --projection-id 300 --seed 31 --months 240
2000000,300,32,240,0.5.0,no (needs reproduction-rungs setup),0,0.00,0.00,0,python app/src/simulation.py --env <db> --projection-id 300 --seed 32 --months 240
2000000,300,33,240,0.5.0,no (needs reproduction-rungs setup),0,0.00,0.00,0,python app/src/simulation.py --env <db> --projection-id 300 --seed 33 --months 240
2000000,300,34,240,0.5.0,no (needs reproduction-rungs setup),0,2106.53,8349.66,0,python app/src/simulation.py --env <db> --projection-id 300 --seed 34 --months 240
2000000,300,35,240,0.5.0,no (needs reproduction-rungs setup),0,0.00,0.00,0,python app/src/simulation.py --env <db> --projection-id 300 --seed 35 --months 240
2000000,300,36,240,0.5.0,no (needs reproduction-rungs setup),0,0.00,0.00,0,python app/src/simulation.py --env <db> --projection-id 300 --seed 36 --months 240
2000000,300,37,240,0.5.0,no (needs reproduction-rungs setup),0,0.00,0.00,0,python app/src/simulation.py --env <db> --projection-id 300 --seed 37 --months 240
2000000,300,38,240,0.5.0,no (needs reproduction-rungs setup),0,0.00,0.00,0,python app/src/simulation.py --env <db> --projection-id 300 --seed 38 --months 240
2000000,300,39,240,0.5.0,no (needs reproduction-rungs setup),0,0.00,0.00,0,python app/src/simulation.py --env <db> --projection-id 300 --seed 39 --months 240
2000000,300,40,240,0.5.0,no (needs reproduction-rungs setup),0,0.00,0.00,0,python app/src/simulation.py --env <db> --projection-id 300 --seed 40 --months 240
2000000,300,41,240,0.5.0,no (needs reproduction-rungs setup),0,2159.18,9259.92,0,python app/src/simulation.py --env <db> --projection-id 300 --seed 41 --months 240
2000000,300,42,240,0.5.0,no (needs reproduction-rungs setup),0,2755.74,7806.67,0,python app/src/simulation.py --env <db> --projection-id 300 --seed 42 --months 240
2000000,300,43,240,0.5.0,no (needs reproduction-rungs setup),0,0.00,0.00,0,python app/src/simulation.py --env <db> --projection-id 300 --seed 43 --months 240
2000000,300,44,240,0.5.0,no (needs reproduction-rungs setup),0,3643.77,7754.73,0,python app/src/simulation.py --env <db> --projection-id 300 --seed 44 --months 240
2000000,300,45,240,0.5.0,no (needs reproduction-rungs setup),0,0.00,0.00,0,python app/src/simulation.py --env <db> --projection-id 300 --seed 45 --months 240
2000000,300,46,240,0.5.0,no (needs reproduction-rungs setup),0,2778.88,10217.77,0,python app/src/simulation.py --env <db> --projection-id 300 --seed 46 --months 240
2000000,300,47,240,0.5.0,no (needs reproduction-rungs setup),0,6562.31,9188.91,0,python app/src/simulation.py --env <db> --projection-id 300 --seed 47 --months 240
2000000,300,48,240,0.5.0,no (needs reproduction-rungs setup),0,0.00,0.00,0,python app/src/simulation.py --env <db> --projection-id 300 --seed 48 --months 240
2000000,300,49,240,0.5.0,no (needs reproduction-rungs setup),0,0.00,0.00,0,python app/src/simulation.py --env <db> --projection-id 300 --seed 49 --months 240
2000000,300,50,240,0.5.0,no (needs reproduction-rungs setup),0,5283.66,5839.10,0,python app/src/simulation.py --env <db> --projection-id 300 --seed 50 --months 240
2500000,301,1,240,0.5.0,no (needs reproduction-rungs setup),0,0.00,0.00,0,python app/src/simulation.py --env <db> --projection-id 301 --seed 1 --months 240
2500000,301,2,240,0.5.0,no (needs reproduction-rungs setup),0,0.00,0.00,0,python app/src/simulation.py --env <db> --projection-id 301 --seed 2 --months 240
2500000,301,3,240,0.5.0,no (needs reproduction-rungs setup),0,0.00,0.00,0,python app/src/simulation.py --env <db> --projection-id 301 --seed 3 --months 240
2500000,301,4,240,0.5.0,no (needs reproduction-rungs setup),0,1467.43,6789.94,0,python app/src/simulation.py --env <db> --projection-id 301 --seed 4 --months 240
2500000,301,5,240,0.5.0,no (needs reproduction-rungs setup),0,0.00,0.00,0,python app/src/simulation.py --env <db> --projection-id 301 --seed 5 --months 240
2500000,301,6,240,0.5.0,no (needs reproduction-rungs setup),0,0.00,0.00,0,python app/src/simulation.py --env <db> --projection-id 301 --seed 6 --months 240
2500000,301,7,240,0.5.0,no (needs reproduction-rungs setup),0,0.00,0.00,0,python app/src/simulation.py --env <db> --projection-id 301 --seed 7 --months 240
2500000,301,8,240,0.5.0,no (needs reproduction-rungs setup),1,135936.85,490560.14,0,python app/src/simulation.py --env <db> --projection-id 301 --seed 8 --months 240
2500000,301,9,240,0.5.0,no (needs reproduction-rungs setup),0,0.00,0.00,0,python app/src/simulation.py --env <db> --projection-id 301 --seed 9 --months 240
2500000,301,10,240,0.5.0,no (needs reproduction-rungs setup),0,6563.47,9347.50,0,python app/src/simulation.py --env <db> --projection-id 301 --seed 10 --months 240
2500000,301,11,240,0.5.0,no (needs reproduction-rungs setup),0,0.00,0.00,0,python app/src/simulation.py --env <db> --projection-id 301 --seed 11 --months 240
2500000,301,12,240,0.5.0,no (needs reproduction-rungs setup),0,0.00,0.00,0,python app/src/simulation.py --env <db> --projection-id 301 --seed 12 --months 240
2500000,301,13,240,0.5.0,no (needs reproduction-rungs setup),1,160743.36,515970.12,0,python app/src/simulation.py --env <db> --projection-id 301 --seed 13 --months 240
2500000,301,14,240,0.5.0,no (needs reproduction-rungs setup),0,0.00,0.00,0,python app/src/simulation.py --env <db> --projection-id 301 --seed 14 --months 240
2500000,301,15,240,0.5.0,no (needs reproduction-rungs setup),0,0.00,0.00,0,python app/src/simulation.py --env <db> --projection-id 301 --seed 15 --months 240
2500000,301,16,240,0.5.0,no (needs reproduction-rungs setup),0,0.00,0.00,0,python app/src/simulation.py --env <db> --projection-id 301 --seed 16 --months 240
2500000,301,17,240,0.5.0,no (needs reproduction-rungs setup),0,0.00,0.00,0,python app/src/simulation.py --env <db> --projection-id 301 --seed 17 --months 240
2500000,301,18,240,0.5.0,no (needs reproduction-rungs setup),1,98338.88,203336.50,0,python app/src/simulation.py --env <db> --projection-id 301 --seed 18 --months 240
2500000,301,19,240,0.5.0,no (needs reproduction-rungs setup),0,0.00,0.00,0,python app/src/simulation.py --env <db> --projection-id 301 --seed 19 --months 240
2500000,301,20,240,0.5.0,no (needs reproduction-rungs setup),0,0.00,0.00,0,python app/src/simulation.py --env <db> --projection-id 301 --seed 20 --months 240
2500000,301,21,240,0.5.0,no (needs reproduction-rungs setup),0,5950.04,10202.99,0,python app/src/simulation.py --env <db> --projection-id 301 --seed 21 --months 240
2500000,301,22,240,0.5.0,no (needs reproduction-rungs setup),0,0.00,0.00,0,python app/src/simulation.py --env <db> --projection-id 301 --seed 22 --months 240
2500000,301,23,240,0.5.0,no (needs reproduction-rungs setup),0,6411.83,11144.27,0,python app/src/simulation.py --env <db> --projection-id 301 --seed 23 --months 240
2500000,301,24,240,0.5.0,no (needs reproduction-rungs setup),1,390738.06,834894.30,0,python app/src/simulation.py --env <db> --projection-id 301 --seed 24 --months 240
2500000,301,25,240,0.5.0,no (needs reproduction-rungs setup),1,1002254.16,1439090.04,0,python app/src/simulation.py --env <db> --projection-id 301 --seed 25 --months 240
2500000,301,26,240,0.5.0,no (needs reproduction-rungs setup),0,0.00,0.00,0,python app/src/simulation.py --env <db> --projection-id 301 --seed 26 --months 240
2500000,301,27,240,0.5.0,no (needs reproduction-rungs setup),0,3474.41,6863.81,0,python app/src/simulation.py --env <db> --projection-id 301 --seed 27 --months 240
2500000,301,28,240,0.5.0,no (needs reproduction-rungs setup),0,0.00,0.00,0,python app/src/simulation.py --env <db> --projection-id 301 --seed 28 --months 240
2500000,301,29,240,0.5.0,no (needs reproduction-rungs setup),1,133214.14,321017.06,0,python app/src/simulation.py --env <db> --projection-id 301 --seed 29 --months 240
2500000,301,30,240,0.5.0,no (needs reproduction-rungs setup),0,0.00,3673.19,0,python app/src/simulation.py --env <db> --projection-id 301 --seed 30 --months 240
2500000,301,31,240,0.5.0,no (needs reproduction-rungs setup),0,5820.30,7249.64,0,python app/src/simulation.py --env <db> --projection-id 301 --seed 31 --months 240
2500000,301,32,240,0.5.0,no (needs reproduction-rungs setup),0,8004.16,9243.38,0,python app/src/simulation.py --env <db> --projection-id 301 --seed 32 --months 240
2500000,301,33,240,0.5.0,no (needs reproduction-rungs setup),0,0.00,0.00,0,python app/src/simulation.py --env <db> --projection-id 301 --seed 33 --months 240
2500000,301,34,240,0.5.0,no (needs reproduction-rungs setup),0,0.00,0.00,0,python app/src/simulation.py --env <db> --projection-id 301 --seed 34 --months 240
2500000,301,35,240,0.5.0,no (needs reproduction-rungs setup),0,7312.50,7520.45,0,python app/src/simulation.py --env <db> --projection-id 301 --seed 35 --months 240
2500000,301,36,240,0.5.0,no (needs reproduction-rungs setup),0,3183.42,5135.65,0,python app/src/simulation.py --env <db> --projection-id 301 --seed 36 --months 240
2500000,301,37,240,0.5.0,no (needs reproduction-rungs setup),1,24770.41,84384.10,0,python app/src/simulation.py --env <db> --projection-id 301 --seed 37 --months 240
2500000,301,38,240,0.5.0,no (needs reproduction-rungs setup),0,7562.13,9327.17,0,python app/src/simulation.py --env <db> --projection-id 301 --seed 38 --months 240
2500000,301,39,240,0.5.0,no (needs reproduction-rungs setup),0,0.00,0.00,0,python app/src/simulation.py --env <db> --projection-id 301 --seed 39 --months 240
2500000,301,40,240,0.5.0,no (needs reproduction-rungs setup),0,0.00,0.00,0,python app/src/simulation.py --env <db> --projection-id 301 --seed 40 --months 240
2500000,301,41,240,0.5.0,no (needs reproduction-rungs setup),0,0.00,0.00,0,python app/src/simulation.py --env <db> --projection-id 301 --seed 41 --months 240
2500000,301,42,240,0.5.0,no (needs reproduction-rungs setup),0,0.00,0.00,0,python app/src/simulation.py --env <db> --projection-id 301 --seed 42 --months 240
2500000,301,43,240,0.5.0,no (needs reproduction-rungs setup),0,0.00,0.00,0,python app/src/simulation.py --env <db> --projection-id 301 --seed 43 --months 240
2500000,301,44,240,0.5.0,no (needs reproduction-rungs setup),0,0.00,9770.62,0,python app/src/simulation.py --env <db> --projection-id 301 --seed 44 --months 240
2500000,301,45,240,0.5.0,no (needs reproduction-rungs setup),0,0.00,0.00,0,python app/src/simulation.py --env <db> --projection-id 301 --seed 45 --months 240
2500000,301,46,240,0.5.0,no (needs reproduction-rungs setup),0,0.00,0.00,0,python app/src/simulation.py --env <db> --projection-id 301 --seed 46 --months 240
2500000,301,47,240,0.5.0,no (needs reproduction-rungs setup),0,0.00,0.00,0,python app/src/simulation.py --env <db> --projection-id 301 --seed 47 --months 240
2500000,301,48,240,0.5.0,no (needs reproduction-rungs setup),0,0.00,0.00,0,python app/src/simulation.py --env <db> --projection-id 301 --seed 48 --months 240
2500000,301,49,240,0.5.0,no (needs reproduction-rungs setup),0,6264.10,6879.28,0,python app/src/simulation.py --env <db> --projection-id 301 --seed 49 --months 240
2500000,301,50,240,0.5.0,no (needs reproduction-rungs setup),0,0.00,0.00,0,python app/src/simulation.py --env <db> --projection-id 301 --seed 50 --months 240
3000000,302,1,240,0.5.0,no (needs reproduction-rungs setup),0,0.00,0.00,0,python app/src/simulation.py --env <db> --projection-id 302 --seed 1 --months 240
3000000,302,2,240,0.5.0,no (needs reproduction-rungs setup),1,338161.91,754763.27,0,python app/src/simulation.py --env <db> --projection-id 302 --seed 2 --months 240
3000000,302,3,240,0.5.0,no (needs reproduction-rungs setup),0,0.00,0.00,0,python app/src/simulation.py --env <db> --projection-id 302 --seed 3 --months 240
3000000,302,4,240,0.5.0,no (needs reproduction-rungs setup),0,0.00,0.00,0,python app/src/simulation.py --env <db> --projection-id 302 --seed 4 --months 240
3000000,302,5,240,0.5.0,no (needs reproduction-rungs setup),0,0.00,0.00,0,python app/src/simulation.py --env <db> --projection-id 302 --seed 5 --months 240
3000000,302,6,240,0.5.0,no (needs reproduction-rungs setup),1,63560.90,191818.53,0,python app/src/simulation.py --env <db> --projection-id 302 --seed 6 --months 240
3000000,302,7,240,0.5.0,no (needs reproduction-rungs setup),1,453951.95,905124.83,0,python app/src/simulation.py --env <db> --projection-id 302 --seed 7 --months 240
3000000,302,8,240,0.5.0,no (needs reproduction-rungs setup),1,645494.01,1054142.37,0,python app/src/simulation.py --env <db> --projection-id 302 --seed 8 --months 240
3000000,302,9,240,0.5.0,no (needs reproduction-rungs setup),1,34898.40,358531.44,0,python app/src/simulation.py --env <db> --projection-id 302 --seed 9 --months 240
3000000,302,10,240,0.5.0,no (needs reproduction-rungs setup),0,0.00,0.00,0,python app/src/simulation.py --env <db> --projection-id 302 --seed 10 --months 240
3000000,302,11,240,0.5.0,no (needs reproduction-rungs setup),1,451781.82,791221.86,0,python app/src/simulation.py --env <db> --projection-id 302 --seed 11 --months 240
3000000,302,12,240,0.5.0,no (needs reproduction-rungs setup),1,176620.45,658485.01,0,python app/src/simulation.py --env <db> --projection-id 302 --seed 12 --months 240
3000000,302,13,240,0.5.0,no (needs reproduction-rungs setup),1,191200.95,608519.31,0,python app/src/simulation.py --env <db> --projection-id 302 --seed 13 --months 240
3000000,302,14,240,0.5.0,no (needs reproduction-rungs setup),0,0.00,0.00,0,python app/src/simulation.py --env <db> --projection-id 302 --seed 14 --months 240
3000000,302,15,240,0.5.0,no (needs reproduction-rungs setup),0,0.00,0.00,0,python app/src/simulation.py --env <db> --projection-id 302 --seed 15 --months 240
3000000,302,16,240,0.5.0,no (needs reproduction-rungs setup),1,147045.49,534288.40,0,python app/src/simulation.py --env <db> --projection-id 302 --seed 16 --months 240
3000000,302,17,240,0.5.0,no (needs reproduction-rungs setup),0,0.00,0.00,0,python app/src/simulation.py --env <db> --projection-id 302 --seed 17 --months 240
3000000,302,18,240,0.5.0,no (needs reproduction-rungs setup),1,495794.92,913604.56,0,python app/src/simulation.py --env <db> --projection-id 302 --seed 18 --months 240
3000000,302,19,240,0.5.0,no (needs reproduction-rungs setup),1,51868.56,249053.65,0,python app/src/simulation.py --env <db> --projection-id 302 --seed 19 --months 240
3000000,302,20,240,0.5.0,no (needs reproduction-rungs setup),1,154760.70,523186.64,0,python app/src/simulation.py --env <db> --projection-id 302 --seed 20 --months 240
3000000,302,21,240,0.5.0,no (needs reproduction-rungs setup),1,31816.78,153060.73,0,python app/src/simulation.py --env <db> --projection-id 302 --seed 21 --months 240
3000000,302,22,240,0.5.0,no (needs reproduction-rungs setup),0,0.00,0.00,0,python app/src/simulation.py --env <db> --projection-id 302 --seed 22 --months 240
3000000,302,23,240,0.5.0,no (needs reproduction-rungs setup),1,514423.20,919170.12,0,python app/src/simulation.py --env <db> --projection-id 302 --seed 23 --months 240
3000000,302,24,240,0.5.0,no (needs reproduction-rungs setup),1,846531.71,1302489.47,0,python app/src/simulation.py --env <db> --projection-id 302 --seed 24 --months 240
3000000,302,25,240,0.5.0,no (needs reproduction-rungs setup),1,1087713.90,1539437.34,0,python app/src/simulation.py --env <db> --projection-id 302 --seed 25 --months 240
3000000,302,26,240,0.5.0,no (needs reproduction-rungs setup),0,0.00,0.00,0,python app/src/simulation.py --env <db> --projection-id 302 --seed 26 --months 240
3000000,302,27,240,0.5.0,no (needs reproduction-rungs setup),1,34834.97,184039.29,0,python app/src/simulation.py --env <db> --projection-id 302 --seed 27 --months 240
3000000,302,28,240,0.5.0,no (needs reproduction-rungs setup),0,0.00,0.00,0,python app/src/simulation.py --env <db> --projection-id 302 --seed 28 --months 240
3000000,302,29,240,0.5.0,no (needs reproduction-rungs setup),1,35282.27,177099.42,0,python app/src/simulation.py --env <db> --projection-id 302 --seed 29 --months 240
3000000,302,30,240,0.5.0,no (needs reproduction-rungs setup),0,0.00,0.00,0,python app/src/simulation.py --env <db> --projection-id 302 --seed 30 --months 240
3000000,302,31,240,0.5.0,no (needs reproduction-rungs setup),0,0.00,0.00,0,python app/src/simulation.py --env <db> --projection-id 302 --seed 31 --months 240
3000000,302,32,240,0.5.0,no (needs reproduction-rungs setup),1,54439.32,125001.04,0,python app/src/simulation.py --env <db> --projection-id 302 --seed 32 --months 240
3000000,302,33,240,0.5.0,no (needs reproduction-rungs setup),1,753715.41,1158342.45,0,python app/src/simulation.py --env <db> --projection-id 302 --seed 33 --months 240
3000000,302,34,240,0.5.0,no (needs reproduction-rungs setup),0,0.00,0.00,0,python app/src/simulation.py --env <db> --projection-id 302 --seed 34 --months 240
3000000,302,35,240,0.5.0,no (needs reproduction-rungs setup),0,0.00,0.00,0,python app/src/simulation.py --env <db> --projection-id 302 --seed 35 --months 240
3000000,302,36,240,0.5.0,no (needs reproduction-rungs setup),1,164773.71,577278.87,0,python app/src/simulation.py --env <db> --projection-id 302 --seed 36 --months 240
3000000,302,37,240,0.5.0,no (needs reproduction-rungs setup),1,289389.58,678303.22,0,python app/src/simulation.py --env <db> --projection-id 302 --seed 37 --months 240
3000000,302,38,240,0.5.0,no (needs reproduction-rungs setup),0,0.00,0.00,0,python app/src/simulation.py --env <db> --projection-id 302 --seed 38 --months 240
3000000,302,39,240,0.5.0,no (needs reproduction-rungs setup),1,111055.27,413255.54,0,python app/src/simulation.py --env <db> --projection-id 302 --seed 39 --months 240
3000000,302,40,240,0.5.0,no (needs reproduction-rungs setup),0,0.00,0.00,0,python app/src/simulation.py --env <db> --projection-id 302 --seed 40 --months 240
3000000,302,41,240,0.5.0,no (needs reproduction-rungs setup),0,0.00,0.00,0,python app/src/simulation.py --env <db> --projection-id 302 --seed 41 --months 240
3000000,302,42,240,0.5.0,no (needs reproduction-rungs setup),1,415756.01,833077.13,0,python app/src/simulation.py --env <db> --projection-id 302 --seed 42 --months 240
3000000,302,43,240,0.5.0,no (needs reproduction-rungs setup),0,0.00,0.00,0,python app/src/simulation.py --env <db> --projection-id 302 --seed 43 --months 240
3000000,302,44,240,0.5.0,no (needs reproduction-rungs setup),0,0.00,0.00,0,python app/src/simulation.py --env <db> --projection-id 302 --seed 44 --months 240
3000000,302,45,240,0.5.0,no (needs reproduction-rungs setup),1,109536.00,294483.90,0,python app/src/simulation.py --env <db> --projection-id 302 --seed 45 --months 240
3000000,302,46,240,0.5.0,no (needs reproduction-rungs setup),0,0.00,0.00,0,python app/src/simulation.py --env <db> --projection-id 302 --seed 46 --months 240
3000000,302,47,240,0.5.0,no (needs reproduction-rungs setup),1,166595.66,569368.58,0,python app/src/simulation.py --env <db> --projection-id 302 --seed 47 --months 240
3000000,302,48,240,0.5.0,no (needs reproduction-rungs setup),1,93071.81,476354.21,0,python app/src/simulation.py --env <db> --projection-id 302 --seed 48 --months 240
3000000,302,49,240,0.5.0,no (needs reproduction-rungs setup),0,0.00,0.00,0,python app/src/simulation.py --env <db> --projection-id 302 --seed 49 --months 240
3000000,302,50,240,0.5.0,no (needs reproduction-rungs setup),0,0.00,0.00,0,python app/src/simulation.py --env <db> --projection-id 302 --seed 50 --months 240
3500000,303,1,240,0.5.0,no (needs reproduction-rungs setup),0,0.00,0.00,0,python app/src/simulation.py --env <db> --projection-id 303 --seed 1 --months 240
3500000,303,2,240,0.5.0,no (needs reproduction-rungs setup),1,939513.13,1391726.65,0,python app/src/simulation.py --env <db> --projection-id 303 --seed 2 --months 240
3500000,303,3,240,0.5.0,no (needs reproduction-rungs setup),0,0.00,0.00,0,python app/src/simulation.py --env <db> --projection-id 303 --seed 3 --months 240
3500000,303,4,240,0.5.0,no (needs reproduction-rungs setup),0,0.00,0.00,0,python app/src/simulation.py --env <db> --projection-id 303 --seed 4 --months 240
3500000,303,5,240,0.5.0,no (needs reproduction-rungs setup),1,139612.13,485158.42,0,python app/src/simulation.py --env <db> --projection-id 303 --seed 5 --months 240
3500000,303,6,240,0.5.0,no (needs reproduction-rungs setup),1,62087.77,480265.69,0,python app/src/simulation.py --env <db> --projection-id 303 --seed 6 --months 240
3500000,303,7,240,0.5.0,no (needs reproduction-rungs setup),1,1035832.07,1506295.91,0,python app/src/simulation.py --env <db> --projection-id 303 --seed 7 --months 240
3500000,303,8,240,0.5.0,no (needs reproduction-rungs setup),1,712743.68,1184410.16,0,python app/src/simulation.py --env <db> --projection-id 303 --seed 8 --months 240
3500000,303,9,240,0.5.0,no (needs reproduction-rungs setup),1,476011.48,906660.04,0,python app/src/simulation.py --env <db> --projection-id 303 --seed 9 --months 240
3500000,303,10,240,0.5.0,no (needs reproduction-rungs setup),1,483801.11,945829.55,0,python app/src/simulation.py --env <db> --projection-id 303 --seed 10 --months 240
3500000,303,11,240,0.5.0,no (needs reproduction-rungs setup),1,613630.65,1011382.53,0,python app/src/simulation.py --env <db> --projection-id 303 --seed 11 --months 240
3500000,303,12,240,0.5.0,no (needs reproduction-rungs setup),1,259609.79,798632.87,0,python app/src/simulation.py --env <db> --projection-id 303 --seed 12 --months 240
3500000,303,13,240,0.5.0,no (needs reproduction-rungs setup),1,1222811.03,1719086.27,0,python app/src/simulation.py --env <db> --projection-id 303 --seed 13 --months 240
3500000,303,14,240,0.5.0,no (needs reproduction-rungs setup),1,78541.08,81736.12,0,python app/src/simulation.py --env <db> --projection-id 303 --seed 14 --months 240
3500000,303,15,240,0.5.0,no (needs reproduction-rungs setup),0,0.00,0.00,0,python app/src/simulation.py --env <db> --projection-id 303 --seed 15 --months 240
3500000,303,16,240,0.5.0,no (needs reproduction-rungs setup),1,806796.94,1276034.14,0,python app/src/simulation.py --env <db> --projection-id 303 --seed 16 --months 240
3500000,303,17,240,0.5.0,no (needs reproduction-rungs setup),1,157698.44,553194.35,0,python app/src/simulation.py --env <db> --projection-id 303 --seed 17 --months 240
3500000,303,18,240,0.5.0,no (needs reproduction-rungs setup),1,624082.60,1043941.36,0,python app/src/simulation.py --env <db> --projection-id 303 --seed 18 --months 240
3500000,303,19,240,0.5.0,no (needs reproduction-rungs setup),1,379785.69,831604.05,0,python app/src/simulation.py --env <db> --projection-id 303 --seed 19 --months 240
3500000,303,20,240,0.5.0,no (needs reproduction-rungs setup),1,754722.85,1233797.65,0,python app/src/simulation.py --env <db> --projection-id 303 --seed 20 --months 240
3500000,303,21,240,0.5.0,no (needs reproduction-rungs setup),1,334360.47,795681.87,0,python app/src/simulation.py --env <db> --projection-id 303 --seed 21 --months 240
3500000,303,22,240,0.5.0,no (needs reproduction-rungs setup),1,466424.21,915229.01,0,python app/src/simulation.py --env <db> --projection-id 303 --seed 22 --months 240
3500000,303,23,240,0.5.0,no (needs reproduction-rungs setup),1,354641.51,850871.63,0,python app/src/simulation.py --env <db> --projection-id 303 --seed 23 --months 240
3500000,303,24,240,0.5.0,no (needs reproduction-rungs setup),1,918809.38,1429495.78,0,python app/src/simulation.py --env <db> --projection-id 303 --seed 24 --months 240
3500000,303,25,240,0.5.0,no (needs reproduction-rungs setup),1,1574876.85,2122568.97,0,python app/src/simulation.py --env <db> --projection-id 303 --seed 25 --months 240
3500000,303,26,240,0.5.0,no (needs reproduction-rungs setup),1,396626.17,809393.65,0,python app/src/simulation.py --env <db> --projection-id 303 --seed 26 --months 240
3500000,303,27,240,0.5.0,no (needs reproduction-rungs setup),1,458180.87,891379.19,0,python app/src/simulation.py --env <db> --projection-id 303 --seed 27 --months 240
3500000,303,28,240,0.5.0,no (needs reproduction-rungs setup),0,0.00,0.00,0,python app/src/simulation.py --env <db> --projection-id 303 --seed 28 --months 240
3500000,303,29,240,0.5.0,no (needs reproduction-rungs setup),1,437354.27,887628.11,0,python app/src/simulation.py --env <db> --projection-id 303 --seed 29 --months 240
3500000,303,30,240,0.5.0,no (needs reproduction-rungs setup),1,162088.55,536920.80,0,python app/src/simulation.py --env <db> --projection-id 303 --seed 30 --months 240
3500000,303,31,240,0.5.0,no (needs reproduction-rungs setup),0,0.00,0.00,0,python app/src/simulation.py --env <db> --projection-id 303 --seed 31 --months 240
3500000,303,32,240,0.5.0,no (needs reproduction-rungs setup),1,667238.76,1074657.84,0,python app/src/simulation.py --env <db> --projection-id 303 --seed 32 --months 240
3500000,303,33,240,0.5.0,no (needs reproduction-rungs setup),1,325325.57,821314.37,0,python app/src/simulation.py --env <db> --projection-id 303 --seed 33 --months 240
3500000,303,34,240,0.5.0,no (needs reproduction-rungs setup),1,830596.09,1276904.77,0,python app/src/simulation.py --env <db> --projection-id 303 --seed 34 --months 240
3500000,303,35,240,0.5.0,no (needs reproduction-rungs setup),1,156779.92,617050.48,0,python app/src/simulation.py --env <db> --projection-id 303 --seed 35 --months 240
3500000,303,36,240,0.5.0,no (needs reproduction-rungs setup),1,444589.44,893829.00,0,python app/src/simulation.py --env <db> --projection-id 303 --seed 36 --months 240
3500000,303,37,240,0.5.0,no (needs reproduction-rungs setup),1,585047.26,1059235.54,0,python app/src/simulation.py --env <db> --projection-id 303 --seed 37 --months 240
3500000,303,38,240,0.5.0,no (needs reproduction-rungs setup),1,410373.61,846443.05,0,python app/src/simulation.py --env <db> --projection-id 303 --seed 38 --months 240
3500000,303,39,240,0.5.0,no (needs reproduction-rungs setup),1,536662.21,973545.13,0,python app/src/simulation.py --env <db> --projection-id 303 --seed 39 --months 240
3500000,303,40,240,0.5.0,no (needs reproduction-rungs setup),1,237898.99,648685.39,0,python app/src/simulation.py --env <db> --projection-id 303 --seed 40 --months 240
3500000,303,41,240,0.5.0,no (needs reproduction-rungs setup),0,0.00,0.00,0,python app/src/simulation.py --env <db> --projection-id 303 --seed 41 --months 240
3500000,303,42,240,0.5.0,no (needs reproduction-rungs setup),1,466634.29,951484.45,0,python app/src/simulation.py --env <db> --projection-id 303 --seed 42 --months 240
3500000,303,43,240,0.5.0,no (needs reproduction-rungs setup),0,0.00,0.00,0,python app/src/simulation.py --env <db> --projection-id 303 --seed 43 --months 240
3500000,303,44,240,0.5.0,no (needs reproduction-rungs setup),0,0.00,0.00,0,python app/src/simulation.py --env <db> --projection-id 303 --seed 44 --months 240
3500000,303,45,240,0.5.0,no (needs reproduction-rungs setup),1,357252.29,781381.85,0,python app/src/simulation.py --env <db> --projection-id 303 --seed 45 --months 240
3500000,303,46,240,0.5.0,no (needs reproduction-rungs setup),0,0.00,0.00,0,python app/src/simulation.py --env <db> --projection-id 303 --seed 46 --months 240
3500000,303,47,240,0.5.0,no (needs reproduction-rungs setup),1,575080.97,985906.61,0,python app/src/simulation.py --env <db> --projection-id 303 --seed 47 --months 240
3500000,303,48,240,0.5.0,no (needs reproduction-rungs setup),1,657705.92,1086886.52,0,python app/src/simulation.py --env <db> --projection-id 303 --seed 48 --months 240
3500000,303,49,240,0.5.0,no (needs reproduction-rungs setup),1,147084.51,438399.17,0,python app/src/simulation.py --env <db> --projection-id 303 --seed 49 --months 240
3500000,303,50,240,0.5.0,no (needs reproduction-rungs setup),1,276638.07,707490.87,0,python app/src/simulation.py --env <db> --projection-id 303 --seed 50 --months 240
4000000,304,1,240,0.5.0,no (needs reproduction-rungs setup),1,431254.81,899792.05,0,python app/src/simulation.py --env <db> --projection-id 304 --seed 1 --months 240
4000000,304,2,240,0.5.0,no (needs reproduction-rungs setup),1,660433.15,1229678.59,0,python app/src/simulation.py --env <db> --projection-id 304 --seed 2 --months 240
4000000,304,3,240,0.5.0,no (needs reproduction-rungs setup),1,49978.54,449025.03,0,python app/src/simulation.py --env <db> --projection-id 304 --seed 3 --months 240
4000000,304,4,240,0.5.0,no (needs reproduction-rungs setup),1,35221.01,223920.73,0,python app/src/simulation.py --env <db> --projection-id 304 --seed 4 --months 240
4000000,304,5,240,0.5.0,no (needs reproduction-rungs setup),1,537327.53,974672.93,0,python app/src/simulation.py --env <db> --projection-id 304 --seed 5 --months 240
4000000,304,6,240,0.5.0,no (needs reproduction-rungs setup),1,530600.99,1039902.83,0,python app/src/simulation.py --env <db> --projection-id 304 --seed 6 --months 240
4000000,304,7,240,0.5.0,no (needs reproduction-rungs setup),1,1136713.53,1735804.29,0,python app/src/simulation.py --env <db> --projection-id 304 --seed 7 --months 240
4000000,304,8,240,0.5.0,no (needs reproduction-rungs setup),1,804830.29,1352825.65,0,python app/src/simulation.py --env <db> --projection-id 304 --seed 8 --months 240
4000000,304,9,240,0.5.0,no (needs reproduction-rungs setup),1,1053807.32,1563928.64,0,python app/src/simulation.py --env <db> --projection-id 304 --seed 9 --months 240
4000000,304,10,240,0.5.0,no (needs reproduction-rungs setup),1,883815.33,1381867.05,0,python app/src/simulation.py --env <db> --projection-id 304 --seed 10 --months 240
4000000,304,11,240,0.5.0,no (needs reproduction-rungs setup),1,1101587.45,1560440.69,0,python app/src/simulation.py --env <db> --projection-id 304 --seed 11 --months 240
4000000,304,12,240,0.5.0,no (needs reproduction-rungs setup),1,789637.72,1368361.12,0,python app/src/simulation.py --env <db> --projection-id 304 --seed 12 --months 240
4000000,304,13,240,0.5.0,no (needs reproduction-rungs setup),1,1420770.23,1938552.83,0,python app/src/simulation.py --env <db> --projection-id 304 --seed 13 --months 240
4000000,304,14,240,0.5.0,no (needs reproduction-rungs setup),1,104778.45,585777.21,0,python app/src/simulation.py --env <db> --projection-id 304 --seed 14 --months 240
4000000,304,15,240,0.5.0,no (needs reproduction-rungs setup),0,0.00,0.00,0,python app/src/simulation.py --env <db> --projection-id 304 --seed 15 --months 240
4000000,304,16,240,0.5.0,no (needs reproduction-rungs setup),1,980358.92,1560578.48,0,python app/src/simulation.py --env <db> --projection-id 304 --seed 16 --months 240
4000000,304,17,240,0.5.0,no (needs reproduction-rungs setup),1,1078711.44,1570686.48,0,python app/src/simulation.py --env <db> --projection-id 304 --seed 17 --months 240
4000000,304,18,240,0.5.0,no (needs reproduction-rungs setup),1,1224506.71,1713214.87,0,python app/src/simulation.py --env <db> --projection-id 304 --seed 18 --months 240
4000000,304,19,240,0.5.0,no (needs reproduction-rungs setup),1,605271.18,1132659.78,0,python app/src/simulation.py --env <db> --projection-id 304 --seed 19 --months 240
4000000,304,20,240,0.5.0,no (needs reproduction-rungs setup),1,530221.78,1182751.78,0,python app/src/simulation.py --env <db> --projection-id 304 --seed 20 --months 240
4000000,304,21,240,0.5.0,no (needs reproduction-rungs setup),1,528568.17,1078651.53,0,python app/src/simulation.py --env <db> --projection-id 304 --seed 21 --months 240
4000000,304,22,240,0.5.0,no (needs reproduction-rungs setup),1,845546.35,1307287.63,0,python app/src/simulation.py --env <db> --projection-id 304 --seed 22 --months 240
4000000,304,23,240,0.5.0,no (needs reproduction-rungs setup),1,808527.11,1378627.91,0,python app/src/simulation.py --env <db> --projection-id 304 --seed 23 --months 240
4000000,304,24,240,0.5.0,no (needs reproduction-rungs setup),1,1171649.64,1701796.32,0,python app/src/simulation.py --env <db> --projection-id 304 --seed 24 --months 240
4000000,304,25,240,0.5.0,no (needs reproduction-rungs setup),1,2194705.28,3018032.79,0,python app/src/simulation.py --env <db> --projection-id 304 --seed 25 --months 240
4000000,304,26,240,0.5.0,no (needs reproduction-rungs setup),1,904528.70,1425788.30,0,python app/src/simulation.py --env <db> --projection-id 304 --seed 26 --months 240
4000000,304,27,240,0.5.0,no (needs reproduction-rungs setup),1,1260168.13,1741932.73,0,python app/src/simulation.py --env <db> --projection-id 304 --seed 27 --months 240
4000000,304,28,240,0.5.0,no (needs reproduction-rungs setup),0,0.00,0.00,0,python app/src/simulation.py --env <db> --projection-id 304 --seed 28 --months 240
4000000,304,29,240,0.5.0,no (needs reproduction-rungs setup),1,1050247.67,1615505.87,0,python app/src/simulation.py --env <db> --projection-id 304 --seed 29 --months 240
4000000,304,30,240,0.5.0,no (needs reproduction-rungs setup),1,839453.74,1295184.70,0,python app/src/simulation.py --env <db> --projection-id 304 --seed 30 --months 240
4000000,304,31,240,0.5.0,no (needs reproduction-rungs setup),1,197047.30,651636.70,0,python app/src/simulation.py --env <db> --projection-id 304 --seed 31 --months 240
4000000,304,32,240,0.5.0,no (needs reproduction-rungs setup),1,950590.14,1420387.86,0,python app/src/simulation.py --env <db> --projection-id 304 --seed 32 --months 240
4000000,304,33,240,0.5.0,no (needs reproduction-rungs setup),1,464342.84,1077376.28,0,python app/src/simulation.py --env <db> --projection-id 304 --seed 33 --months 240
4000000,304,34,240,0.5.0,no (needs reproduction-rungs setup),1,1097761.51,1618500.43,0,python app/src/simulation.py --env <db> --projection-id 304 --seed 34 --months 240
4000000,304,35,240,0.5.0,no (needs reproduction-rungs setup),1,1367386.14,1875530.10,0,python app/src/simulation.py --env <db> --projection-id 304 --seed 35 --months 240
4000000,304,36,240,0.5.0,no (needs reproduction-rungs setup),1,511279.95,1027286.91,0,python app/src/simulation.py --env <db> --projection-id 304 --seed 36 --months 240
4000000,304,37,240,0.5.0,no (needs reproduction-rungs setup),1,413956.19,1038018.42,0,python app/src/simulation.py --env <db> --projection-id 304 --seed 37 --months 240
4000000,304,38,240,0.5.0,no (needs reproduction-rungs setup),1,1166013.79,1636898.71,0,python app/src/simulation.py --env <db> --projection-id 304 --seed 38 --months 240
4000000,304,39,240,0.5.0,no (needs reproduction-rungs setup),1,788639.22,1289228.10,0,python app/src/simulation.py --env <db> --projection-id 304 --seed 39 --months 240
4000000,304,40,240,0.5.0,no (needs reproduction-rungs setup),1,634996.66,1089003.10,0,python app/src/simulation.py --env <db> --projection-id 304 --seed 40 --months 240
4000000,304,41,240,0.5.0,no (needs reproduction-rungs setup),0,0.00,0.00,0,python app/src/simulation.py --env <db> --projection-id 304 --seed 41 --months 240
4000000,304,42,240,0.5.0,no (needs reproduction-rungs setup),1,363746.61,916126.05,0,python app/src/simulation.py --env <db> --projection-id 304 --seed 42 --months 240
4000000,304,43,240,0.5.0,no (needs reproduction-rungs setup),1,308582.74,840158.26,0,python app/src/simulation.py --env <db> --projection-id 304 --seed 43 --months 240
4000000,304,44,240,0.5.0,no (needs reproduction-rungs setup),0,0.00,0.00,0,python app/src/simulation.py --env <db> --projection-id 304 --seed 44 --months 240
4000000,304,45,240,0.5.0,no (needs reproduction-rungs setup),1,366727.88,921974.84,0,python app/src/simulation.py --env <db> --projection-id 304 --seed 45 --months 240
4000000,304,46,240,0.5.0,no (needs reproduction-rungs setup),1,528102.79,1021946.71,0,python app/src/simulation.py --env <db> --projection-id 304 --seed 46 --months 240
4000000,304,47,240,0.5.0,no (needs reproduction-rungs setup),1,673411.47,1148387.91,0,python app/src/simulation.py --env <db> --projection-id 304 --seed 47 --months 240
4000000,304,48,240,0.5.0,no (needs reproduction-rungs setup),1,1001390.98,1530175.78,0,python app/src/simulation.py --env <db> --projection-id 304 --seed 48 --months 240
4000000,304,49,240,0.5.0,no (needs reproduction-rungs setup),1,719690.41,1213030.45,0,python app/src/simulation.py --env <db> --projection-id 304 --seed 49 --months 240
4000000,304,50,240,0.5.0,no (needs reproduction-rungs setup),1,370632.69,828401.01,0,python app/src/simulation.py --env <db> --projection-id 304 --seed 50 --months 240
4500000,305,1,240,0.5.0,no (needs reproduction-rungs setup),1,885453.18,1369775.46,0,python app/src/simulation.py --env <db> --projection-id 305 --seed 1 --months 240
4500000,305,2,240,0.5.0,no (needs reproduction-rungs setup),1,1074464.76,1691764.56,0,python app/src/simulation.py --env <db> --projection-id 305 --seed 2 --months 240
4500000,305,3,240,0.5.0,no (needs reproduction-rungs setup),1,532661.04,1109387.04,0,python app/src/simulation.py --env <db> --projection-id 305 --seed 3 --months 240
4500000,305,4,240,0.5.0,no (needs reproduction-rungs setup),1,440345.62,941290.54,0,python app/src/simulation.py --env <db> --projection-id 305 --seed 4 --months 240
4500000,305,5,240,0.5.0,no (needs reproduction-rungs setup),1,877054.34,1412318.42,0,python app/src/simulation.py --env <db> --projection-id 305 --seed 5 --months 240
4500000,305,6,240,0.5.0,no (needs reproduction-rungs setup),1,828169.65,1402279.65,0,python app/src/simulation.py --env <db> --projection-id 305 --seed 6 --months 240
4500000,305,7,240,0.5.0,no (needs reproduction-rungs setup),1,466112.53,1105666.91,1,python app/src/simulation.py --env <db> --projection-id 305 --seed 7 --months 240
4500000,305,8,240,0.5.0,no (needs reproduction-rungs setup),1,1141065.31,1738364.80,0,python app/src/simulation.py --env <db> --projection-id 305 --seed 8 --months 240
4500000,305,9,240,0.5.0,no (needs reproduction-rungs setup),1,984141.08,1539133.64,0,python app/src/simulation.py --env <db> --projection-id 305 --seed 9 --months 240
4500000,305,10,240,0.5.0,no (needs reproduction-rungs setup),1,753490.01,1287565.13,0,python app/src/simulation.py --env <db> --projection-id 305 --seed 10 --months 240
4500000,305,11,240,0.5.0,no (needs reproduction-rungs setup),1,1235729.89,1796649.91,0,python app/src/simulation.py --env <db> --projection-id 305 --seed 11 --months 240
4500000,305,12,240,0.5.0,no (needs reproduction-rungs setup),1,1132107.13,1853444.53,0,python app/src/simulation.py --env <db> --projection-id 305 --seed 12 --months 240
4500000,305,13,240,0.5.0,no (needs reproduction-rungs setup),1,722004.49,1285209.07,0,python app/src/simulation.py --env <db> --projection-id 305 --seed 13 --months 240
4500000,305,14,240,0.5.0,no (needs reproduction-rungs setup),1,393197.34,977427.30,0,python app/src/simulation.py --env <db> --projection-id 305 --seed 14 --months 240
4500000,305,15,240,0.5.0,no (needs reproduction-rungs setup),1,209779.31,763125.23,0,python app/src/simulation.py --env <db> --projection-id 305 --seed 15 --months 240
4500000,305,16,240,0.5.0,no (needs reproduction-rungs setup),1,1101765.55,1736091.67,0,python app/src/simulation.py --env <db> --projection-id 305 --seed 16 --months 240
4500000,305,17,240,0.5.0,no (needs reproduction-rungs setup),1,470142.89,1111404.41,0,python app/src/simulation.py --env <db> --projection-id 305 --seed 17 --months 240
4500000,305,18,240,0.5.0,no (needs reproduction-rungs setup),1,675899.64,1233457.08,0,python app/src/simulation.py --env <db> --projection-id 305 --seed 18 --months 240
4500000,305,19,240,0.5.0,no (needs reproduction-rungs setup),1,462881.71,1136295.26,0,python app/src/simulation.py --env <db> --projection-id 305 --seed 19 --months 240
4500000,305,20,240,0.5.0,no (needs reproduction-rungs setup),1,1057590.93,1671203.25,0,python app/src/simulation.py --env <db> --projection-id 305 --seed 20 --months 240
4500000,305,21,240,0.5.0,no (needs reproduction-rungs setup),1,1023002.02,1630263.70,0,python app/src/simulation.py --env <db> --projection-id 305 --seed 21 --months 240
4500000,305,22,240,0.5.0,no (needs reproduction-rungs setup),1,293138.26,859687.30,0,python app/src/simulation.py --env <db> --projection-id 305 --seed 22 --months 240
4500000,305,23,240,0.5.0,no (needs reproduction-rungs setup),1,672141.92,1280420.11,0,python app/src/simulation.py --env <db> --projection-id 305 --seed 23 --months 240
4500000,305,24,240,0.5.0,no (needs reproduction-rungs setup),1,1039655.00,1681394.96,0,python app/src/simulation.py --env <db> --projection-id 305 --seed 24 --months 240
4500000,305,25,240,0.5.0,no (needs reproduction-rungs setup),1,1097467.58,1872378.33,0,python app/src/simulation.py --env <db> --projection-id 305 --seed 25 --months 240
4500000,305,26,240,0.5.0,no (needs reproduction-rungs setup),1,499384.79,1063988.51,0,python app/src/simulation.py --env <db> --projection-id 305 --seed 26 --months 240
4500000,305,27,240,0.5.0,no (needs reproduction-rungs setup),1,1109446.98,1645073.82,0,python app/src/simulation.py --env <db> --projection-id 305 --seed 27 --months 240
4500000,305,28,240,0.5.0,no (needs reproduction-rungs setup),1,232829.77,715203.73,0,python app/src/simulation.py --env <db> --projection-id 305 --seed 28 --months 240
4500000,305,29,240,0.5.0,no (needs reproduction-rungs setup),1,761333.98,1369674.06,0,python app/src/simulation.py --env <db> --projection-id 305 --seed 29 --months 240
4500000,305,30,240,0.5.0,no (needs reproduction-rungs setup),1,1345826.40,1905911.16,0,python app/src/simulation.py --env <db> --projection-id 305 --seed 30 --months 240
4500000,305,31,240,0.5.0,no (needs reproduction-rungs setup),1,1024943.93,1511255.45,0,python app/src/simulation.py --env <db> --projection-id 305 --seed 31 --months 240
4500000,305,32,240,0.5.0,no (needs reproduction-rungs setup),1,1203406.85,1748758.85,0,python app/src/simulation.py --env <db> --projection-id 305 --seed 32 --months 240
4500000,305,33,240,0.5.0,no (needs reproduction-rungs setup),1,762775.94,1345957.64,0,python app/src/simulation.py --env <db> --projection-id 305 --seed 33 --months 240
4500000,305,34,240,0.5.0,no (needs reproduction-rungs setup),1,1376803.73,1934757.41,0,python app/src/simulation.py --env <db> --projection-id 305 --seed 34 --months 240
4500000,305,35,240,0.5.0,no (needs reproduction-rungs setup),1,653502.26,1274318.18,0,python app/src/simulation.py --env <db> --projection-id 305 --seed 35 --months 240
4500000,305,36,240,0.5.0,no (needs reproduction-rungs setup),1,715946.76,1312823.64,0,python app/src/simulation.py --env <db> --projection-id 305 --seed 36 --months 240
4500000,305,37,240,0.5.0,no (needs reproduction-rungs setup),1,807557.21,1441348.58,0,python app/src/simulation.py --env <db> --projection-id 305 --seed 37 --months 240
4500000,305,38,240,0.5.0,no (needs reproduction-rungs setup),1,879627.91,1513789.75,0,python app/src/simulation.py --env <db> --projection-id 305 --seed 38 --months 240
4500000,305,39,240,0.5.0,no (needs reproduction-rungs setup),1,432567.34,1028715.10,0,python app/src/simulation.py --env <db> --projection-id 305 --seed 39 --months 240
4500000,305,40,240,0.5.0,no (needs reproduction-rungs setup),1,842417.54,1358653.94,0,python app/src/simulation.py --env <db> --projection-id 305 --seed 40 --months 240
4500000,305,41,240,0.5.0,no (needs reproduction-rungs setup),1,531450.44,1035036.92,0,python app/src/simulation.py --env <db> --projection-id 305 --seed 41 --months 240
4500000,305,42,240,0.5.0,no (needs reproduction-rungs setup),1,855655.29,1476580.58,0,python app/src/simulation.py --env <db> --projection-id 305 --seed 42 --months 240
4500000,305,43,240,0.5.0,no (needs reproduction-rungs setup),1,1367239.39,1936165.87,0,python app/src/simulation.py --env <db> --projection-id 305 --seed 43 --months 240
4500000,305,44,240,0.5.0,no (needs reproduction-rungs setup),1,186591.20,701249.48,0,python app/src/simulation.py --env <db> --projection-id 305 --seed 44 --months 240
4500000,305,45,240,0.5.0,no (needs reproduction-rungs setup),1,745807.51,1327090.51,0,python app/src/simulation.py --env <db> --projection-id 305 --seed 45 --months 240
4500000,305,46,240,0.5.0,no (needs reproduction-rungs setup),1,493763.80,1138258.36,0,python app/src/simulation.py --env <db> --projection-id 305 --seed 46 --months 240
4500000,305,47,240,0.5.0,no (needs reproduction-rungs setup),1,415480.54,1013782.54,0,python app/src/simulation.py --env <db> --projection-id 305 --seed 47 --months 240
4500000,305,48,240,0.5.0,no (needs reproduction-rungs setup),1,708604.14,1313035.46,0,python app/src/simulation.py --env <db> --projection-id 305 --seed 48 --months 240
4500000,305,49,240,0.5.0,no (needs reproduction-rungs setup),1,549053.40,1114748.16,0,python app/src/simulation.py --env <db> --projection-id 305 --seed 49 --months 240
4500000,305,50,240,0.5.0,no (needs reproduction-rungs setup),1,883797.09,1479508.17,0,python app/src/simulation.py --env <db> --projection-id 305 --seed 50 --months 240
5000000,200,1,240,0.5.0,yes,1,761338.04,1405116.08,0,python app/src/simulation.py --env <db> --projection-id 200 --seed 1 --months 240
5000000,200,2,240,0.5.0,yes,1,674254.54,1328715.37,0,python app/src/simulation.py --env <db> --projection-id 200 --seed 2 --months 240
5000000,200,3,240,0.5.0,yes,1,406643.87,1087546.10,0,python app/src/simulation.py --env <db> --projection-id 200 --seed 3 --months 240
5000000,200,4,240,0.5.0,yes,1,638318.28,1302426.68,0,python app/src/simulation.py --env <db> --projection-id 200 --seed 4 --months 240
5000000,200,5,240,0.5.0,yes,1,864398.69,1436909.00,0,python app/src/simulation.py --env <db> --projection-id 200 --seed 5 --months 240
5000000,200,6,240,0.5.0,yes,1,433188.81,1039863.19,0,python app/src/simulation.py --env <db> --projection-id 200 --seed 6 --months 240
5000000,200,7,240,0.5.0,yes,1,1170377.74,1820993.41,0,python app/src/simulation.py --env <db> --projection-id 200 --seed 7 --months 240
5000000,200,8,240,0.5.0,yes,1,1115507.90,1734737.37,0,python app/src/simulation.py --env <db> --projection-id 200 --seed 8 --months 240
5000000,200,9,240,0.5.0,yes,1,471427.01,1045863.40,0,python app/src/simulation.py --env <db> --projection-id 200 --seed 9 --months 240
5000000,200,10,240,0.5.0,yes,1,1111263.27,1728926.57,0,python app/src/simulation.py --env <db> --projection-id 200 --seed 10 --months 240
5000000,200,11,240,0.5.0,yes,1,470132.56,1065080.69,0,python app/src/simulation.py --env <db> --projection-id 200 --seed 11 --months 240
5000000,200,12,240,0.5.0,yes,1,1160465.84,1912952.35,0,python app/src/simulation.py --env <db> --projection-id 200 --seed 12 --months 240
5000000,200,13,240,0.5.0,yes,1,859671.37,1453812.77,0,python app/src/simulation.py --env <db> --projection-id 200 --seed 13 --months 240
5000000,200,14,240,0.5.0,yes,1,553468.27,1255218.79,0,python app/src/simulation.py --env <db> --projection-id 200 --seed 14 --months 240
5000000,200,15,240,0.5.0,yes,1,316332.47,971270.79,0,python app/src/simulation.py --env <db> --projection-id 200 --seed 15 --months 240
5000000,200,16,240,0.5.0,yes,1,637288.84,1315229.73,0,python app/src/simulation.py --env <db> --projection-id 200 --seed 16 --months 240
5000000,200,17,240,0.5.0,yes,1,720287.99,1406600.33,0,python app/src/simulation.py --env <db> --projection-id 200 --seed 17 --months 240
5000000,200,18,240,0.5.0,yes,1,961086.03,1602443.67,0,python app/src/simulation.py --env <db> --projection-id 200 --seed 18 --months 240
5000000,200,19,240,0.5.0,yes,1,591714.90,1264314.88,0,python app/src/simulation.py --env <db> --projection-id 200 --seed 19 --months 240
5000000,200,20,240,0.5.0,yes,1,530916.52,1277722.60,0,python app/src/simulation.py --env <db> --projection-id 200 --seed 20 --months 240
5000000,200,21,240,0.5.0,yes,1,1133474.09,1762734.95,0,python app/src/simulation.py --env <db> --projection-id 200 --seed 21 --months 240
5000000,200,22,240,0.5.0,yes,1,975023.51,1623180.25,0,python app/src/simulation.py --env <db> --projection-id 200 --seed 22 --months 240
5000000,200,23,240,0.5.0,yes,1,1191249.72,1866500.37,0,python app/src/simulation.py --env <db> --projection-id 200 --seed 23 --months 240
5000000,200,24,240,0.5.0,yes,1,1215526.63,1965730.61,0,python app/src/simulation.py --env <db> --projection-id 200 --seed 24 --months 240
5000000,200,25,240,0.5.0,yes,1,966609.45,1892131.48,0,python app/src/simulation.py --env <db> --projection-id 200 --seed 25 --months 240
5000000,200,26,240,0.5.0,yes,1,377946.12,959385.76,0,python app/src/simulation.py --env <db> --projection-id 200 --seed 26 --months 240
5000000,200,27,240,0.5.0,yes,1,1046958.90,1674561.79,0,python app/src/simulation.py --env <db> --projection-id 200 --seed 27 --months 240
5000000,200,28,240,0.5.0,yes,1,695985.36,1211700.36,0,python app/src/simulation.py --env <db> --projection-id 200 --seed 28 --months 240
5000000,200,29,240,0.5.0,yes,1,461159.75,1167003.36,0,python app/src/simulation.py --env <db> --projection-id 200 --seed 29 --months 240
5000000,200,30,240,0.5.0,yes,1,1318032.27,1915009.95,0,python app/src/simulation.py --env <db> --projection-id 200 --seed 30 --months 240
5000000,200,31,240,0.5.0,yes,1,1371731.56,1871443.60,0,python app/src/simulation.py --env <db> --projection-id 200 --seed 31 --months 240
5000000,200,32,240,0.5.0,yes,1,473302.02,1057862.81,0,python app/src/simulation.py --env <db> --projection-id 200 --seed 32 --months 240
5000000,200,33,240,0.5.0,yes,1,1786152.17,2441823.20,0,python app/src/simulation.py --env <db> --projection-id 200 --seed 33 --months 240
5000000,200,34,240,0.5.0,yes,1,1560208.35,2208313.35,0,python app/src/simulation.py --env <db> --projection-id 200 --seed 34 --months 240
5000000,200,35,240,0.5.0,yes,1,800994.50,1452501.98,0,python app/src/simulation.py --env <db> --projection-id 200 --seed 35 --months 240
5000000,200,36,240,0.5.0,yes,1,1152284.37,1749161.25,0,python app/src/simulation.py --env <db> --projection-id 200 --seed 36 --months 240
5000000,200,37,240,0.5.0,yes,1,1015731.17,1622874.52,0,python app/src/simulation.py --env <db> --projection-id 200 --seed 37 --months 240
5000000,200,38,240,0.5.0,yes,1,1536400.48,2141147.20,0,python app/src/simulation.py --env <db> --projection-id 200 --seed 38 --months 240
5000000,200,39,240,0.5.0,yes,1,556076.57,1160134.84,0,python app/src/simulation.py --env <db> --projection-id 200 --seed 39 --months 240
5000000,200,40,240,0.5.0,yes,1,447093.76,1025368.79,0,python app/src/simulation.py --env <db> --projection-id 200 --seed 40 --months 240
5000000,200,41,240,0.5.0,yes,1,503889.68,1151930.53,0,python app/src/simulation.py --env <db> --projection-id 200 --seed 41 --months 240
5000000,200,42,240,0.5.0,yes,1,610888.41,1269587.19,0,python app/src/simulation.py --env <db> --projection-id 200 --seed 42 --months 240
5000000,200,43,240,0.5.0,yes,1,823519.89,1445575.89,1,python app/src/simulation.py --env <db> --projection-id 200 --seed 43 --months 240
5000000,200,44,240,0.5.0,yes,1,772505.80,1326028.72,0,python app/src/simulation.py --env <db> --projection-id 200 --seed 44 --months 240
5000000,200,45,240,0.5.0,yes,1,843838.86,1496271.57,0,python app/src/simulation.py --env <db> --projection-id 200 --seed 45 --months 240
5000000,200,46,240,0.5.0,yes,1,346852.41,970030.87,0,python app/src/simulation.py --env <db> --projection-id 200 --seed 46 --months 240
5000000,200,47,240,0.5.0,yes,1,751525.34,1405141.09,0,python app/src/simulation.py --env <db> --projection-id 200 --seed 47 --months 240
5000000,200,48,240,0.5.0,yes,1,448943.16,1063968.14,0,python app/src/simulation.py --env <db> --projection-id 200 --seed 48 --months 240
5000000,200,49,240,0.5.0,yes,1,1202460.95,1768155.71,0,python app/src/simulation.py --env <db> --projection-id 200 --seed 49 --months 240
5000000,200,50,240,0.5.0,yes,1,1639911.69,2240636.97,0,python app/src/simulation.py --env <db> --projection-id 200 --seed 50 --months 240
5500000,201,1,240,0.5.0,yes,1,1114549.15,1805667.42,0,python app/src/simulation.py --env <db> --projection-id 201 --seed 1 --months 240
5500000,201,2,240,0.5.0,yes,1,1001463.96,1676163.34,0,python app/src/simulation.py --env <db> --projection-id 201 --seed 2 --months 240
5500000,201,3,240,0.5.0,yes,1,384667.18,1078590.12,0,python app/src/simulation.py --env <db> --projection-id 201 --seed 3 --months 240
5500000,201,4,240,0.5.0,yes,1,589015.78,1225089.24,0,python app/src/simulation.py --env <db> --projection-id 201 --seed 4 --months 240
5500000,201,5,240,0.5.0,yes,1,546043.12,1147064.34,0,python app/src/simulation.py --env <db> --projection-id 201 --seed 5 --months 240
5500000,201,6,240,0.5.0,yes,1,1353933.60,1960607.98,0,python app/src/simulation.py --env <db> --projection-id 201 --seed 6 --months 240
5500000,201,7,240,0.5.0,yes,1,1161169.76,1847071.70,0,python app/src/simulation.py --env <db> --projection-id 201 --seed 7 --months 240
5500000,201,8,240,0.5.0,yes,1,1544099.51,2272872.34,0,python app/src/simulation.py --env <db> --projection-id 201 --seed 8 --months 240
5500000,201,9,240,0.5.0,yes,1,485023.44,1078537.13,0,python app/src/simulation.py --env <db> --projection-id 201 --seed 9 --months 240
5500000,201,10,240,0.5.0,yes,1,591690.19,1222126.58,0,python app/src/simulation.py --env <db> --projection-id 201 --seed 10 --months 240
5500000,201,11,240,0.5.0,yes,1,784514.04,1479028.62,0,python app/src/simulation.py --env <db> --projection-id 201 --seed 11 --months 240
5500000,201,12,240,0.5.0,yes,1,802617.86,1577875.40,1,python app/src/simulation.py --env <db> --projection-id 201 --seed 12 --months 240
5500000,201,13,240,0.5.0,yes,1,693115.28,1412447.97,0,python app/src/simulation.py --env <db> --projection-id 201 --seed 13 --months 240
5500000,201,14,240,0.5.0,yes,1,473288.97,1146594.62,0,python app/src/simulation.py --env <db> --projection-id 201 --seed 14 --months 240
5500000,201,15,240,0.5.0,yes,1,318198.04,1013073.81,0,python app/src/simulation.py --env <db> --projection-id 201 --seed 15 --months 240
5500000,201,16,240,0.5.0,yes,1,1512963.04,2238340.95,0,python app/src/simulation.py --env <db> --projection-id 201 --seed 16 --months 240
5500000,201,17,240,0.5.0,yes,1,570172.15,1268772.56,0,python app/src/simulation.py --env <db> --projection-id 201 --seed 17 --months 240
5500000,201,18,240,0.5.0,yes,1,1018299.93,1645328.25,0,python app/src/simulation.py --env <db> --projection-id 201 --seed 18 --months 240
5500000,201,19,240,0.5.0,yes,1,518200.97,1263058.91,0,python app/src/simulation.py --env <db> --projection-id 201 --seed 19 --months 240
5500000,201,20,240,0.5.0,yes,1,569641.89,1290392.51,0,python app/src/simulation.py --env <db> --projection-id 201 --seed 20 --months 240
5500000,201,21,240,0.5.0,yes,1,754579.69,1427811.19,0,python app/src/simulation.py --env <db> --projection-id 201 --seed 21 --months 240
5500000,201,22,240,0.5.0,yes,1,806956.63,1504130.14,0,python app/src/simulation.py --env <db> --projection-id 201 --seed 22 --months 240
5500000,201,23,240,0.5.0,yes,1,549237.58,1287165.71,0,python app/src/simulation.py --env <db> --projection-id 201 --seed 23 --months 240
5500000,201,24,240,0.5.0,yes,1,1333202.00,2137251.89,0,python app/src/simulation.py --env <db> --projection-id 201 --seed 24 --months 240
5500000,201,25,240,0.5.0,yes,1,2318714.12,3265034.24,0,python app/src/simulation.py --env <db> --projection-id 201 --seed 25 --months 240
5500000,201,26,240,0.5.0,yes,1,1131904.57,1732279.86,0,python app/src/simulation.py --env <db> --projection-id 201 --seed 26 --months 240
5500000,201,27,240,0.5.0,yes,1,661110.45,1350167.57,0,python app/src/simulation.py --env <db> --projection-id 201 --seed 27 --months 240
5500000,201,28,240,0.5.0,yes,1,568790.97,1224558.48,0,python app/src/simulation.py --env <db> --projection-id 201 --seed 28 --months 240
5500000,201,29,240,0.5.0,yes,1,926689.97,1596883.40,1,python app/src/simulation.py --env <db> --projection-id 201 --seed 29 --months 240
5500000,201,30,240,0.5.0,yes,1,1702222.52,2326184.60,0,python app/src/simulation.py --env <db> --projection-id 201 --seed 30 --months 240
5500000,201,31,240,0.5.0,yes,1,1257865.60,1821021.64,0,python app/src/simulation.py --env <db> --projection-id 201 --seed 31 --months 240
5500000,201,32,240,0.5.0,yes,1,1197169.49,1813401.27,0,python app/src/simulation.py --env <db> --projection-id 201 --seed 32 --months 240
5500000,201,33,240,0.5.0,yes,1,1420442.94,2142078.95,0,python app/src/simulation.py --env <db> --projection-id 201 --seed 33 --months 240
5500000,201,34,240,0.5.0,yes,1,578749.22,1277904.35,0,python app/src/simulation.py --env <db> --projection-id 201 --seed 34 --months 240
5500000,201,35,240,0.5.0,yes,1,1879231.29,2651056.79,0,python app/src/simulation.py --env <db> --projection-id 201 --seed 35 --months 240
5500000,201,36,240,0.5.0,yes,1,861078.91,1478013.47,0,python app/src/simulation.py --env <db> --projection-id 201 --seed 36 --months 240
5500000,201,37,240,0.5.0,yes,1,652370.55,1416188.72,1,python app/src/simulation.py --env <db> --projection-id 201 --seed 37 --months 240
5500000,201,38,240,0.5.0,yes,1,457368.96,1102974.79,0,python app/src/simulation.py --env <db> --projection-id 201 --seed 38 --months 240
5500000,201,39,240,0.5.0,yes,1,398179.22,1033223.43,0,python app/src/simulation.py --env <db> --projection-id 201 --seed 39 --months 240
5500000,201,40,240,0.5.0,yes,1,959187.06,1623216.01,0,python app/src/simulation.py --env <db> --projection-id 201 --seed 40 --months 240
5500000,201,41,240,0.5.0,yes,1,1098799.17,1746840.02,0,python app/src/simulation.py --env <db> --projection-id 201 --seed 41 --months 240
5500000,201,42,240,0.5.0,yes,1,1234167.21,1892865.99,0,python app/src/simulation.py --env <db> --projection-id 201 --seed 42 --months 240
5500000,201,43,240,0.5.0,yes,1,1729498.93,2473592.77,0,python app/src/simulation.py --env <db> --projection-id 201 --seed 43 --months 240
5500000,201,44,240,0.5.0,yes,1,880421.27,1450361.87,0,python app/src/simulation.py --env <db> --projection-id 201 --seed 44 --months 240
5500000,201,45,240,0.5.0,yes,1,396994.10,1103580.70,0,python app/src/simulation.py --env <db> --projection-id 201 --seed 45 --months 240
5500000,201,46,240,0.5.0,yes,1,608643.44,1273370.36,0,python app/src/simulation.py --env <db> --projection-id 201 --seed 46 --months 240
5500000,201,47,240,0.5.0,yes,1,790898.56,1405049.96,0,python app/src/simulation.py --env <db> --projection-id 201 --seed 47 --months 240
5500000,201,48,240,0.5.0,yes,1,538475.26,1215352.52,0,python app/src/simulation.py --env <db> --projection-id 201 --seed 48 --months 240
5500000,201,49,240,0.5.0,yes,1,416149.04,1090525.66,0,python app/src/simulation.py --env <db> --projection-id 201 --seed 49 --months 240
5500000,201,50,240,0.5.0,yes,1,1327506.82,1923287.73,0,python app/src/simulation.py --env <db> --projection-id 201 --seed 50 --months 240
6000000,202,1,240,0.5.0,yes,1,1411543.91,2102662.18,0,python app/src/simulation.py --env <db> --projection-id 202 --seed 1 --months 240
6000000,202,2,240,0.5.0,yes,1,1515038.06,2280105.23,0,python app/src/simulation.py --env <db> --projection-id 202 --seed 2 --months 240
6000000,202,3,240,0.5.0,yes,1,381844.06,1089410.37,0,python app/src/simulation.py --env <db> --projection-id 202 --seed 3 --months 240
6000000,202,4,240,0.5.0,yes,1,603362.18,1352543.72,0,python app/src/simulation.py --env <db> --projection-id 202 --seed 4 --months 240
6000000,202,5,240,0.5.0,yes,1,469826.44,1037539.89,0,python app/src/simulation.py --env <db> --projection-id 202 --seed 5 --months 240
6000000,202,6,240,0.5.0,yes,1,724317.79,1378115.98,0,python app/src/simulation.py --env <db> --projection-id 202 --seed 6 --months 240
6000000,202,7,240,0.5.0,yes,1,851672.29,1670519.38,0,python app/src/simulation.py --env <db> --projection-id 202 --seed 7 --months 240
6000000,202,8,240,0.5.0,yes,1,1510490.47,2233557.71,0,python app/src/simulation.py --env <db> --projection-id 202 --seed 8 --months 240
6000000,202,9,240,0.5.0,yes,1,496270.21,1087751.96,0,python app/src/simulation.py --env <db> --projection-id 202 --seed 9 --months 240
6000000,202,10,240,0.5.0,yes,1,1256483.01,1914921.43,0,python app/src/simulation.py --env <db> --projection-id 202 --seed 10 --months 240
6000000,202,11,240,0.5.0,yes,1,785382.72,1501342.93,0,python app/src/simulation.py --env <db> --projection-id 202 --seed 11 --months 240
6000000,202,12,240,0.5.0,yes,1,1290183.46,2161694.84,0,python app/src/simulation.py --env <db> --projection-id 202 --seed 12 --months 240
6000000,202,13,240,0.5.0,yes,1,1270992.24,2006460.59,0,python app/src/simulation.py --env <db> --projection-id 202 --seed 13 --months 240
6000000,202,14,240,0.5.0,yes,1,581034.28,1413112.35,0,python app/src/simulation.py --env <db> --projection-id 202 --seed 14 --months 240
6000000,202,15,240,0.5.0,yes,1,473090.12,1348113.40,0,python app/src/simulation.py --env <db> --projection-id 202 --seed 15 --months 240
6000000,202,16,240,0.5.0,yes,1,1423044.04,2224912.84,0,python app/src/simulation.py --env <db> --projection-id 202 --seed 16 --months 240
6000000,202,17,240,0.5.0,yes,1,1390595.85,2089196.26,0,python app/src/simulation.py --env <db> --projection-id 202 --seed 17 --months 240
6000000,202,18,240,0.5.0,yes,1,466763.57,1145470.08,0,python app/src/simulation.py --env <db> --projection-id 202 --seed 18 --months 240
6000000,202,19,240,0.5.0,yes,1,616619.76,1393787.78,0,python app/src/simulation.py --env <db> --projection-id 202 --seed 19 --months 240
6000000,202,20,240,0.5.0,yes,1,1460906.65,2224796.84,0,python app/src/simulation.py --env <db> --projection-id 202 --seed 20 --months 240
6000000,202,21,240,0.5.0,yes,1,1347926.54,2068847.38,0,python app/src/simulation.py --env <db> --projection-id 202 --seed 21 --months 240
6000000,202,22,240,0.5.0,yes,1,688829.76,1436971.34,0,python app/src/simulation.py --env <db> --projection-id 202 --seed 22 --months 240
6000000,202,23,240,0.5.0,yes,1,846222.25,1574360.44,0,python app/src/simulation.py --env <db> --projection-id 202 --seed 23 --months 240
6000000,202,24,240,0.5.0,yes,1,645746.29,1488067.10,0,python app/src/simulation.py --env <db> --projection-id 202 --seed 24 --months 240
6000000,202,25,240,0.5.0,yes,1,1317856.13,2362565.38,0,python app/src/simulation.py --env <db> --projection-id 202 --seed 25 --months 240
6000000,202,26,240,0.5.0,yes,1,1090705.04,1791510.91,0,python app/src/simulation.py --env <db> --projection-id 202 --seed 26 --months 240
6000000,202,27,240,0.5.0,yes,1,1183207.62,1846248.88,0,python app/src/simulation.py --env <db> --projection-id 202 --seed 27 --months 240
6000000,202,28,240,0.5.0,yes,1,423041.37,1039529.27,0,python app/src/simulation.py --env <db> --projection-id 202 --seed 28 --months 240
6000000,202,29,240,0.5.0,yes,1,820932.90,1503009.69,0,python app/src/simulation.py --env <db> --projection-id 202 --seed 29 --months 240
6000000,202,30,240,0.5.0,yes,1,681159.61,1340207.09,0,python app/src/simulation.py --env <db> --projection-id 202 --seed 30 --months 240
6000000,202,31,240,0.5.0,yes,1,543868.12,1146578.80,0,python app/src/simulation.py --env <db> --projection-id 202 --seed 31 --months 240
6000000,202,32,240,0.5.0,yes,1,490775.20,1117845.42,0,python app/src/simulation.py --env <db> --projection-id 202 --seed 32 --months 240
6000000,202,33,240,0.5.0,yes,1,1230507.04,1960897.17,0,python app/src/simulation.py --env <db> --projection-id 202 --seed 33 --months 240
6000000,202,34,240,0.5.0,yes,1,664507.42,1406921.66,0,python app/src/simulation.py --env <db> --projection-id 202 --seed 34 --months 240
6000000,202,35,240,0.5.0,yes,1,1062270.59,1864794.08,0,python app/src/simulation.py --env <db> --projection-id 202 --seed 35 --months 240
6000000,202,36,240,0.5.0,yes,1,1297789.05,2000137.87,0,python app/src/simulation.py --env <db> --projection-id 202 --seed 36 --months 240
6000000,202,37,240,0.5.0,yes,1,464362.85,1243628.04,0,python app/src/simulation.py --env <db> --projection-id 202 --seed 37 --months 240
6000000,202,38,240,0.5.0,yes,1,570809.85,1305319.56,1,python app/src/simulation.py --env <db> --projection-id 202 --seed 38 --months 240
6000000,202,39,240,0.5.0,yes,1,744828.75,1467693.68,0,python app/src/simulation.py --env <db> --projection-id 202 --seed 39 --months 240
6000000,202,40,240,0.5.0,yes,1,873432.07,1596390.21,0,python app/src/simulation.py --env <db> --projection-id 202 --seed 40 --months 240
6000000,202,41,240,0.5.0,yes,1,887251.93,1527680.21,0,python app/src/simulation.py --env <db> --projection-id 202 --seed 41 --months 240
6000000,202,42,240,0.5.0,yes,1,504669.20,1200889.31,0,python app/src/simulation.py --env <db> --projection-id 202 --seed 42 --months 240
6000000,202,43,240,0.5.0,yes,1,1823128.01,2574780.23,0,python app/src/simulation.py --env <db> --projection-id 202 --seed 43 --months 240
6000000,202,44,240,0.5.0,yes,1,1188318.61,1852406.29,0,python app/src/simulation.py --env <db> --projection-id 202 --seed 44 --months 240
6000000,202,45,240,0.5.0,yes,1,1044278.62,1789525.83,0,python app/src/simulation.py --env <db> --projection-id 202 --seed 45 --months 240
6000000,202,46,240,0.5.0,yes,1,365492.56,1109240.50,0,python app/src/simulation.py --env <db> --projection-id 202 --seed 46 --months 240
6000000,202,47,240,0.5.0,yes,1,1306944.60,2014410.27,0,python app/src/simulation.py --env <db> --projection-id 202 --seed 47 --months 240
6000000,202,48,240,0.5.0,yes,1,1482193.15,2240604.89,0,python app/src/simulation.py --env <db> --projection-id 202 --seed 48 --months 240
6000000,202,49,240,0.5.0,yes,1,849881.55,1523198.14,0,python app/src/simulation.py --env <db> --projection-id 202 --seed 49 --months 240
6000000,202,50,240,0.5.0,yes,1,528446.01,1169166.44,0,python app/src/simulation.py --env <db> --projection-id 202 --seed 50 --months 240
6500000,203,1,240,0.5.0,yes,1,759547.38,1446985.03,0,python app/src/simulation.py --env <db> --projection-id 203 --seed 1 --months 240
6500000,203,2,240,0.5.0,yes,1,1506337.23,2273873.66,0,python app/src/simulation.py --env <db> --projection-id 203 --seed 2 --months 240
6500000,203,3,240,0.5.0,yes,1,545348.90,1241825.52,0,python app/src/simulation.py --env <db> --projection-id 203 --seed 3 --months 240
6500000,203,4,240,0.5.0,yes,1,483884.58,1345016.16,0,python app/src/simulation.py --env <db> --projection-id 203 --seed 4 --months 240
6500000,203,5,240,0.5.0,yes,1,824125.51,1537277.55,1,python app/src/simulation.py --env <db> --projection-id 203 --seed 5 --months 240
6500000,203,6,240,0.5.0,yes,1,595699.14,1371284.08,0,python app/src/simulation.py --env <db> --projection-id 203 --seed 6 --months 240
6500000,203,7,240,0.5.0,yes,1,533207.60,1339021.54,0,python app/src/simulation.py --env <db> --projection-id 203 --seed 7 --months 240
6500000,203,8,240,0.5.0,yes,1,1582343.19,2369879.60,0,python app/src/simulation.py --env <db> --projection-id 203 --seed 8 --months 240
6500000,203,9,240,0.5.0,yes,1,1038266.81,1736634.21,0,python app/src/simulation.py --env <db> --projection-id 203 --seed 9 --months 240
6500000,203,10,240,0.5.0,yes,1,1346958.01,2020220.33,0,python app/src/simulation.py --env <db> --projection-id 203 --seed 10 --months 240
6500000,203,11,240,0.5.0,yes,1,924920.99,1654615.46,0,python app/src/simulation.py --env <db> --projection-id 203 --seed 11 --months 240
6500000,203,12,240,0.5.0,yes,1,1282508.09,2113006.18,0,python app/src/simulation.py --env <db> --projection-id 203 --seed 12 --months 240
6500000,203,13,240,0.5.0,yes,1,1235188.30,1971154.36,0,python app/src/simulation.py --env <db> --projection-id 203 --seed 13 --months 240
6500000,203,14,240,0.5.0,yes,1,661918.55,1492250.68,0,python app/src/simulation.py --env <db> --projection-id 203 --seed 14 --months 240
6500000,203,15,240,0.5.0,yes,1,397778.91,1257337.26,0,python app/src/simulation.py --env <db> --projection-id 203 --seed 15 --months 240
6500000,203,16,240,0.5.0,yes,1,818092.94,1642621.58,0,python app/src/simulation.py --env <db> --projection-id 203 --seed 16 --months 240
6500000,203,17,240,0.5.0,yes,1,1290089.87,1978007.11,0,python app/src/simulation.py --env <db> --projection-id 203 --seed 17 --months 240
6500000,203,18,240,0.5.0,yes,1,658950.63,1421026.70,0,python app/src/simulation.py --env <db> --projection-id 203 --seed 18 --months 240
6500000,203,19,240,0.5.0,yes,1,497697.23,1309923.59,0,python app/src/simulation.py --env <db> --projection-id 203 --seed 19 --months 240
6500000,203,20,240,0.5.0,yes,1,1426423.44,2269779.03,1,python app/src/simulation.py --env <db> --projection-id 203 --seed 20 --months 240
6500000,203,21,240,0.5.0,yes,1,1483684.12,2262608.42,0,python app/src/simulation.py --env <db> --projection-id 203 --seed 21 --months 240
6500000,203,22,240,0.5.0,yes,1,697179.66,1477256.35,0,python app/src/simulation.py --env <db> --projection-id 203 --seed 22 --months 240
6500000,203,23,240,0.5.0,yes,1,676905.54,1478609.16,0,python app/src/simulation.py --env <db> --projection-id 203 --seed 23 --months 240
6500000,203,24,240,0.5.0,yes,1,1508877.95,2371054.99,0,python app/src/simulation.py --env <db> --projection-id 203 --seed 24 --months 240
6500000,203,25,240,0.5.0,yes,1,1596671.51,2708520.97,0,python app/src/simulation.py --env <db> --projection-id 203 --seed 25 --months 240
6500000,203,26,240,0.5.0,yes,1,1077084.38,1697696.10,0,python app/src/simulation.py --env <db> --projection-id 203 --seed 26 --months 240
6500000,203,27,240,0.5.0,yes,1,800483.36,1501805.44,0,python app/src/simulation.py --env <db> --projection-id 203 --seed 27 --months 240
6500000,203,28,240,0.5.0,yes,1,707139.69,1477770.97,0,python app/src/simulation.py --env <db> --projection-id 203 --seed 28 --months 240
6500000,203,29,240,0.5.0,yes,1,966115.88,1717500.30,0,python app/src/simulation.py --env <db> --projection-id 203 --seed 29 --months 240
6500000,203,30,240,0.5.0,yes,1,1021349.77,1681106.27,0,python app/src/simulation.py --env <db> --projection-id 203 --seed 30 --months 240
6500000,203,31,240,0.5.0,yes,1,1552935.68,2214752.32,1,python app/src/simulation.py --env <db> --projection-id 203 --seed 31 --months 240
6500000,203,32,240,0.5.0,yes,1,719582.79,1448652.86,0,python app/src/simulation.py --env <db> --projection-id 203 --seed 32 --months 240
6500000,203,33,240,0.5.0,yes,1,1821182.14,2610727.96,0,python app/src/simulation.py --env <db> --projection-id 203 --seed 33 --months 240
6500000,203,34,240,0.5.0,yes,1,571459.72,1387441.23,0,python app/src/simulation.py --env <db> --projection-id 203 --seed 34 --months 240
6500000,203,35,240,0.5.0,yes,1,1434215.11,2207326.92,0,python app/src/simulation.py --env <db> --projection-id 203 --seed 35 --months 240
6500000,203,36,240,0.5.0,yes,1,675689.61,1399051.78,0,python app/src/simulation.py --env <db> --projection-id 203 --seed 36 --months 240
6500000,203,37,240,0.5.0,yes,1,485097.17,1242754.58,0,python app/src/simulation.py --env <db> --projection-id 203 --seed 37 --months 240
6500000,203,38,240,0.5.0,yes,1,1516036.36,2212763.35,1,python app/src/simulation.py --env <db> --projection-id 203 --seed 38 --months 240
6500000,203,39,240,0.5.0,yes,1,1235185.14,1990299.97,0,python app/src/simulation.py --env <db> --projection-id 203 --seed 39 --months 240
6500000,203,40,240,0.5.0,yes,1,834336.25,1568425.98,0,python app/src/simulation.py --env <db> --projection-id 203 --seed 40 --months 240
6500000,203,41,240,0.5.0,yes,1,1097868.89,1880949.04,0,python app/src/simulation.py --env <db> --projection-id 203 --seed 41 --months 240
6500000,203,42,240,0.5.0,yes,1,1523453.47,2298028.40,0,python app/src/simulation.py --env <db> --projection-id 203 --seed 42 --months 240
6500000,203,43,240,0.5.0,yes,1,757217.40,1543577.85,0,python app/src/simulation.py --env <db> --projection-id 203 --seed 43 --months 240
6500000,203,44,240,0.5.0,yes,1,885991.19,1562143.34,0,python app/src/simulation.py --env <db> --projection-id 203 --seed 44 --months 240
6500000,203,45,240,0.5.0,yes,1,904125.81,1624235.13,0,python app/src/simulation.py --env <db> --projection-id 203 --seed 45 --months 240
6500000,203,46,240,0.5.0,yes,1,866272.38,1625737.45,0,python app/src/simulation.py --env <db> --projection-id 203 --seed 46 --months 240
6500000,203,47,240,0.5.0,yes,1,1334209.33,1996294.61,0,python app/src/simulation.py --env <db> --projection-id 203 --seed 47 --months 240
6500000,203,48,240,0.5.0,yes,1,980593.04,1809444.23,0,python app/src/simulation.py --env <db> --projection-id 203 --seed 48 --months 240
6500000,203,49,240,0.5.0,yes,1,806305.73,1520654.00,0,python app/src/simulation.py --env <db> --projection-id 203 --seed 49 --months 240
6500000,203,50,240,0.5.0,yes,1,1653058.45,2341296.11,0,python app/src/simulation.py --env <db> --projection-id 203 --seed 50 --months 240
7000000,204,1,240,0.5.0,yes,1,872774.66,1655496.74,0,python app/src/simulation.py --env <db> --projection-id 204 --seed 1 --months 240
7000000,204,2,240,0.5.0,yes,1,735719.40,1545480.26,0,python app/src/simulation.py --env <db> --projection-id 204 --seed 2 --months 240
7000000,204,3,240,0.5.0,yes,1,560554.31,1377998.23,0,python app/src/simulation.py --env <db> --projection-id 204 --seed 3 --months 240
7000000,204,4,240,0.5.0,yes,1,623149.75,1471909.70,0,python app/src/simulation.py --env <db> --projection-id 204 --seed 4 --months 240
7000000,204,5,240,0.5.0,yes,1,746139.53,1464555.83,0,python app/src/simulation.py --env <db> --projection-id 204 --seed 5 --months 240
7000000,204,6,240,0.5.0,yes,1,1245012.57,1985004.06,0,python app/src/simulation.py --env <db> --projection-id 204 --seed 6 --months 240
7000000,204,7,240,0.5.0,yes,1,1221623.20,2051131.83,0,python app/src/simulation.py --env <db> --projection-id 204 --seed 7 --months 240
7000000,204,8,240,0.5.0,yes,1,1278720.45,2069233.11,0,python app/src/simulation.py --env <db> --projection-id 204 --seed 8 --months 240
7000000,204,9,240,0.5.0,yes,1,954276.79,1634457.00,0,python app/src/simulation.py --env <db> --projection-id 204 --seed 9 --months 240
7000000,204,10,240,0.5.0,yes,1,1004672.20,1767572.08,0,python app/src/simulation.py --env <db> --projection-id 204 --seed 10 --months 240
7000000,204,11,240,0.5.0,yes,1,699608.60,1422260.69,0,python app/src/simulation.py --env <db> --projection-id 204 --seed 11 --months 240
7000000,204,12,240,0.5.0,yes,1,610806.24,1585000.68,0,python app/src/simulation.py --env <db> --projection-id 204 --seed 12 --months 240
7000000,204,13,240,0.5.0,yes,1,1004697.68,1782922.27,0,python app/src/simulation.py --env <db> --projection-id 204 --seed 13 --months 240
7000000,204,14,240,0.5.0,yes,1,490779.05,1382506.52,0,python app/src/simulation.py --env <db> --projection-id 204 --seed 14 --months 240
7000000,204,15,240,0.5.0,yes,1,606260.80,1499369.82,0,python app/src/simulation.py --env <db> --projection-id 204 --seed 15 --months 240
7000000,204,16,240,0.5.0,yes,1,920112.06,1762283.53,0,python app/src/simulation.py --env <db> --projection-id 204 --seed 16 --months 240
7000000,204,17,240,0.5.0,yes,1,1381693.61,2181874.00,0,python app/src/simulation.py --env <db> --projection-id 204 --seed 17 --months 240
7000000,204,18,240,0.5.0,yes,1,1087281.94,1866038.79,0,python app/src/simulation.py --env <db> --projection-id 204 --seed 18 --months 240
7000000,204,19,240,0.5.0,yes,1,548508.47,1442447.41,0,python app/src/simulation.py --env <db> --projection-id 204 --seed 19 --months 240
7000000,204,20,240,0.5.0,yes,1,682698.26,1564384.04,0,python app/src/simulation.py --env <db> --projection-id 204 --seed 20 --months 240
7000000,204,21,240,0.5.0,yes,1,752293.38,1581134.00,0,python app/src/simulation.py --env <db> --projection-id 204 --seed 21 --months 240
7000000,204,22,240,0.5.0,yes,1,691746.46,1483515.37,0,python app/src/simulation.py --env <db> --projection-id 204 --seed 22 --months 240
7000000,204,23,240,0.5.0,yes,1,503800.49,1282243.65,0,python app/src/simulation.py --env <db> --projection-id 204 --seed 23 --months 240
7000000,204,24,240,0.5.0,yes,1,801895.26,1728602.67,0,python app/src/simulation.py --env <db> --projection-id 204 --seed 24 --months 240
7000000,204,25,240,0.5.0,yes,1,1228737.94,2362042.79,0,python app/src/simulation.py --env <db> --projection-id 204 --seed 25 --months 240
7000000,204,26,240,0.5.0,yes,1,633114.86,1354850.23,0,python app/src/simulation.py --env <db> --projection-id 204 --seed 26 --months 240
7000000,204,27,240,0.5.0,yes,1,1513058.73,2279961.15,0,python app/src/simulation.py --env <db> --projection-id 204 --seed 27 --months 240
7000000,204,28,240,0.5.0,yes,1,506159.74,1290836.46,0,python app/src/simulation.py --env <db> --projection-id 204 --seed 28 --months 240
7000000,204,29,240,0.5.0,yes,1,1201563.21,2012006.28,0,python app/src/simulation.py --env <db> --projection-id 204 --seed 29 --months 240
7000000,204,30,240,0.5.0,yes,1,1288523.40,1924913.33,0,python app/src/simulation.py --env <db> --projection-id 204 --seed 30 --months 240
7000000,204,31,240,0.5.0,yes,1,1133282.72,1824400.72,0,python app/src/simulation.py --env <db> --projection-id 204 --seed 31 --months 240
7000000,204,32,240,0.5.0,yes,1,1342834.24,2084559.58,0,python app/src/simulation.py --env <db> --projection-id 204 --seed 32 --months 240
7000000,204,33,240,0.5.0,yes,1,1500143.34,2308752.14,0,python app/src/simulation.py --env <db> --projection-id 204 --seed 33 --months 240
7000000,204,34,240,0.5.0,yes,1,632908.48,1446049.59,0,python app/src/simulation.py --env <db> --projection-id 204 --seed 34 --months 240
7000000,204,35,240,0.5.0,yes,1,1979728.35,2785552.94,0,python app/src/simulation.py --env <db> --projection-id 204 --seed 35 --months 240
7000000,204,36,240,0.5.0,yes,1,1215462.05,2011432.10,0,python app/src/simulation.py --env <db> --projection-id 204 --seed 36 --months 240
7000000,204,37,240,0.5.0,yes,1,709831.61,1494787.03,0,python app/src/simulation.py --env <db> --projection-id 204 --seed 37 --months 240
7000000,204,38,240,0.5.0,yes,1,1197281.10,1972349.53,0,python app/src/simulation.py --env <db> --projection-id 204 --seed 38 --months 240
7000000,204,39,240,0.5.0,yes,1,716169.10,1464085.18,0,python app/src/simulation.py --env <db> --projection-id 204 --seed 39 --months 240
7000000,204,40,240,0.5.0,yes,1,441756.12,1200288.72,0,python app/src/simulation.py --env <db> --projection-id 204 --seed 40 --months 240
7000000,204,41,240,0.5.0,yes,1,853129.93,1638836.71,0,python app/src/simulation.py --env <db> --projection-id 204 --seed 41 --months 240
7000000,204,42,240,0.5.0,yes,1,908359.23,1724649.41,0,python app/src/simulation.py --env <db> --projection-id 204 --seed 42 --months 240
7000000,204,43,240,0.5.0,yes,1,1773334.37,2557527.71,0,python app/src/simulation.py --env <db> --projection-id 204 --seed 43 --months 240
7000000,204,44,240,0.5.0,yes,1,1549174.58,2268462.47,0,python app/src/simulation.py --env <db> --projection-id 204 --seed 44 --months 240
7000000,204,45,240,0.5.0,yes,1,1328079.25,2128323.26,0,python app/src/simulation.py --env <db> --projection-id 204 --seed 45 --months 240
7000000,204,46,240,0.5.0,yes,1,463200.51,1238688.43,0,python app/src/simulation.py --env <db> --projection-id 204 --seed 46 --months 240
7000000,204,47,240,0.5.0,yes,1,843886.92,1610763.34,0,python app/src/simulation.py --env <db> --projection-id 204 --seed 47 --months 240
7000000,204,48,240,0.5.0,yes,1,1650502.45,2467956.36,0,python app/src/simulation.py --env <db> --projection-id 204 --seed 48 --months 240
7000000,204,49,240,0.5.0,yes,1,550974.02,1311728.65,0,python app/src/simulation.py --env <db> --projection-id 204 --seed 49 --months 240
7000000,204,50,240,0.5.0,yes,1,1177858.34,1943228.60,0,python app/src/simulation.py --env <db> --projection-id 204 --seed 50 --months 240
7500000,205,1,240,0.5.0,yes,1,843802.83,1669613.02,0,python app/src/simulation.py --env <db> --projection-id 205 --seed 1 --months 240
7500000,205,2,240,0.5.0,yes,1,1472797.40,2293662.35,0,python app/src/simulation.py --env <db> --projection-id 205 --seed 2 --months 240
7500000,205,3,240,0.5.0,yes,1,448182.99,1301088.95,0,python app/src/simulation.py --env <db> --projection-id 205 --seed 3 --months 240
7500000,205,4,240,0.5.0,yes,1,506424.88,1372910.76,0,python app/src/simulation.py --env <db> --projection-id 205 --seed 4 --months 240
7500000,205,5,240,0.5.0,yes,1,1209402.64,1969288.22,0,python app/src/simulation.py --env <db> --projection-id 205 --seed 5 --months 240
7500000,205,6,240,0.5.0,yes,1,1342966.47,2102260.03,0,python app/src/simulation.py --env <db> --projection-id 205 --seed 6 --months 240
7500000,205,7,240,0.5.0,yes,1,1157933.04,2000794.65,0,python app/src/simulation.py --env <db> --projection-id 205 --seed 7 --months 240
7500000,205,8,240,0.5.0,yes,1,836130.86,1657963.28,0,python app/src/simulation.py --env <db> --projection-id 205 --seed 8 --months 240
7500000,205,9,240,0.5.0,yes,1,1147815.67,1834372.78,0,python app/src/simulation.py --env <db> --projection-id 205 --seed 9 --months 240
7500000,205,10,240,0.5.0,yes,1,593031.91,1439620.37,0,python app/src/simulation.py --env <db> --projection-id 205 --seed 10 --months 240
7500000,205,11,240,0.5.0,yes,1,1348359.29,2150644.08,0,python app/src/simulation.py --env <db> --projection-id 205 --seed 11 --months 240
7500000,205,12,240,0.5.0,yes,1,1350886.68,2369036.87,0,python app/src/simulation.py --env <db> --projection-id 205 --seed 12 --months 240
7500000,205,13,240,0.5.0,yes,1,730905.76,1528137.43,0,python app/src/simulation.py --env <db> --projection-id 205 --seed 13 --months 240
7500000,205,14,240,0.5.0,yes,1,486694.21,1410324.12,0,python app/src/simulation.py --env <db> --projection-id 205 --seed 14 --months 240
7500000,205,15,240,0.5.0,yes,1,842381.44,1804224.24,0,python app/src/simulation.py --env <db> --projection-id 205 --seed 15 --months 240
7500000,205,16,240,0.5.0,yes,1,1057566.52,1947949.13,0,python app/src/simulation.py --env <db> --projection-id 205 --seed 16 --months 240
7500000,205,17,240,0.5.0,yes,1,1488852.12,2259222.43,0,python app/src/simulation.py --env <db> --projection-id 205 --seed 17 --months 240
7500000,205,18,240,0.5.0,yes,1,651720.49,1465309.29,0,python app/src/simulation.py --env <db> --projection-id 205 --seed 18 --months 240
7500000,205,19,240,0.5.0,yes,1,999820.22,1913055.36,0,python app/src/simulation.py --env <db> --projection-id 205 --seed 19 --months 240
7500000,205,20,240,0.5.0,yes,1,719843.92,1631943.00,0,python app/src/simulation.py --env <db> --projection-id 205 --seed 20 --months 240
7500000,205,21,240,0.5.0,yes,1,619994.91,1445584.19,0,python app/src/simulation.py --env <db> --projection-id 205 --seed 21 --months 240
7500000,205,22,240,0.5.0,yes,1,1051274.94,1846958.23,0,python app/src/simulation.py --env <db> --projection-id 205 --seed 22 --months 240
7500000,205,23,240,0.5.0,yes,1,528893.81,1349130.52,0,python app/src/simulation.py --env <db> --projection-id 205 --seed 23 --months 240
7500000,205,24,240,0.5.0,yes,1,1092789.92,2063702.79,0,python app/src/simulation.py --env <db> --projection-id 205 --seed 24 --months 240
7500000,205,25,240,0.5.0,yes,1,1658421.05,2880328.82,0,python app/src/simulation.py --env <db> --projection-id 205 --seed 25 --months 240
7500000,205,26,240,0.5.0,yes,1,631863.00,1379900.13,0,python app/src/simulation.py --env <db> --projection-id 205 --seed 26 --months 240
7500000,205,27,240,0.5.0,yes,1,944231.66,1728969.15,0,python app/src/simulation.py --env <db> --projection-id 205 --seed 27 --months 240
7500000,205,28,240,0.5.0,yes,1,683539.37,1504571.57,0,python app/src/simulation.py --env <db> --projection-id 205 --seed 28 --months 240
7500000,205,29,240,0.5.0,yes,1,942455.99,1759044.49,0,python app/src/simulation.py --env <db> --projection-id 205 --seed 29 --months 240
7500000,205,30,240,0.5.0,yes,1,1117779.53,1856802.73,0,python app/src/simulation.py --env <db> --projection-id 205 --seed 30 --months 240
7500000,205,31,240,0.5.0,yes,1,1166383.74,1868706.95,0,python app/src/simulation.py --env <db> --projection-id 205 --seed 31 --months 240
7500000,205,32,240,0.5.0,yes,1,969956.08,1741654.32,0,python app/src/simulation.py --env <db> --projection-id 205 --seed 32 --months 240
7500000,205,33,240,0.5.0,yes,1,752706.88,1532748.74,0,python app/src/simulation.py --env <db> --projection-id 205 --seed 33 --months 240
7500000,205,34,240,0.5.0,yes,1,903929.94,1784682.76,0,python app/src/simulation.py --env <db> --projection-id 205 --seed 34 --months 240
7500000,205,35,240,0.5.0,yes,1,1693559.56,2591551.50,0,python app/src/simulation.py --env <db> --projection-id 205 --seed 35 --months 240
7500000,205,36,240,0.5.0,yes,1,753070.23,1503915.74,0,python app/src/simulation.py --env <db> --projection-id 205 --seed 36 --months 240
7500000,205,37,240,0.5.0,yes,1,555409.47,1339412.74,0,python app/src/simulation.py --env <db> --projection-id 205 --seed 37 --months 240
7500000,205,38,240,0.5.0,yes,1,947253.66,1755489.25,0,python app/src/simulation.py --env <db> --projection-id 205 --seed 38 --months 240
7500000,205,39,240,0.5.0,yes,1,793027.17,1626949.85,0,python app/src/simulation.py --env <db> --projection-id 205 --seed 39 --months 240
7500000,205,40,240,0.5.0,yes,1,818618.38,1619360.91,0,python app/src/simulation.py --env <db> --projection-id 205 --seed 40 --months 240
7500000,205,41,240,0.5.0,yes,1,607658.51,1446404.90,0,python app/src/simulation.py --env <db> --projection-id 205 --seed 41 --months 240
7500000,205,42,240,0.5.0,yes,1,1183327.87,2016281.99,0,python app/src/simulation.py --env <db> --projection-id 205 --seed 42 --months 240
7500000,205,43,240,0.5.0,yes,1,829947.14,1639007.87,1,python app/src/simulation.py --env <db> --projection-id 205 --seed 43 --months 240
7500000,205,44,240,0.5.0,yes,1,1009353.71,1758476.29,0,python app/src/simulation.py --env <db> --projection-id 205 --seed 44 --months 240
7500000,205,45,240,0.5.0,yes,1,1369262.13,2190396.57,0,python app/src/simulation.py --env <db> --projection-id 205 --seed 45 --months 240
7500000,205,46,240,0.5.0,yes,1,856034.02,1675860.51,0,python app/src/simulation.py --env <db> --projection-id 205 --seed 46 --months 240
7500000,205,47,240,0.5.0,yes,1,1141824.36,1970522.01,0,python app/src/simulation.py --env <db> --projection-id 205 --seed 47 --months 240
7500000,205,48,240,0.5.0,yes,1,776304.08,1628692.35,0,python app/src/simulation.py --env <db> --projection-id 205 --seed 48 --months 240
7500000,205,49,240,0.5.0,yes,1,1136306.68,1898586.68,0,python app/src/simulation.py --env <db> --projection-id 205 --seed 49 --months 240
7500000,205,50,240,0.5.0,yes,1,1120932.27,1866792.50,0,python app/src/simulation.py --env <db> --projection-id 205 --seed 50 --months 240
8000000,206,1,240,0.5.0,yes,1,599440.31,1400778.18,0,python app/src/simulation.py --env <db> --projection-id 206 --seed 1 --months 240
8000000,206,2,240,0.5.0,yes,1,601243.43,1435492.62,0,python app/src/simulation.py --env <db> --projection-id 206 --seed 2 --months 240
8000000,206,3,240,0.5.0,yes,1,814413.14,1681142.23,0,python app/src/simulation.py --env <db> --projection-id 206 --seed 3 --months 240
8000000,206,4,240,0.5.0,yes,1,525001.81,1429350.86,0,python app/src/simulation.py --env <db> --projection-id 206 --seed 4 --months 240
8000000,206,5,240,0.5.0,yes,1,1282417.27,1995631.92,0,python app/src/simulation.py --env <db> --projection-id 206 --seed 5 --months 240
8000000,206,6,240,0.5.0,yes,1,893407.92,1752798.22,0,python app/src/simulation.py --env <db> --projection-id 206 --seed 6 --months 240
8000000,206,7,240,0.5.0,yes,1,601066.20,1464425.85,0,python app/src/simulation.py --env <db> --projection-id 206 --seed 7 --months 240
8000000,206,8,240,0.5.0,yes,1,783459.35,1647962.40,0,python app/src/simulation.py --env <db> --projection-id 206 --seed 8 --months 240
8000000,206,9,240,0.5.0,yes,1,1027665.98,1721684.59,0,python app/src/simulation.py --env <db> --projection-id 206 --seed 9 --months 240
8000000,206,10,240,0.5.0,yes,1,709297.13,1570943.82,0,python app/src/simulation.py --env <db> --projection-id 206 --seed 10 --months 240
8000000,206,11,240,0.5.0,yes,1,944528.14,1779629.01,0,python app/src/simulation.py --env <db> --projection-id 206 --seed 11 --months 240
8000000,206,12,240,0.5.0,yes,1,1177431.20,2148412.83,0,python app/src/simulation.py --env <db> --projection-id 206 --seed 12 --months 240
8000000,206,13,240,0.5.0,yes,1,1200484.83,2010324.48,0,python app/src/simulation.py --env <db> --projection-id 206 --seed 13 --months 240
8000000,206,14,240,0.5.0,yes,1,850485.64,1756688.22,0,python app/src/simulation.py --env <db> --projection-id 206 --seed 14 --months 240
8000000,206,15,240,0.5.0,yes,1,478566.39,1408387.97,0,python app/src/simulation.py --env <db> --projection-id 206 --seed 15 --months 240
8000000,206,16,240,0.5.0,yes,1,1508350.47,2424145.73,0,python app/src/simulation.py --env <db> --projection-id 206 --seed 16 --months 240
8000000,206,17,240,0.5.0,yes,1,1291989.76,2085965.90,0,python app/src/simulation.py --env <db> --projection-id 206 --seed 17 --months 240
8000000,206,18,240,0.5.0,yes,1,1734931.50,2578991.75,0,python app/src/simulation.py --env <db> --projection-id 206 --seed 18 --months 240
8000000,206,19,240,0.5.0,yes,1,932280.28,1950695.60,0,python app/src/simulation.py --env <db> --projection-id 206 --seed 19 --months 240
8000000,206,20,240,0.5.0,yes,1,1458674.65,2414289.96,0,python app/src/simulation.py --env <db> --projection-id 206 --seed 20 --months 240
8000000,206,21,240,0.5.0,yes,1,1335939.82,2231864.00,0,python app/src/simulation.py --env <db> --projection-id 206 --seed 21 --months 240
8000000,206,22,240,0.5.0,yes,1,836226.93,1636796.30,0,python app/src/simulation.py --env <db> --projection-id 206 --seed 22 --months 240
8000000,206,23,240,0.5.0,yes,1,1474953.53,2324268.44,0,python app/src/simulation.py --env <db> --projection-id 206 --seed 23 --months 240
8000000,206,24,240,0.5.0,yes,1,1393608.17,2385588.35,0,python app/src/simulation.py --env <db> --projection-id 206 --seed 24 --months 240
8000000,206,25,240,0.5.0,yes,1,2505076.79,3864733.72,0,python app/src/simulation.py --env <db> --projection-id 206 --seed 25 --months 240
8000000,206,26,240,0.5.0,yes,1,695953.02,1471731.24,0,python app/src/simulation.py --env <db> --projection-id 206 --seed 26 --months 240
8000000,206,27,240,0.5.0,yes,1,1216849.02,2031945.36,0,python app/src/simulation.py --env <db> --projection-id 206 --seed 27 --months 240
8000000,206,28,240,0.5.0,yes,1,624407.58,1442497.34,0,python app/src/simulation.py --env <db> --projection-id 206 --seed 28 --months 240
8000000,206,29,240,0.5.0,yes,1,1683165.99,2577697.19,0,python app/src/simulation.py --env <db> --projection-id 206 --seed 29 --months 240
8000000,206,30,240,0.5.0,yes,1,1505921.81,2294038.83,0,python app/src/simulation.py --env <db> --projection-id 206 --seed 30 --months 240
8000000,206,31,240,0.5.0,yes,1,1408018.75,2177334.00,0,python app/src/simulation.py --env <db> --projection-id 206 --seed 31 --months 240
8000000,206,32,240,0.5.0,yes,1,1473054.92,2282711.69,0,python app/src/simulation.py --env <db> --projection-id 206 --seed 32 --months 240
8000000,206,33,240,0.5.0,yes,1,1573267.90,2425234.88,0,python app/src/simulation.py --env <db> --projection-id 206 --seed 33 --months 240
8000000,206,34,240,0.5.0,yes,1,1114917.28,1949600.93,0,python app/src/simulation.py --env <db> --projection-id 206 --seed 34 --months 240
8000000,206,35,240,0.5.0,yes,1,2226306.61,3124632.10,0,python app/src/simulation.py --env <db> --projection-id 206 --seed 35 --months 240
8000000,206,36,240,0.5.0,yes,1,1058762.26,1901877.85,0,python app/src/simulation.py --env <db> --projection-id 206 --seed 36 --months 240
8000000,206,37,240,0.5.0,yes,1,648719.11,1482195.86,0,python app/src/simulation.py --env <db> --projection-id 206 --seed 37 --months 240
8000000,206,38,240,0.5.0,yes,1,1717106.12,2548502.42,0,python app/src/simulation.py --env <db> --projection-id 206 --seed 38 --months 240
8000000,206,39,240,0.5.0,yes,1,882332.53,1722449.70,0,python app/src/simulation.py --env <db> --projection-id 206 --seed 39 --months 240
8000000,206,40,240,0.5.0,yes,1,790046.09,1593226.24,0,python app/src/simulation.py --env <db> --projection-id 206 --seed 40 --months 240
8000000,206,41,240,0.5.0,yes,1,1356490.07,2180652.46,0,python app/src/simulation.py --env <db> --projection-id 206 --seed 41 --months 240
8000000,206,42,240,0.5.0,yes,1,869405.98,1713690.80,0,python app/src/simulation.py --env <db> --projection-id 206 --seed 42 --months 240
8000000,206,43,240,0.5.0,yes,1,781703.50,1552727.71,1,python app/src/simulation.py --env <db> --projection-id 206 --seed 43 --months 240
8000000,206,44,240,0.5.0,yes,1,1664195.58,2488934.76,0,python app/src/simulation.py --env <db> --projection-id 206 --seed 44 --months 240
8000000,206,45,240,0.5.0,yes,1,601015.33,1441843.33,0,python app/src/simulation.py --env <db> --projection-id 206 --seed 45 --months 240
8000000,206,46,240,0.5.0,yes,1,446009.44,1285680.26,0,python app/src/simulation.py --env <db> --projection-id 206 --seed 46 --months 240
8000000,206,47,240,0.5.0,yes,1,859659.96,1706529.44,0,python app/src/simulation.py --env <db> --projection-id 206 --seed 47 --months 240
8000000,206,48,240,0.5.0,yes,1,746455.33,1596769.64,0,python app/src/simulation.py --env <db> --projection-id 206 --seed 48 --months 240
8000000,206,49,240,0.5.0,yes,1,1440932.71,2251725.16,0,python app/src/simulation.py --env <db> --projection-id 206 --seed 49 --months 240
8000000,206,50,240,0.5.0,yes,1,1487172.27,2251524.65,0,python app/src/simulation.py --env <db> --projection-id 206 --seed 50 --months 240
9000000,207,1,240,0.5.0,yes,1,1457953.19,2384624.70,0,python app/src/simulation.py --env <db> --projection-id 207 --seed 1 --months 240
9000000,207,2,240,0.5.0,yes,1,1162445.72,2038056.46,0,python app/src/simulation.py --env <db> --projection-id 207 --seed 2 --months 240
9000000,207,3,240,0.5.0,yes,1,934375.42,1795840.91,0,python app/src/simulation.py --env <db> --projection-id 207 --seed 3 --months 240
9000000,207,4,240,0.5.0,yes,1,728689.24,1681316.41,0,python app/src/simulation.py --env <db> --projection-id 207 --seed 4 --months 240
9000000,207,5,240,0.5.0,yes,1,1409797.78,2197362.52,0,python app/src/simulation.py --env <db> --projection-id 207 --seed 5 --months 240
9000000,207,6,240,0.5.0,yes,1,938242.25,1783483.66,0,python app/src/simulation.py --env <db> --projection-id 207 --seed 6 --months 240
9000000,207,7,240,0.5.0,yes,1,1719687.99,2649626.85,0,python app/src/simulation.py --env <db> --projection-id 207 --seed 7 --months 240
9000000,207,8,240,0.5.0,yes,1,1235990.49,2093549.37,0,python app/src/simulation.py --env <db> --projection-id 207 --seed 8 --months 240
9000000,207,9,240,0.5.0,yes,1,1341378.11,2090767.29,0,python app/src/simulation.py --env <db> --projection-id 207 --seed 9 --months 240
9000000,207,10,240,0.5.0,yes,1,1502530.61,2366713.17,0,python app/src/simulation.py --env <db> --projection-id 207 --seed 10 --months 240
9000000,207,11,240,0.5.0,yes,1,928254.39,1740435.26,0,python app/src/simulation.py --env <db> --projection-id 207 --seed 11 --months 240
9000000,207,12,240,0.5.0,yes,1,695556.72,1743903.62,0,python app/src/simulation.py --env <db> --projection-id 207 --seed 12 --months 240
9000000,207,13,240,0.5.0,yes,1,1758735.84,2568575.49,0,python app/src/simulation.py --env <db> --projection-id 207 --seed 13 --months 240
9000000,207,14,240,0.5.0,yes,1,660126.15,1677917.40,0,python app/src/simulation.py --env <db> --projection-id 207 --seed 14 --months 240
9000000,207,15,240,0.5.0,yes,1,858882.32,2000884.33,0,python app/src/simulation.py --env <db> --projection-id 207 --seed 15 --months 240
9000000,207,16,240,0.5.0,yes,1,1398241.62,2352956.52,0,python app/src/simulation.py --env <db> --projection-id 207 --seed 16 --months 240
9000000,207,17,240,0.5.0,yes,1,1626182.56,2484749.89,0,python app/src/simulation.py --env <db> --projection-id 207 --seed 17 --months 240
9000000,207,18,240,0.5.0,yes,1,1224440.97,2099671.81,0,python app/src/simulation.py --env <db> --projection-id 207 --seed 18 --months 240
9000000,207,19,240,0.5.0,yes,1,1032887.67,2059901.51,0,python app/src/simulation.py --env <db> --projection-id 207 --seed 19 --months 240
9000000,207,20,240,0.5.0,yes,1,1370766.82,2317017.30,0,python app/src/simulation.py --env <db> --projection-id 207 --seed 20 --months 240
9000000,207,21,240,0.5.0,yes,1,850309.05,1748948.48,0,python app/src/simulation.py --env <db> --projection-id 207 --seed 21 --months 240
9000000,207,22,240,0.5.0,yes,1,549785.40,1381579.30,0,python app/src/simulation.py --env <db> --projection-id 207 --seed 22 --months 240
9000000,207,23,240,0.5.0,yes,1,1151880.94,2090481.65,0,python app/src/simulation.py --env <db> --projection-id 207 --seed 23 --months 240
9000000,207,24,240,0.5.0,yes,1,858005.11,1907895.46,0,python app/src/simulation.py --env <db> --projection-id 207 --seed 24 --months 240
9000000,207,25,240,0.5.0,yes,1,1787524.28,2986270.25,0,python app/src/simulation.py --env <db> --projection-id 207 --seed 25 --months 240
9000000,207,26,240,0.5.0,yes,1,881320.96,1688888.39,0,python app/src/simulation.py --env <db> --projection-id 207 --seed 26 --months 240
9000000,207,27,240,0.5.0,yes,1,678872.05,1512369.02,0,python app/src/simulation.py --env <db> --projection-id 207 --seed 27 --months 240
9000000,207,28,240,0.5.0,yes,1,1091498.68,1939129.62,0,python app/src/simulation.py --env <db> --projection-id 207 --seed 28 --months 240
9000000,207,29,240,0.5.0,yes,1,1241632.68,2193097.72,0,python app/src/simulation.py --env <db> --projection-id 207 --seed 29 --months 240
9000000,207,30,240,0.5.0,yes,1,678375.53,1487720.36,0,python app/src/simulation.py --env <db> --projection-id 207 --seed 30 --months 240
9000000,207,31,240,0.5.0,yes,1,736294.77,1570822.02,0,python app/src/simulation.py --env <db> --projection-id 207 --seed 31 --months 240
9000000,207,32,240,0.5.0,yes,1,1277048.44,2118775.15,0,python app/src/simulation.py --env <db> --projection-id 207 --seed 32 --months 240
9000000,207,33,240,0.5.0,yes,1,1255706.63,2089781.12,0,python app/src/simulation.py --env <db> --projection-id 207 --seed 33 --months 240
9000000,207,34,240,0.5.0,yes,1,1457902.61,2340372.24,0,python app/src/simulation.py --env <db> --projection-id 207 --seed 34 --months 240
9000000,207,35,240,0.5.0,yes,1,930025.51,1899370.20,0,python app/src/simulation.py --env <db> --projection-id 207 --seed 35 --months 240
9000000,207,36,240,0.5.0,yes,1,1885701.81,2723330.96,0,python app/src/simulation.py --env <db> --projection-id 207 --seed 36 --months 240
9000000,207,37,240,0.5.0,yes,1,929547.70,1772738.71,0,python app/src/simulation.py --env <db> --projection-id 207 --seed 37 --months 240
9000000,207,38,240,0.5.0,yes,1,1020701.80,1954706.33,0,python app/src/simulation.py --env <db> --projection-id 207 --seed 38 --months 240
9000000,207,39,240,0.5.0,yes,1,1073389.58,1974290.50,0,python app/src/simulation.py --env <db> --projection-id 207 --seed 39 --months 240
9000000,207,40,240,0.5.0,yes,1,839410.35,1672259.61,0,python app/src/simulation.py --env <db> --projection-id 207 --seed 40 --months 240
9000000,207,41,240,0.5.0,yes,1,820979.23,1721222.89,0,python app/src/simulation.py --env <db> --projection-id 207 --seed 41 --months 240
9000000,207,42,240,0.5.0,yes,1,619175.96,1530989.86,0,python app/src/simulation.py --env <db> --projection-id 207 --seed 42 --months 240
9000000,207,43,240,0.5.0,yes,1,1731561.12,2588019.82,0,python app/src/simulation.py --env <db> --projection-id 207 --seed 43 --months 240
9000000,207,44,240,0.5.0,yes,1,623806.58,1485447.83,1,python app/src/simulation.py --env <db> --projection-id 207 --seed 44 --months 240
9000000,207,45,240,0.5.0,yes,1,1149384.02,2006819.23,0,python app/src/simulation.py --env <db> --projection-id 207 --seed 45 --months 240
9000000,207,46,240,0.5.0,yes,1,968618.31,1865450.22,0,python app/src/simulation.py --env <db> --projection-id 207 --seed 46 --months 240
9000000,207,47,240,0.5.0,yes,1,1311126.48,2186493.64,0,python app/src/simulation.py --env <db> --projection-id 207 --seed 47 --months 240
9000000,207,48,240,0.5.0,yes,1,1248545.26,2134680.41,0,python app/src/simulation.py --env <db> --projection-id 207 --seed 48 --months 240
9000000,207,49,240,0.5.0,yes,1,1100526.35,1945571.41,0,python app/src/simulation.py --env <db> --projection-id 207 --seed 49 --months 240
9000000,207,50,240,0.5.0,yes,1,1266533.95,2062471.72,0,python app/src/simulation.py --env <db> --projection-id 207 --seed 50 --months 240
10000000,208,1,240,0.5.0,yes,1,799836.31,1731768.71,0,python app/src/simulation.py --env <db> --projection-id 208 --seed 1 --months 240
10000000,208,2,240,0.5.0,yes,1,1928399.27,2884097.59,0,python app/src/simulation.py --env <db> --projection-id 208 --seed 2 --months 240
10000000,208,3,240,0.5.0,yes,1,707114.86,1814408.10,0,python app/src/simulation.py --env <db> --projection-id 208 --seed 3 --months 240
10000000,208,4,240,0.5.0,yes,1,909936.23,2043420.00,0,python app/src/simulation.py --env <db> --projection-id 208 --seed 4 --months 240
10000000,208,5,240,0.5.0,yes,1,1093389.13,1968784.24,0,python app/src/simulation.py --env <db> --projection-id 208 --seed 5 --months 240
10000000,208,6,240,0.5.0,yes,1,852110.48,1707944.95,0,python app/src/simulation.py --env <db> --projection-id 208 --seed 6 --months 240
10000000,208,7,240,0.5.0,yes,1,1029367.41,1971157.57,0,python app/src/simulation.py --env <db> --projection-id 208 --seed 7 --months 240
10000000,208,8,240,0.5.0,yes,1,1532273.96,2528395.48,0,python app/src/simulation.py --env <db> --projection-id 208 --seed 8 --months 240
10000000,208,9,240,0.5.0,yes,1,1261294.21,2032302.58,0,python app/src/simulation.py --env <db> --projection-id 208 --seed 9 --months 240
10000000,208,10,240,0.5.0,yes,1,624471.59,1481188.12,0,python app/src/simulation.py --env <db> --projection-id 208 --seed 10 --months 240
10000000,208,11,240,0.5.0,yes,1,1361805.88,2260069.48,0,python app/src/simulation.py --env <db> --projection-id 208 --seed 11 --months 240
10000000,208,12,240,0.5.0,yes,1,1105621.42,2131986.07,0,python app/src/simulation.py --env <db> --projection-id 208 --seed 12 --months 240
10000000,208,13,240,0.5.0,yes,1,1872567.63,2763063.96,0,python app/src/simulation.py --env <db> --projection-id 208 --seed 13 --months 240
10000000,208,14,240,0.5.0,yes,1,613635.99,1650306.78,0,python app/src/simulation.py --env <db> --projection-id 208 --seed 14 --months 240
10000000,208,15,240,0.5.0,yes,1,668816.53,1878134.46,0,python app/src/simulation.py --env <db> --projection-id 208 --seed 15 --months 240
10000000,208,16,240,0.5.0,yes,1,1204671.82,2173004.80,0,python app/src/simulation.py --env <db> --projection-id 208 --seed 16 --months 240
10000000,208,17,240,0.5.0,yes,1,1693432.59,2581205.00,0,python app/src/simulation.py --env <db> --projection-id 208 --seed 17 --months 240
10000000,208,18,240,0.5.0,yes,1,1305276.35,2229272.77,0,python app/src/simulation.py --env <db> --projection-id 208 --seed 18 --months 240
10000000,208,19,240,0.5.0,yes,1,807334.04,1943118.86,0,python app/src/simulation.py --env <db> --projection-id 208 --seed 19 --months 240
10000000,208,20,240,0.5.0,yes,1,1831647.16,2885416.16,0,python app/src/simulation.py --env <db> --projection-id 208 --seed 20 --months 240
10000000,208,21,240,0.5.0,yes,1,1702740.55,2631356.99,0,python app/src/simulation.py --env <db> --projection-id 208 --seed 21 --months 240
10000000,208,22,240,0.5.0,yes,1,1101190.62,2024770.30,0,python app/src/simulation.py --env <db> --projection-id 208 --seed 22 --months 240
10000000,208,23,240,0.5.0,yes,1,1288180.38,2182640.63,0,python app/src/simulation.py --env <db> --projection-id 208 --seed 23 --months 240
10000000,208,24,240,0.5.0,yes,1,1946107.30,3053749.49,0,python app/src/simulation.py --env <db> --projection-id 208 --seed 24 --months 240
10000000,208,25,240,0.5.0,yes,1,2648535.57,3971764.37,0,python app/src/simulation.py --env <db> --projection-id 208 --seed 25 --months 240
10000000,208,26,240,0.5.0,yes,1,843452.00,1689473.97,0,python app/src/simulation.py --env <db> --projection-id 208 --seed 26 --months 240
10000000,208,27,240,0.5.0,yes,1,829951.45,1729697.89,0,python app/src/simulation.py --env <db> --projection-id 208 --seed 27 --months 240
10000000,208,28,240,0.5.0,yes,1,1084796.16,1948245.38,0,python app/src/simulation.py --env <db> --projection-id 208 --seed 28 --months 240
10000000,208,29,240,0.5.0,yes,1,759065.87,1827674.60,0,python app/src/simulation.py --env <db> --projection-id 208 --seed 29 --months 240
10000000,208,30,240,0.5.0,yes,1,1387224.34,2250074.14,0,python app/src/simulation.py --env <db> --projection-id 208 --seed 30 --months 240
10000000,208,31,240,0.5.0,yes,1,1634078.77,2497877.38,0,python app/src/simulation.py --env <db> --projection-id 208 --seed 31 --months 240
10000000,208,32,240,0.5.0,yes,1,971791.17,1851391.53,0,python app/src/simulation.py --env <db> --projection-id 208 --seed 32 --months 240
10000000,208,33,240,0.5.0,yes,1,865601.04,1729057.29,0,python app/src/simulation.py --env <db> --projection-id 208 --seed 33 --months 240
10000000,208,34,240,0.5.0,yes,1,742621.17,1664208.79,0,python app/src/simulation.py --env <db> --projection-id 208 --seed 34 --months 240
10000000,208,35,240,0.5.0,yes,1,1839529.03,2858990.26,0,python app/src/simulation.py --env <db> --projection-id 208 --seed 35 --months 240
10000000,208,36,240,0.5.0,yes,1,1801749.57,2675703.18,0,python app/src/simulation.py --env <db> --projection-id 208 --seed 36 --months 240
10000000,208,37,240,0.5.0,yes,1,1025194.37,1901009.07,0,python app/src/simulation.py --env <db> --projection-id 208 --seed 37 --months 240
10000000,208,38,240,0.5.0,yes,1,809248.67,1783404.44,0,python app/src/simulation.py --env <db> --projection-id 208 --seed 38 --months 240
10000000,208,39,240,0.5.0,yes,1,636146.83,1528353.28,0,python app/src/simulation.py --env <db> --projection-id 208 --seed 39 --months 240
10000000,208,40,240,0.5.0,yes,1,1142428.18,2017571.07,0,python app/src/simulation.py --env <db> --projection-id 208 --seed 40 --months 240
10000000,208,41,240,0.5.0,yes,1,1319872.54,2199345.95,0,python app/src/simulation.py --env <db> --projection-id 208 --seed 41 --months 240
10000000,208,42,240,0.5.0,yes,1,923939.87,1896831.40,0,python app/src/simulation.py --env <db> --projection-id 208 --seed 42 --months 240
10000000,208,43,240,0.5.0,yes,1,1138367.98,2073074.28,0,python app/src/simulation.py --env <db> --projection-id 208 --seed 43 --months 240
10000000,208,44,240,0.5.0,yes,1,1623772.41,2509693.26,0,python app/src/simulation.py --env <db> --projection-id 208 --seed 44 --months 240
10000000,208,45,240,0.5.0,yes,1,925294.10,1839905.04,0,python app/src/simulation.py --env <db> --projection-id 208 --seed 45 --months 240
10000000,208,46,240,0.5.0,yes,1,969903.88,1964838.98,0,python app/src/simulation.py --env <db> --projection-id 208 --seed 46 --months 240
10000000,208,47,240,0.5.0,yes,1,1078704.83,1962508.25,0,python app/src/simulation.py --env <db> --projection-id 208 --seed 47 --months 240
10000000,208,48,240,0.5.0,yes,1,1284566.56,2207880.22,0,python app/src/simulation.py --env <db> --projection-id 208 --seed 48 --months 240
10000000,208,49,240,0.5.0,yes,1,852358.06,1760995.83,0,python app/src/simulation.py --env <db> --projection-id 208 --seed 49 --months 240
10000000,208,50,240,0.5.0,yes,1,1656196.79,2463637.08,0,python app/src/simulation.py --env <db> --projection-id 208 --seed 50 --months 240
11000000,209,1,240,0.5.0,yes,1,616674.09,1563418.42,0,python app/src/simulation.py --env <db> --projection-id 209 --seed 1 --months 240
11000000,209,2,240,0.5.0,yes,1,862452.89,1816691.74,0,python app/src/simulation.py --env <db> --projection-id 209 --seed 2 --months 240
11000000,209,3,240,0.5.0,yes,1,1185517.17,2298188.54,0,python app/src/simulation.py --env <db> --projection-id 209 --seed 3 --months 240
11000000,209,4,240,0.5.0,yes,1,916064.12,2046356.48,0,python app/src/simulation.py --env <db> --projection-id 209 --seed 4 --months 240
11000000,209,5,240,0.5.0,yes,1,1502516.26,2499828.43,0,python app/src/simulation.py --env <db> --projection-id 209 --seed 5 --months 240
11000000,209,6,240,0.5.0,yes,1,573498.80,1467450.99,0,python app/src/simulation.py --env <db> --projection-id 209 --seed 6 --months 240
11000000,209,7,240,0.5.0,yes,1,1221264.04,2238855.67,0,python app/src/simulation.py --env <db> --projection-id 209 --seed 7 --months 240
11000000,209,8,240,0.5.0,yes,1,1483821.49,2496657.02,0,python app/src/simulation.py --env <db> --projection-id 209 --seed 8 --months 240
11000000,209,9,240,0.5.0,yes,1,1648643.84,2458600.10,0,python app/src/simulation.py --env <db> --projection-id 209 --seed 9 --months 240
11000000,209,10,240,0.5.0,yes,1,1668665.45,2553427.15,0,python app/src/simulation.py --env <db> --projection-id 209 --seed 10 --months 240
11000000,209,11,240,0.5.0,yes,1,1150886.43,2192604.99,0,python app/src/simulation.py --env <db> --projection-id 209 --seed 11 --months 240
11000000,209,12,240,0.5.0,yes,1,780123.90,1906785.82,0,python app/src/simulation.py --env <db> --projection-id 209 --seed 12 --months 240
11000000,209,13,240,0.5.0,yes,1,1218983.96,2220890.92,0,python app/src/simulation.py --env <db> --projection-id 209 --seed 13 --months 240
11000000,209,14,240,0.5.0,yes,1,824413.70,2035812.66,0,python app/src/simulation.py --env <db> --projection-id 209 --seed 14 --months 240
11000000,209,15,240,0.5.0,yes,1,896222.07,2231055.47,0,python app/src/simulation.py --env <db> --projection-id 209 --seed 15 --months 240
11000000,209,16,240,0.5.0,yes,1,753893.01,1842454.32,0,python app/src/simulation.py --env <db> --projection-id 209 --seed 16 --months 240
11000000,209,17,240,0.5.0,yes,1,950278.09,1851505.93,0,python app/src/simulation.py --env <db> --projection-id 209 --seed 17 --months 240
11000000,209,18,240,0.5.0,yes,1,1286368.90,2236803.07,0,python app/src/simulation.py --env <db> --projection-id 209 --seed 18 --months 240
11000000,209,19,240,0.5.0,yes,1,916557.19,2098081.91,0,python app/src/simulation.py --env <db> --projection-id 209 --seed 19 --months 240
11000000,209,20,240,0.5.0,yes,1,782540.83,1830147.02,0,python app/src/simulation.py --env <db> --projection-id 209 --seed 20 --months 240
11000000,209,21,240,0.5.0,yes,1,1212031.59,2317080.98,0,python app/src/simulation.py --env <db> --projection-id 209 --seed 21 --months 240
11000000,209,22,240,0.5.0,yes,1,734417.06,1699785.65,0,python app/src/simulation.py --env <db> --projection-id 209 --seed 22 --months 240
11000000,209,23,240,0.5.0,yes,1,1335372.97,2370231.30,0,python app/src/simulation.py --env <db> --projection-id 209 --seed 23 --months 240
11000000,209,24,240,0.5.0,yes,1,963202.04,2074783.07,0,python app/src/simulation.py --env <db> --projection-id 209 --seed 24 --months 240
11000000,209,25,240,0.5.0,yes,1,1845634.56,3191468.33,1,python app/src/simulation.py --env <db> --projection-id 209 --seed 25 --months 240
11000000,209,26,240,0.5.0,yes,1,1171124.78,2116199.86,0,python app/src/simulation.py --env <db> --projection-id 209 --seed 26 --months 240
11000000,209,27,240,0.5.0,yes,1,1896241.39,2828116.34,0,python app/src/simulation.py --env <db> --projection-id 209 --seed 27 --months 240
11000000,209,28,240,0.5.0,yes,1,1036568.65,1987969.24,0,python app/src/simulation.py --env <db> --projection-id 209 --seed 28 --months 240
11000000,209,29,240,0.5.0,yes,1,1426060.36,2537207.86,0,python app/src/simulation.py --env <db> --projection-id 209 --seed 29 --months 240
11000000,209,30,240,0.5.0,yes,1,911991.03,1755113.87,0,python app/src/simulation.py --env <db> --projection-id 209 --seed 30 --months 240
11000000,209,31,240,0.5.0,yes,1,1299298.83,2105295.98,0,python app/src/simulation.py --env <db> --projection-id 209 --seed 31 --months 240
11000000,209,32,240,0.5.0,yes,1,831414.41,1748195.57,0,python app/src/simulation.py --env <db> --projection-id 209 --seed 32 --months 240
11000000,209,33,240,0.5.0,yes,1,1736848.08,2663658.94,0,python app/src/simulation.py --env <db> --projection-id 209 --seed 33 --months 240
11000000,209,34,240,0.5.0,yes,1,1059672.37,2009949.63,0,python app/src/simulation.py --env <db> --projection-id 209 --seed 34 --months 240
11000000,209,35,240,0.5.0,yes,1,1332212.70,2372713.88,0,python app/src/simulation.py --env <db> --projection-id 209 --seed 35 --months 240
11000000,209,36,240,0.5.0,yes,1,929577.30,1838299.59,0,python app/src/simulation.py --env <db> --projection-id 209 --seed 36 --months 240
11000000,209,37,240,0.5.0,yes,1,695265.40,1676450.72,0,python app/src/simulation.py --env <db> --projection-id 209 --seed 37 --months 240
11000000,209,38,240,0.5.0,yes,1,1228945.27,2179024.20,0,python app/src/simulation.py --env <db> --projection-id 209 --seed 38 --months 240
11000000,209,39,240,0.5.0,yes,1,1032184.94,2029415.55,0,python app/src/simulation.py --env <db> --projection-id 209 --seed 39 --months 240
11000000,209,40,240,0.5.0,yes,1,769870.48,1750942.94,1,python app/src/simulation.py --env <db> --projection-id 209 --seed 40 --months 240
11000000,209,41,240,0.5.0,yes,1,1023633.98,1971673.77,0,python app/src/simulation.py --env <db> --projection-id 209 --seed 41 --months 240
11000000,209,42,240,0.5.0,yes,1,1367837.69,2449944.29,0,python app/src/simulation.py --env <db> --projection-id 209 --seed 42 --months 240
11000000,209,43,240,0.5.0,yes,1,1467165.47,2513643.70,0,python app/src/simulation.py --env <db> --projection-id 209 --seed 43 --months 240
11000000,209,44,240,0.5.0,yes,1,1246928.75,2192304.49,1,python app/src/simulation.py --env <db> --projection-id 209 --seed 44 --months 240
11000000,209,45,240,0.5.0,yes,1,848511.79,1798352.75,0,python app/src/simulation.py --env <db> --projection-id 209 --seed 45 --months 240
11000000,209,46,240,0.5.0,yes,1,664979.41,1783457.52,0,python app/src/simulation.py --env <db> --projection-id 209 --seed 46 --months 240
11000000,209,47,240,0.5.0,yes,1,710842.20,1607271.56,0,python app/src/simulation.py --env <db> --projection-id 209 --seed 47 --months 240
11000000,209,48,240,0.5.0,yes,1,1435753.52,2469157.97,0,python app/src/simulation.py --env <db> --projection-id 209 --seed 48 --months 240
11000000,209,49,240,0.5.0,yes,1,802487.84,1770242.15,0,python app/src/simulation.py --env <db> --projection-id 209 --seed 49 --months 240
11000000,209,50,240,0.5.0,yes,1,1260244.16,2124591.89,0,python app/src/simulation.py --env <db> --projection-id 209 --seed 50 --months 240
