Rung_StartingCapital,ProjectionID,Seed,Months,EngineVersion,ProjectionInGold,Survived,FinalCash,FinalTotal,EvictionCount,Command
5000000,400,1,240,0.6.0,yes,1,100416.19,103375.20,0,python app/src/simulation.py --env <db> --projection-id 400 --seed 1 --months 240
5000000,400,2,240,0.6.0,yes,1,788228.20,1375244.32,0,python app/src/simulation.py --env <db> --projection-id 400 --seed 2 --months 240
5000000,400,3,240,0.6.0,yes,0,0.00,0.00,0,python app/src/simulation.py --env <db> --projection-id 400 --seed 3 --months 240
5000000,400,4,240,0.6.0,yes,1,38004.68,324534.59,0,python app/src/simulation.py --env <db> --projection-id 400 --seed 4 --months 240
5000000,400,5,240,0.6.0,yes,1,120164.02,587360.14,0,python app/src/simulation.py --env <db> --projection-id 400 --seed 5 --months 240
5000000,400,6,240,0.6.0,yes,1,413641.72,935827.00,0,python app/src/simulation.py --env <db> --projection-id 400 --seed 6 --months 240
5000000,400,7,240,0.6.0,yes,1,1306168.02,1854529.74,0,python app/src/simulation.py --env <db> --projection-id 400 --seed 7 --months 240
5000000,400,8,240,0.6.0,yes,1,937476.76,1485472.12,0,python app/src/simulation.py --env <db> --projection-id 400 --seed 8 --months 240
5000000,400,9,240,0.6.0,yes,1,529268.01,1001944.53,0,python app/src/simulation.py --env <db> --projection-id 400 --seed 9 --months 240
5000000,400,10,240,0.6.0,yes,1,205286.16,703337.88,0,python app/src/simulation.py --env <db> --projection-id 400 --seed 10 --months 240
5000000,400,11,240,0.6.0,yes,1,1167053.47,1698635.59,0,python app/src/simulation.py --env <db> --projection-id 400 --seed 11 --months 240
5000000,400,12,240,0.6.0,yes,1,878185.77,1456909.17,0,python app/src/simulation.py --env <db> --projection-id 400 --seed 12 --months 240
5000000,400,13,240,0.6.0,yes,1,826281.25,1344063.85,0,python app/src/simulation.py --env <db> --projection-id 400 --seed 13 --months 240
5000000,400,14,240,0.6.0,yes,0,0.00,0.00,0,python app/src/simulation.py --env <db> --projection-id 400 --seed 14 --months 240
5000000,400,15,240,0.6.0,yes,0,0.00,0.00,0,python app/src/simulation.py --env <db> --projection-id 400 --seed 15 --months 240
5000000,400,16,240,0.6.0,yes,1,1146902.94,1692824.70,0,python app/src/simulation.py --env <db> --projection-id 400 --seed 16 --months 240
5000000,400,17,240,0.6.0,yes,1,440479.06,951871.66,0,python app/src/simulation.py --env <db> --projection-id 400 --seed 17 --months 240
5000000,400,18,240,0.6.0,yes,1,1055400.98,1544109.14,0,python app/src/simulation.py --env <db> --projection-id 400 --seed 18 --months 240
5000000,400,19,240,0.6.0,yes,1,320946.53,861513.41,0,python app/src/simulation.py --env <db> --projection-id 400 --seed 19 --months 240
5000000,400,20,240,0.6.0,yes,1,649424.19,1211617.95,0,python app/src/simulation.py --env <db> --projection-id 400 --seed 20 --months 240
5000000,400,21,240,0.6.0,yes,1,846441.19,1368643.63,0,python app/src/simulation.py --env <db> --projection-id 400 --seed 21 --months 240
5000000,400,22,240,0.6.0,yes,1,245637.07,750938.83,0,python app/src/simulation.py --env <db> --projection-id 400 --seed 22 --months 240
5000000,400,23,240,0.6.0,yes,1,406311.69,1008790.83,0,python app/src/simulation.py --env <db> --projection-id 400 --seed 23 --months 240
5000000,400,24,240,0.6.0,yes,1,498592.24,1094265.76,0,python app/src/simulation.py --env <db> --projection-id 400 --seed 24 --months 240
5000000,400,25,240,0.6.0,yes,1,1778336.23,2509166.87,0,python app/src/simulation.py --env <db> --projection-id 400 --seed 25 --months 240
5000000,400,26,240,0.6.0,yes,1,293953.83,778105.11,0,python app/src/simulation.py --env <db> --projection-id 400 --seed 26 --months 240
5000000,400,27,240,0.6.0,yes,1,658478.08,1174385.44,0,python app/src/simulation.py --env <db> --projection-id 400 --seed 27 --months 240
5000000,400,28,240,0.6.0,yes,0,0.00,0.00,0,python app/src/simulation.py --env <db> --projection-id 400 --seed 28 --months 240
5000000,400,29,240,0.6.0,yes,1,1118569.67,1726406.15,1,python app/src/simulation.py --env <db> --projection-id 400 --seed 29 --months 240
5000000,400,30,240,0.6.0,yes,1,62930.48,259029.90,0,python app/src/simulation.py --env <db> --projection-id 400 --seed 30 --months 240
5000000,400,31,240,0.6.0,yes,0,0.00,0.00,0,python app/src/simulation.py --env <db> --projection-id 400 --seed 31 --months 240
5000000,400,32,240,0.6.0,yes,1,977342.15,1460315.51,0,python app/src/simulation.py --env <db> --projection-id 400 --seed 32 --months 240
5000000,400,33,240,0.6.0,yes,1,908193.36,1500088.68,1,python app/src/simulation.py --env <db> --projection-id 400 --seed 33 --months 240
5000000,400,34,240,0.6.0,yes,1,887946.09,1408685.01,0,python app/src/simulation.py --env <db> --projection-id 400 --seed 34 --months 240
5000000,400,35,240,0.6.0,yes,1,330029.04,882555.12,0,python app/src/simulation.py --env <db> --projection-id 400 --seed 35 --months 240
5000000,400,36,240,0.6.0,yes,1,1036624.88,1533350.84,0,python app/src/simulation.py --env <db> --projection-id 400 --seed 36 --months 240
5000000,400,37,240,0.6.0,yes,1,653099.69,1207181.21,0,python app/src/simulation.py --env <db> --projection-id 400 --seed 37 --months 240
5000000,400,38,240,0.6.0,yes,1,133110.53,619719.42,0,python app/src/simulation.py --env <db> --projection-id 400 --seed 38 --months 240
5000000,400,39,240,0.6.0,yes,1,293414.76,825856.56,0,python app/src/simulation.py --env <db> --projection-id 400 --seed 39 --months 240
5000000,400,40,240,0.6.0,yes,1,426387.53,911853.65,0,python app/src/simulation.py --env <db> --projection-id 400 --seed 40 --months 240
5000000,400,41,240,0.6.0,yes,0,0.00,0.00,0,python app/src/simulation.py --env <db> --projection-id 400 --seed 41 --months 240
5000000,400,42,240,0.6.0,yes,1,763852.67,1262966.51,0,python app/src/simulation.py --env <db> --projection-id 400 --seed 42 --months 240
5000000,400,43,240,0.6.0,yes,0,0.00,0.00,0,python app/src/simulation.py --env <db> --projection-id 400 --seed 43 --months 240
5000000,400,44,240,0.6.0,yes,0,0.00,0.00,0,python app/src/simulation.py --env <db> --projection-id 400 --seed 44 --months 240
5000000,400,45,240,0.6.0,yes,1,551276.42,1061488.46,0,python app/src/simulation.py --env <db> --projection-id 400 --seed 45 --months 240
5000000,400,46,240,0.6.0,yes,1,179047.39,708194.71,0,python app/src/simulation.py --env <db> --projection-id 400 --seed 46 --months 240
5000000,400,47,240,0.6.0,yes,1,1387260.35,1862236.79,0,python app/src/simulation.py --env <db> --projection-id 400 --seed 47 --months 240
5000000,400,48,240,0.6.0,yes,1,333473.72,895459.64,0,python app/src/simulation.py --env <db> --projection-id 400 --seed 48 --months 240
5000000,400,49,240,0.6.0,yes,1,51815.86,512150.73,0,python app/src/simulation.py --env <db> --projection-id 400 --seed 49 --months 240
5000000,400,50,240,0.6.0,yes,1,445755.21,957287.37,0,python app/src/simulation.py --env <db> --projection-id 400 --seed 50 --months 240
5000000,400,51,240,0.6.0,yes,1,579243.01,1172328.85,0,python app/src/simulation.py --env <db> --projection-id 400 --seed 51 --months 240
5000000,400,52,240,0.6.0,yes,1,515498.55,1033019.67,0,python app/src/simulation.py --env <db> --projection-id 400 --seed 52 --months 240
5000000,400,53,240,0.6.0,yes,1,163793.39,670331.03,0,python app/src/simulation.py --env <db> --projection-id 400 --seed 53 --months 240
5000000,400,54,240,0.6.0,yes,1,1345071.79,1864719.19,0,python app/src/simulation.py --env <db> --projection-id 400 --seed 54 --months 240
5000000,400,55,240,0.6.0,yes,1,1585584.78,2113322.46,0,python app/src/simulation.py --env <db> --projection-id 400 --seed 55 --months 240
5000000,400,56,240,0.6.0,yes,1,39807.35,225914.00,0,python app/src/simulation.py --env <db> --projection-id 400 --seed 56 --months 240
5000000,400,57,240,0.6.0,yes,1,105623.05,591971.65,0,python app/src/simulation.py --env <db> --projection-id 400 --seed 57 --months 240
5000000,400,58,240,0.6.0,yes,1,722705.99,1396110.83,0,python app/src/simulation.py --env <db> --projection-id 400 --seed 58 --months 240
5000000,400,59,240,0.6.0,yes,0,0.00,0.00,0,python app/src/simulation.py --env <db> --projection-id 400 --seed 59 --months 240
5000000,400,60,240,0.6.0,yes,1,687754.94,1215258.86,0,python app/src/simulation.py --env <db> --projection-id 400 --seed 60 --months 240
5000000,400,61,240,0.6.0,yes,1,105722.18,444124.55,0,python app/src/simulation.py --env <db> --projection-id 400 --seed 61 --months 240
5000000,400,62,240,0.6.0,yes,1,46937.67,416465.52,0,python app/src/simulation.py --env <db> --projection-id 400 --seed 62 --months 240
5000000,400,63,240,0.6.0,yes,0,0.00,0.00,0,python app/src/simulation.py --env <db> --projection-id 400 --seed 63 --months 240
5000000,400,64,240,0.6.0,yes,1,660504.07,1168532.11,0,python app/src/simulation.py --env <db> --projection-id 400 --seed 64 --months 240
5000000,400,65,240,0.6.0,yes,1,186762.75,703585.59,0,python app/src/simulation.py --env <db> --projection-id 400 --seed 65 --months 240
5000000,400,66,240,0.6.0,yes,1,1192489.08,1743872.64,0,python app/src/simulation.py --env <db> --projection-id 400 --seed 66 --months 240
5000000,400,67,240,0.6.0,yes,1,170595.91,378380.90,0,python app/src/simulation.py --env <db> --projection-id 400 --seed 67 --months 240
5000000,400,68,240,0.6.0,yes,1,45250.74,453023.86,0,python app/src/simulation.py --env <db> --projection-id 400 --seed 68 --months 240
5000000,400,69,240,0.6.0,yes,1,256532.29,749874.61,0,python app/src/simulation.py --env <db> --projection-id 400 --seed 69 --months 240
5000000,400,70,240,0.6.0,yes,1,851100.42,1436563.62,0,python app/src/simulation.py --env <db> --projection-id 400 --seed 70 --months 240
5000000,400,71,240,0.6.0,yes,1,788312.00,1337356.04,0,python app/src/simulation.py --env <db> --projection-id 400 --seed 71 --months 240
5000000,400,72,240,0.6.0,yes,1,72365.29,395318.09,0,python app/src/simulation.py --env <db> --projection-id 400 --seed 72 --months 240
5000000,400,73,240,0.6.0,yes,0,0.00,0.00,0,python app/src/simulation.py --env <db> --projection-id 400 --seed 73 --months 240
5000000,400,74,240,0.6.0,yes,0,0.00,0.00,0,python app/src/simulation.py --env <db> --projection-id 400 --seed 74 --months 240
5000000,400,75,240,0.6.0,yes,1,50355.43,477097.08,0,python app/src/simulation.py --env <db> --projection-id 400 --seed 75 --months 240
5000000,400,76,240,0.6.0,yes,1,69515.62,408717.83,0,python app/src/simulation.py --env <db> --projection-id 400 --seed 76 --months 240
5000000,400,77,240,0.6.0,yes,1,192310.55,371860.39,0,python app/src/simulation.py --env <db> --projection-id 400 --seed 77 --months 240
5000000,400,78,240,0.6.0,yes,1,979197.41,1484066.69,0,python app/src/simulation.py --env <db> --projection-id 400 --seed 78 --months 240
5000000,400,79,240,0.6.0,yes,1,686037.37,1162203.97,0,python app/src/simulation.py --env <db> --projection-id 400 --seed 79 --months 240
5000000,400,80,240,0.6.0,yes,1,379271.00,937046.60,0,python app/src/simulation.py --env <db> --projection-id 400 --seed 80 --months 240
5000000,400,81,240,0.6.0,yes,1,206020.27,734283.31,0,python app/src/simulation.py --env <db> --projection-id 400 --seed 81 --months 240
5000000,400,82,240,0.6.0,yes,1,106490.42,109037.59,0,python app/src/simulation.py --env <db> --projection-id 400 --seed 82 --months 240
5000000,400,83,240,0.6.0,yes,1,474501.09,1091070.21,0,python app/src/simulation.py --env <db> --projection-id 400 --seed 83 --months 240
5000000,400,84,240,0.6.0,yes,1,38095.98,326606.64,0,python app/src/simulation.py --env <db> --projection-id 400 --seed 84 --months 240
5000000,400,85,240,0.6.0,yes,1,83931.25,554740.69,0,python app/src/simulation.py --env <db> --projection-id 400 --seed 85 --months 240
5000000,400,86,240,0.6.0,yes,1,1154423.99,1793627.27,0,python app/src/simulation.py --env <db> --projection-id 400 --seed 86 --months 240
5000000,400,87,240,0.6.0,yes,1,76038.61,577110.37,0,python app/src/simulation.py --env <db> --projection-id 400 --seed 87 --months 240
5000000,400,88,240,0.6.0,yes,0,0.00,0.00,0,python app/src/simulation.py --env <db> --projection-id 400 --seed 88 --months 240
5000000,400,89,240,0.6.0,yes,1,472243.20,985976.76,0,python app/src/simulation.py --env <db> --projection-id 400 --seed 89 --months 240
5000000,400,90,240,0.6.0,yes,1,116830.81,516996.43,0,python app/src/simulation.py --env <db> --projection-id 400 --seed 90 --months 240
5000000,400,91,240,0.6.0,yes,1,681464.15,1184160.59,0,python app/src/simulation.py --env <db> --projection-id 400 --seed 91 --months 240
5000000,400,92,240,0.6.0,yes,1,346241.67,880478.79,0,python app/src/simulation.py --env <db> --projection-id 400 --seed 92 --months 240
5000000,400,93,240,0.6.0,yes,1,1092570.57,1678215.46,0,python app/src/simulation.py --env <db> --projection-id 400 --seed 93 --months 240
5000000,400,94,240,0.6.0,yes,0,0.00,0.00,0,python app/src/simulation.py --env <db> --projection-id 400 --seed 94 --months 240
5000000,400,95,240,0.6.0,yes,1,28249.52,359976.64,0,python app/src/simulation.py --env <db> --projection-id 400 --seed 95 --months 240
5000000,400,96,240,0.6.0,yes,1,1442830.29,2017808.13,0,python app/src/simulation.py --env <db> --projection-id 400 --seed 96 --months 240
5000000,400,97,240,0.6.0,yes,1,707887.68,1247688.36,0,python app/src/simulation.py --env <db> --projection-id 400 --seed 97 --months 240
5000000,400,98,240,0.6.0,yes,1,576983.87,1094119.07,0,python app/src/simulation.py --env <db> --projection-id 400 --seed 98 --months 240
5000000,400,99,240,0.6.0,yes,1,90570.17,274540.98,0,python app/src/simulation.py --env <db> --projection-id 400 --seed 99 --months 240
5000000,400,100,240,0.6.0,yes,1,214106.08,703200.88,0,python app/src/simulation.py --env <db> --projection-id 400 --seed 100 --months 240
5000000,400,101,240,0.6.0,yes,1,1190749.58,1762012.94,0,python app/src/simulation.py --env <db> --projection-id 400 --seed 101 --months 240
5000000,400,102,240,0.6.0,yes,0,0.00,0.00,0,python app/src/simulation.py --env <db> --projection-id 400 --seed 102 --months 240
5000000,400,103,240,0.6.0,yes,1,1108344.65,1616392.97,0,python app/src/simulation.py --env <db> --projection-id 400 --seed 103 --months 240
5000000,400,104,240,0.6.0,yes,1,1041490.44,1683515.16,0,python app/src/simulation.py --env <db> --projection-id 400 --seed 104 --months 240
5000000,400,105,240,0.6.0,yes,1,598773.24,1194926.88,0,python app/src/simulation.py --env <db> --projection-id 400 --seed 105 --months 240
5000000,400,106,240,0.6.0,yes,1,579493.18,1072108.90,0,python app/src/simulation.py --env <db> --projection-id 400 --seed 106 --months 240
5000000,400,107,240,0.6.0,yes,1,638843.56,1145003.20,0,python app/src/simulation.py --env <db> --projection-id 400 --seed 107 --months 240
5000000,400,108,240,0.6.0,yes,1,40754.17,336627.41,0,python app/src/simulation.py --env <db> --projection-id 400 --seed 108 --months 240
5000000,400,109,240,0.6.0,yes,1,37919.10,397307.77,0,python app/src/simulation.py --env <db> --projection-id 400 --seed 109 --months 240
5000000,400,110,240,0.6.0,yes,1,821996.83,1386333.31,0,python app/src/simulation.py --env <db> --projection-id 400 --seed 110 --months 240
5000000,400,111,240,0.6.0,yes,1,300375.97,880265.17,0,python app/src/simulation.py --env <db> --projection-id 400 --seed 111 --months 240
5000000,400,112,240,0.6.0,yes,1,967190.12,1483452.92,0,python app/src/simulation.py --env <db> --projection-id 400 --seed 112 --months 240
5000000,400,113,240,0.6.0,yes,1,652701.77,1107409.73,1,python app/src/simulation.py --env <db> --projection-id 400 --seed 113 --months 240
5000000,400,114,240,0.6.0,yes,1,350087.89,819543.37,0,python app/src/simulation.py --env <db> --projection-id 400 --seed 114 --months 240
5000000,400,115,240,0.6.0,yes,1,474536.26,997569.82,0,python app/src/simulation.py --env <db> --projection-id 400 --seed 115 --months 240
5000000,400,116,240,0.6.0,yes,1,870891.60,1450003.56,0,python app/src/simulation.py --env <db> --projection-id 400 --seed 116 --months 240
5000000,400,117,240,0.6.0,yes,1,920926.19,1450744.67,0,python app/src/simulation.py --env <db> --projection-id 400 --seed 117 --months 240
5000000,400,118,240,0.6.0,yes,1,553215.95,1098132.59,0,python app/src/simulation.py --env <db> --projection-id 400 --seed 118 --months 240
5000000,400,119,240,0.6.0,yes,1,272273.46,790003.26,0,python app/src/simulation.py --env <db> --projection-id 400 --seed 119 --months 240
5000000,400,120,240,0.6.0,yes,1,997046.58,1492918.38,0,python app/src/simulation.py --env <db> --projection-id 400 --seed 120 --months 240
5000000,400,121,240,0.6.0,yes,1,59717.92,218156.20,0,python app/src/simulation.py --env <db> --projection-id 400 --seed 121 --months 240
5000000,400,122,240,0.6.0,yes,1,484444.95,992343.75,0,python app/src/simulation.py --env <db> --projection-id 400 --seed 122 --months 240
5000000,400,123,240,0.6.0,yes,1,1212144.04,1728209.92,0,python app/src/simulation.py --env <db> --projection-id 400 --seed 123 --months 240
5000000,400,124,240,0.6.0,yes,1,250530.16,759938.68,0,python app/src/simulation.py --env <db> --projection-id 400 --seed 124 --months 240
5000000,400,125,240,0.6.0,yes,1,364323.96,877810.56,0,python app/src/simulation.py --env <db> --projection-id 400 --seed 125 --months 240
5000000,400,126,240,0.6.0,yes,1,542731.94,1021508.18,0,python app/src/simulation.py --env <db> --projection-id 400 --seed 126 --months 240
5000000,400,127,240,0.6.0,yes,1,780717.91,1287373.39,0,python app/src/simulation.py --env <db> --projection-id 400 --seed 127 --months 240
5000000,400,128,240,0.6.0,yes,1,889334.54,1387763.66,0,python app/src/simulation.py --env <db> --projection-id 400 --seed 128 --months 240
5000000,400,129,240,0.6.0,yes,1,927040.86,1481507.10,0,python app/src/simulation.py --env <db> --projection-id 400 --seed 129 --months 240
5000000,400,130,240,0.6.0,yes,1,49588.86,374549.98,0,python app/src/simulation.py --env <db> --projection-id 400 --seed 130 --months 240
5000000,400,131,240,0.6.0,yes,1,544419.05,1027008.05,0,python app/src/simulation.py --env <db> --projection-id 400 --seed 131 --months 240
5000000,400,132,240,0.6.0,yes,1,1174894.20,1744644.24,0,python app/src/simulation.py --env <db> --projection-id 400 --seed 132 --months 240
5000000,400,133,240,0.6.0,yes,1,668435.19,1154456.55,0,python app/src/simulation.py --env <db> --projection-id 400 --seed 133 --months 240
5000000,400,134,240,0.6.0,yes,1,389371.32,862374.96,0,python app/src/simulation.py --env <db> --projection-id 400 --seed 134 --months 240
5000000,400,135,240,0.6.0,yes,1,127577.14,267880.43,0,python app/src/simulation.py --env <db> --projection-id 400 --seed 135 --months 240
5000000,400,136,240,0.6.0,yes,1,186434.81,706452.66,0,python app/src/simulation.py --env <db> --projection-id 400 --seed 136 --months 240
5000000,400,137,240,0.6.0,yes,0,0.00,0.00,0,python app/src/simulation.py --env <db> --projection-id 400 --seed 137 --months 240
5000000,400,138,240,0.6.0,yes,1,173007.84,623909.63,0,python app/src/simulation.py --env <db> --projection-id 400 --seed 138 --months 240
5000000,400,139,240,0.6.0,yes,1,123441.32,391812.80,0,python app/src/simulation.py --env <db> --projection-id 400 --seed 139 --months 240
5000000,400,140,240,0.6.0,yes,1,590671.04,1076685.92,0,python app/src/simulation.py --env <db> --projection-id 400 --seed 140 --months 240
5000000,400,141,240,0.6.0,yes,1,628493.73,1134587.25,0,python app/src/simulation.py --env <db> --projection-id 400 --seed 141 --months 240
5000000,400,142,240,0.6.0,yes,1,35928.62,432798.77,0,python app/src/simulation.py --env <db> --projection-id 400 --seed 142 --months 240
5000000,400,143,240,0.6.0,yes,1,475533.90,1060932.66,0,python app/src/simulation.py --env <db> --projection-id 400 --seed 143 --months 240
5000000,400,144,240,0.6.0,yes,1,191723.07,709780.59,0,python app/src/simulation.py --env <db> --projection-id 400 --seed 144 --months 240
5000000,400,145,240,0.6.0,yes,1,63578.86,65576.13,0,python app/src/simulation.py --env <db> --projection-id 400 --seed 145 --months 240
5000000,400,146,240,0.6.0,yes,1,307203.34,791956.06,0,python app/src/simulation.py --env <db> --projection-id 400 --seed 146 --months 240
5000000,400,147,240,0.6.0,yes,0,0.00,0.00,0,python app/src/simulation.py --env <db> --projection-id 400 --seed 147 --months 240
5000000,400,148,240,0.6.0,yes,1,322474.18,805931.98,0,python app/src/simulation.py --env <db> --projection-id 400 --seed 148 --months 240
5000000,400,149,240,0.6.0,yes,1,35321.87,446838.94,0,python app/src/simulation.py --env <db> --projection-id 400 --seed 149 --months 240
5000000,400,150,240,0.6.0,yes,1,246523.00,759773.32,0,python app/src/simulation.py --env <db> --projection-id 400 --seed 150 --months 240
5500000,401,1,240,0.6.0,yes,1,45292.76,249052.08,0,python app/src/simulation.py --env <db> --projection-id 401 --seed 1 --months 240
5500000,401,2,240,0.6.0,yes,1,1250837.34,1867401.42,0,python app/src/simulation.py --env <db> --projection-id 401 --seed 2 --months 240
5500000,401,3,240,0.6.0,yes,1,281460.18,813002.10,0,python app/src/simulation.py --env <db> --projection-id 401 --seed 3 --months 240
5500000,401,4,240,0.6.0,yes,1,362896.85,975116.21,0,python app/src/simulation.py --env <db> --projection-id 401 --seed 4 --months 240
5500000,401,5,240,0.6.0,yes,1,304297.37,801580.97,0,python app/src/simulation.py --env <db> --projection-id 401 --seed 5 --months 240
5500000,401,6,240,0.6.0,yes,1,425986.85,966313.61,0,python app/src/simulation.py --env <db> --projection-id 401 --seed 6 --months 240
5500000,401,7,240,0.6.0,yes,1,544082.31,1156757.19,1,python app/src/simulation.py --env <db> --projection-id 401 --seed 7 --months 240
5500000,401,8,240,0.6.0,yes,1,1044757.51,1632476.22,0,python app/src/simulation.py --env <db> --projection-id 401 --seed 8 --months 240
5500000,401,9,240,0.6.0,yes,1,970176.52,1472399.32,0,python app/src/simulation.py --env <db> --projection-id 401 --seed 9 --months 240
5500000,401,10,240,0.6.0,yes,1,663803.39,1197878.51,0,python app/src/simulation.py --env <db> --projection-id 401 --seed 10 --months 240
5500000,401,11,240,0.6.0,yes,1,388474.85,954390.52,0,python app/src/simulation.py --env <db> --projection-id 401 --seed 11 --months 240
5500000,401,12,240,0.6.0,yes,1,598529.26,1248559.66,0,python app/src/simulation.py --env <db> --projection-id 401 --seed 12 --months 240
5500000,401,13,240,0.6.0,yes,1,463983.28,1030423.96,0,python app/src/simulation.py --env <db> --projection-id 401 --seed 13 --months 240
5500000,401,14,240,0.6.0,yes,1,75997.40,522243.40,0,python app/src/simulation.py --env <db> --projection-id 401 --seed 14 --months 240
5500000,401,15,240,0.6.0,yes,1,41647.65,135823.55,0,python app/src/simulation.py --env <db> --projection-id 401 --seed 15 --months 240
5500000,401,16,240,0.6.0,yes,1,1178956.57,1793473.93,0,python app/src/simulation.py --env <db> --projection-id 401 --seed 16 --months 240
5500000,401,17,240,0.6.0,yes,1,1051615.89,1672672.29,0,python app/src/simulation.py --env <db> --projection-id 401 --seed 17 --months 240
5500000,401,18,240,0.6.0,yes,1,937092.05,1494649.49,0,python app/src/simulation.py --env <db> --projection-id 401 --seed 18 --months 240
5500000,401,19,240,0.6.0,yes,1,673534.07,1258475.27,0,python app/src/simulation.py --env <db> --projection-id 401 --seed 19 --months 240
5500000,401,20,240,0.6.0,yes,1,1032882.37,1597173.49,0,python app/src/simulation.py --env <db> --projection-id 401 --seed 20 --months 240
5500000,401,21,240,0.6.0,yes,1,473076.48,1103100.48,0,python app/src/simulation.py --env <db> --projection-id 401 --seed 21 --months 240
5500000,401,22,240,0.6.0,yes,1,368737.90,965910.46,0,python app/src/simulation.py --env <db> --projection-id 401 --seed 22 --months 240
5500000,401,23,240,0.6.0,yes,1,659857.52,1270479.24,0,python app/src/simulation.py --env <db> --projection-id 401 --seed 23 --months 240
5500000,401,24,240,0.6.0,yes,1,1493377.43,2135117.39,0,python app/src/simulation.py --env <db> --projection-id 401 --seed 24 --months 240
5500000,401,25,240,0.6.0,yes,1,662260.75,1452234.05,0,python app/src/simulation.py --env <db> --projection-id 401 --seed 25 --months 240
5500000,401,26,240,0.6.0,yes,1,485020.75,1019941.63,0,python app/src/simulation.py --env <db> --projection-id 401 --seed 26 --months 240
5500000,401,27,240,0.6.0,yes,1,694901.46,1279094.46,0,python app/src/simulation.py --env <db> --projection-id 401 --seed 27 --months 240
5500000,401,28,240,0.6.0,yes,1,42244.32,115526.82,0,python app/src/simulation.py --env <db> --projection-id 401 --seed 28 --months 240
5500000,401,29,240,0.6.0,yes,1,503667.50,1152962.67,0,python app/src/simulation.py --env <db> --projection-id 401 --seed 29 --months 240
5500000,401,30,240,0.6.0,yes,1,905433.33,1425041.61,0,python app/src/simulation.py --env <db> --projection-id 401 --seed 30 --months 240
5500000,401,31,240,0.6.0,yes,1,39333.49,443727.34,0,python app/src/simulation.py --env <db> --projection-id 401 --seed 31 --months 240
5500000,401,32,240,0.6.0,yes,1,1412570.33,1957922.33,0,python app/src/simulation.py --env <db> --projection-id 401 --seed 32 --months 240
5500000,401,33,240,0.6.0,yes,1,1023790.44,1610429.23,0,python app/src/simulation.py --env <db> --projection-id 401 --seed 33 --months 240
5500000,401,34,240,0.6.0,yes,1,1093997.37,1630457.25,0,python app/src/simulation.py --env <db> --projection-id 401 --seed 34 --months 240
5500000,401,35,240,0.6.0,yes,1,861950.62,1429679.38,0,python app/src/simulation.py --env <db> --projection-id 401 --seed 35 --months 240
5500000,401,36,240,0.6.0,yes,1,489842.29,1053335.29,0,python app/src/simulation.py --env <db> --projection-id 401 --seed 36 --months 240
5500000,401,37,240,0.6.0,yes,1,260707.49,854728.25,1,python app/src/simulation.py --env <db> --projection-id 401 --seed 37 --months 240
5500000,401,38,240,0.6.0,yes,1,772268.92,1307384.44,1,python app/src/simulation.py --env <db> --projection-id 401 --seed 38 --months 240
5500000,401,39,240,0.6.0,yes,1,394160.22,958455.06,0,python app/src/simulation.py --env <db> --projection-id 401 --seed 39 --months 240
5500000,401,40,240,0.6.0,yes,1,480629.61,993483.69,0,python app/src/simulation.py --env <db> --projection-id 401 --seed 40 --months 240
5500000,401,41,240,0.6.0,yes,1,124471.62,309447.43,0,python app/src/simulation.py --env <db> --projection-id 401 --seed 41 --months 240
5500000,401,42,240,0.6.0,yes,1,935054.43,1501697.43,0,python app/src/simulation.py --env <db> --projection-id 401 --seed 42 --months 240
5500000,401,43,240,0.6.0,yes,1,200516.50,780080.76,0,python app/src/simulation.py --env <db> --projection-id 401 --seed 43 --months 240
5500000,401,44,240,0.6.0,yes,0,0.00,0.00,0,python app/src/simulation.py --env <db> --projection-id 401 --seed 44 --months 240
5500000,401,45,240,0.6.0,yes,1,502951.05,1084234.05,0,python app/src/simulation.py --env <db> --projection-id 401 --seed 45 --months 240
5500000,401,46,240,0.6.0,yes,1,228752.66,793203.14,0,python app/src/simulation.py --env <db> --projection-id 401 --seed 46 --months 240
5500000,401,47,240,0.6.0,yes,1,1222951.10,1821253.10,0,python app/src/simulation.py --env <db> --projection-id 401 --seed 47 --months 240
5500000,401,48,240,0.6.0,yes,1,508825.30,1118038.18,0,python app/src/simulation.py --env <db> --projection-id 401 --seed 48 --months 240
5500000,401,49,240,0.6.0,yes,1,474754.95,1040449.71,0,python app/src/simulation.py --env <db> --projection-id 401 --seed 49 --months 240
5500000,401,50,240,0.6.0,yes,1,628226.19,1221323.07,0,python app/src/simulation.py --env <db> --projection-id 401 --seed 50 --months 240
5500000,401,51,240,0.6.0,yes,1,695814.06,1308196.74,0,python app/src/simulation.py --env <db> --projection-id 401 --seed 51 --months 240
5500000,401,52,240,0.6.0,yes,1,996013.34,1526905.46,0,python app/src/simulation.py --env <db> --projection-id 401 --seed 52 --months 240
5500000,401,53,240,0.6.0,yes,1,594692.49,1135334.97,1,python app/src/simulation.py --env <db> --projection-id 401 --seed 53 --months 240
5500000,401,54,240,0.6.0,yes,1,737090.85,1324569.21,0,python app/src/simulation.py --env <db> --projection-id 401 --seed 54 --months 240
5500000,401,55,240,0.6.0,yes,1,1799606.51,2409548.87,0,python app/src/simulation.py --env <db> --projection-id 401 --seed 55 --months 240
5500000,401,56,240,0.6.0,yes,1,294798.36,901776.96,0,python app/src/simulation.py --env <db> --projection-id 401 --seed 56 --months 240
5500000,401,57,240,0.6.0,yes,1,635818.83,1224276.15,0,python app/src/simulation.py --env <db> --projection-id 401 --seed 57 --months 240
5500000,401,58,240,0.6.0,yes,1,700570.83,1422860.54,0,python app/src/simulation.py --env <db> --projection-id 401 --seed 58 --months 240
5500000,401,59,240,0.6.0,yes,1,164704.23,638359.11,0,python app/src/simulation.py --env <db> --projection-id 401 --seed 59 --months 240
5500000,401,60,240,0.6.0,yes,1,1316979.10,1919222.26,0,python app/src/simulation.py --env <db> --projection-id 401 --seed 60 --months 240
5500000,401,61,240,0.6.0,yes,1,477113.08,1017562.48,0,python app/src/simulation.py --env <db> --projection-id 401 --seed 61 --months 240
5500000,401,62,240,0.6.0,yes,1,466969.31,1047369.95,0,python app/src/simulation.py --env <db> --projection-id 401 --seed 62 --months 240
5500000,401,63,240,0.6.0,yes,0,0.00,0.00,0,python app/src/simulation.py --env <db> --projection-id 401 --seed 63 --months 240
5500000,401,64,240,0.6.0,yes,1,1037881.31,1559519.63,1,python app/src/simulation.py --env <db> --projection-id 401 --seed 64 --months 240
5500000,401,65,240,0.6.0,yes,1,1011237.25,1564777.93,0,python app/src/simulation.py --env <db> --projection-id 401 --seed 65 --months 240
5500000,401,66,240,0.6.0,yes,1,587731.97,1174334.33,0,python app/src/simulation.py --env <db> --projection-id 401 --seed 66 --months 240
5500000,401,67,240,0.6.0,yes,1,199707.31,708247.69,0,python app/src/simulation.py --env <db> --projection-id 401 --seed 67 --months 240
5500000,401,68,240,0.6.0,yes,1,47229.89,494884.68,0,python app/src/simulation.py --env <db> --projection-id 401 --seed 68 --months 240
5500000,401,69,240,0.6.0,yes,1,686144.58,1212330.66,0,python app/src/simulation.py --env <db> --projection-id 401 --seed 69 --months 240
5500000,401,70,240,0.6.0,yes,1,482649.12,1096234.68,0,python app/src/simulation.py --env <db> --projection-id 401 --seed 70 --months 240
5500000,401,71,240,0.6.0,yes,1,750427.06,1323573.58,0,python app/src/simulation.py --env <db> --projection-id 401 --seed 71 --months 240
5500000,401,72,240,0.6.0,yes,1,496019.25,1075703.13,0,python app/src/simulation.py --env <db> --projection-id 401 --seed 72 --months 240
5500000,401,73,240,0.6.0,yes,0,0.00,0.00,0,python app/src/simulation.py --env <db> --projection-id 401 --seed 73 --months 240
5500000,401,74,240,0.6.0,yes,0,0.00,0.00,0,python app/src/simulation.py --env <db> --projection-id 401 --seed 74 --months 240
5500000,401,75,240,0.6.0,yes,1,728198.26,1345540.42,0,python app/src/simulation.py --env <db> --projection-id 401 --seed 75 --months 240
5500000,401,76,240,0.6.0,yes,1,793756.07,1335395.39,0,python app/src/simulation.py --env <db> --projection-id 401 --seed 76 --months 240
5500000,401,77,240,0.6.0,yes,1,196564.68,683121.18,0,python app/src/simulation.py --env <db> --projection-id 401 --seed 77 --months 240
5500000,401,78,240,0.6.0,yes,1,918272.00,1490831.84,0,python app/src/simulation.py --env <db> --projection-id 401 --seed 78 --months 240
5500000,401,79,240,0.6.0,yes,1,922046.15,1440168.11,0,python app/src/simulation.py --env <db> --projection-id 401 --seed 79 --months 240
5500000,401,80,240,0.6.0,yes,1,703389.38,1331459.90,0,python app/src/simulation.py --env <db> --projection-id 401 --seed 80 --months 240
5500000,401,81,240,0.6.0,yes,1,401979.03,966231.99,0,python app/src/simulation.py --env <db> --projection-id 401 --seed 81 --months 240
5500000,401,82,240,0.6.0,yes,1,207165.15,692789.19,0,python app/src/simulation.py --env <db> --projection-id 401 --seed 82 --months 240
5500000,401,83,240,0.6.0,yes,1,592182.32,1252084.40,0,python app/src/simulation.py --env <db> --projection-id 401 --seed 83 --months 240
5500000,401,84,240,0.6.0,yes,1,294207.08,803468.60,0,python app/src/simulation.py --env <db> --projection-id 401 --seed 84 --months 240
5500000,401,85,240,0.6.0,yes,1,317763.92,878421.44,0,python app/src/simulation.py --env <db> --projection-id 401 --seed 85 --months 240
5500000,401,86,240,0.6.0,yes,1,711419.27,1387711.27,0,python app/src/simulation.py --env <db> --projection-id 401 --seed 86 --months 240
5500000,401,87,240,0.6.0,yes,1,487282.48,1064389.24,0,python app/src/simulation.py --env <db> --projection-id 401 --seed 87 --months 240
5500000,401,88,240,0.6.0,yes,1,45836.97,335651.40,0,python app/src/simulation.py --env <db> --projection-id 401 --seed 88 --months 240
5500000,401,89,240,0.6.0,yes,1,733483.80,1278347.52,0,python app/src/simulation.py --env <db> --projection-id 401 --seed 89 --months 240
5500000,401,90,240,0.6.0,yes,1,196984.56,768281.61,0,python app/src/simulation.py --env <db> --projection-id 401 --seed 90 --months 240
5500000,401,91,240,0.6.0,yes,1,303510.23,874879.31,0,python app/src/simulation.py --env <db> --projection-id 401 --seed 91 --months 240
5500000,401,92,240,0.6.0,yes,1,822048.98,1356286.10,0,python app/src/simulation.py --env <db> --projection-id 401 --seed 92 --months 240
5500000,401,93,240,0.6.0,yes,1,706273.23,1307330.78,0,python app/src/simulation.py --env <db> --projection-id 401 --seed 93 --months 240
5500000,401,94,240,0.6.0,yes,1,62848.98,131958.03,0,python app/src/simulation.py --env <db> --projection-id 401 --seed 94 --months 240
5500000,401,95,240,0.6.0,yes,1,657123.98,1147236.50,0,python app/src/simulation.py --env <db> --projection-id 401 --seed 95 --months 240
5500000,401,96,240,0.6.0,yes,1,1262788.43,1906652.63,0,python app/src/simulation.py --env <db> --projection-id 401 --seed 96 --months 240
5500000,401,97,240,0.6.0,yes,1,1163802.72,1789537.92,0,python app/src/simulation.py --env <db> --projection-id 401 --seed 97 --months 240
5500000,401,98,240,0.6.0,yes,1,802533.25,1356308.77,0,python app/src/simulation.py --env <db> --projection-id 401 --seed 98 --months 240
5500000,401,99,240,0.6.0,yes,1,390478.47,1008064.47,0,python app/src/simulation.py --env <db> --projection-id 401 --seed 99 --months 240
5500000,401,100,240,0.6.0,yes,1,412071.42,931300.98,0,python app/src/simulation.py --env <db> --projection-id 401 --seed 100 --months 240
5500000,401,101,240,0.6.0,yes,1,421944.80,1098188.48,0,python app/src/simulation.py --env <db> --projection-id 401 --seed 101 --months 240
5500000,401,102,240,0.6.0,yes,1,42849.20,94088.87,0,python app/src/simulation.py --env <db> --projection-id 401 --seed 102 --months 240
5500000,401,103,240,0.6.0,yes,1,1005854.12,1578344.12,0,python app/src/simulation.py --env <db> --projection-id 401 --seed 103 --months 240
5500000,401,104,240,0.6.0,yes,1,567973.27,1269958.27,0,python app/src/simulation.py --env <db> --projection-id 401 --seed 104 --months 240
5500000,401,105,240,0.6.0,yes,1,564511.95,1173760.47,0,python app/src/simulation.py --env <db> --projection-id 401 --seed 105 --months 240
5500000,401,106,240,0.6.0,yes,1,559459.47,1150258.47,0,python app/src/simulation.py --env <db> --projection-id 401 --seed 106 --months 240
5500000,401,107,240,0.6.0,yes,1,988153.28,1601107.52,0,python app/src/simulation.py --env <db> --projection-id 401 --seed 107 --months 240
5500000,401,108,240,0.6.0,yes,1,40754.17,447151.93,0,python app/src/simulation.py --env <db> --projection-id 401 --seed 108 --months 240
5500000,401,109,240,0.6.0,yes,1,408895.69,981448.57,0,python app/src/simulation.py --env <db> --projection-id 401 --seed 109 --months 240
5500000,401,110,240,0.6.0,yes,1,962299.07,1601842.28,0,python app/src/simulation.py --env <db> --projection-id 401 --seed 110 --months 240
5500000,401,111,240,0.6.0,yes,1,914980.58,1577114.59,0,python app/src/simulation.py --env <db> --projection-id 401 --seed 111 --months 240
5500000,401,112,240,0.6.0,yes,1,679489.51,1260460.51,0,python app/src/simulation.py --env <db> --projection-id 401 --seed 112 --months 240
5500000,401,113,240,0.6.0,yes,1,1027365.26,1510680.86,0,python app/src/simulation.py --env <db> --projection-id 401 --seed 113 --months 240
5500000,401,114,240,0.6.0,yes,1,702067.87,1220660.35,0,python app/src/simulation.py --env <db> --projection-id 401 --seed 114 --months 240
5500000,401,115,240,0.6.0,yes,1,490011.46,1077865.06,0,python app/src/simulation.py --env <db> --projection-id 401 --seed 115 --months 240
5500000,401,116,240,0.6.0,yes,1,500730.66,1159705.26,0,python app/src/simulation.py --env <db> --projection-id 401 --seed 116 --months 240
5500000,401,117,240,0.6.0,yes,1,658886.30,1222048.22,0,python app/src/simulation.py --env <db> --projection-id 401 --seed 117 --months 240
5500000,401,118,240,0.6.0,yes,1,822360.38,1393071.10,0,python app/src/simulation.py --env <db> --projection-id 401 --seed 118 --months 240
5500000,401,119,240,0.6.0,yes,1,770168.55,1340151.51,0,python app/src/simulation.py --env <db> --projection-id 401 --seed 119 --months 240
5500000,401,120,240,0.6.0,yes,1,538341.58,1100708.02,0,python app/src/simulation.py --env <db> --projection-id 401 --seed 120 --months 240
5500000,401,121,240,0.6.0,yes,1,47972.55,438845.72,0,python app/src/simulation.py --env <db> --projection-id 401 --seed 121 --months 240
5500000,401,122,240,0.6.0,yes,1,1101276.78,1644341.82,0,python app/src/simulation.py --env <db> --projection-id 401 --seed 122 --months 240
5500000,401,123,240,0.6.0,yes,1,1014210.79,1607543.08,0,python app/src/simulation.py --env <db> --projection-id 401 --seed 123 --months 240
5500000,401,124,240,0.6.0,yes,1,319589.39,861100.07,0,python app/src/simulation.py --env <db> --projection-id 401 --seed 124 --months 240
5500000,401,125,240,0.6.0,yes,1,344617.05,892101.45,0,python app/src/simulation.py --env <db> --projection-id 401 --seed 125 --months 240
5500000,401,126,240,0.6.0,yes,1,990197.00,1483932.44,0,python app/src/simulation.py --env <db> --projection-id 401 --seed 126 --months 240
5500000,401,127,240,0.6.0,yes,1,665679.06,1232797.98,0,python app/src/simulation.py --env <db> --projection-id 401 --seed 127 --months 240
5500000,401,128,240,0.6.0,yes,1,1180923.41,1738667.45,0,python app/src/simulation.py --env <db> --projection-id 401 --seed 128 --months 240
5500000,401,129,240,0.6.0,yes,1,594368.83,1271938.05,0,python app/src/simulation.py --env <db> --projection-id 401 --seed 129 --months 240
5500000,401,130,240,0.6.0,yes,1,589312.16,1214879.48,0,python app/src/simulation.py --env <db> --projection-id 401 --seed 130 --months 240
5500000,401,131,240,0.6.0,yes,1,463768.76,982335.68,0,python app/src/simulation.py --env <db> --projection-id 401 --seed 131 --months 240
5500000,401,132,240,0.6.0,yes,1,840023.95,1498571.35,0,python app/src/simulation.py --env <db> --projection-id 401 --seed 132 --months 240
5500000,401,133,240,0.6.0,yes,1,968934.30,1518306.78,0,python app/src/simulation.py --env <db> --projection-id 401 --seed 133 --months 240
5500000,401,134,240,0.6.0,yes,1,903926.80,1408668.16,0,python app/src/simulation.py --env <db> --projection-id 401 --seed 134 --months 240
5500000,401,135,240,0.6.0,yes,1,79246.62,225119.87,0,python app/src/simulation.py --env <db> --projection-id 401 --seed 135 --months 240
5500000,401,136,240,0.6.0,yes,1,189787.36,732722.54,0,python app/src/simulation.py --env <db> --projection-id 401 --seed 136 --months 240
5500000,401,137,240,0.6.0,yes,1,190997.26,672018.06,0,python app/src/simulation.py --env <db> --projection-id 401 --seed 137 --months 240
5500000,401,138,240,0.6.0,yes,1,702363.31,1240763.71,0,python app/src/simulation.py --env <db> --projection-id 401 --seed 138 --months 240
5500000,401,139,240,0.6.0,yes,1,977955.51,1492534.95,0,python app/src/simulation.py --env <db> --projection-id 401 --seed 139 --months 240
5500000,401,140,240,0.6.0,yes,1,371672.56,921210.40,0,python app/src/simulation.py --env <db> --projection-id 401 --seed 140 --months 240
5500000,401,141,240,0.6.0,yes,1,825132.27,1430517.03,0,python app/src/simulation.py --env <db> --projection-id 401 --seed 141 --months 240
5500000,401,142,240,0.6.0,yes,1,706263.99,1202557.95,0,python app/src/simulation.py --env <db> --projection-id 401 --seed 142 --months 240
5500000,401,143,240,0.6.0,yes,1,658025.25,1286105.01,0,python app/src/simulation.py --env <db> --projection-id 401 --seed 143 --months 240
5500000,401,144,240,0.6.0,yes,1,609408.14,1164252.86,0,python app/src/simulation.py --env <db> --projection-id 401 --seed 144 --months 240
5500000,401,145,240,0.6.0,yes,1,152878.01,293685.49,0,python app/src/simulation.py --env <db> --projection-id 401 --seed 145 --months 240
5500000,401,146,240,0.6.0,yes,1,1005084.96,1521310.68,0,python app/src/simulation.py --env <db> --projection-id 401 --seed 146 --months 240
5500000,401,147,240,0.6.0,yes,0,0.00,0.00,0,python app/src/simulation.py --env <db> --projection-id 401 --seed 147 --months 240
5500000,401,148,240,0.6.0,yes,1,556770.30,1053436.38,0,python app/src/simulation.py --env <db> --projection-id 401 --seed 148 --months 240
5500000,401,149,240,0.6.0,yes,1,65147.70,598691.22,0,python app/src/simulation.py --env <db> --projection-id 401 --seed 149 --months 240
5500000,401,150,240,0.6.0,yes,1,791047.82,1340318.42,0,python app/src/simulation.py --env <db> --projection-id 401 --seed 150 --months 240
6000000,402,1,240,0.6.0,yes,1,779202.57,1338258.21,0,python app/src/simulation.py --env <db> --projection-id 402 --seed 1 --months 240
6000000,402,2,240,0.6.0,yes,1,762496.61,1387664.73,0,python app/src/simulation.py --env <db> --projection-id 402 --seed 2 --months 240
6000000,402,3,240,0.6.0,yes,1,43051.20,570518.67,0,python app/src/simulation.py --env <db> --projection-id 402 --seed 3 --months 240
6000000,402,4,240,0.6.0,yes,1,616090.47,1262366.43,0,python app/src/simulation.py --env <db> --projection-id 402 --seed 4 --months 240
6000000,402,5,240,0.6.0,yes,1,832120.62,1329404.22,0,python app/src/simulation.py --env <db> --projection-id 402 --seed 5 --months 240
6000000,402,6,240,0.6.0,yes,1,740421.86,1327384.82,0,python app/src/simulation.py --env <db> --projection-id 402 --seed 6 --months 240
6000000,402,7,240,0.6.0,yes,1,1394985.46,2041365.58,0,python app/src/simulation.py --env <db> --projection-id 402 --seed 7 --months 240
6000000,402,8,240,0.6.0,yes,1,668563.93,1276450.35,0,python app/src/simulation.py --env <db> --projection-id 402 --seed 8 --months 240
6000000,402,9,240,0.6.0,yes,1,350070.86,926812.74,0,python app/src/simulation.py --env <db> --projection-id 402 --seed 9 --months 240
6000000,402,10,240,0.6.0,yes,1,996876.96,1602998.64,0,python app/src/simulation.py --env <db> --projection-id 402 --seed 10 --months 240
6000000,402,11,240,0.6.0,yes,1,1167613.66,1758163.02,0,python app/src/simulation.py --env <db> --projection-id 402 --seed 11 --months 240
6000000,402,12,240,0.6.0,yes,1,998753.20,1726086.16,0,python app/src/simulation.py --env <db> --projection-id 402 --seed 12 --months 240
6000000,402,13,240,0.6.0,yes,1,648978.83,1233028.69,0,python app/src/simulation.py --env <db> --projection-id 402 --seed 13 --months 240
6000000,402,14,240,0.6.0,yes,1,158717.32,723778.36,0,python app/src/simulation.py --env <db> --projection-id 402 --seed 14 --months 240
6000000,402,15,240,0.6.0,yes,1,34276.73,433970.76,0,python app/src/simulation.py --env <db> --projection-id 402 --seed 15 --months 240
6000000,402,16,240,0.6.0,yes,1,791330.26,1490208.67,0,python app/src/simulation.py --env <db> --projection-id 402 --seed 16 --months 240
6000000,402,17,240,0.6.0,yes,1,724471.39,1336175.83,0,python app/src/simulation.py --env <db> --projection-id 402 --seed 17 --months 240
6000000,402,18,240,0.6.0,yes,1,1385044.28,1971686.36,0,python app/src/simulation.py --env <db> --projection-id 402 --seed 18 --months 240
6000000,402,19,240,0.6.0,yes,1,472854.48,1103625.98,0,python app/src/simulation.py --env <db> --projection-id 402 --seed 19 --months 240
6000000,402,20,240,0.6.0,yes,1,1436470.17,2095037.01,0,python app/src/simulation.py --env <db> --projection-id 402 --seed 20 --months 240
6000000,402,21,240,0.6.0,yes,1,516923.91,1179947.79,0,python app/src/simulation.py --env <db> --projection-id 402 --seed 21 --months 240
6000000,402,22,240,0.6.0,yes,1,335697.21,989332.71,0,python app/src/simulation.py --env <db> --projection-id 402 --seed 22 --months 240
6000000,402,23,240,0.6.0,yes,1,1040269.93,1683401.76,0,python app/src/simulation.py --env <db> --projection-id 402 --seed 23 --months 240
6000000,402,24,240,0.6.0,yes,1,1214204.81,1983127.15,0,python app/src/simulation.py --env <db> --projection-id 402 --seed 24 --months 240
6000000,402,25,240,0.6.0,yes,1,1081904.41,1909790.43,0,python app/src/simulation.py --env <db> --projection-id 402 --seed 25 --months 240
6000000,402,26,240,0.6.0,yes,1,923085.41,1488956.36,0,python app/src/simulation.py --env <db> --projection-id 402 --seed 26 --months 240
6000000,402,27,240,0.6.0,yes,1,895509.71,1494125.99,0,python app/src/simulation.py --env <db> --projection-id 402 --seed 27 --months 240
6000000,402,28,240,0.6.0,yes,1,102086.33,623231.69,0,python app/src/simulation.py --env <db> --projection-id 402 --seed 28 --months 240
6000000,402,29,240,0.6.0,yes,1,478101.78,1136854.25,0,python app/src/simulation.py --env <db> --projection-id 402 --seed 29 --months 240
6000000,402,30,240,0.6.0,yes,1,1188792.29,1708400.57,0,python app/src/simulation.py --env <db> --projection-id 402 --seed 30 --months 240
6000000,402,31,240,0.6.0,yes,1,453162.21,984596.37,0,python app/src/simulation.py --env <db> --projection-id 402 --seed 31 --months 240
6000000,402,32,240,0.6.0,yes,1,412301.30,1002018.26,0,python app/src/simulation.py --env <db> --projection-id 402 --seed 32 --months 240
6000000,402,33,240,0.6.0,yes,1,498283.98,1119655.97,1,python app/src/simulation.py --env <db> --projection-id 402 --seed 33 --months 240
6000000,402,34,240,0.6.0,yes,1,528069.49,1191895.69,0,python app/src/simulation.py --env <db> --projection-id 402 --seed 34 --months 240
6000000,402,35,240,0.6.0,yes,1,1308237.61,2012832.13,0,python app/src/simulation.py --env <db> --projection-id 402 --seed 35 --months 240
6000000,402,36,240,0.6.0,yes,1,1052937.34,1663916.74,0,python app/src/simulation.py --env <db> --projection-id 402 --seed 36 --months 240
6000000,402,37,240,0.6.0,yes,1,415391.75,1033663.99,0,python app/src/simulation.py --env <db> --projection-id 402 --seed 37 --months 240
6000000,402,38,240,0.6.0,yes,1,744097.89,1348844.61,0,python app/src/simulation.py --env <db> --projection-id 402 --seed 38 --months 240
6000000,402,39,240,0.6.0,yes,1,735029.52,1331177.28,0,python app/src/simulation.py --env <db> --projection-id 402 --seed 39 --months 240
6000000,402,40,240,0.6.0,yes,1,890070.95,1483779.29,0,python app/src/simulation.py --env <db> --projection-id 402 --seed 40 --months 240
6000000,402,41,240,0.6.0,yes,1,239194.95,775082.55,0,python app/src/simulation.py --env <db> --projection-id 402 --seed 41 --months 240
6000000,402,42,240,0.6.0,yes,1,1046423.84,1683857.83,0,python app/src/simulation.py --env <db> --projection-id 402 --seed 42 --months 240
6000000,402,43,240,0.6.0,yes,1,1135928.29,1757984.29,0,python app/src/simulation.py --env <db> --projection-id 402 --seed 43 --months 240
6000000,402,44,240,0.6.0,yes,1,36017.48,82673.35,0,python app/src/simulation.py --env <db> --projection-id 402 --seed 44 --months 240
6000000,402,45,240,0.6.0,yes,1,1155252.42,1751547.06,0,python app/src/simulation.py --env <db> --projection-id 402 --seed 45 --months 240
6000000,402,46,240,0.6.0,yes,1,431253.41,1042099.02,0,python app/src/simulation.py --env <db> --projection-id 402 --seed 46 --months 240
6000000,402,47,240,0.6.0,yes,1,514943.75,1130770.91,0,python app/src/simulation.py --env <db> --projection-id 402 --seed 47 --months 240
6000000,402,48,240,0.6.0,yes,1,639054.09,1306232.57,0,python app/src/simulation.py --env <db> --projection-id 402 --seed 48 --months 240
6000000,402,49,240,0.6.0,yes,1,481383.38,1083255.26,0,python app/src/simulation.py --env <db> --projection-id 402 --seed 49 --months 240
6000000,402,50,240,0.6.0,yes,1,1234160.95,1862197.51,0,python app/src/simulation.py --env <db> --projection-id 402 --seed 50 --months 240
6000000,402,51,240,0.6.0,yes,1,824604.40,1463369.56,0,python app/src/simulation.py --env <db> --projection-id 402 --seed 51 --months 240
6000000,402,52,240,0.6.0,yes,1,1010947.45,1605142.21,0,python app/src/simulation.py --env <db> --projection-id 402 --seed 52 --months 240
6000000,402,53,240,0.6.0,yes,1,462610.31,1037357.75,0,python app/src/simulation.py --env <db> --projection-id 402 --seed 53 --months 240
6000000,402,54,240,0.6.0,yes,1,1161135.02,1758838.22,0,python app/src/simulation.py --env <db> --projection-id 402 --seed 54 --months 240
6000000,402,55,240,0.6.0,yes,1,1140457.40,1808865.20,0,python app/src/simulation.py --env <db> --projection-id 402 --seed 55 --months 240
6000000,402,56,240,0.6.0,yes,1,987046.49,1602597.74,0,python app/src/simulation.py --env <db> --projection-id 402 --seed 56 --months 240
6000000,402,57,240,0.6.0,yes,1,693978.34,1300144.27,0,python app/src/simulation.py --env <db> --projection-id 402 --seed 57 --months 240
6000000,402,58,240,0.6.0,yes,1,611356.14,1349394.21,0,python app/src/simulation.py --env <db> --projection-id 402 --seed 58 --months 240
6000000,402,59,240,0.6.0,yes,1,1002170.61,1537329.57,0,python app/src/simulation.py --env <db> --projection-id 402 --seed 59 --months 240
6000000,402,60,240,0.6.0,yes,1,1125623.44,1743653.08,0,python app/src/simulation.py --env <db> --projection-id 402 --seed 60 --months 240
6000000,402,61,240,0.6.0,yes,1,771351.96,1311801.36,0,python app/src/simulation.py --env <db> --projection-id 402 --seed 61 --months 240
6000000,402,62,240,0.6.0,yes,1,741611.53,1338102.85,0,python app/src/simulation.py --env <db> --projection-id 402 --seed 62 --months 240
6000000,402,63,240,0.6.0,yes,1,45985.94,343493.50,0,python app/src/simulation.py --env <db> --projection-id 402 --seed 63 --months 240
6000000,402,64,240,0.6.0,yes,1,624563.55,1258557.06,1,python app/src/simulation.py --env <db> --projection-id 402 --seed 64 --months 240
6000000,402,65,240,0.6.0,yes,1,1154309.50,1757062.06,0,python app/src/simulation.py --env <db> --projection-id 402 --seed 65 --months 240
6000000,402,66,240,0.6.0,yes,1,829456.00,1435374.83,0,python app/src/simulation.py --env <db> --projection-id 402 --seed 66 --months 240
6000000,402,67,240,0.6.0,yes,1,596071.41,1172723.85,0,python app/src/simulation.py --env <db> --projection-id 402 --seed 67 --months 240
6000000,402,68,240,0.6.0,yes,1,905007.27,1508064.39,0,python app/src/simulation.py --env <db> --projection-id 402 --seed 68 --months 240
6000000,402,69,240,0.6.0,yes,1,750475.07,1323379.31,0,python app/src/simulation.py --env <db> --projection-id 402 --seed 69 --months 240
6000000,402,70,240,0.6.0,yes,1,1029055.54,1687988.95,0,python app/src/simulation.py --env <db> --projection-id 402 --seed 70 --months 240
6000000,402,71,240,0.6.0,yes,1,1210074.13,1866683.41,0,python app/src/simulation.py --env <db> --projection-id 402 --seed 71 --months 240
6000000,402,72,240,0.6.0,yes,1,1126482.44,1744162.76,0,python app/src/simulation.py --env <db> --projection-id 402 --seed 72 --months 240
6000000,402,73,240,0.6.0,yes,1,48281.00,308895.82,0,python app/src/simulation.py --env <db> --projection-id 402 --seed 73 --months 240
6000000,402,74,240,0.6.0,yes,1,71339.39,163277.29,0,python app/src/simulation.py --env <db> --projection-id 402 --seed 74 --months 240
6000000,402,75,240,0.6.0,yes,1,1247332.46,1902632.30,0,python app/src/simulation.py --env <db> --projection-id 402 --seed 75 --months 240
6000000,402,76,240,0.6.0,yes,1,489614.36,1066223.96,0,python app/src/simulation.py --env <db> --projection-id 402 --seed 76 --months 240
6000000,402,77,240,0.6.0,yes,1,625312.63,1263504.19,0,python app/src/simulation.py --env <db> --projection-id 402 --seed 77 --months 240
6000000,402,78,240,0.6.0,yes,1,496318.52,1091505.63,0,python app/src/simulation.py --env <db> --projection-id 402 --seed 78 --months 240
6000000,402,79,240,0.6.0,yes,1,456141.45,1026574.80,0,python app/src/simulation.py --env <db> --projection-id 402 --seed 79 --months 240
6000000,402,80,240,0.6.0,yes,1,733280.94,1382493.09,0,python app/src/simulation.py --env <db> --projection-id 402 --seed 80 --months 240
6000000,402,81,240,0.6.0,yes,1,668377.86,1247834.34,0,python app/src/simulation.py --env <db> --projection-id 402 --seed 81 --months 240
6000000,402,82,240,0.6.0,yes,1,252211.24,751784.56,0,python app/src/simulation.py --env <db> --projection-id 402 --seed 82 --months 240
6000000,402,83,240,0.6.0,yes,1,1119092.24,1770759.40,0,python app/src/simulation.py --env <db> --projection-id 402 --seed 83 --months 240
6000000,402,84,240,0.6.0,yes,1,719440.92,1281122.88,0,python app/src/simulation.py --env <db> --projection-id 402 --seed 84 --months 240
6000000,402,85,240,0.6.0,yes,1,1158445.39,1759935.07,0,python app/src/simulation.py --env <db> --projection-id 402 --seed 85 --months 240
6000000,402,86,240,0.6.0,yes,1,1837006.85,2516683.73,0,python app/src/simulation.py --env <db> --projection-id 402 --seed 86 --months 240
6000000,402,87,240,0.6.0,yes,1,930268.68,1539157.68,0,python app/src/simulation.py --env <db> --projection-id 402 --seed 87 --months 240
6000000,402,88,240,0.6.0,yes,1,208104.02,789468.74,0,python app/src/simulation.py --env <db> --projection-id 402 --seed 88 --months 240
6000000,402,89,240,0.6.0,yes,1,425401.10,1022027.96,0,python app/src/simulation.py --env <db> --projection-id 402 --seed 89 --months 240
6000000,402,90,240,0.6.0,yes,1,1248668.49,1861756.41,0,python app/src/simulation.py --env <db> --projection-id 402 --seed 90 --months 240
6000000,402,91,240,0.6.0,yes,1,729911.54,1345551.67,0,python app/src/simulation.py --env <db> --projection-id 402 --seed 91 --months 240
6000000,402,92,240,0.6.0,yes,1,753982.62,1324266.54,0,python app/src/simulation.py --env <db> --projection-id 402 --seed 92 --months 240
6000000,402,93,240,0.6.0,yes,1,882454.90,1487628.89,0,python app/src/simulation.py --env <db> --projection-id 402 --seed 93 --months 240
6000000,402,94,240,0.6.0,yes,1,62848.98,433495.07,0,python app/src/simulation.py --env <db> --projection-id 402 --seed 94 --months 240
6000000,402,95,240,0.6.0,yes,1,671818.01,1198419.41,0,python app/src/simulation.py --env <db> --projection-id 402 --seed 95 --months 240
6000000,402,96,240,0.6.0,yes,1,542548.02,1236006.30,0,python app/src/simulation.py --env <db> --projection-id 402 --seed 96 --months 240
6000000,402,97,240,0.6.0,yes,1,1382533.98,2058729.30,0,python app/src/simulation.py --env <db> --projection-id 402 --seed 97 --months 240
6000000,402,98,240,0.6.0,yes,1,1213491.51,1803906.99,0,python app/src/simulation.py --env <db> --projection-id 402 --seed 98 --months 240
6000000,402,99,240,0.6.0,yes,1,846209.79,1507604.67,0,python app/src/simulation.py --env <db> --projection-id 402 --seed 99 --months 240
6000000,402,100,240,0.6.0,yes,1,831410.78,1350640.34,0,python app/src/simulation.py --env <db> --projection-id 402 --seed 100 --months 240
6000000,402,101,240,0.6.0,yes,1,976524.16,1662480.74,0,python app/src/simulation.py --env <db> --projection-id 402 --seed 101 --months 240
6000000,402,102,240,0.6.0,yes,1,163745.51,718823.64,0,python app/src/simulation.py --env <db> --projection-id 402 --seed 102 --months 240
6000000,402,103,240,0.6.0,yes,1,512631.30,1116450.01,0,python app/src/simulation.py --env <db> --projection-id 402 --seed 103 --months 240
6000000,402,104,240,0.6.0,yes,1,1085837.73,1768254.22,1,python app/src/simulation.py --env <db> --projection-id 402 --seed 104 --months 240
6000000,402,105,240,0.6.0,yes,1,704835.04,1350489.25,0,python app/src/simulation.py --env <db> --projection-id 402 --seed 105 --months 240
6000000,402,106,240,0.6.0,yes,1,416290.82,1029344.39,0,python app/src/simulation.py --env <db> --projection-id 402 --seed 106 --months 240
6000000,402,107,240,0.6.0,yes,1,457879.76,1075904.24,0,python app/src/simulation.py --env <db> --projection-id 402 --seed 107 --months 240
6000000,402,108,240,0.6.0,yes,1,102136.76,667660.16,0,python app/src/simulation.py --env <db> --projection-id 402 --seed 108 --months 240
6000000,402,109,240,0.6.0,yes,1,606493.44,1200222.72,0,python app/src/simulation.py --env <db> --projection-id 402 --seed 109 --months 240
6000000,402,110,240,0.6.0,yes,1,516036.09,1174091.67,0,python app/src/simulation.py --env <db> --projection-id 402 --seed 110 --months 240
6000000,402,111,240,0.6.0,yes,1,457908.97,1137713.91,0,python app/src/simulation.py --env <db> --projection-id 402 --seed 111 --months 240
6000000,402,112,240,0.6.0,yes,1,1000961.27,1614283.32,0,python app/src/simulation.py --env <db> --projection-id 402 --seed 112 --months 240
6000000,402,113,240,0.6.0,yes,1,964279.52,1546592.41,0,python app/src/simulation.py --env <db> --projection-id 402 --seed 113 --months 240
6000000,402,114,240,0.6.0,yes,1,993045.39,1531589.31,0,python app/src/simulation.py --env <db> --projection-id 402 --seed 114 --months 240
6000000,402,115,240,0.6.0,yes,1,360089.66,979553.48,0,python app/src/simulation.py --env <db> --projection-id 402 --seed 115 --months 240
6000000,402,116,240,0.6.0,yes,1,1046328.57,1705693.29,0,python app/src/simulation.py --env <db> --projection-id 402 --seed 116 --months 240
6000000,402,117,240,0.6.0,yes,1,1045165.82,1641671.54,0,python app/src/simulation.py --env <db> --projection-id 402 --seed 117 --months 240
6000000,402,118,240,0.6.0,yes,1,984040.99,1612392.75,0,python app/src/simulation.py --env <db> --projection-id 402 --seed 118 --months 240
6000000,402,119,240,0.6.0,yes,1,646014.74,1336022.90,0,python app/src/simulation.py --env <db> --projection-id 402 --seed 119 --months 240
6000000,402,120,240,0.6.0,yes,1,359955.64,975462.64,0,python app/src/simulation.py --env <db> --projection-id 402 --seed 120 --months 240
6000000,402,121,240,0.6.0,yes,1,374029.49,934741.13,0,python app/src/simulation.py --env <db> --projection-id 402 --seed 121 --months 240
6000000,402,122,240,0.6.0,yes,1,934911.31,1527998.59,0,python app/src/simulation.py --env <db> --projection-id 402 --seed 122 --months 240
6000000,402,123,240,0.6.0,yes,1,889704.70,1457025.73,0,python app/src/simulation.py --env <db> --projection-id 402 --seed 123 --months 240
6000000,402,124,240,0.6.0,yes,1,419945.64,994986.72,0,python app/src/simulation.py --env <db> --projection-id 402 --seed 124 --months 240
6000000,402,125,240,0.6.0,yes,1,862349.38,1441882.06,0,python app/src/simulation.py --env <db> --projection-id 402 --seed 125 --months 240
6000000,402,126,240,0.6.0,yes,1,662965.09,1237786.90,0,python app/src/simulation.py --env <db> --projection-id 402 --seed 126 --months 240
6000000,402,127,240,0.6.0,yes,1,1185455.87,1804093.19,0,python app/src/simulation.py --env <db> --projection-id 402 --seed 127 --months 240
6000000,402,128,240,0.6.0,yes,1,1090812.63,1680136.44,0,python app/src/simulation.py --env <db> --projection-id 402 --seed 128 --months 240
6000000,402,129,240,0.6.0,yes,1,1161176.10,1838745.32,0,python app/src/simulation.py --env <db> --projection-id 402 --seed 129 --months 240
6000000,402,130,240,0.6.0,yes,1,253185.77,961392.89,0,python app/src/simulation.py --env <db> --projection-id 402 --seed 130 --months 240
6000000,402,131,240,0.6.0,yes,1,745198.28,1314941.84,0,python app/src/simulation.py --env <db> --projection-id 402 --seed 131 --months 240
6000000,402,132,240,0.6.0,yes,1,700721.62,1320676.91,0,python app/src/simulation.py --env <db> --projection-id 402 --seed 132 --months 240
6000000,402,133,240,0.6.0,yes,1,475194.34,1069623.46,0,python app/src/simulation.py --env <db> --projection-id 402 --seed 133 --months 240
6000000,402,134,240,0.6.0,yes,1,963553.46,1500032.66,0,python app/src/simulation.py --env <db> --projection-id 402 --seed 134 --months 240
6000000,402,135,240,0.6.0,yes,1,724328.53,1366078.57,0,python app/src/simulation.py --env <db> --projection-id 402 --seed 135 --months 240
6000000,402,136,240,0.6.0,yes,1,1169703.24,1750088.64,0,python app/src/simulation.py --env <db> --projection-id 402 --seed 136 --months 240
6000000,402,137,240,0.6.0,yes,1,295227.35,845642.63,0,python app/src/simulation.py --env <db> --projection-id 402 --seed 137 --months 240
6000000,402,138,240,0.6.0,yes,1,436656.76,1041656.32,0,python app/src/simulation.py --env <db> --projection-id 402 --seed 138 --months 240
6000000,402,139,240,0.6.0,yes,1,571146.39,1152075.99,0,python app/src/simulation.py --env <db> --projection-id 402 --seed 139 --months 240
6000000,402,140,240,0.6.0,yes,1,372749.59,1013827.08,0,python app/src/simulation.py --env <db> --projection-id 402 --seed 140 --months 240
6000000,402,141,240,0.6.0,yes,1,1327292.88,1937502.96,0,python app/src/simulation.py --env <db> --projection-id 402 --seed 141 --months 240
6000000,402,142,240,0.6.0,yes,1,367983.49,926699.53,0,python app/src/simulation.py --env <db> --projection-id 402 --seed 142 --months 240
6000000,402,143,240,0.6.0,yes,1,601931.18,1278324.38,0,python app/src/simulation.py --env <db> --projection-id 402 --seed 143 --months 240
6000000,402,144,240,0.6.0,yes,1,525957.31,1133129.71,0,python app/src/simulation.py --env <db> --projection-id 402 --seed 144 --months 240
6000000,402,145,240,0.6.0,yes,1,525683.26,1080306.82,0,python app/src/simulation.py --env <db> --projection-id 402 --seed 145 --months 240
6000000,402,146,240,0.6.0,yes,1,1132586.69,1708797.41,0,python app/src/simulation.py --env <db> --projection-id 402 --seed 146 --months 240
6000000,402,147,240,0.6.0,yes,1,46021.39,204404.49,0,python app/src/simulation.py --env <db> --projection-id 402 --seed 147 --months 240
6000000,402,148,240,0.6.0,yes,1,1220529.19,1792936.63,0,python app/src/simulation.py --env <db> --projection-id 402 --seed 148 --months 240
6000000,402,149,240,0.6.0,yes,1,448227.90,1039612.86,0,python app/src/simulation.py --env <db> --projection-id 402 --seed 149 --months 240
6000000,402,150,240,0.6.0,yes,1,563155.17,1230115.41,0,python app/src/simulation.py --env <db> --projection-id 402 --seed 150 --months 240
6500000,403,1,240,0.6.0,yes,1,583835.48,1217624.60,0,python app/src/simulation.py --env <db> --projection-id 403 --seed 1 --months 240
6500000,403,2,240,0.6.0,yes,1,1375185.52,2018825.44,0,python app/src/simulation.py --env <db> --projection-id 403 --seed 2 --months 240
6500000,403,3,240,0.6.0,yes,1,98988.35,659646.50,0,python app/src/simulation.py --env <db> --projection-id 403 --seed 3 --months 240
6500000,403,4,240,0.6.0,yes,1,516787.11,1191785.93,0,python app/src/simulation.py --env <db> --projection-id 403 --seed 4 --months 240
6500000,403,5,240,0.6.0,yes,1,1085311.63,1612564.27,0,python app/src/simulation.py --env <db> --projection-id 403 --seed 5 --months 240
6500000,403,6,240,0.6.0,yes,1,1002648.94,1604136.46,0,python app/src/simulation.py --env <db> --projection-id 403 --seed 6 --months 240
6500000,403,7,240,0.6.0,yes,1,1031792.85,1706253.81,0,python app/src/simulation.py --env <db> --projection-id 403 --seed 7 --months 240
6500000,403,8,240,0.6.0,yes,1,1347159.48,1978071.15,0,python app/src/simulation.py --env <db> --projection-id 403 --seed 8 --months 240
6500000,403,9,240,0.6.0,yes,1,662372.51,1273791.39,0,python app/src/simulation.py --env <db> --projection-id 403 --seed 9 --months 240
6500000,403,10,240,0.6.0,yes,1,417031.87,1034695.17,0,python app/src/simulation.py --env <db> --projection-id 403 --seed 10 --months 240
6500000,403,11,240,0.6.0,yes,1,1286540.12,1886595.01,0,python app/src/simulation.py --env <db> --projection-id 403 --seed 11 --months 240
6500000,403,12,240,0.6.0,yes,1,1137400.02,1937002.55,0,python app/src/simulation.py --env <db> --projection-id 403 --seed 12 --months 240
6500000,403,13,240,0.6.0,yes,1,607382.90,1222820.88,0,python app/src/simulation.py --env <db> --projection-id 403 --seed 13 --months 240
6500000,403,14,240,0.6.0,yes,1,443896.58,1121602.70,0,python app/src/simulation.py --env <db> --projection-id 403 --seed 14 --months 240
6500000,403,15,240,0.6.0,yes,1,176057.61,779273.63,0,python app/src/simulation.py --env <db> --projection-id 403 --seed 15 --months 240
6500000,403,16,240,0.6.0,yes,1,573752.81,1272631.22,0,python app/src/simulation.py --env <db> --projection-id 403 --seed 16 --months 240
6500000,403,17,240,0.6.0,yes,1,1120527.49,1732231.93,0,python app/src/simulation.py --env <db> --projection-id 403 --seed 17 --months 240
6500000,403,18,240,0.6.0,yes,1,1233943.56,1884095.28,0,python app/src/simulation.py --env <db> --projection-id 403 --seed 18 --months 240
6500000,403,19,240,0.6.0,yes,1,520695.41,1227004.08,0,python app/src/simulation.py --env <db> --projection-id 403 --seed 19 --months 240
6500000,403,20,240,0.6.0,yes,1,654285.82,1410053.98,0,python app/src/simulation.py --env <db> --projection-id 403 --seed 20 --months 240
6500000,403,21,240,0.6.0,yes,1,1402661.34,2080373.98,0,python app/src/simulation.py --env <db> --projection-id 403 --seed 21 --months 240
6500000,403,22,240,0.6.0,yes,1,835310.59,1503404.83,0,python app/src/simulation.py --env <db> --projection-id 403 --seed 22 --months 240
6500000,403,23,240,0.6.0,yes,1,366796.22,1029664.98,0,python app/src/simulation.py --env <db> --projection-id 403 --seed 23 --months 240
6500000,403,24,240,0.6.0,yes,1,1340676.66,2126635.72,0,python app/src/simulation.py --env <db> --projection-id 403 --seed 24 --months 240
6500000,403,25,240,0.6.0,yes,1,1753977.07,2672995.13,0,python app/src/simulation.py --env <db> --projection-id 403 --seed 25 --months 240
6500000,403,26,240,0.6.0,yes,1,938863.76,1512029.55,0,python app/src/simulation.py --env <db> --projection-id 403 --seed 26 --months 240
6500000,403,27,240,0.6.0,yes,1,418958.52,1051717.68,0,python app/src/simulation.py --env <db> --projection-id 403 --seed 27 --months 240
6500000,403,28,240,0.6.0,yes,1,250396.73,813537.29,0,python app/src/simulation.py --env <db> --projection-id 403 --seed 28 --months 240
6500000,403,29,240,0.6.0,yes,1,1138102.80,1757273.46,1,python app/src/simulation.py --env <db> --projection-id 403 --seed 29 --months 240
6500000,403,30,240,0.6.0,yes,1,1306807.65,1890293.13,0,python app/src/simulation.py --env <db> --projection-id 403 --seed 30 --months 240
6500000,403,31,240,0.6.0,yes,1,351532.45,914688.49,0,python app/src/simulation.py --env <db> --projection-id 403 --seed 31 --months 240
6500000,403,32,240,0.6.0,yes,1,1173906.19,1780105.02,1,python app/src/simulation.py --env <db> --projection-id 403 --seed 32 --months 240
6500000,403,33,240,0.6.0,yes,1,1185674.44,1820808.95,0,python app/src/simulation.py --env <db> --projection-id 403 --seed 33 --months 240
6500000,403,34,240,0.6.0,yes,1,1301240.24,1975554.13,0,python app/src/simulation.py --env <db> --projection-id 403 --seed 34 --months 240
6500000,403,35,240,0.6.0,yes,1,1633686.47,2380170.11,0,python app/src/simulation.py --env <db> --projection-id 403 --seed 35 --months 240
6500000,403,36,240,0.6.0,yes,1,775382.59,1454883.32,1,python app/src/simulation.py --env <db> --projection-id 403 --seed 36 --months 240
6500000,403,37,240,0.6.0,yes,1,300065.96,903258.85,0,python app/src/simulation.py --env <db> --projection-id 403 --seed 37 --months 240
6500000,403,38,240,0.6.0,yes,1,1084312.64,1723874.96,0,python app/src/simulation.py --env <db> --projection-id 403 --seed 38 --months 240
6500000,403,39,240,0.6.0,yes,1,1001529.69,1605587.96,0,python app/src/simulation.py --env <db> --projection-id 403 --seed 39 --months 240
6500000,403,40,240,0.6.0,yes,1,326362.63,961391.14,0,python app/src/simulation.py --env <db> --projection-id 403 --seed 40 --months 240
6500000,403,41,240,0.6.0,yes,1,1001862.28,1643287.96,0,python app/src/simulation.py --env <db> --projection-id 403 --seed 41 --months 240
6500000,403,42,240,0.6.0,yes,1,796674.00,1455242.91,0,python app/src/simulation.py --env <db> --projection-id 403 --seed 42 --months 240
6500000,403,43,240,0.6.0,yes,1,1063310.41,1722717.37,0,python app/src/simulation.py --env <db> --projection-id 403 --seed 43 --months 240
6500000,403,44,240,0.6.0,yes,1,47767.41,295388.92,0,python app/src/simulation.py --env <db> --projection-id 403 --seed 44 --months 240
6500000,403,45,240,0.6.0,yes,1,635992.47,1289420.81,0,python app/src/simulation.py --env <db> --projection-id 403 --seed 45 --months 240
6500000,403,46,240,0.6.0,yes,1,466282.14,1089460.60,0,python app/src/simulation.py --env <db> --projection-id 403 --seed 46 --months 240
6500000,403,47,240,0.6.0,yes,1,1482800.66,2111223.94,0,python app/src/simulation.py --env <db> --projection-id 403 --seed 47 --months 240
6500000,403,48,240,0.6.0,yes,1,1159876.04,1811783.33,0,python app/src/simulation.py --env <db> --projection-id 403 --seed 48 --months 240
6500000,403,49,240,0.6.0,yes,1,854127.96,1492177.32,0,python app/src/simulation.py --env <db> --projection-id 403 --seed 49 --months 240
6500000,403,50,240,0.6.0,yes,1,367827.53,963608.44,0,python app/src/simulation.py --env <db> --projection-id 403 --seed 50 --months 240
6500000,403,51,240,0.6.0,yes,1,1395955.98,2054018.22,0,python app/src/simulation.py --env <db> --projection-id 403 --seed 51 --months 240
6500000,403,52,240,0.6.0,yes,1,633499.51,1235485.32,0,python app/src/simulation.py --env <db> --projection-id 403 --seed 52 --months 240
6500000,403,53,240,0.6.0,yes,1,648361.01,1286088.01,0,python app/src/simulation.py --env <db> --projection-id 403 --seed 53 --months 240
6500000,403,54,240,0.6.0,yes,1,1069993.89,1691582.65,0,python app/src/simulation.py --env <db> --projection-id 403 --seed 54 --months 240
6500000,403,55,240,0.6.0,yes,1,1169127.39,1883148.43,0,python app/src/simulation.py --env <db> --projection-id 403 --seed 55 --months 240
6500000,403,56,240,0.6.0,yes,1,963926.98,1613107.89,0,python app/src/simulation.py --env <db> --projection-id 403 --seed 56 --months 240
6500000,403,57,240,0.6.0,yes,1,591083.22,1264403.27,0,python app/src/simulation.py --env <db> --projection-id 403 --seed 57 --months 240
6500000,403,58,240,0.6.0,yes,1,901417.67,1650733.14,0,python app/src/simulation.py --env <db> --projection-id 403 --seed 58 --months 240
6500000,403,59,240,0.6.0,yes,1,397713.63,964441.95,0,python app/src/simulation.py --env <db> --projection-id 403 --seed 59 --months 240
6500000,403,60,240,0.6.0,yes,1,1444028.60,2088038.21,0,python app/src/simulation.py --env <db> --projection-id 403 --seed 60 --months 240
6500000,403,61,240,0.6.0,yes,1,523904.83,1126716.91,0,python app/src/simulation.py --env <db> --projection-id 403 --seed 61 --months 240
6500000,403,62,240,0.6.0,yes,1,862892.00,1497472.88,0,python app/src/simulation.py --env <db> --projection-id 403 --seed 62 --months 240
6500000,403,63,240,0.6.0,yes,1,878550.45,1419320.25,0,python app/src/simulation.py --env <db> --projection-id 403 --seed 63 --months 240
6500000,403,64,240,0.6.0,yes,1,390456.46,1033138.24,0,python app/src/simulation.py --env <db> --projection-id 403 --seed 64 --months 240
6500000,403,65,240,0.6.0,yes,1,1167628.93,1770381.49,0,python app/src/simulation.py --env <db> --projection-id 403 --seed 65 --months 240
6500000,403,66,240,0.6.0,yes,1,1219963.33,1836237.43,0,python app/src/simulation.py --env <db> --projection-id 403 --seed 66 --months 240
6500000,403,67,240,0.6.0,yes,1,1347869.53,1962124.33,0,python app/src/simulation.py --env <db> --projection-id 403 --seed 67 --months 240
6500000,403,68,240,0.6.0,yes,1,1015122.26,1730653.72,0,python app/src/simulation.py --env <db> --projection-id 403 --seed 68 --months 240
6500000,403,69,240,0.6.0,yes,1,849456.96,1473634.61,0,python app/src/simulation.py --env <db> --projection-id 403 --seed 69 --months 240
6500000,403,70,240,0.6.0,yes,1,676245.96,1375830.90,0,python app/src/simulation.py --env <db> --projection-id 403 --seed 70 --months 240
6500000,403,71,240,0.6.0,yes,1,1388682.08,2111269.47,0,python app/src/simulation.py --env <db> --projection-id 403 --seed 71 --months 240
6500000,403,72,240,0.6.0,yes,1,808126.23,1425806.55,0,python app/src/simulation.py --env <db> --projection-id 403 --seed 72 --months 240
6500000,403,73,240,0.6.0,yes,1,138958.50,670979.10,0,python app/src/simulation.py --env <db> --projection-id 403 --seed 73 --months 240
6500000,403,74,240,0.6.0,yes,1,185000.10,765387.66,0,python app/src/simulation.py --env <db> --projection-id 403 --seed 74 --months 240
6500000,403,75,240,0.6.0,yes,1,468132.96,1134959.69,0,python app/src/simulation.py --env <db> --projection-id 403 --seed 75 --months 240
6500000,403,76,240,0.6.0,yes,1,591462.12,1213362.21,0,python app/src/simulation.py --env <db> --projection-id 403 --seed 76 --months 240
6500000,403,77,240,0.6.0,yes,1,1016452.41,1697874.09,0,python app/src/simulation.py --env <db> --projection-id 403 --seed 77 --months 240
6500000,403,78,240,0.6.0,yes,1,537885.19,1145829.29,0,python app/src/simulation.py --env <db> --projection-id 403 --seed 78 --months 240
6500000,403,79,240,0.6.0,yes,1,352587.15,934500.11,0,python app/src/simulation.py --env <db> --projection-id 403 --seed 79 --months 240
6500000,403,80,240,0.6.0,yes,1,422832.18,1097459.76,0,python app/src/simulation.py --env <db> --projection-id 403 --seed 80 --months 240
6500000,403,81,240,0.6.0,yes,1,1183599.56,1856098.72,0,python app/src/simulation.py --env <db> --projection-id 403 --seed 81 --months 240
6500000,403,82,240,0.6.0,yes,1,1101553.07,1634147.03,0,python app/src/simulation.py --env <db> --projection-id 403 --seed 82 --months 240
6500000,403,83,240,0.6.0,yes,1,864339.44,1550461.85,0,python app/src/simulation.py --env <db> --projection-id 403 --seed 83 --months 240
6500000,403,84,240,0.6.0,yes,1,914349.28,1589683.27,0,python app/src/simulation.py --env <db> --projection-id 403 --seed 84 --months 240
6500000,403,85,240,0.6.0,yes,1,1057410.96,1699732.68,0,python app/src/simulation.py --env <db> --projection-id 403 --seed 85 --months 240
6500000,403,86,240,0.6.0,yes,1,1171495.05,1877963.92,0,python app/src/simulation.py --env <db> --projection-id 403 --seed 86 --months 240
6500000,403,87,240,0.6.0,yes,1,1041342.53,1666466.49,0,python app/src/simulation.py --env <db> --projection-id 403 --seed 87 --months 240
6500000,403,88,240,0.6.0,yes,1,705278.62,1319451.46,1,python app/src/simulation.py --env <db> --projection-id 403 --seed 88 --months 240
6500000,403,89,240,0.6.0,yes,1,833485.13,1439042.19,0,python app/src/simulation.py --env <db> --projection-id 403 --seed 89 --months 240
6500000,403,90,240,0.6.0,yes,1,693970.82,1360354.58,0,python app/src/simulation.py --env <db> --projection-id 403 --seed 90 --months 240
6500000,403,91,240,0.6.0,yes,1,625366.84,1264532.70,0,python app/src/simulation.py --env <db> --projection-id 403 --seed 91 --months 240
6500000,403,92,240,0.6.0,yes,1,981197.50,1657673.18,0,python app/src/simulation.py --env <db> --projection-id 403 --seed 92 --months 240
6500000,403,93,240,0.6.0,yes,1,742603.25,1490956.44,0,python app/src/simulation.py --env <db> --projection-id 403 --seed 93 --months 240
6500000,403,94,240,0.6.0,yes,1,475966.12,1105966.48,0,python app/src/simulation.py --env <db> --projection-id 403 --seed 94 --months 240
6500000,403,95,240,0.6.0,yes,1,1038420.53,1598100.41,0,python app/src/simulation.py --env <db> --projection-id 403 --seed 95 --months 240
6500000,403,96,240,0.6.0,yes,1,1488499.07,2252260.08,0,python app/src/simulation.py --env <db> --projection-id 403 --seed 96 --months 240
6500000,403,97,240,0.6.0,yes,1,606625.08,1287251.62,0,python app/src/simulation.py --env <db> --projection-id 403 --seed 97 --months 240
6500000,403,98,240,0.6.0,yes,1,1243289.55,1926346.31,0,python app/src/simulation.py --env <db> --projection-id 403 --seed 98 --months 240
6500000,403,99,240,0.6.0,yes,1,1594997.88,2274899.64,0,python app/src/simulation.py --env <db> --projection-id 403 --seed 99 --months 240
6500000,403,100,240,0.6.0,yes,1,481677.00,1104803.25,0,python app/src/simulation.py --env <db> --projection-id 403 --seed 100 --months 240
6500000,403,101,240,0.6.0,yes,1,1215235.64,1924957.70,0,python app/src/simulation.py --env <db> --projection-id 403 --seed 101 --months 240
6500000,403,102,240,0.6.0,yes,1,347436.65,1002615.41,0,python app/src/simulation.py --env <db> --projection-id 403 --seed 102 --months 240
6500000,403,103,240,0.6.0,yes,1,886281.75,1502044.17,0,python app/src/simulation.py --env <db> --projection-id 403 --seed 103 --months 240
6500000,403,104,240,0.6.0,yes,1,549442.22,1249333.00,0,python app/src/simulation.py --env <db> --projection-id 403 --seed 104 --months 240
6500000,403,105,240,0.6.0,yes,1,725348.43,1386635.27,0,python app/src/simulation.py --env <db> --projection-id 403 --seed 105 --months 240
6500000,403,106,240,0.6.0,yes,1,1176412.27,1799330.14,0,python app/src/simulation.py --env <db> --projection-id 403 --seed 106 --months 240
6500000,403,107,240,0.6.0,yes,1,941010.49,1566912.59,0,python app/src/simulation.py --env <db> --projection-id 403 --seed 107 --months 240
6500000,403,108,240,0.6.0,yes,1,307905.71,922309.19,0,python app/src/simulation.py --env <db> --projection-id 403 --seed 108 --months 240
6500000,403,109,240,0.6.0,yes,1,863230.21,1502658.97,0,python app/src/simulation.py --env <db> --projection-id 403 --seed 109 --months 240
6500000,403,110,240,0.6.0,yes,1,747748.63,1468751.58,0,python app/src/simulation.py --env <db> --projection-id 403 --seed 110 --months 240
6500000,403,111,240,0.6.0,yes,1,670699.68,1425542.53,0,python app/src/simulation.py --env <db> --projection-id 403 --seed 111 --months 240
6500000,403,112,240,0.6.0,yes,1,1306226.87,1947436.25,0,python app/src/simulation.py --env <db> --projection-id 403 --seed 112 --months 240
6500000,403,113,240,0.6.0,yes,1,1222268.70,1777943.38,0,python app/src/simulation.py --env <db> --projection-id 403 --seed 113 --months 240
6500000,403,114,240,0.6.0,yes,1,1144901.39,1732582.31,0,python app/src/simulation.py --env <db> --projection-id 403 --seed 114 --months 240
6500000,403,115,240,0.6.0,yes,1,367942.69,985796.54,1,python app/src/simulation.py --env <db> --projection-id 403 --seed 115 --months 240
6500000,403,116,240,0.6.0,yes,1,458341.20,1145902.27,0,python app/src/simulation.py --env <db> --projection-id 403 --seed 116 --months 240
6500000,403,117,240,0.6.0,yes,1,467370.12,1133663.30,0,python app/src/simulation.py --env <db> --projection-id 403 --seed 117 --months 240
6500000,403,118,240,0.6.0,yes,1,461727.55,1116544.34,0,python app/src/simulation.py --env <db> --projection-id 403 --seed 118 --months 240
6500000,403,119,240,0.6.0,yes,1,684019.47,1364908.94,0,python app/src/simulation.py --env <db> --projection-id 403 --seed 119 --months 240
6500000,403,120,240,0.6.0,yes,1,933222.35,1548729.35,0,python app/src/simulation.py --env <db> --projection-id 403 --seed 120 --months 240
6500000,403,121,240,0.6.0,yes,1,375929.57,969688.13,0,python app/src/simulation.py --env <db> --projection-id 403 --seed 121 --months 240
6500000,403,122,240,0.6.0,yes,1,1723877.15,2362004.26,0,python app/src/simulation.py --env <db> --projection-id 403 --seed 122 --months 240
6500000,403,123,240,0.6.0,yes,1,1036417.45,1613938.27,0,python app/src/simulation.py --env <db> --projection-id 403 --seed 123 --months 240
6500000,403,124,240,0.6.0,yes,1,903011.75,1542257.03,0,python app/src/simulation.py --env <db> --projection-id 403 --seed 124 --months 240
6500000,403,125,240,0.6.0,yes,1,452829.25,1084943.07,0,python app/src/simulation.py --env <db> --projection-id 403 --seed 125 --months 240
6500000,403,126,240,0.6.0,yes,1,1048986.82,1608497.62,0,python app/src/simulation.py --env <db> --projection-id 403 --seed 126 --months 240
6500000,403,127,240,0.6.0,yes,1,970465.56,1587575.97,0,python app/src/simulation.py --env <db> --projection-id 403 --seed 127 --months 240
6500000,403,128,240,0.6.0,yes,1,943271.66,1586274.38,0,python app/src/simulation.py --env <db> --projection-id 403 --seed 128 --months 240
6500000,403,129,240,0.6.0,yes,1,477810.29,1242135.96,0,python app/src/simulation.py --env <db> --projection-id 403 --seed 129 --months 240
6500000,403,130,240,0.6.0,yes,1,315591.62,1001933.26,0,python app/src/simulation.py --env <db> --projection-id 403 --seed 130 --months 240
6500000,403,131,240,0.6.0,yes,1,332448.34,953368.66,0,python app/src/simulation.py --env <db> --projection-id 403 --seed 131 --months 240
6500000,403,132,240,0.6.0,yes,1,1152173.81,1805245.48,0,python app/src/simulation.py --env <db> --projection-id 403 --seed 132 --months 240
6500000,403,133,240,0.6.0,yes,1,766040.60,1368275.39,0,python app/src/simulation.py --env <db> --projection-id 403 --seed 133 --months 240
6500000,403,134,240,0.6.0,yes,1,902782.98,1492760.78,0,python app/src/simulation.py --env <db> --projection-id 403 --seed 134 --months 240
6500000,403,135,240,0.6.0,yes,1,1056207.81,1749693.33,0,python app/src/simulation.py --env <db> --projection-id 403 --seed 135 --months 240
6500000,403,136,240,0.6.0,yes,1,1382643.50,1963028.90,0,python app/src/simulation.py --env <db> --projection-id 403 --seed 136 --months 240
6500000,403,137,240,0.6.0,yes,1,658294.87,1242224.59,0,python app/src/simulation.py --env <db> --projection-id 403 --seed 137 --months 240
6500000,403,138,240,0.6.0,yes,1,677615.63,1282615.19,0,python app/src/simulation.py --env <db> --projection-id 403 --seed 138 --months 240
6500000,403,139,240,0.6.0,yes,1,380389.31,1006707.79,0,python app/src/simulation.py --env <db> --projection-id 403 --seed 139 --months 240
6500000,403,140,240,0.6.0,yes,1,454126.78,1078275.09,0,python app/src/simulation.py --env <db> --projection-id 403 --seed 140 --months 240
6500000,403,141,240,0.6.0,yes,1,1211112.54,1835583.09,0,python app/src/simulation.py --env <db> --projection-id 403 --seed 141 --months 240
6500000,403,142,240,0.6.0,yes,1,895763.34,1498874.94,0,python app/src/simulation.py --env <db> --projection-id 403 --seed 142 --months 240
6500000,403,143,240,0.6.0,yes,1,425461.14,1144532.46,0,python app/src/simulation.py --env <db> --projection-id 403 --seed 143 --months 240
6500000,403,144,240,0.6.0,yes,1,660280.37,1315073.81,0,python app/src/simulation.py --env <db> --projection-id 403 --seed 144 --months 240
6500000,403,145,240,0.6.0,yes,1,818442.65,1409822.93,0,python app/src/simulation.py --env <db> --projection-id 403 --seed 145 --months 240
6500000,403,146,240,0.6.0,yes,1,521937.21,1109301.79,1,python app/src/simulation.py --env <db> --projection-id 403 --seed 146 --months 240
6500000,403,147,240,0.6.0,yes,1,293894.35,870040.51,1,python app/src/simulation.py --env <db> --projection-id 403 --seed 147 --months 240
6500000,403,148,240,0.6.0,yes,1,858995.10,1482433.23,0,python app/src/simulation.py --env <db> --projection-id 403 --seed 148 --months 240
6500000,403,149,240,0.6.0,yes,1,417797.48,1045939.76,0,python app/src/simulation.py --env <db> --projection-id 403 --seed 149 --months 240
6500000,403,150,240,0.6.0,yes,1,1364910.14,1986221.18,0,python app/src/simulation.py --env <db> --projection-id 403 --seed 150 --months 240
7000000,404,1,240,0.6.0,yes,1,1224807.93,1858597.05,0,python app/src/simulation.py --env <db> --projection-id 404 --seed 1 --months 240
7000000,404,2,240,0.6.0,yes,1,1259753.41,1928612.71,0,python app/src/simulation.py --env <db> --projection-id 404 --seed 2 --months 240
7000000,404,3,240,0.6.0,yes,1,393849.63,1008008.39,0,python app/src/simulation.py --env <db> --projection-id 404 --seed 3 --months 240
7000000,404,4,240,0.6.0,yes,1,459381.72,1158608.89,0,python app/src/simulation.py --env <db> --projection-id 404 --seed 4 --months 240
7000000,404,5,240,0.6.0,yes,1,960277.96,1516874.10,0,python app/src/simulation.py --env <db> --projection-id 404 --seed 5 --months 240
7000000,404,6,240,0.6.0,yes,1,1165953.38,1785352.95,0,python app/src/simulation.py --env <db> --projection-id 404 --seed 6 --months 240
7000000,404,7,240,0.6.0,yes,1,1523199.20,2197660.16,0,python app/src/simulation.py --env <db> --projection-id 404 --seed 7 --months 240
7000000,404,8,240,0.6.0,yes,1,588799.89,1243446.17,0,python app/src/simulation.py --env <db> --projection-id 404 --seed 8 --months 240
7000000,404,9,240,0.6.0,yes,1,1361292.32,1938034.20,0,python app/src/simulation.py --env <db> --projection-id 404 --seed 9 --months 240
7000000,404,10,240,0.6.0,yes,1,988037.09,1618473.48,0,python app/src/simulation.py --env <db> --projection-id 404 --seed 10 --months 240
7000000,404,11,240,0.6.0,yes,1,1064996.42,1715053.85,0,python app/src/simulation.py --env <db> --projection-id 404 --seed 11 --months 240
7000000,404,12,240,0.6.0,yes,1,629636.42,1407996.20,0,python app/src/simulation.py --env <db> --projection-id 404 --seed 12 --months 240
7000000,404,13,240,0.6.0,yes,1,1289569.57,1915912.03,0,python app/src/simulation.py --env <db> --projection-id 404 --seed 13 --months 240
7000000,404,14,240,0.6.0,yes,1,351060.25,1055724.91,0,python app/src/simulation.py --env <db> --projection-id 404 --seed 14 --months 240
7000000,404,15,240,0.6.0,yes,1,416088.34,1109430.23,0,python app/src/simulation.py --env <db> --projection-id 404 --seed 15 --months 240
7000000,404,16,240,0.6.0,yes,1,762565.85,1500336.76,0,python app/src/simulation.py --env <db> --projection-id 404 --seed 16 --months 240
7000000,404,17,240,0.6.0,yes,1,1257451.26,1891144.80,0,python app/src/simulation.py --env <db> --projection-id 404 --seed 17 --months 240
7000000,404,18,240,0.6.0,yes,1,1595058.54,2253535.43,0,python app/src/simulation.py --env <db> --projection-id 404 --seed 18 --months 240
7000000,404,19,240,0.6.0,yes,1,363836.30,1137509.08,0,python app/src/simulation.py --env <db> --projection-id 404 --seed 19 --months 240
7000000,404,20,240,0.6.0,yes,1,998478.14,1732812.29,0,python app/src/simulation.py --env <db> --projection-id 404 --seed 20 --months 240
7000000,404,21,240,0.6.0,yes,1,937373.57,1599472.31,0,python app/src/simulation.py --env <db> --projection-id 404 --seed 21 --months 240
7000000,404,22,240,0.6.0,yes,1,552310.54,1206646.85,0,python app/src/simulation.py --env <db> --projection-id 404 --seed 22 --months 240
7000000,404,23,240,0.6.0,yes,1,631843.39,1369771.52,0,python app/src/simulation.py --env <db> --projection-id 404 --seed 23 --months 240
7000000,404,24,240,0.6.0,yes,1,1572905.97,2358865.03,0,python app/src/simulation.py --env <db> --projection-id 404 --seed 24 --months 240
7000000,404,25,240,0.6.0,yes,1,1261678.78,2176384.89,0,python app/src/simulation.py --env <db> --projection-id 404 --seed 25 --months 240
7000000,404,26,240,0.6.0,yes,1,1084423.71,1670557.53,0,python app/src/simulation.py --env <db> --projection-id 404 --seed 26 --months 240
7000000,404,27,240,0.6.0,yes,1,628366.95,1280069.88,0,python app/src/simulation.py --env <db> --projection-id 404 --seed 27 --months 240
7000000,404,28,240,0.6.0,yes,1,682540.54,1279022.02,0,python app/src/simulation.py --env <db> --projection-id 404 --seed 28 --months 240
7000000,404,29,240,0.6.0,yes,1,950651.54,1619108.10,0,python app/src/simulation.py --env <db> --projection-id 404 --seed 29 --months 240
7000000,404,30,240,0.6.0,yes,1,827841.08,1467267.94,0,python app/src/simulation.py --env <db> --projection-id 404 --seed 30 --months 240
7000000,404,31,240,0.6.0,yes,1,944065.73,1520622.29,0,python app/src/simulation.py --env <db> --projection-id 404 --seed 31 --months 240
7000000,404,32,240,0.6.0,yes,1,1094649.69,1722764.04,0,python app/src/simulation.py --env <db> --projection-id 404 --seed 32 --months 240
7000000,404,33,240,0.6.0,yes,1,1265645.12,1899002.74,0,python app/src/simulation.py --env <db> --projection-id 404 --seed 33 --months 240
7000000,404,34,240,0.6.0,yes,1,1472233.59,2143914.28,0,python app/src/simulation.py --env <db> --projection-id 404 --seed 34 --months 240
7000000,404,35,240,0.6.0,yes,1,1844767.62,2569041.72,0,python app/src/simulation.py --env <db> --projection-id 404 --seed 35 --months 240
7000000,404,36,240,0.6.0,yes,1,1118178.87,1748223.48,0,python app/src/simulation.py --env <db> --projection-id 404 --seed 36 --months 240
7000000,404,37,240,0.6.0,yes,1,585437.36,1231574.20,0,python app/src/simulation.py --env <db> --projection-id 404 --seed 37 --months 240
7000000,404,38,240,0.6.0,yes,1,730984.35,1403934.86,0,python app/src/simulation.py --env <db> --projection-id 404 --seed 38 --months 240
7000000,404,39,240,0.6.0,yes,1,982469.94,1652943.91,0,python app/src/simulation.py --env <db> --projection-id 404 --seed 39 --months 240
7000000,404,40,240,0.6.0,yes,1,852613.69,1461795.33,0,python app/src/simulation.py --env <db> --projection-id 404 --seed 40 --months 240
7000000,404,41,240,0.6.0,yes,1,788596.88,1444932.31,0,python app/src/simulation.py --env <db> --projection-id 404 --seed 41 --months 240
7000000,404,42,240,0.6.0,yes,1,912172.14,1595222.26,0,python app/src/simulation.py --env <db> --projection-id 404 --seed 42 --months 240
7000000,404,43,240,0.6.0,yes,1,404762.58,1101520.86,0,python app/src/simulation.py --env <db> --projection-id 404 --seed 43 --months 240
7000000,404,44,240,0.6.0,yes,1,406734.95,1070822.63,0,python app/src/simulation.py --env <db> --projection-id 404 --seed 44 --months 240
7000000,404,45,240,0.6.0,yes,1,725943.91,1432530.51,0,python app/src/simulation.py --env <db> --projection-id 404 --seed 45 --months 240
7000000,404,46,240,0.6.0,yes,1,300382.49,936797.29,0,python app/src/simulation.py --env <db> --projection-id 404 --seed 46 --months 240
7000000,404,47,240,0.6.0,yes,1,1087620.02,1737227.99,0,python app/src/simulation.py --env <db> --projection-id 404 --seed 47 --months 240
7000000,404,48,240,0.6.0,yes,1,576823.34,1228730.63,0,python app/src/simulation.py --env <db> --projection-id 404 --seed 48 --months 240
7000000,404,49,240,0.6.0,yes,1,1143846.76,1792368.36,0,python app/src/simulation.py --env <db> --projection-id 404 --seed 49 --months 240
7000000,404,50,240,0.6.0,yes,1,743876.03,1397740.87,0,python app/src/simulation.py --env <db> --projection-id 404 --seed 50 --months 240
7000000,404,51,240,0.6.0,yes,1,1347860.03,2097281.51,0,python app/src/simulation.py --env <db> --projection-id 404 --seed 51 --months 240
7000000,404,52,240,0.6.0,yes,1,1235843.54,1847064.53,0,python app/src/simulation.py --env <db> --projection-id 404 --seed 52 --months 240
7000000,404,53,240,0.6.0,yes,1,692989.46,1341030.12,0,python app/src/simulation.py --env <db> --projection-id 404 --seed 53 --months 240
7000000,404,54,240,0.6.0,yes,1,1340559.66,1975235.67,0,python app/src/simulation.py --env <db> --projection-id 404 --seed 54 --months 240
7000000,404,55,240,0.6.0,yes,1,1726137.74,2457073.28,0,python app/src/simulation.py --env <db> --projection-id 404 --seed 55 --months 240
7000000,404,56,240,0.6.0,yes,1,975115.78,1599174.00,0,python app/src/simulation.py --env <db> --projection-id 404 --seed 56 --months 240
7000000,404,57,240,0.6.0,yes,1,338940.88,1008498.56,0,python app/src/simulation.py --env <db> --projection-id 404 --seed 57 --months 240
7000000,404,58,240,0.6.0,yes,1,1069158.29,1844630.71,0,python app/src/simulation.py --env <db> --projection-id 404 --seed 58 --months 240
7000000,404,59,240,0.6.0,yes,1,809377.00,1432104.78,0,python app/src/simulation.py --env <db> --projection-id 404 --seed 59 --months 240
7000000,404,60,240,0.6.0,yes,1,1127989.48,1786477.00,0,python app/src/simulation.py --env <db> --projection-id 404 --seed 60 --months 240
7000000,404,61,240,0.6.0,yes,1,1030690.26,1653182.71,0,python app/src/simulation.py --env <db> --projection-id 404 --seed 61 --months 240
7000000,404,62,240,0.6.0,yes,1,563259.47,1287485.82,0,python app/src/simulation.py --env <db> --projection-id 404 --seed 62 --months 240
7000000,404,63,240,0.6.0,yes,1,593330.42,1166385.02,0,python app/src/simulation.py --env <db> --projection-id 404 --seed 63 --months 240
7000000,404,64,240,0.6.0,yes,1,750834.84,1403388.22,0,python app/src/simulation.py --env <db> --projection-id 404 --seed 64 --months 240
7000000,404,65,240,0.6.0,yes,1,1422260.84,2092661.34,0,python app/src/simulation.py --env <db> --projection-id 404 --seed 65 --months 240
7000000,404,66,240,0.6.0,yes,1,1233293.77,1885175.75,0,python app/src/simulation.py --env <db> --projection-id 404 --seed 66 --months 240
7000000,404,67,240,0.6.0,yes,1,363606.79,1026780.32,0,python app/src/simulation.py --env <db> --projection-id 404 --seed 67 --months 240
7000000,404,68,240,0.6.0,yes,1,829222.29,1498225.13,0,python app/src/simulation.py --env <db> --projection-id 404 --seed 68 --months 240
7000000,404,69,240,0.6.0,yes,1,745685.17,1382761.03,0,python app/src/simulation.py --env <db> --projection-id 404 --seed 69 --months 240
7000000,404,70,240,0.6.0,yes,1,1688130.12,2420452.75,0,python app/src/simulation.py --env <db> --projection-id 404 --seed 70 --months 240
7000000,404,71,240,0.6.0,yes,1,1091693.49,1763409.97,0,python app/src/simulation.py --env <db> --projection-id 404 --seed 71 --months 240
7000000,404,72,240,0.6.0,yes,1,705509.32,1385681.50,0,python app/src/simulation.py --env <db> --projection-id 404 --seed 72 --months 240
7000000,404,73,240,0.6.0,yes,1,511083.16,1127865.40,0,python app/src/simulation.py --env <db> --projection-id 404 --seed 73 --months 240
7000000,404,74,240,0.6.0,yes,1,381601.45,1005804.73,0,python app/src/simulation.py --env <db> --projection-id 404 --seed 74 --months 240
7000000,404,75,240,0.6.0,yes,1,1038781.98,1732472.93,0,python app/src/simulation.py --env <db> --projection-id 404 --seed 75 --months 240
7000000,404,76,240,0.6.0,yes,1,1225973.20,1873258.59,0,python app/src/simulation.py --env <db> --projection-id 404 --seed 76 --months 240
7000000,404,77,240,0.6.0,yes,1,571925.78,1314839.78,0,python app/src/simulation.py --env <db> --projection-id 404 --seed 77 --months 240
7000000,404,78,240,0.6.0,yes,1,910565.58,1531901.55,0,python app/src/simulation.py --env <db> --projection-id 404 --seed 78 --months 240
7000000,404,79,240,0.6.0,yes,1,1035480.75,1613504.61,0,python app/src/simulation.py --env <db> --projection-id 404 --seed 79 --months 240
7000000,404,80,240,0.6.0,yes,1,766182.68,1440810.26,0,python app/src/simulation.py --env <db> --projection-id 404 --seed 80 --months 240
7000000,404,81,240,0.6.0,yes,1,468527.91,1153410.18,0,python app/src/simulation.py --env <db> --projection-id 404 --seed 81 --months 240
7000000,404,82,240,0.6.0,yes,1,720102.08,1363001.79,0,python app/src/simulation.py --env <db> --projection-id 404 --seed 82 --months 240
7000000,404,83,240,0.6.0,yes,1,788863.92,1494430.03,0,python app/src/simulation.py --env <db> --projection-id 404 --seed 83 --months 240
7000000,404,84,240,0.6.0,yes,1,1024289.43,1668021.04,0,python app/src/simulation.py --env <db> --projection-id 404 --seed 84 --months 240
7000000,404,85,240,0.6.0,yes,1,1325594.67,2021978.74,0,python app/src/simulation.py --env <db> --projection-id 404 --seed 85 --months 240
7000000,404,86,240,0.6.0,yes,1,1798909.98,2518703.34,0,python app/src/simulation.py --env <db> --projection-id 404 --seed 86 --months 240
7000000,404,87,240,0.6.0,yes,1,370113.37,1017348.84,0,python app/src/simulation.py --env <db> --projection-id 404 --seed 87 --months 240
7000000,404,88,240,0.6.0,yes,1,1212801.40,1840833.52,0,python app/src/simulation.py --env <db> --projection-id 404 --seed 88 --months 240
7000000,404,89,240,0.6.0,yes,1,473037.03,1100453.12,0,python app/src/simulation.py --env <db> --projection-id 404 --seed 89 --months 240
7000000,404,90,240,0.6.0,yes,1,1034761.49,1711779.21,0,python app/src/simulation.py --env <db> --projection-id 404 --seed 90 --months 240
7000000,404,91,240,0.6.0,yes,1,418791.75,1083673.12,0,python app/src/simulation.py --env <db> --projection-id 404 --seed 91 --months 240
7000000,404,92,240,0.6.0,yes,1,1061684.13,1748982.83,0,python app/src/simulation.py --env <db> --projection-id 404 --seed 92 --months 240
7000000,404,93,240,0.6.0,yes,1,691221.15,1453925.13,0,python app/src/simulation.py --env <db> --projection-id 404 --seed 93 --months 240
7000000,404,94,240,0.6.0,yes,1,364200.32,1024015.32,0,python app/src/simulation.py --env <db> --projection-id 404 --seed 94 --months 240
7000000,404,95,240,0.6.0,yes,1,637289.78,1275277.00,0,python app/src/simulation.py --env <db> --projection-id 404 --seed 95 --months 240
7000000,404,96,240,0.6.0,yes,1,1341405.07,2079547.35,0,python app/src/simulation.py --env <db> --projection-id 404 --seed 96 --months 240
7000000,404,97,240,0.6.0,yes,1,826337.28,1544349.85,0,python app/src/simulation.py --env <db> --projection-id 404 --seed 97 --months 240
7000000,404,98,240,0.6.0,yes,1,1282897.09,2003388.41,0,python app/src/simulation.py --env <db> --projection-id 404 --seed 98 --months 240
7000000,404,99,240,0.6.0,yes,1,1455955.13,2179665.89,0,python app/src/simulation.py --env <db> --projection-id 404 --seed 99 --months 240
7000000,404,100,240,0.6.0,yes,1,847597.97,1454171.95,0,python app/src/simulation.py --env <db> --projection-id 404 --seed 100 --months 240
7000000,404,101,240,0.6.0,yes,1,557643.13,1294390.02,0,python app/src/simulation.py --env <db> --projection-id 404 --seed 101 --months 240
7000000,404,102,240,0.6.0,yes,1,708084.44,1374782.93,0,python app/src/simulation.py --env <db> --projection-id 404 --seed 102 --months 240
7000000,404,103,240,0.6.0,yes,1,783071.28,1422536.19,0,python app/src/simulation.py --env <db> --projection-id 404 --seed 103 --months 240
7000000,404,104,240,0.6.0,yes,1,840510.98,1556611.57,1,python app/src/simulation.py --env <db> --projection-id 404 --seed 104 --months 240
7000000,404,105,240,0.6.0,yes,1,538081.07,1175201.82,0,python app/src/simulation.py --env <db> --projection-id 404 --seed 105 --months 240
7000000,404,106,240,0.6.0,yes,1,386221.78,1031777.03,0,python app/src/simulation.py --env <db> --projection-id 404 --seed 106 --months 240
7000000,404,107,240,0.6.0,yes,1,561992.14,1219160.61,0,python app/src/simulation.py --env <db> --projection-id 404 --seed 107 --months 240
7000000,404,108,240,0.6.0,yes,1,394506.99,1021037.24,0,python app/src/simulation.py --env <db> --projection-id 404 --seed 108 --months 240
7000000,404,109,240,0.6.0,yes,1,959217.23,1616833.28,0,python app/src/simulation.py --env <db> --projection-id 404 --seed 109 --months 240
7000000,404,110,240,0.6.0,yes,1,555782.58,1287111.21,0,python app/src/simulation.py --env <db> --projection-id 404 --seed 110 --months 240
7000000,404,111,240,0.6.0,yes,1,1310926.53,2036398.34,0,python app/src/simulation.py --env <db> --projection-id 404 --seed 111 --months 240
7000000,404,112,240,0.6.0,yes,1,1283824.51,1969254.50,0,python app/src/simulation.py --env <db> --projection-id 404 --seed 112 --months 240
7000000,404,113,240,0.6.0,yes,1,1201147.01,1766034.52,0,python app/src/simulation.py --env <db> --projection-id 404 --seed 113 --months 240
7000000,404,114,240,0.6.0,yes,1,1014090.57,1645820.71,0,python app/src/simulation.py --env <db> --projection-id 404 --seed 114 --months 240
7000000,404,115,240,0.6.0,yes,1,781803.68,1411523.76,0,python app/src/simulation.py --env <db> --projection-id 404 --seed 115 --months 240
7000000,404,116,240,0.6.0,yes,1,1247268.97,1966841.96,0,python app/src/simulation.py --env <db> --projection-id 404 --seed 116 --months 240
7000000,404,117,240,0.6.0,yes,1,1643268.92,2259783.93,0,python app/src/simulation.py --env <db> --projection-id 404 --seed 117 --months 240
7000000,404,118,240,0.6.0,yes,1,457645.51,1147337.71,0,python app/src/simulation.py --env <db> --projection-id 404 --seed 118 --months 240
7000000,404,119,240,0.6.0,yes,1,894080.59,1587774.89,0,python app/src/simulation.py --env <db> --projection-id 404 --seed 119 --months 240
7000000,404,120,240,0.6.0,yes,1,505402.24,1144872.95,0,python app/src/simulation.py --env <db> --projection-id 404 --seed 120 --months 240
7000000,404,121,240,0.6.0,yes,1,794008.73,1396917.71,0,python app/src/simulation.py --env <db> --projection-id 404 --seed 121 --months 240
7000000,404,122,240,0.6.0,yes,1,1521444.04,2170861.56,0,python app/src/simulation.py --env <db> --projection-id 404 --seed 122 --months 240
7000000,404,123,240,0.6.0,yes,1,689802.89,1277676.59,0,python app/src/simulation.py --env <db> --projection-id 404 --seed 123 --months 240
7000000,404,124,240,0.6.0,yes,1,1027319.72,1673072.04,0,python app/src/simulation.py --env <db> --projection-id 404 --seed 124 --months 240
7000000,404,125,240,0.6.0,yes,1,611621.72,1290086.57,0,python app/src/simulation.py --env <db> --projection-id 404 --seed 125 --months 240
7000000,404,126,240,0.6.0,yes,1,1026054.75,1615487.24,0,python app/src/simulation.py --env <db> --projection-id 404 --seed 126 --months 240
7000000,404,127,240,0.6.0,yes,1,1332259.71,1972580.75,0,python app/src/simulation.py --env <db> --projection-id 404 --seed 127 --months 240
7000000,404,128,240,0.6.0,yes,1,1159159.51,1813213.74,0,python app/src/simulation.py --env <db> --projection-id 404 --seed 128 --months 240
7000000,404,129,240,0.6.0,yes,1,606929.71,1343726.99,0,python app/src/simulation.py --env <db> --projection-id 404 --seed 129 --months 240
7000000,404,130,240,0.6.0,yes,1,595244.21,1291486.41,0,python app/src/simulation.py --env <db> --projection-id 404 --seed 130 --months 240
7000000,404,131,240,0.6.0,yes,1,807104.73,1424339.69,0,python app/src/simulation.py --env <db> --projection-id 404 --seed 131 --months 240
7000000,404,132,240,0.6.0,yes,1,993398.01,1642731.19,0,python app/src/simulation.py --env <db> --projection-id 404 --seed 132 --months 240
7000000,404,133,240,0.6.0,yes,1,1266152.80,1934298.35,0,python app/src/simulation.py --env <db> --projection-id 404 --seed 133 --months 240
7000000,404,134,240,0.6.0,yes,1,1113450.28,1713146.07,0,python app/src/simulation.py --env <db> --projection-id 404 --seed 134 --months 240
7000000,404,135,240,0.6.0,yes,1,1134007.92,1850571.72,0,python app/src/simulation.py --env <db> --projection-id 404 --seed 135 --months 240
7000000,404,136,240,0.6.0,yes,1,1170454.06,1800534.78,0,python app/src/simulation.py --env <db> --projection-id 404 --seed 136 --months 240
7000000,404,137,240,0.6.0,yes,1,742950.92,1341038.36,0,python app/src/simulation.py --env <db> --projection-id 404 --seed 137 --months 240
7000000,404,138,240,0.6.0,yes,1,992055.25,1630354.45,0,python app/src/simulation.py --env <db> --projection-id 404 --seed 138 --months 240
7000000,404,139,240,0.6.0,yes,1,646510.52,1272829.00,0,python app/src/simulation.py --env <db> --projection-id 404 --seed 139 --months 240
7000000,404,140,240,0.6.0,yes,1,582107.50,1216209.56,0,python app/src/simulation.py --env <db> --projection-id 404 --seed 140 --months 240
7000000,404,141,240,0.6.0,yes,1,886938.33,1529549.47,0,python app/src/simulation.py --env <db> --projection-id 404 --seed 141 --months 240
7000000,404,142,240,0.6.0,yes,1,423344.72,1062247.01,0,python app/src/simulation.py --env <db> --projection-id 404 --seed 142 --months 240
7000000,404,143,240,0.6.0,yes,1,623320.99,1356029.08,0,python app/src/simulation.py --env <db> --projection-id 404 --seed 143 --months 240
7000000,404,144,240,0.6.0,yes,1,784911.52,1451943.31,0,python app/src/simulation.py --env <db> --projection-id 404 --seed 144 --months 240
7000000,404,145,240,0.6.0,yes,1,665449.10,1304994.09,0,python app/src/simulation.py --env <db> --projection-id 404 --seed 145 --months 240
7000000,404,146,240,0.6.0,yes,1,866416.42,1475700.38,0,python app/src/simulation.py --env <db> --projection-id 404 --seed 146 --months 240
7000000,404,147,240,0.6.0,yes,1,722738.19,1298884.35,1,python app/src/simulation.py --env <db> --projection-id 404 --seed 147 --months 240
7000000,404,148,240,0.6.0,yes,1,893280.91,1524877.01,0,python app/src/simulation.py --env <db> --projection-id 404 --seed 148 --months 240
7000000,404,149,240,0.6.0,yes,1,791768.93,1431319.35,0,python app/src/simulation.py --env <db> --projection-id 404 --seed 149 --months 240
7000000,404,150,240,0.6.0,yes,1,1211013.43,1868809.40,0,python app/src/simulation.py --env <db> --projection-id 404 --seed 150 --months 240
7500000,405,1,240,0.6.0,yes,1,693447.50,1352101.69,0,python app/src/simulation.py --env <db> --projection-id 405 --seed 1 --months 240
7500000,405,2,240,0.6.0,yes,1,571991.24,1265054.84,0,python app/src/simulation.py --env <db> --projection-id 405 --seed 2 --months 240
7500000,405,3,240,0.6.0,yes,1,395679.49,1102821.46,0,python app/src/simulation.py --env <db> --projection-id 405 --seed 3 --months 240
7500000,405,4,240,0.6.0,yes,1,678568.42,1402821.79,0,python app/src/simulation.py --env <db> --projection-id 405 --seed 4 --months 240
7500000,405,5,240,0.6.0,yes,1,519469.32,1109842.09,0,python app/src/simulation.py --env <db> --projection-id 405 --seed 5 --months 240
7500000,405,6,240,0.6.0,yes,1,1293265.37,1972781.25,0,python app/src/simulation.py --env <db> --projection-id 405 --seed 6 --months 240
7500000,405,7,240,0.6.0,yes,1,1656698.11,2342281.72,0,python app/src/simulation.py --env <db> --projection-id 405 --seed 7 --months 240
7500000,405,8,240,0.6.0,yes,1,1536698.75,2258102.58,0,python app/src/simulation.py --env <db> --projection-id 405 --seed 8 --months 240
7500000,405,9,240,0.6.0,yes,1,1036416.96,1621043.12,0,python app/src/simulation.py --env <db> --projection-id 405 --seed 9 --months 240
7500000,405,10,240,0.6.0,yes,1,774868.92,1418974.55,0,python app/src/simulation.py --env <db> --projection-id 405 --seed 10 --months 240
7500000,405,11,240,0.6.0,yes,1,542883.86,1252253.68,0,python app/src/simulation.py --env <db> --projection-id 405 --seed 11 --months 240
7500000,405,12,240,0.6.0,yes,1,535484.80,1350178.08,0,python app/src/simulation.py --env <db> --projection-id 405 --seed 12 --months 240
7500000,405,13,240,0.6.0,yes,1,592033.04,1207992.82,0,python app/src/simulation.py --env <db> --projection-id 405 --seed 13 --months 240
7500000,405,14,240,0.6.0,yes,1,585779.94,1330355.37,0,python app/src/simulation.py --env <db> --projection-id 405 --seed 14 --months 240
7500000,405,15,240,0.6.0,yes,1,416228.20,1135560.15,0,python app/src/simulation.py --env <db> --projection-id 405 --seed 15 --months 240
7500000,405,16,240,0.6.0,yes,1,1480657.36,2208657.85,0,python app/src/simulation.py --env <db> --projection-id 405 --seed 16 --months 240
7500000,405,17,240,0.6.0,yes,1,1423551.99,2122152.40,0,python app/src/simulation.py --env <db> --projection-id 405 --seed 17 --months 240
7500000,405,18,240,0.6.0,yes,1,1164995.00,1844484.47,0,python app/src/simulation.py --env <db> --projection-id 405 --seed 18 --months 240
7500000,405,19,240,0.6.0,yes,1,377582.19,1152809.48,0,python app/src/simulation.py --env <db> --projection-id 405 --seed 19 --months 240
7500000,405,20,240,0.6.0,yes,1,960288.16,1709074.60,0,python app/src/simulation.py --env <db> --projection-id 405 --seed 20 --months 240
7500000,405,21,240,0.6.0,yes,1,950430.42,1671411.45,0,python app/src/simulation.py --env <db> --projection-id 405 --seed 21 --months 240
7500000,405,22,240,0.6.0,yes,1,382497.40,1025479.48,0,python app/src/simulation.py --env <db> --projection-id 405 --seed 22 --months 240
7500000,405,23,240,0.6.0,yes,1,614408.70,1352336.83,0,python app/src/simulation.py --env <db> --projection-id 405 --seed 23 --months 240
7500000,405,24,240,0.6.0,yes,1,778718.14,1601617.53,0,python app/src/simulation.py --env <db> --projection-id 405 --seed 24 --months 240
7500000,405,25,240,0.6.0,yes,1,983020.37,1954088.39,0,python app/src/simulation.py --env <db> --projection-id 405 --seed 25 --months 240
7500000,405,26,240,0.6.0,yes,1,1108768.25,1725936.55,0,python app/src/simulation.py --env <db> --projection-id 405 --seed 26 --months 240
7500000,405,27,240,0.6.0,yes,1,419040.54,1060516.94,0,python app/src/simulation.py --env <db> --projection-id 405 --seed 27 --months 240
7500000,405,28,240,0.6.0,yes,1,317645.48,945799.65,0,python app/src/simulation.py --env <db> --projection-id 405 --seed 28 --months 240
7500000,405,29,240,0.6.0,yes,1,687451.95,1463044.78,0,python app/src/simulation.py --env <db> --projection-id 405 --seed 29 --months 240
7500000,405,30,240,0.6.0,yes,1,1416866.01,2056292.87,0,python app/src/simulation.py --env <db> --projection-id 405 --seed 30 --months 240
7500000,405,31,240,0.6.0,yes,1,611049.54,1226649.96,0,python app/src/simulation.py --env <db> --projection-id 405 --seed 31 --months 240
7500000,405,32,240,0.6.0,yes,1,610732.36,1260532.49,1,python app/src/simulation.py --env <db> --projection-id 405 --seed 32 --months 240
7500000,405,33,240,0.6.0,yes,1,1052549.54,1755835.39,0,python app/src/simulation.py --env <db> --projection-id 405 --seed 33 --months 240
7500000,405,34,240,0.6.0,yes,1,723396.91,1422768.64,0,python app/src/simulation.py --env <db> --projection-id 405 --seed 34 --months 240
7500000,405,35,240,0.6.0,yes,1,1141820.55,1897195.86,0,python app/src/simulation.py --env <db> --projection-id 405 --seed 35 --months 240
7500000,405,36,240,0.6.0,yes,1,1424169.01,2127113.55,0,python app/src/simulation.py --env <db> --projection-id 405 --seed 36 --months 240
7500000,405,37,240,0.6.0,yes,1,434650.89,1127922.70,0,python app/src/simulation.py --env <db> --projection-id 405 --seed 37 --months 240
7500000,405,38,240,0.6.0,yes,1,1256464.67,1991646.40,0,python app/src/simulation.py --env <db> --projection-id 405 --seed 38 --months 240
7500000,405,39,240,0.6.0,yes,1,848037.33,1529471.09,0,python app/src/simulation.py --env <db> --projection-id 405 --seed 39 --months 240
7500000,405,40,240,0.6.0,yes,1,736163.01,1409439.12,0,python app/src/simulation.py --env <db> --projection-id 405 --seed 40 --months 240
7500000,405,41,240,0.6.0,yes,1,368890.48,997846.05,0,python app/src/simulation.py --env <db> --projection-id 405 --seed 41 --months 240
7500000,405,42,240,0.6.0,yes,1,903245.60,1598586.50,0,python app/src/simulation.py --env <db> --projection-id 405 --seed 42 --months 240
7500000,405,43,240,0.6.0,yes,1,879300.47,1585421.80,0,python app/src/simulation.py --env <db> --projection-id 405 --seed 43 --months 240
7500000,405,44,240,0.6.0,yes,1,901616.21,1582121.81,0,python app/src/simulation.py --env <db> --projection-id 405 --seed 44 --months 240
7500000,405,45,240,0.6.0,yes,1,615663.14,1308127.61,0,python app/src/simulation.py --env <db> --projection-id 405 --seed 45 --months 240
7500000,405,46,240,0.6.0,yes,1,529761.03,1180083.28,0,python app/src/simulation.py --env <db> --projection-id 405 --seed 46 --months 240
7500000,405,47,240,0.6.0,yes,1,1502222.53,2151885.47,0,python app/src/simulation.py --env <db> --projection-id 405 --seed 47 --months 240
7500000,405,48,240,0.6.0,yes,1,937005.46,1637369.42,0,python app/src/simulation.py --env <db> --projection-id 405 --seed 48 --months 240
7500000,405,49,240,0.6.0,yes,1,473259.83,1146576.42,0,python app/src/simulation.py --env <db> --projection-id 405 --seed 49 --months 240
7500000,405,50,240,0.6.0,yes,1,648670.14,1324865.76,0,python app/src/simulation.py --env <db> --projection-id 405 --seed 50 --months 240
7500000,405,51,240,0.6.0,yes,1,1750038.96,2514826.77,0,python app/src/simulation.py --env <db> --projection-id 405 --seed 51 --months 240
7500000,405,52,240,0.6.0,yes,1,530592.82,1163215.52,0,python app/src/simulation.py --env <db> --projection-id 405 --seed 52 --months 240
7500000,405,53,240,0.6.0,yes,1,1016267.17,1640434.99,0,python app/src/simulation.py --env <db> --projection-id 405 --seed 53 --months 240
7500000,405,54,240,0.6.0,yes,1,1006924.90,1717115.22,0,python app/src/simulation.py --env <db> --projection-id 405 --seed 54 --months 240
7500000,405,55,240,0.6.0,yes,1,1052044.95,1847252.95,0,python app/src/simulation.py --env <db> --projection-id 405 --seed 55 --months 240
7500000,405,56,240,0.6.0,yes,1,1113201.33,1750274.28,0,python app/src/simulation.py --env <db> --projection-id 405 --seed 56 --months 240
7500000,405,57,240,0.6.0,yes,1,394041.74,1036413.25,0,python app/src/simulation.py --env <db> --projection-id 405 --seed 57 --months 240
7500000,405,58,240,0.6.0,yes,1,979956.60,1798357.12,0,python app/src/simulation.py --env <db> --projection-id 405 --seed 58 --months 240
7500000,405,59,240,0.6.0,yes,1,754077.30,1350605.17,0,python app/src/simulation.py --env <db> --projection-id 405 --seed 59 --months 240
7500000,405,60,240,0.6.0,yes,1,1596468.74,2270085.03,1,python app/src/simulation.py --env <db> --projection-id 405 --seed 60 --months 240
7500000,405,61,240,0.6.0,yes,1,456298.02,1096198.07,0,python app/src/simulation.py --env <db> --projection-id 405 --seed 61 --months 240
7500000,405,62,240,0.6.0,yes,1,967067.71,1678169.13,0,python app/src/simulation.py --env <db> --projection-id 405 --seed 62 --months 240
7500000,405,63,240,0.6.0,yes,1,1006834.81,1599580.89,0,python app/src/simulation.py --env <db> --projection-id 405 --seed 63 --months 240
7500000,405,64,240,0.6.0,yes,1,577096.65,1216899.34,0,python app/src/simulation.py --env <db> --projection-id 405 --seed 64 --months 240
7500000,405,65,240,0.6.0,yes,1,1494017.35,2175607.23,0,python app/src/simulation.py --env <db> --projection-id 405 --seed 65 --months 240
7500000,405,66,240,0.6.0,yes,1,1158385.73,1820190.89,0,python app/src/simulation.py --env <db> --projection-id 405 --seed 66 --months 240
7500000,405,67,240,0.6.0,yes,1,1092395.17,1768283.79,0,python app/src/simulation.py --env <db> --projection-id 405 --seed 67 --months 240
7500000,405,68,240,0.6.0,yes,1,1427793.82,2109843.34,0,python app/src/simulation.py --env <db> --projection-id 405 --seed 68 --months 240
7500000,405,69,240,0.6.0,yes,1,1027145.80,1674824.88,0,python app/src/simulation.py --env <db> --projection-id 405 --seed 69 --months 240
7500000,405,70,240,0.6.0,yes,1,1050721.74,1739822.07,0,python app/src/simulation.py --env <db> --projection-id 405 --seed 70 --months 240
7500000,405,71,240,0.6.0,yes,1,538178.39,1339496.59,0,python app/src/simulation.py --env <db> --projection-id 405 --seed 71 --months 240
7500000,405,72,240,0.6.0,yes,1,1281780.90,1949007.69,0,python app/src/simulation.py --env <db> --projection-id 405 --seed 72 --months 240
7500000,405,73,240,0.6.0,yes,1,963563.29,1591007.59,0,python app/src/simulation.py --env <db> --projection-id 405 --seed 73 --months 240
7500000,405,74,240,0.6.0,yes,1,428249.79,1070426.01,0,python app/src/simulation.py --env <db> --projection-id 405 --seed 74 --months 240
7500000,405,75,240,0.6.0,yes,1,1230970.41,1994079.65,0,python app/src/simulation.py --env <db> --projection-id 405 --seed 75 --months 240
7500000,405,76,240,0.6.0,yes,1,927204.56,1586736.20,0,python app/src/simulation.py --env <db> --projection-id 405 --seed 76 --months 240
7500000,405,77,240,0.6.0,yes,1,852084.33,1674014.76,0,python app/src/simulation.py --env <db> --projection-id 405 --seed 77 --months 240
7500000,405,78,240,0.6.0,yes,1,1200456.13,1834340.66,1,python app/src/simulation.py --env <db> --projection-id 405 --seed 78 --months 240
7500000,405,79,240,0.6.0,yes,1,806323.19,1403186.48,0,python app/src/simulation.py --env <db> --projection-id 405 --seed 79 --months 240
7500000,405,80,240,0.6.0,yes,1,607405.47,1309848.74,0,python app/src/simulation.py --env <db> --projection-id 405 --seed 80 --months 240
7500000,405,81,240,0.6.0,yes,1,1561012.43,2245894.70,0,python app/src/simulation.py --env <db> --projection-id 405 --seed 81 --months 240
7500000,405,82,240,0.6.0,yes,1,883585.94,1496718.74,0,python app/src/simulation.py --env <db> --projection-id 405 --seed 82 --months 240
7500000,405,83,240,0.6.0,yes,1,1236743.58,2022730.97,0,python app/src/simulation.py --env <db> --projection-id 405 --seed 83 --months 240
7500000,405,84,240,0.6.0,yes,1,379820.63,1032139.96,0,python app/src/simulation.py --env <db> --projection-id 405 --seed 84 --months 240
7500000,405,85,240,0.6.0,yes,1,1318674.88,2029662.85,0,python app/src/simulation.py --env <db> --projection-id 405 --seed 85 --months 240
7500000,405,86,240,0.6.0,yes,1,551806.10,1336562.60,0,python app/src/simulation.py --env <db> --projection-id 405 --seed 86 --months 240
7500000,405,87,240,0.6.0,yes,1,659130.92,1316893.39,0,python app/src/simulation.py --env <db> --projection-id 405 --seed 87 --months 240
7500000,405,88,240,0.6.0,yes,1,439500.76,1161754.40,0,python app/src/simulation.py --env <db> --projection-id 405 --seed 88 --months 240
7500000,405,89,240,0.6.0,yes,1,608374.06,1257410.08,0,python app/src/simulation.py --env <db> --projection-id 405 --seed 89 --months 240
7500000,405,90,240,0.6.0,yes,1,1320572.26,2036972.80,0,python app/src/simulation.py --env <db> --projection-id 405 --seed 90 --months 240
7500000,405,91,240,0.6.0,yes,1,446826.43,1111707.80,0,python app/src/simulation.py --env <db> --projection-id 405 --seed 91 --months 240
7500000,405,92,240,0.6.0,yes,1,856193.45,1528018.39,0,python app/src/simulation.py --env <db> --projection-id 405 --seed 92 --months 240
7500000,405,93,240,0.6.0,yes,1,728751.64,1512490.49,0,python app/src/simulation.py --env <db> --projection-id 405 --seed 93 --months 240
7500000,405,94,240,0.6.0,yes,1,754130.13,1402761.09,0,python app/src/simulation.py --env <db> --projection-id 405 --seed 94 --months 240
7500000,405,95,240,0.6.0,yes,1,1222282.74,1832334.31,0,python app/src/simulation.py --env <db> --projection-id 405 --seed 95 --months 240
7500000,405,96,240,0.6.0,yes,1,1844929.29,2636732.81,0,python app/src/simulation.py --env <db> --projection-id 405 --seed 96 --months 240
7500000,405,97,240,0.6.0,yes,1,1468405.90,2224987.40,0,python app/src/simulation.py --env <db> --projection-id 405 --seed 97 --months 240
7500000,405,98,240,0.6.0,yes,1,1172054.95,1905370.94,0,python app/src/simulation.py --env <db> --projection-id 405 --seed 98 --months 240
7500000,405,99,240,0.6.0,yes,1,1746968.97,2527365.82,0,python app/src/simulation.py --env <db> --projection-id 405 --seed 99 --months 240
7500000,405,100,240,0.6.0,yes,1,857657.22,1483230.53,0,python app/src/simulation.py --env <db> --projection-id 405 --seed 100 --months 240
7500000,405,101,240,0.6.0,yes,1,994912.85,1759554.35,0,python app/src/simulation.py --env <db> --projection-id 405 --seed 101 --months 240
7500000,405,102,240,0.6.0,yes,1,892973.80,1572587.65,0,python app/src/simulation.py --env <db> --projection-id 405 --seed 102 --months 240
7500000,405,103,240,0.6.0,yes,1,646324.83,1297819.32,0,python app/src/simulation.py --env <db> --projection-id 405 --seed 103 --months 240
7500000,405,104,240,0.6.0,yes,1,598790.69,1383351.82,0,python app/src/simulation.py --env <db> --projection-id 405 --seed 104 --months 240
7500000,405,105,240,0.6.0,yes,1,881788.82,1540332.02,0,python app/src/simulation.py --env <db> --projection-id 405 --seed 105 --months 240
7500000,405,106,240,0.6.0,yes,1,481081.79,1127113.40,0,python app/src/simulation.py --env <db> --projection-id 405 --seed 106 --months 240
7500000,405,107,240,0.6.0,yes,1,1095067.19,1752235.66,0,python app/src/simulation.py --env <db> --projection-id 405 --seed 107 --months 240
7500000,405,108,240,0.6.0,yes,1,929320.19,1569196.72,0,python app/src/simulation.py --env <db> --projection-id 405 --seed 108 --months 240
7500000,405,109,240,0.6.0,yes,1,848923.05,1530367.70,0,python app/src/simulation.py --env <db> --projection-id 405 --seed 109 --months 240
7500000,405,110,240,0.6.0,yes,1,1022625.64,1809841.71,0,python app/src/simulation.py --env <db> --projection-id 405 --seed 110 --months 240
7500000,405,111,240,0.6.0,yes,1,532913.71,1336456.30,0,python app/src/simulation.py --env <db> --projection-id 405 --seed 111 --months 240
7500000,405,112,240,0.6.0,yes,1,1256009.57,1913279.88,0,python app/src/simulation.py --env <db> --projection-id 405 --seed 112 --months 240
7500000,405,113,240,0.6.0,yes,1,840412.23,1538695.27,0,python app/src/simulation.py --env <db> --projection-id 405 --seed 113 --months 240
7500000,405,114,240,0.6.0,yes,1,347454.64,1054725.10,0,python app/src/simulation.py --env <db> --projection-id 405 --seed 114 --months 240
7500000,405,115,240,0.6.0,yes,1,857528.80,1511401.29,0,python app/src/simulation.py --env <db> --projection-id 405 --seed 115 --months 240
7500000,405,116,240,0.6.0,yes,1,892012.90,1686496.94,0,python app/src/simulation.py --env <db> --projection-id 405 --seed 116 --months 240
7500000,405,117,240,0.6.0,yes,1,707806.49,1385485.40,0,python app/src/simulation.py --env <db> --projection-id 405 --seed 117 --months 240
7500000,405,118,240,0.6.0,yes,1,607251.51,1326413.50,0,python app/src/simulation.py --env <db> --projection-id 405 --seed 118 --months 240
7500000,405,119,240,0.6.0,yes,1,1198804.78,1906126.21,0,python app/src/simulation.py --env <db> --projection-id 405 --seed 119 --months 240
7500000,405,120,240,0.6.0,yes,1,1396051.54,2048430.45,0,python app/src/simulation.py --env <db> --projection-id 405 --seed 120 --months 240
7500000,405,121,240,0.6.0,yes,1,872762.12,1475671.10,0,python app/src/simulation.py --env <db> --projection-id 405 --seed 121 --months 240
7500000,405,122,240,0.6.0,yes,1,1675327.92,2337075.04,0,python app/src/simulation.py --env <db> --projection-id 405 --seed 122 --months 240
7500000,405,123,240,0.6.0,yes,1,1086433.16,1690264.12,0,python app/src/simulation.py --env <db> --projection-id 405 --seed 123 --months 240
7500000,405,124,240,0.6.0,yes,1,777782.46,1477843.26,0,python app/src/simulation.py --env <db> --projection-id 405 --seed 124 --months 240
7500000,405,125,240,0.6.0,yes,1,1025363.28,1666070.89,0,python app/src/simulation.py --env <db> --projection-id 405 --seed 125 --months 240
7500000,405,126,240,0.6.0,yes,1,1126503.91,1733487.61,0,python app/src/simulation.py --env <db> --projection-id 405 --seed 126 --months 240
7500000,405,127,240,0.6.0,yes,1,961171.91,1585204.99,0,python app/src/simulation.py --env <db> --projection-id 405 --seed 127 --months 240
7500000,405,128,240,0.6.0,yes,1,530290.60,1169241.74,0,python app/src/simulation.py --env <db> --projection-id 405 --seed 128 --months 240
7500000,405,129,240,0.6.0,yes,1,1010452.97,1731396.70,0,python app/src/simulation.py --env <db> --projection-id 405 --seed 129 --months 240
7500000,405,130,240,0.6.0,yes,1,339363.69,1035605.89,0,python app/src/simulation.py --env <db> --projection-id 405 --seed 130 --months 240
7500000,405,131,240,0.6.0,yes,1,844029.60,1474010.07,0,python app/src/simulation.py --env <db> --projection-id 405 --seed 131 --months 240
7500000,405,132,240,0.6.0,yes,1,1222466.49,1886893.09,0,python app/src/simulation.py --env <db> --projection-id 405 --seed 132 --months 240
7500000,405,133,240,0.6.0,yes,1,1242184.38,1886841.78,0,python app/src/simulation.py --env <db> --projection-id 405 --seed 133 --months 240
7500000,405,134,240,0.6.0,yes,1,948225.56,1582826.31,0,python app/src/simulation.py --env <db> --projection-id 405 --seed 134 --months 240
7500000,405,135,240,0.6.0,yes,1,1424667.76,2207517.28,0,python app/src/simulation.py --env <db> --projection-id 405 --seed 135 --months 240
7500000,405,136,240,0.6.0,yes,1,598064.02,1241720.56,0,python app/src/simulation.py --env <db> --projection-id 405 --seed 136 --months 240
7500000,405,137,240,0.6.0,yes,1,613055.96,1231358.84,0,python app/src/simulation.py --env <db> --projection-id 405 --seed 137 --months 240
7500000,405,138,240,0.6.0,yes,1,656027.60,1321783.77,0,python app/src/simulation.py --env <db> --projection-id 405 --seed 138 --months 240
7500000,405,139,240,0.6.0,yes,1,1266495.48,1917991.40,0,python app/src/simulation.py --env <db> --projection-id 405 --seed 139 --months 240
7500000,405,140,240,0.6.0,yes,1,545823.16,1213641.11,0,python app/src/simulation.py --env <db> --projection-id 405 --seed 140 --months 240
7500000,405,141,240,0.6.0,yes,1,1198128.49,1914600.98,0,python app/src/simulation.py --env <db> --projection-id 405 --seed 141 --months 240
7500000,405,142,240,0.6.0,yes,1,1168636.23,1799584.32,0,python app/src/simulation.py --env <db> --projection-id 405 --seed 142 --months 240
7500000,405,143,240,0.6.0,yes,1,1140747.03,1904723.84,0,python app/src/simulation.py --env <db> --projection-id 405 --seed 143 --months 240
7500000,405,144,240,0.6.0,yes,1,1318810.13,2013139.81,0,python app/src/simulation.py --env <db> --projection-id 405 --seed 144 --months 240
7500000,405,145,240,0.6.0,yes,1,1128668.70,1795369.84,0,python app/src/simulation.py --env <db> --projection-id 405 --seed 145 --months 240
7500000,405,146,240,0.6.0,yes,1,1408469.47,2017753.43,0,python app/src/simulation.py --env <db> --projection-id 405 --seed 146 --months 240
7500000,405,147,240,0.6.0,yes,1,1194501.35,1805561.51,0,python app/src/simulation.py --env <db> --projection-id 405 --seed 147 --months 240
7500000,405,148,240,0.6.0,yes,1,523799.76,1164740.38,0,python app/src/simulation.py --env <db> --projection-id 405 --seed 148 --months 240
7500000,405,149,240,0.6.0,yes,1,638638.12,1332597.46,0,python app/src/simulation.py --env <db> --projection-id 405 --seed 149 --months 240
7500000,405,150,240,0.6.0,yes,1,1254518.82,1912314.79,0,python app/src/simulation.py --env <db> --projection-id 405 --seed 150 --months 240
8000000,406,1,240,0.6.0,yes,1,991300.70,1663993.38,0,python app/src/simulation.py --env <db> --projection-id 406 --seed 1 --months 240
8000000,406,2,240,0.6.0,yes,1,626560.76,1318552.23,0,python app/src/simulation.py --env <db> --projection-id 406 --seed 2 --months 240
8000000,406,3,240,0.6.0,yes,1,650689.19,1332461.03,0,python app/src/simulation.py --env <db> --projection-id 406 --seed 3 --months 240
8000000,406,4,240,0.6.0,yes,1,345022.26,1130542.43,0,python app/src/simulation.py --env <db> --projection-id 406 --seed 4 --months 240
8000000,406,5,240,0.6.0,yes,1,1212684.45,1886784.55,0,python app/src/simulation.py --env <db> --projection-id 406 --seed 5 --months 240
8000000,406,6,240,0.6.0,yes,1,939951.98,1593631.62,0,python app/src/simulation.py --env <db> --projection-id 406 --seed 6 --months 240
8000000,406,7,240,0.6.0,yes,1,601183.30,1408367.40,0,python app/src/simulation.py --env <db> --projection-id 406 --seed 7 --months 240
8000000,406,8,240,0.6.0,yes,1,782736.62,1530545.58,0,python app/src/simulation.py --env <db> --projection-id 406 --seed 8 --months 240
8000000,406,9,240,0.6.0,yes,1,494043.49,1089602.50,0,python app/src/simulation.py --env <db> --projection-id 406 --seed 9 --months 240
8000000,406,10,240,0.6.0,yes,1,859351.03,1586041.39,0,python app/src/simulation.py --env <db> --projection-id 406 --seed 10 --months 240
8000000,406,11,240,0.6.0,yes,1,840158.79,1585451.82,0,python app/src/simulation.py --env <db> --projection-id 406 --seed 11 --months 240
8000000,406,12,240,0.6.0,yes,1,1073525.42,1889797.02,0,python app/src/simulation.py --env <db> --projection-id 406 --seed 12 --months 240
8000000,406,13,240,0.6.0,yes,1,1010544.84,1761284.64,0,python app/src/simulation.py --env <db> --projection-id 406 --seed 13 --months 240
8000000,406,14,240,0.6.0,yes,1,621721.87,1394910.85,0,python app/src/simulation.py --env <db> --projection-id 406 --seed 14 --months 240
8000000,406,15,240,0.6.0,yes,1,333642.37,1114772.04,0,python app/src/simulation.py --env <db> --projection-id 406 --seed 15 --months 240
8000000,406,16,240,0.6.0,yes,1,1147836.08,1899773.45,0,python app/src/simulation.py --env <db> --projection-id 406 --seed 16 --months 240
8000000,406,17,240,0.6.0,yes,1,1276129.74,1948788.89,0,python app/src/simulation.py --env <db> --projection-id 406 --seed 17 --months 240
8000000,406,18,240,0.6.0,yes,1,660148.04,1376721.51,0,python app/src/simulation.py --env <db> --projection-id 406 --seed 18 --months 240
8000000,406,19,240,0.6.0,yes,1,713838.96,1470079.01,0,python app/src/simulation.py --env <db> --projection-id 406 --seed 19 --months 240
8000000,406,20,240,0.6.0,yes,1,988497.46,1766465.67,0,python app/src/simulation.py --env <db> --projection-id 406 --seed 20 --months 240
8000000,406,21,240,0.6.0,yes,1,955968.17,1688886.69,0,python app/src/simulation.py --env <db> --projection-id 406 --seed 21 --months 240
8000000,406,22,240,0.6.0,yes,1,809431.38,1548086.08,0,python app/src/simulation.py --env <db> --projection-id 406 --seed 22 --months 240
8000000,406,23,240,0.6.0,yes,1,684540.30,1429397.28,0,python app/src/simulation.py --env <db> --projection-id 406 --seed 23 --months 240
8000000,406,24,240,0.6.0,yes,1,444874.42,1287195.23,0,python app/src/simulation.py --env <db> --projection-id 406 --seed 24 --months 240
8000000,406,25,240,0.6.0,yes,1,1135372.96,2099954.21,0,python app/src/simulation.py --env <db> --projection-id 406 --seed 25 --months 240
8000000,406,26,240,0.6.0,yes,1,611200.50,1329362.34,0,python app/src/simulation.py --env <db> --projection-id 406 --seed 26 --months 240
8000000,406,27,240,0.6.0,yes,1,813421.69,1526614.08,0,python app/src/simulation.py --env <db> --projection-id 406 --seed 27 --months 240
8000000,406,28,240,0.6.0,yes,1,829377.28,1457531.45,0,python app/src/simulation.py --env <db> --projection-id 406 --seed 28 --months 240
8000000,406,29,240,0.6.0,yes,1,440310.24,1121269.27,0,python app/src/simulation.py --env <db> --projection-id 406 --seed 29 --months 240
8000000,406,30,240,0.6.0,yes,1,837127.83,1461359.47,0,python app/src/simulation.py --env <db> --projection-id 406 --seed 30 --months 240
8000000,406,31,240,0.6.0,yes,1,897698.10,1513298.52,0,python app/src/simulation.py --env <db> --projection-id 406 --seed 31 --months 240
8000000,406,32,240,0.6.0,yes,1,745037.75,1472076.45,0,python app/src/simulation.py --env <db> --projection-id 406 --seed 32 --months 240
8000000,406,33,240,0.6.0,yes,1,654267.58,1345402.50,0,python app/src/simulation.py --env <db> --projection-id 406 --seed 33 --months 240
8000000,406,34,240,0.6.0,yes,1,1050418.04,1749887.76,0,python app/src/simulation.py --env <db> --projection-id 406 --seed 34 --months 240
8000000,406,35,240,0.6.0,yes,1,674247.77,1412934.58,0,python app/src/simulation.py --env <db> --projection-id 406 --seed 35 --months 240
8000000,406,36,240,0.6.0,yes,1,1441862.28,2107674.68,0,python app/src/simulation.py --env <db> --projection-id 406 --seed 36 --months 240
8000000,406,37,240,0.6.0,yes,1,590599.32,1374553.57,0,python app/src/simulation.py --env <db> --projection-id 406 --seed 37 --months 240
8000000,406,38,240,0.6.0,yes,1,1267442.10,2027097.58,0,python app/src/simulation.py --env <db> --projection-id 406 --seed 38 --months 240
8000000,406,39,240,0.6.0,yes,1,998149.35,1766221.13,0,python app/src/simulation.py --env <db> --projection-id 406 --seed 39 --months 240
8000000,406,40,240,0.6.0,yes,1,840878.83,1476210.67,0,python app/src/simulation.py --env <db> --projection-id 406 --seed 40 --months 240
8000000,406,41,240,0.6.0,yes,1,683120.37,1335623.31,0,python app/src/simulation.py --env <db> --projection-id 406 --seed 41 --months 240
8000000,406,42,240,0.6.0,yes,1,690207.70,1465125.25,0,python app/src/simulation.py --env <db> --projection-id 406 --seed 42 --months 240
8000000,406,43,240,0.6.0,yes,1,1306266.30,2078396.60,0,python app/src/simulation.py --env <db> --projection-id 406 --seed 43 --months 240
8000000,406,44,240,0.6.0,yes,1,1262091.12,1966958.79,0,python app/src/simulation.py --env <db> --projection-id 406 --seed 44 --months 240
8000000,406,45,240,0.6.0,yes,1,968180.56,1699932.17,0,python app/src/simulation.py --env <db> --projection-id 406 --seed 45 --months 240
8000000,406,46,240,0.6.0,yes,1,807669.85,1552975.45,0,python app/src/simulation.py --env <db> --projection-id 406 --seed 46 --months 240
8000000,406,47,240,0.6.0,yes,1,1393471.98,2054737.83,0,python app/src/simulation.py --env <db> --projection-id 406 --seed 47 --months 240
8000000,406,48,240,0.6.0,yes,1,932226.08,1741570.77,0,python app/src/simulation.py --env <db> --projection-id 406 --seed 48 --months 240
8000000,406,49,240,0.6.0,yes,1,1140756.76,1814073.35,0,python app/src/simulation.py --env <db> --projection-id 406 --seed 49 --months 240
8000000,406,50,240,0.6.0,yes,1,1475184.71,2103920.04,0,python app/src/simulation.py --env <db> --projection-id 406 --seed 50 --months 240
8000000,406,51,240,0.6.0,yes,1,1294805.65,2111677.91,0,python app/src/simulation.py --env <db> --projection-id 406 --seed 51 --months 240
8000000,406,52,240,0.6.0,yes,1,445012.95,1100793.53,0,python app/src/simulation.py --env <db> --projection-id 406 --seed 52 --months 240
8000000,406,53,240,0.6.0,yes,1,1331373.57,1981893.61,0,python app/src/simulation.py --env <db> --projection-id 406 --seed 53 --months 240
8000000,406,54,240,0.6.0,yes,1,1008532.40,1742190.80,0,python app/src/simulation.py --env <db> --projection-id 406 --seed 54 --months 240
8000000,406,55,240,0.6.0,yes,1,1714514.53,2545953.73,0,python app/src/simulation.py --env <db> --projection-id 406 --seed 55 --months 240
8000000,406,56,240,0.6.0,yes,1,1528028.76,2190215.32,0,python app/src/simulation.py --env <db> --projection-id 406 --seed 56 --months 240
8000000,406,57,240,0.6.0,yes,1,891505.05,1609564.82,0,python app/src/simulation.py --env <db> --projection-id 406 --seed 57 --months 240
8000000,406,58,240,0.6.0,yes,1,480453.52,1312562.41,0,python app/src/simulation.py --env <db> --projection-id 406 --seed 58 --months 240
8000000,406,59,240,0.6.0,yes,1,998587.79,1641930.69,0,python app/src/simulation.py --env <db> --projection-id 406 --seed 59 --months 240
8000000,406,60,240,0.6.0,yes,1,1267373.48,1985790.71,0,python app/src/simulation.py --env <db> --projection-id 406 --seed 60 --months 240
8000000,406,61,240,0.6.0,yes,1,561570.13,1211666.26,0,python app/src/simulation.py --env <db> --projection-id 406 --seed 61 --months 240
8000000,406,62,240,0.6.0,yes,1,750632.89,1502978.10,0,python app/src/simulation.py --env <db> --projection-id 406 --seed 62 --months 240
8000000,406,63,240,0.6.0,yes,1,869080.54,1473248.92,1,python app/src/simulation.py --env <db> --projection-id 406 --seed 63 --months 240
8000000,406,64,240,0.6.0,yes,1,1257365.27,1897167.96,0,python app/src/simulation.py --env <db> --projection-id 406 --seed 64 --months 240
8000000,406,65,240,0.6.0,yes,1,1167707.08,1861372.19,0,python app/src/simulation.py --env <db> --projection-id 406 --seed 65 --months 240
8000000,406,66,240,0.6.0,yes,1,796909.89,1505176.08,0,python app/src/simulation.py --env <db> --projection-id 406 --seed 66 --months 240
8000000,406,67,240,0.6.0,yes,1,1078658.60,1782780.83,0,python app/src/simulation.py --env <db> --projection-id 406 --seed 67 --months 240
8000000,406,68,240,0.6.0,yes,1,1195130.53,1977771.45,0,python app/src/simulation.py --env <db> --projection-id 406 --seed 68 --months 240
8000000,406,69,240,0.6.0,yes,1,983969.50,1667060.43,0,python app/src/simulation.py --env <db> --projection-id 406 --seed 69 --months 240
8000000,406,70,240,0.6.0,yes,1,833178.64,1605951.82,0,python app/src/simulation.py --env <db> --projection-id 406 --seed 70 --months 240
8000000,406,71,240,0.6.0,yes,1,588006.48,1489060.72,0,python app/src/simulation.py --env <db> --projection-id 406 --seed 71 --months 240
8000000,406,72,240,0.6.0,yes,1,1346897.29,2041033.47,0,python app/src/simulation.py --env <db> --projection-id 406 --seed 72 --months 240
8000000,406,73,240,0.6.0,yes,1,1002753.75,1630198.05,0,python app/src/simulation.py --env <db> --projection-id 406 --seed 73 --months 240
8000000,406,74,240,0.6.0,yes,1,685868.74,1362950.17,0,python app/src/simulation.py --env <db> --projection-id 406 --seed 74 --months 240
8000000,406,75,240,0.6.0,yes,1,1045864.83,1798649.40,0,python app/src/simulation.py --env <db> --projection-id 406 --seed 75 --months 240
8000000,406,76,240,0.6.0,yes,1,716284.26,1388781.32,0,python app/src/simulation.py --env <db> --projection-id 406 --seed 76 --months 240
8000000,406,77,240,0.6.0,yes,1,1313500.52,2149883.41,0,python app/src/simulation.py --env <db> --projection-id 406 --seed 77 --months 240
8000000,406,78,240,0.6.0,yes,1,717129.14,1378523.46,0,python app/src/simulation.py --env <db> --projection-id 406 --seed 78 --months 240
8000000,406,79,240,0.6.0,yes,1,713525.75,1313331.05,0,python app/src/simulation.py --env <db> --projection-id 406 --seed 79 --months 240
8000000,406,80,240,0.6.0,yes,1,593939.49,1407531.07,0,python app/src/simulation.py --env <db> --projection-id 406 --seed 80 --months 240
8000000,406,81,240,0.6.0,yes,1,692403.27,1418641.50,0,python app/src/simulation.py --env <db> --projection-id 406 --seed 81 --months 240
8000000,406,82,240,0.6.0,yes,1,1210008.97,1859780.35,0,python app/src/simulation.py --env <db> --projection-id 406 --seed 82 --months 240
8000000,406,83,240,0.6.0,yes,1,713426.36,1518846.01,0,python app/src/simulation.py --env <db> --projection-id 406 --seed 83 --months 240
8000000,406,84,240,0.6.0,yes,1,1087763.73,1753399.56,0,python app/src/simulation.py --env <db> --projection-id 406 --seed 84 --months 240
8000000,406,85,240,0.6.0,yes,1,1588366.35,2330512.21,0,python app/src/simulation.py --env <db> --projection-id 406 --seed 85 --months 240
8000000,406,86,240,0.6.0,yes,1,2010334.31,2757425.62,0,python app/src/simulation.py --env <db> --projection-id 406 --seed 86 --months 240
8000000,406,87,240,0.6.0,yes,1,1107632.25,1788351.14,0,python app/src/simulation.py --env <db> --projection-id 406 --seed 87 --months 240
8000000,406,88,240,0.6.0,yes,1,728181.26,1412936.69,0,python app/src/simulation.py --env <db> --projection-id 406 --seed 88 --months 240
8000000,406,89,240,0.6.0,yes,1,1070620.51,1775961.62,0,python app/src/simulation.py --env <db> --projection-id 406 --seed 89 --months 240
8000000,406,90,240,0.6.0,yes,1,1256125.74,1972526.28,0,python app/src/simulation.py --env <db> --projection-id 406 --seed 90 --months 240
8000000,406,91,240,0.6.0,yes,1,680809.58,1372596.68,0,python app/src/simulation.py --env <db> --projection-id 406 --seed 91 --months 240
8000000,406,92,240,0.6.0,yes,1,1284070.14,1956140.02,0,python app/src/simulation.py --env <db> --projection-id 406 --seed 92 --months 240
8000000,406,93,240,0.6.0,yes,1,474850.01,1228837.66,0,python app/src/simulation.py --env <db> --projection-id 406 --seed 93 --months 240
8000000,406,94,240,0.6.0,yes,1,338985.67,1023476.04,0,python app/src/simulation.py --env <db> --projection-id 406 --seed 94 --months 240
8000000,406,95,240,0.6.0,yes,1,1096494.69,1778906.99,0,python app/src/simulation.py --env <db> --projection-id 406 --seed 95 --months 240
8000000,406,96,240,0.6.0,yes,1,1117139.18,1960377.35,0,python app/src/simulation.py --env <db> --projection-id 406 --seed 96 --months 240
8000000,406,97,240,0.6.0,yes,1,1063573.37,1890722.56,0,python app/src/simulation.py --env <db> --projection-id 406 --seed 97 --months 240
8000000,406,98,240,0.6.0,yes,1,1261420.78,1940397.65,0,python app/src/simulation.py --env <db> --projection-id 406 --seed 98 --months 240
8000000,406,99,240,0.6.0,yes,1,1469800.81,2264751.35,0,python app/src/simulation.py --env <db> --projection-id 406 --seed 99 --months 240
8000000,406,100,240,0.6.0,yes,1,725195.54,1415082.78,0,python app/src/simulation.py --env <db> --projection-id 406 --seed 100 --months 240
8000000,406,101,240,0.6.0,yes,1,728273.27,1551292.91,0,python app/src/simulation.py --env <db> --projection-id 406 --seed 101 --months 240
8000000,406,102,240,0.6.0,yes,1,1605332.57,2298880.66,0,python app/src/simulation.py --env <db> --projection-id 406 --seed 102 --months 240
8000000,406,103,240,0.6.0,yes,1,640984.42,1304731.54,0,python app/src/simulation.py --env <db> --projection-id 406 --seed 103 --months 240
8000000,406,104,240,0.6.0,yes,1,649709.91,1469397.29,1,python app/src/simulation.py --env <db> --projection-id 406 --seed 104 --months 240
8000000,406,105,240,0.6.0,yes,1,460352.77,1187423.65,0,python app/src/simulation.py --env <db> --projection-id 406 --seed 105 --months 240
8000000,406,106,240,0.6.0,yes,1,894027.60,1645484.51,0,python app/src/simulation.py --env <db> --projection-id 406 --seed 106 --months 240
8000000,406,107,240,0.6.0,yes,1,412000.54,1213733.90,0,python app/src/simulation.py --env <db> --projection-id 406 --seed 107 --months 240
8000000,406,108,240,0.6.0,yes,1,938352.74,1607347.17,0,python app/src/simulation.py --env <db> --projection-id 406 --seed 108 --months 240
8000000,406,109,240,0.6.0,yes,1,900133.81,1584322.97,0,python app/src/simulation.py --env <db> --projection-id 406 --seed 109 --months 240
8000000,406,110,240,0.6.0,yes,1,1276629.63,2076246.51,0,python app/src/simulation.py --env <db> --projection-id 406 --seed 110 --months 240
8000000,406,111,240,0.6.0,yes,1,543568.85,1342341.32,0,python app/src/simulation.py --env <db> --projection-id 406 --seed 111 --months 240
8000000,406,112,240,0.6.0,yes,1,1627711.42,2445543.31,0,python app/src/simulation.py --env <db> --projection-id 406 --seed 112 --months 240
8000000,406,113,240,0.6.0,yes,1,480914.60,1174710.40,0,python app/src/simulation.py --env <db> --projection-id 406 --seed 113 --months 240
8000000,406,114,240,0.6.0,yes,1,630181.34,1348791.81,0,python app/src/simulation.py --env <db> --projection-id 406 --seed 114 --months 240
8000000,406,115,240,0.6.0,yes,1,512714.20,1266665.27,0,python app/src/simulation.py --env <db> --projection-id 406 --seed 115 --months 240
8000000,406,116,240,0.6.0,yes,1,1533634.30,2270057.03,0,python app/src/simulation.py --env <db> --projection-id 406 --seed 116 --months 240
8000000,406,117,240,0.6.0,yes,1,415390.30,1117723.76,0,python app/src/simulation.py --env <db> --projection-id 406 --seed 117 --months 240
8000000,406,118,240,0.6.0,yes,1,495908.31,1235607.88,0,python app/src/simulation.py --env <db> --projection-id 406 --seed 118 --months 240
8000000,406,119,240,0.6.0,yes,1,569145.38,1305436.54,0,python app/src/simulation.py --env <db> --projection-id 406 --seed 119 --months 240
8000000,406,120,240,0.6.0,yes,1,1177429.15,1920670.11,0,python app/src/simulation.py --env <db> --projection-id 406 --seed 120 --months 240
8000000,406,121,240,0.6.0,yes,1,1084314.99,1697725.45,0,python app/src/simulation.py --env <db> --projection-id 406 --seed 121 --months 240
8000000,406,122,240,0.6.0,yes,1,551950.04,1226804.69,0,python app/src/simulation.py --env <db> --projection-id 406 --seed 122 --months 240
8000000,406,123,240,0.6.0,yes,1,950199.80,1563141.74,0,python app/src/simulation.py --env <db> --projection-id 406 --seed 123 --months 240
8000000,406,124,240,0.6.0,yes,1,586102.75,1249472.15,0,python app/src/simulation.py --env <db> --projection-id 406 --seed 124 --months 240
8000000,406,125,240,0.6.0,yes,1,575268.51,1236427.13,0,python app/src/simulation.py --env <db> --projection-id 406 --seed 125 --months 240
8000000,406,126,240,0.6.0,yes,1,470914.35,1145058.51,0,python app/src/simulation.py --env <db> --projection-id 406 --seed 126 --months 240
8000000,406,127,240,0.6.0,yes,1,1369636.92,2030549.19,0,python app/src/simulation.py --env <db> --projection-id 406 --seed 127 --months 240
8000000,406,128,240,0.6.0,yes,1,498984.12,1150285.12,0,python app/src/simulation.py --env <db> --projection-id 406 --seed 128 --months 240
8000000,406,129,240,0.6.0,yes,1,1438405.35,2232874.57,0,python app/src/simulation.py --env <db> --projection-id 406 --seed 129 --months 240
8000000,406,130,240,0.6.0,yes,1,873740.27,1591615.19,0,python app/src/simulation.py --env <db> --projection-id 406 --seed 130 --months 240
8000000,406,131,240,0.6.0,yes,1,546955.76,1218223.73,0,python app/src/simulation.py --env <db> --projection-id 406 --seed 131 --months 240
8000000,406,132,240,0.6.0,yes,1,1191187.92,1953932.48,0,python app/src/simulation.py --env <db> --projection-id 406 --seed 132 --months 240
8000000,406,133,240,0.6.0,yes,1,866084.38,1600513.44,0,python app/src/simulation.py --env <db> --projection-id 406 --seed 133 --months 240
8000000,406,134,240,0.6.0,yes,1,1362829.57,2008257.07,0,python app/src/simulation.py --env <db> --projection-id 406 --seed 134 --months 240
8000000,406,135,240,0.6.0,yes,1,1431152.00,2272850.09,0,python app/src/simulation.py --env <db> --projection-id 406 --seed 135 --months 240
8000000,406,136,240,0.6.0,yes,1,1658016.93,2316130.32,0,python app/src/simulation.py --env <db> --projection-id 406 --seed 136 --months 240
8000000,406,137,240,0.6.0,yes,1,939288.79,1569360.15,0,python app/src/simulation.py --env <db> --projection-id 406 --seed 137 --months 240
8000000,406,138,240,0.6.0,yes,1,750613.63,1416369.80,0,python app/src/simulation.py --env <db> --projection-id 406 --seed 138 --months 240
8000000,406,139,240,0.6.0,yes,1,1144168.07,1795663.99,0,python app/src/simulation.py --env <db> --projection-id 406 --seed 139 --months 240
8000000,406,140,240,0.6.0,yes,1,758861.81,1427169.95,0,python app/src/simulation.py --env <db> --projection-id 406 --seed 140 --months 240
8000000,406,141,240,0.6.0,yes,1,547193.83,1266484.30,0,python app/src/simulation.py --env <db> --projection-id 406 --seed 141 --months 240
8000000,406,142,240,0.6.0,yes,1,578267.98,1228742.10,0,python app/src/simulation.py --env <db> --projection-id 406 --seed 142 --months 240
8000000,406,143,240,0.6.0,yes,1,705946.45,1566175.65,0,python app/src/simulation.py --env <db> --projection-id 406 --seed 143 --months 240
8000000,406,144,240,0.6.0,yes,1,442469.53,1151403.84,0,python app/src/simulation.py --env <db> --projection-id 406 --seed 144 --months 240
8000000,406,145,240,0.6.0,yes,1,1211880.24,1891829.34,0,python app/src/simulation.py --env <db> --projection-id 406 --seed 145 --months 240
8000000,406,146,240,0.6.0,yes,1,1187845.15,1818326.16,0,python app/src/simulation.py --env <db> --projection-id 406 --seed 146 --months 240
8000000,406,147,240,0.6.0,yes,1,1064684.35,1686030.86,0,python app/src/simulation.py --env <db> --projection-id 406 --seed 147 --months 240
8000000,406,148,240,0.6.0,yes,1,695917.05,1402673.57,0,python app/src/simulation.py --env <db> --projection-id 406 --seed 148 --months 240
8000000,406,149,240,0.6.0,yes,1,1005154.60,1727121.99,0,python app/src/simulation.py --env <db> --projection-id 406 --seed 149 --months 240
8000000,406,150,240,0.6.0,yes,1,1171383.74,1857639.89,1,python app/src/simulation.py --env <db> --projection-id 406 --seed 150 --months 240
9000000,407,1,240,0.6.0,yes,1,844331.78,1602361.99,0,python app/src/simulation.py --env <db> --projection-id 407 --seed 1 --months 240
9000000,407,2,240,0.6.0,yes,1,1410379.67,2197275.35,0,python app/src/simulation.py --env <db> --projection-id 407 --seed 2 --months 240
9000000,407,3,240,0.6.0,yes,1,790357.52,1486834.14,0,python app/src/simulation.py --env <db> --projection-id 407 --seed 3 --months 240
9000000,407,4,240,0.6.0,yes,1,633207.66,1439475.61,0,python app/src/simulation.py --env <db> --projection-id 407 --seed 4 --months 240
9000000,407,5,240,0.6.0,yes,1,765420.13,1443095.21,0,python app/src/simulation.py --env <db> --projection-id 407 --seed 5 --months 240
9000000,407,6,240,0.6.0,yes,1,825169.97,1575564.59,0,python app/src/simulation.py --env <db> --projection-id 407 --seed 6 --months 240
9000000,407,7,240,0.6.0,yes,1,746435.24,1557610.28,0,python app/src/simulation.py --env <db> --projection-id 407 --seed 7 --months 240
9000000,407,8,240,0.6.0,yes,1,893751.58,1692923.61,0,python app/src/simulation.py --env <db> --projection-id 407 --seed 8 --months 240
9000000,407,9,240,0.6.0,yes,1,695052.95,1398759.55,0,python app/src/simulation.py --env <db> --projection-id 407 --seed 9 --months 240
9000000,407,10,240,0.6.0,yes,1,1133967.26,1822433.09,0,python app/src/simulation.py --env <db> --projection-id 407 --seed 10 --months 240
9000000,407,11,240,0.6.0,yes,1,483294.94,1238112.12,0,python app/src/simulation.py --env <db> --projection-id 407 --seed 11 --months 240
9000000,407,12,240,0.6.0,yes,1,763862.72,1659856.25,0,python app/src/simulation.py --env <db> --projection-id 407 --seed 12 --months 240
9000000,407,13,240,0.6.0,yes,1,703956.03,1463869.68,0,python app/src/simulation.py --env <db> --projection-id 407 --seed 13 --months 240
9000000,407,14,240,0.6.0,yes,1,539809.51,1342040.14,0,python app/src/simulation.py --env <db> --projection-id 407 --seed 14 --months 240
9000000,407,15,240,0.6.0,yes,1,564635.03,1417376.31,0,python app/src/simulation.py --env <db> --projection-id 407 --seed 15 --months 240
9000000,407,16,240,0.6.0,yes,1,1448669.56,2283766.89,0,python app/src/simulation.py --env <db> --projection-id 407 --seed 16 --months 240
9000000,407,17,240,0.6.0,yes,1,1551884.93,2252175.95,0,python app/src/simulation.py --env <db> --projection-id 407 --seed 17 --months 240
9000000,407,18,240,0.6.0,yes,1,1498808.90,2310248.44,0,python app/src/simulation.py --env <db> --projection-id 407 --seed 18 --months 240
9000000,407,19,240,0.6.0,yes,1,493395.50,1307765.57,0,python app/src/simulation.py --env <db> --projection-id 407 --seed 19 --months 240
9000000,407,20,240,0.6.0,yes,1,1070042.87,1972589.20,0,python app/src/simulation.py --env <db> --projection-id 407 --seed 20 --months 240
9000000,407,21,240,0.6.0,yes,1,630724.06,1458166.66,0,python app/src/simulation.py --env <db> --projection-id 407 --seed 21 --months 240
9000000,407,22,240,0.6.0,yes,1,979875.53,1754933.86,0,python app/src/simulation.py --env <db> --projection-id 407 --seed 22 --months 240
9000000,407,23,240,0.6.0,yes,1,622046.92,1418170.99,0,python app/src/simulation.py --env <db> --projection-id 407 --seed 23 --months 240
9000000,407,24,240,0.6.0,yes,1,1649534.08,2525182.79,0,python app/src/simulation.py --env <db> --projection-id 407 --seed 24 --months 240
9000000,407,25,240,0.6.0,yes,1,1383861.89,2442286.17,0,python app/src/simulation.py --env <db> --projection-id 407 --seed 25 --months 240
9000000,407,26,240,0.6.0,yes,1,930098.92,1659929.94,0,python app/src/simulation.py --env <db> --projection-id 407 --seed 26 --months 240
9000000,407,27,240,0.6.0,yes,1,877132.28,1629420.38,0,python app/src/simulation.py --env <db> --projection-id 407 --seed 27 --months 240
9000000,407,28,240,0.6.0,yes,1,511041.39,1249561.35,0,python app/src/simulation.py --env <db> --projection-id 407 --seed 28 --months 240
9000000,407,29,240,0.6.0,yes,1,770916.99,1545169.01,0,python app/src/simulation.py --env <db> --projection-id 407 --seed 29 --months 240
9000000,407,30,240,0.6.0,yes,1,1881780.45,2529723.86,0,python app/src/simulation.py --env <db> --projection-id 407 --seed 30 --months 240
9000000,407,31,240,0.6.0,yes,1,651951.40,1286364.28,0,python app/src/simulation.py --env <db> --projection-id 407 --seed 31 --months 240
9000000,407,32,240,0.6.0,yes,1,1439392.44,2185832.47,0,python app/src/simulation.py --env <db> --projection-id 407 --seed 32 --months 240
9000000,407,33,240,0.6.0,yes,1,594383.74,1393622.22,0,python app/src/simulation.py --env <db> --projection-id 407 --seed 33 --months 240
9000000,407,34,240,0.6.0,yes,1,732789.39,1533323.85,0,python app/src/simulation.py --env <db> --projection-id 407 --seed 34 --months 240
9000000,407,35,240,0.6.0,yes,1,1582276.10,2388100.69,0,python app/src/simulation.py --env <db> --projection-id 407 --seed 35 --months 240
9000000,407,36,240,0.6.0,yes,1,1503859.87,2280602.29,0,python app/src/simulation.py --env <db> --projection-id 407 --seed 36 --months 240
9000000,407,37,240,0.6.0,yes,1,585658.59,1355547.12,0,python app/src/simulation.py --env <db> --projection-id 407 --seed 37 --months 240
9000000,407,38,240,0.6.0,yes,1,608184.34,1422554.00,0,python app/src/simulation.py --env <db> --projection-id 407 --seed 38 --months 240
9000000,407,39,240,0.6.0,yes,1,987058.51,1770655.64,0,python app/src/simulation.py --env <db> --projection-id 407 --seed 39 --months 240
9000000,407,40,240,0.6.0,yes,1,482502.52,1214737.93,0,python app/src/simulation.py --env <db> --projection-id 407 --seed 40 --months 240
9000000,407,41,240,0.6.0,yes,1,856029.60,1647127.75,0,python app/src/simulation.py --env <db> --projection-id 407 --seed 41 --months 240
9000000,407,42,240,0.6.0,yes,1,757829.93,1550785.26,0,python app/src/simulation.py --env <db> --projection-id 407 --seed 42 --months 240
9000000,407,43,240,0.6.0,yes,1,1012126.79,1782197.82,0,python app/src/simulation.py --env <db> --projection-id 407 --seed 43 --months 240
9000000,407,44,240,0.6.0,yes,1,959876.89,1693574.35,0,python app/src/simulation.py --env <db> --projection-id 407 --seed 44 --months 240
9000000,407,45,240,0.6.0,yes,1,595537.18,1433700.17,0,python app/src/simulation.py --env <db> --projection-id 407 --seed 45 --months 240
9000000,407,46,240,0.6.0,yes,1,524492.55,1291781.06,0,python app/src/simulation.py --env <db> --projection-id 407 --seed 46 --months 240
9000000,407,47,240,0.6.0,yes,1,761292.59,1575260.42,0,python app/src/simulation.py --env <db> --projection-id 407 --seed 47 --months 240
9000000,407,48,240,0.6.0,yes,1,1435728.79,2273236.00,0,python app/src/simulation.py --env <db> --projection-id 407 --seed 48 --months 240
9000000,407,49,240,0.6.0,yes,1,434793.14,1253619.60,0,python app/src/simulation.py --env <db> --projection-id 407 --seed 49 --months 240
9000000,407,50,240,0.6.0,yes,1,990435.94,1742425.52,0,python app/src/simulation.py --env <db> --projection-id 407 --seed 50 --months 240
9000000,407,51,240,0.6.0,yes,1,1301780.45,2139095.35,0,python app/src/simulation.py --env <db> --projection-id 407 --seed 51 --months 240
9000000,407,52,240,0.6.0,yes,1,859187.31,1620345.52,0,python app/src/simulation.py --env <db> --projection-id 407 --seed 52 --months 240
9000000,407,53,240,0.6.0,yes,1,1087605.77,1848182.63,0,python app/src/simulation.py --env <db> --projection-id 407 --seed 53 --months 240
9000000,407,54,240,0.6.0,yes,1,659168.47,1440366.65,0,python app/src/simulation.py --env <db> --projection-id 407 --seed 54 --months 240
9000000,407,55,240,0.6.0,yes,1,1808303.19,2680641.11,0,python app/src/simulation.py --env <db> --projection-id 407 --seed 55 --months 240
9000000,407,56,240,0.6.0,yes,1,1108114.47,1870709.43,0,python app/src/simulation.py --env <db> --projection-id 407 --seed 56 --months 240
9000000,407,57,240,0.6.0,yes,1,507840.13,1275824.27,0,python app/src/simulation.py --env <db> --projection-id 407 --seed 57 --months 240
9000000,407,58,240,0.6.0,yes,1,740156.28,1652978.07,0,python app/src/simulation.py --env <db> --projection-id 407 --seed 58 --months 240
9000000,407,59,240,0.6.0,yes,1,356593.53,1098925.25,0,python app/src/simulation.py --env <db> --projection-id 407 --seed 59 --months 240
9000000,407,60,240,0.6.0,yes,1,1604543.83,2367476.78,0,python app/src/simulation.py --env <db> --projection-id 407 --seed 60 --months 240
9000000,407,61,240,0.6.0,yes,1,386613.35,1125846.49,0,python app/src/simulation.py --env <db> --projection-id 407 --seed 61 --months 240
9000000,407,62,240,0.6.0,yes,1,821598.26,1589637.79,0,python app/src/simulation.py --env <db> --projection-id 407 --seed 62 --months 240
9000000,407,63,240,0.6.0,yes,1,1373480.75,2014099.13,0,python app/src/simulation.py --env <db> --projection-id 407 --seed 63 --months 240
9000000,407,64,240,0.6.0,yes,1,583052.99,1300445.07,0,python app/src/simulation.py --env <db> --projection-id 407 --seed 64 --months 240
9000000,407,65,240,0.6.0,yes,1,616686.40,1348605.93,0,python app/src/simulation.py --env <db> --projection-id 407 --seed 65 --months 240
9000000,407,66,240,0.6.0,yes,1,1021753.17,1747174.86,0,python app/src/simulation.py --env <db> --projection-id 407 --seed 66 --months 240
9000000,407,67,240,0.6.0,yes,1,1207473.12,1955464.77,0,python app/src/simulation.py --env <db> --projection-id 407 --seed 67 --months 240
9000000,407,68,240,0.6.0,yes,1,895776.26,1715759.50,0,python app/src/simulation.py --env <db> --projection-id 407 --seed 68 --months 240
9000000,407,69,240,0.6.0,yes,1,843851.52,1617620.60,0,python app/src/simulation.py --env <db> --projection-id 407 --seed 69 --months 240
9000000,407,70,240,0.6.0,yes,1,1245454.97,2088918.17,0,python app/src/simulation.py --env <db> --projection-id 407 --seed 70 --months 240
9000000,407,71,240,0.6.0,yes,1,1414722.05,2365022.51,0,python app/src/simulation.py --env <db> --projection-id 407 --seed 71 --months 240
9000000,407,72,240,0.6.0,yes,1,629167.54,1369037.58,0,python app/src/simulation.py --env <db> --projection-id 407 --seed 72 --months 240
9000000,407,73,240,0.6.0,yes,1,1367831.28,2033899.92,0,python app/src/simulation.py --env <db> --projection-id 407 --seed 73 --months 240
9000000,407,74,240,0.6.0,yes,1,589150.79,1356190.68,0,python app/src/simulation.py --env <db> --projection-id 407 --seed 74 --months 240
9000000,407,75,240,0.6.0,yes,1,597423.59,1432006.48,0,python app/src/simulation.py --env <db> --projection-id 407 --seed 75 --months 240
9000000,407,76,240,0.6.0,yes,1,1529456.07,2229570.16,0,python app/src/simulation.py --env <db> --projection-id 407 --seed 76 --months 240
9000000,407,77,240,0.6.0,yes,1,478976.18,1347145.21,0,python app/src/simulation.py --env <db> --projection-id 407 --seed 77 --months 240
9000000,407,78,240,0.6.0,yes,1,1011565.83,1760879.87,0,python app/src/simulation.py --env <db> --projection-id 407 --seed 78 --months 240
9000000,407,79,240,0.6.0,yes,1,638571.25,1348737.81,0,python app/src/simulation.py --env <db> --projection-id 407 --seed 79 --months 240
9000000,407,80,240,0.6.0,yes,1,885617.20,1732181.39,0,python app/src/simulation.py --env <db> --projection-id 407 --seed 80 --months 240
9000000,407,81,240,0.6.0,yes,1,539487.70,1374108.85,0,python app/src/simulation.py --env <db> --projection-id 407 --seed 81 --months 240
9000000,407,82,240,0.6.0,yes,1,1491166.70,2176611.07,0,python app/src/simulation.py --env <db> --projection-id 407 --seed 82 --months 240
9000000,407,83,240,0.6.0,yes,1,755716.87,1587942.85,0,python app/src/simulation.py --env <db> --projection-id 407 --seed 83 --months 240
9000000,407,84,240,0.6.0,yes,1,498992.56,1304018.14,0,python app/src/simulation.py --env <db> --projection-id 407 --seed 84 --months 240
9000000,407,85,240,0.6.0,yes,1,1492504.03,2267089.79,0,python app/src/simulation.py --env <db> --projection-id 407 --seed 85 --months 240
9000000,407,86,240,0.6.0,yes,1,1919904.70,2761665.87,0,python app/src/simulation.py --env <db> --projection-id 407 --seed 86 --months 240
9000000,407,87,240,0.6.0,yes,1,1165556.30,1937453.68,0,python app/src/simulation.py --env <db> --projection-id 407 --seed 87 --months 240
9000000,407,88,240,0.6.0,yes,1,1176567.60,1929509.11,0,python app/src/simulation.py --env <db> --projection-id 407 --seed 88 --months 240
9000000,407,89,240,0.6.0,yes,1,851330.89,1581088.34,0,python app/src/simulation.py --env <db> --projection-id 407 --seed 89 --months 240
9000000,407,90,240,0.6.0,yes,1,812426.71,1558606.82,0,python app/src/simulation.py --env <db> --projection-id 407 --seed 90 --months 240
9000000,407,91,240,0.6.0,yes,1,1198984.87,2002924.98,0,python app/src/simulation.py --env <db> --projection-id 407 --seed 91 --months 240
9000000,407,92,240,0.6.0,yes,1,1300195.84,2001705.41,0,python app/src/simulation.py --env <db> --projection-id 407 --seed 92 --months 240
9000000,407,93,240,0.6.0,yes,1,523374.02,1293996.46,0,python app/src/simulation.py --env <db> --projection-id 407 --seed 93 --months 240
9000000,407,94,240,0.6.0,yes,1,724152.57,1524097.71,0,python app/src/simulation.py --env <db> --projection-id 407 --seed 94 --months 240
9000000,407,95,240,0.6.0,yes,1,1388108.08,2053435.55,0,python app/src/simulation.py --env <db> --projection-id 407 --seed 95 --months 240
9000000,407,96,240,0.6.0,yes,1,637770.40,1470262.87,0,python app/src/simulation.py --env <db> --projection-id 407 --seed 96 --months 240
9000000,407,97,240,0.6.0,yes,1,710643.42,1585306.82,0,python app/src/simulation.py --env <db> --projection-id 407 --seed 97 --months 240
9000000,407,98,240,0.6.0,yes,1,794808.82,1626971.61,0,python app/src/simulation.py --env <db> --projection-id 407 --seed 98 --months 240
9000000,407,99,240,0.6.0,yes,1,1806337.01,2651141.05,0,python app/src/simulation.py --env <db> --projection-id 407 --seed 99 --months 240
9000000,407,100,240,0.6.0,yes,1,931902.35,1642056.12,0,python app/src/simulation.py --env <db> --projection-id 407 --seed 100 --months 240
9000000,407,101,240,0.6.0,yes,1,1056255.31,1922942.28,0,python app/src/simulation.py --env <db> --projection-id 407 --seed 101 --months 240
9000000,407,102,240,0.6.0,yes,1,1117683.15,1841181.62,0,python app/src/simulation.py --env <db> --projection-id 407 --seed 102 --months 240
9000000,407,103,240,0.6.0,yes,1,1306770.33,2057482.66,0,python app/src/simulation.py --env <db> --projection-id 407 --seed 103 --months 240
9000000,407,104,240,0.6.0,yes,1,1314550.69,2162279.05,0,python app/src/simulation.py --env <db> --projection-id 407 --seed 104 --months 240
9000000,407,105,240,0.6.0,yes,1,932815.07,1701784.16,0,python app/src/simulation.py --env <db> --projection-id 407 --seed 105 --months 240
9000000,407,106,240,0.6.0,yes,1,1109794.49,1878238.16,0,python app/src/simulation.py --env <db> --projection-id 407 --seed 106 --months 240
9000000,407,107,240,0.6.0,yes,1,419742.54,1193444.19,0,python app/src/simulation.py --env <db> --projection-id 407 --seed 107 --months 240
9000000,407,108,240,0.6.0,yes,1,1786565.40,2497668.30,0,python app/src/simulation.py --env <db> --projection-id 407 --seed 108 --months 240
9000000,407,109,240,0.6.0,yes,1,797553.40,1478547.57,0,python app/src/simulation.py --env <db> --projection-id 407 --seed 109 --months 240
9000000,407,110,240,0.6.0,yes,1,532415.74,1330327.83,0,python app/src/simulation.py --env <db> --projection-id 407 --seed 110 --months 240
9000000,407,111,240,0.6.0,yes,1,1164518.91,2066682.13,0,python app/src/simulation.py --env <db> --projection-id 407 --seed 111 --months 240
9000000,407,112,240,0.6.0,yes,1,1125654.09,1969718.54,0,python app/src/simulation.py --env <db> --projection-id 407 --seed 112 --months 240
9000000,407,113,240,0.6.0,yes,1,1320579.01,2072641.20,0,python app/src/simulation.py --env <db> --projection-id 407 --seed 113 --months 240
9000000,407,114,240,0.6.0,yes,1,497780.52,1204517.45,0,python app/src/simulation.py --env <db> --projection-id 407 --seed 114 --months 240
9000000,407,115,240,0.6.0,yes,1,381977.72,1146182.49,0,python app/src/simulation.py --env <db> --projection-id 407 --seed 115 --months 240
9000000,407,116,240,0.6.0,yes,1,529851.21,1395401.76,0,python app/src/simulation.py --env <db> --projection-id 407 --seed 116 --months 240
9000000,407,117,240,0.6.0,yes,1,1176318.68,1952974.96,0,python app/src/simulation.py --env <db> --projection-id 407 --seed 117 --months 240
9000000,407,118,240,0.6.0,yes,1,434655.73,1216680.47,0,python app/src/simulation.py --env <db> --projection-id 407 --seed 118 --months 240
9000000,407,119,240,0.6.0,yes,1,1011310.07,1893998.54,0,python app/src/simulation.py --env <db> --projection-id 407 --seed 119 --months 240
9000000,407,120,240,0.6.0,yes,1,805811.98,1593589.45,0,python app/src/simulation.py --env <db> --projection-id 407 --seed 120 --months 240
9000000,407,121,240,0.6.0,yes,1,1082198.91,1731591.39,0,python app/src/simulation.py --env <db> --projection-id 407 --seed 121 --months 240
9000000,407,122,240,0.6.0,yes,1,821552.25,1573679.13,0,python app/src/simulation.py --env <db> --projection-id 407 --seed 122 --months 240
9000000,407,123,240,0.6.0,yes,1,1344849.87,2024901.90,0,python app/src/simulation.py --env <db> --projection-id 407 --seed 123 --months 240
9000000,407,124,240,0.6.0,yes,1,501764.20,1322683.25,0,python app/src/simulation.py --env <db> --projection-id 407 --seed 124 --months 240
9000000,407,125,240,0.6.0,yes,1,885578.47,1569983.24,0,python app/src/simulation.py --env <db> --projection-id 407 --seed 125 --months 240
9000000,407,126,240,0.6.0,yes,1,685260.87,1405944.02,0,python app/src/simulation.py --env <db> --projection-id 407 --seed 126 --months 240
9000000,407,127,240,0.6.0,yes,1,1001150.16,1765569.51,0,python app/src/simulation.py --env <db> --projection-id 407 --seed 127 --months 240
9000000,407,128,240,0.6.0,yes,1,1161988.09,1899910.51,0,python app/src/simulation.py --env <db> --projection-id 407 --seed 128 --months 240
9000000,407,129,240,0.6.0,yes,1,1208243.47,2076362.95,0,python app/src/simulation.py --env <db> --projection-id 407 --seed 129 --months 240
9000000,407,130,240,0.6.0,yes,1,586974.07,1378369.79,0,python app/src/simulation.py --env <db> --projection-id 407 --seed 130 --months 240
9000000,407,131,240,0.6.0,yes,1,626900.04,1406721.66,0,python app/src/simulation.py --env <db> --projection-id 407 --seed 131 --months 240
9000000,407,132,240,0.6.0,yes,1,838379.97,1690718.15,0,python app/src/simulation.py --env <db> --projection-id 407 --seed 132 --months 240
9000000,407,133,240,0.6.0,yes,1,1210257.70,1916036.72,0,python app/src/simulation.py --env <db> --projection-id 407 --seed 133 --months 240
9000000,407,134,240,0.6.0,yes,1,1605578.56,2274455.78,0,python app/src/simulation.py --env <db> --projection-id 407 --seed 134 --months 240
9000000,407,135,240,0.6.0,yes,1,983175.73,1823179.27,0,python app/src/simulation.py --env <db> --projection-id 407 --seed 135 --months 240
9000000,407,136,240,0.6.0,yes,1,946959.19,1649272.77,0,python app/src/simulation.py --env <db> --projection-id 407 --seed 136 --months 240
9000000,407,137,240,0.6.0,yes,1,1323585.90,2040136.53,0,python app/src/simulation.py --env <db> --projection-id 407 --seed 137 --months 240
9000000,407,138,240,0.6.0,yes,1,597722.05,1355913.91,0,python app/src/simulation.py --env <db> --projection-id 407 --seed 138 --months 240
9000000,407,139,240,0.6.0,yes,1,564933.39,1328892.29,0,python app/src/simulation.py --env <db> --projection-id 407 --seed 139 --months 240
9000000,407,140,240,0.6.0,yes,1,587474.25,1333843.60,0,python app/src/simulation.py --env <db> --projection-id 407 --seed 140 --months 240
9000000,407,141,240,0.6.0,yes,1,1457906.65,2214763.84,0,python app/src/simulation.py --env <db> --projection-id 407 --seed 141 --months 240
9000000,407,142,240,0.6.0,yes,1,1150835.70,1812206.57,0,python app/src/simulation.py --env <db> --projection-id 407 --seed 142 --months 240
9000000,407,143,240,0.6.0,yes,1,554574.35,1368488.40,0,python app/src/simulation.py --env <db> --projection-id 407 --seed 143 --months 240
9000000,407,144,240,0.6.0,yes,1,925939.20,1732198.98,0,python app/src/simulation.py --env <db> --projection-id 407 --seed 144 --months 240
9000000,407,145,240,0.6.0,yes,1,631622.85,1461370.63,0,python app/src/simulation.py --env <db> --projection-id 407 --seed 145 --months 240
9000000,407,146,240,0.6.0,yes,1,967692.91,1681758.54,0,python app/src/simulation.py --env <db> --projection-id 407 --seed 146 --months 240
9000000,407,147,240,0.6.0,yes,1,1342069.65,1987628.19,0,python app/src/simulation.py --env <db> --projection-id 407 --seed 147 --months 240
9000000,407,148,240,0.6.0,yes,1,716122.59,1434719.76,0,python app/src/simulation.py --env <db> --projection-id 407 --seed 148 --months 240
9000000,407,149,240,0.6.0,yes,1,1176090.01,1951687.00,0,python app/src/simulation.py --env <db> --projection-id 407 --seed 149 --months 240
9000000,407,150,240,0.6.0,yes,1,1039781.65,1837708.70,0,python app/src/simulation.py --env <db> --projection-id 407 --seed 150 --months 240
10000000,408,1,240,0.6.0,yes,1,1265536.19,2086008.90,0,python app/src/simulation.py --env <db> --projection-id 408 --seed 1 --months 240
10000000,408,2,240,0.6.0,yes,1,1049529.32,1858114.63,0,python app/src/simulation.py --env <db> --projection-id 408 --seed 2 --months 240
10000000,408,3,240,0.6.0,yes,1,697572.49,1573409.64,0,python app/src/simulation.py --env <db> --projection-id 408 --seed 3 --months 240
10000000,408,4,240,0.6.0,yes,1,477832.96,1354196.25,0,python app/src/simulation.py --env <db> --projection-id 408 --seed 4 --months 240
10000000,408,5,240,0.6.0,yes,1,894439.14,1646458.51,0,python app/src/simulation.py --env <db> --projection-id 408 --seed 5 --months 240
10000000,408,6,240,0.6.0,yes,1,675140.14,1495798.06,0,python app/src/simulation.py --env <db> --projection-id 408 --seed 6 --months 240
10000000,408,7,240,0.6.0,yes,1,1101914.49,1933908.85,0,python app/src/simulation.py --env <db> --projection-id 408 --seed 7 --months 240
10000000,408,8,240,0.6.0,yes,1,663474.63,1466456.46,0,python app/src/simulation.py --env <db> --projection-id 408 --seed 8 --months 240
10000000,408,9,240,0.6.0,yes,1,606736.44,1300391.19,0,python app/src/simulation.py --env <db> --projection-id 408 --seed 9 --months 240
10000000,408,10,240,0.6.0,yes,1,566952.94,1356654.34,0,python app/src/simulation.py --env <db> --projection-id 408 --seed 10 --months 240
10000000,408,11,240,0.6.0,yes,1,591875.00,1382326.55,0,python app/src/simulation.py --env <db> --projection-id 408 --seed 11 --months 240
10000000,408,12,240,0.6.0,yes,1,696477.64,1661167.29,0,python app/src/simulation.py --env <db> --projection-id 408 --seed 12 --months 240
10000000,408,13,240,0.6.0,yes,1,1276127.39,2073909.89,0,python app/src/simulation.py --env <db> --projection-id 408 --seed 13 --months 240
10000000,408,14,240,0.6.0,yes,1,383361.44,1276861.28,0,python app/src/simulation.py --env <db> --projection-id 408 --seed 14 --months 240
10000000,408,15,240,0.6.0,yes,1,675467.56,1571732.27,0,python app/src/simulation.py --env <db> --projection-id 408 --seed 15 --months 240
10000000,408,16,240,0.6.0,yes,1,946538.50,1819949.43,0,python app/src/simulation.py --env <db> --projection-id 408 --seed 16 --months 240
10000000,408,17,240,0.6.0,yes,1,851330.56,1660843.40,0,python app/src/simulation.py --env <db> --projection-id 408 --seed 17 --months 240
10000000,408,18,240,0.6.0,yes,1,1180681.39,2036695.83,0,python app/src/simulation.py --env <db> --projection-id 408 --seed 18 --months 240
10000000,408,19,240,0.6.0,yes,1,572847.03,1413553.80,0,python app/src/simulation.py --env <db> --projection-id 408 --seed 19 --months 240
10000000,408,20,240,0.6.0,yes,1,1094545.75,2019743.50,0,python app/src/simulation.py --env <db> --projection-id 408 --seed 20 --months 240
10000000,408,21,240,0.6.0,yes,1,603908.97,1455876.92,0,python app/src/simulation.py --env <db> --projection-id 408 --seed 21 --months 240
10000000,408,22,240,0.6.0,yes,1,986503.38,1746820.86,0,python app/src/simulation.py --env <db> --projection-id 408 --seed 22 --months 240
10000000,408,23,240,0.6.0,yes,1,1351631.52,2158008.76,0,python app/src/simulation.py --env <db> --projection-id 408 --seed 23 --months 240
10000000,408,24,240,0.6.0,yes,1,1463037.02,2403039.17,0,python app/src/simulation.py --env <db> --projection-id 408 --seed 24 --months 240
10000000,408,25,240,0.6.0,yes,1,2522811.91,3586607.96,0,python app/src/simulation.py --env <db> --projection-id 408 --seed 25 --months 240
10000000,408,26,240,0.6.0,yes,1,1119605.29,1873592.40,0,python app/src/simulation.py --env <db> --projection-id 408 --seed 26 --months 240
10000000,408,27,240,0.6.0,yes,1,1488957.49,2264528.62,0,python app/src/simulation.py --env <db> --projection-id 408 --seed 27 --months 240
10000000,408,28,240,0.6.0,yes,1,880717.83,1638322.98,0,python app/src/simulation.py --env <db> --projection-id 408 --seed 28 --months 240
10000000,408,29,240,0.6.0,yes,1,1409898.20,2271715.56,0,python app/src/simulation.py --env <db> --projection-id 408 --seed 29 --months 240
10000000,408,30,240,0.6.0,yes,1,1077179.02,1864484.74,0,python app/src/simulation.py --env <db> --projection-id 408 --seed 30 --months 240
10000000,408,31,240,0.6.0,yes,1,1490717.48,2159380.29,0,python app/src/simulation.py --env <db> --projection-id 408 --seed 31 --months 240
10000000,408,32,240,0.6.0,yes,1,564593.32,1342456.58,0,python app/src/simulation.py --env <db> --projection-id 408 --seed 32 --months 240
10000000,408,33,240,0.6.0,yes,1,1468767.87,2264592.22,0,python app/src/simulation.py --env <db> --projection-id 408 --seed 33 --months 240
10000000,408,34,240,0.6.0,yes,1,805577.18,1642028.31,0,python app/src/simulation.py --env <db> --projection-id 408 --seed 34 --months 240
10000000,408,35,240,0.6.0,yes,1,1466407.45,2415585.83,1,python app/src/simulation.py --env <db> --projection-id 408 --seed 35 --months 240
10000000,408,36,240,0.6.0,yes,1,958714.37,1765372.45,0,python app/src/simulation.py --env <db> --projection-id 408 --seed 36 --months 240
10000000,408,37,240,0.6.0,yes,1,682158.56,1473575.83,0,python app/src/simulation.py --env <db> --projection-id 408 --seed 37 --months 240
10000000,408,38,240,0.6.0,yes,1,1218342.95,2015132.48,0,python app/src/simulation.py --env <db> --projection-id 408 --seed 38 --months 240
10000000,408,39,240,0.6.0,yes,1,596021.43,1364787.43,0,python app/src/simulation.py --env <db> --projection-id 408 --seed 39 --months 240
10000000,408,40,240,0.6.0,yes,1,1052903.79,1840076.18,0,python app/src/simulation.py --env <db> --projection-id 408 --seed 40 --months 240
10000000,408,41,240,0.6.0,yes,1,1141647.42,1960231.50,0,python app/src/simulation.py --env <db> --projection-id 408 --seed 41 --months 240
10000000,408,42,240,0.6.0,yes,1,1309524.47,2163643.26,0,python app/src/simulation.py --env <db> --projection-id 408 --seed 42 --months 240
10000000,408,43,240,0.6.0,yes,1,976589.62,1833615.03,0,python app/src/simulation.py --env <db> --projection-id 408 --seed 43 --months 240
10000000,408,44,240,0.6.0,yes,1,910356.93,1659479.51,0,python app/src/simulation.py --env <db> --projection-id 408 --seed 44 --months 240
10000000,408,45,240,0.6.0,yes,1,778018.22,1620788.49,0,python app/src/simulation.py --env <db> --projection-id 408 --seed 45 --months 240
10000000,408,46,240,0.6.0,yes,1,664337.00,1503238.57,0,python app/src/simulation.py --env <db> --projection-id 408 --seed 46 --months 240
10000000,408,47,240,0.6.0,yes,1,1650332.26,2481020.75,0,python app/src/simulation.py --env <db> --projection-id 408 --seed 47 --months 240
10000000,408,48,240,0.6.0,yes,1,728920.90,1557772.09,1,python app/src/simulation.py --env <db> --projection-id 408 --seed 48 --months 240
10000000,408,49,240,0.6.0,yes,1,738569.81,1526395.16,0,python app/src/simulation.py --env <db> --projection-id 408 --seed 49 --months 240
10000000,408,50,240,0.6.0,yes,1,1556515.33,2332388.14,0,python app/src/simulation.py --env <db> --projection-id 408 --seed 50 --months 240
10000000,408,51,240,0.6.0,yes,1,1623152.00,2524035.34,0,python app/src/simulation.py --env <db> --projection-id 408 --seed 51 --months 240
10000000,408,52,240,0.6.0,yes,1,1493252.63,2277887.85,0,python app/src/simulation.py --env <db> --projection-id 408 --seed 52 --months 240
10000000,408,53,240,0.6.0,yes,1,1220565.04,2018546.64,0,python app/src/simulation.py --env <db> --projection-id 408 --seed 53 --months 240
10000000,408,54,240,0.6.0,yes,1,1085968.48,1910416.02,0,python app/src/simulation.py --env <db> --projection-id 408 --seed 54 --months 240
10000000,408,55,240,0.6.0,yes,1,706328.95,1631623.64,0,python app/src/simulation.py --env <db> --projection-id 408 --seed 55 --months 240
10000000,408,56,240,0.6.0,yes,1,1062628.27,1814812.92,0,python app/src/simulation.py --env <db> --projection-id 408 --seed 56 --months 240
10000000,408,57,240,0.6.0,yes,1,759033.27,1541454.19,0,python app/src/simulation.py --env <db> --projection-id 408 --seed 57 --months 240
10000000,408,58,240,0.6.0,yes,1,519343.86,1475770.42,0,python app/src/simulation.py --env <db> --projection-id 408 --seed 58 --months 240
10000000,408,59,240,0.6.0,yes,1,750668.55,1493233.07,0,python app/src/simulation.py --env <db> --projection-id 408 --seed 59 --months 240
10000000,408,60,240,0.6.0,yes,1,1272819.89,2096288.25,0,python app/src/simulation.py --env <db> --projection-id 408 --seed 60 --months 240
10000000,408,61,240,0.6.0,yes,1,527233.85,1294017.77,0,python app/src/simulation.py --env <db> --projection-id 408 --seed 61 --months 240
10000000,408,62,240,0.6.0,yes,1,675150.73,1526518.87,0,python app/src/simulation.py --env <db> --projection-id 408 --seed 62 --months 240
10000000,408,63,240,0.6.0,yes,1,1481158.11,2192687.94,0,python app/src/simulation.py --env <db> --projection-id 408 --seed 63 --months 240
10000000,408,64,240,0.6.0,yes,1,647067.07,1448352.22,0,python app/src/simulation.py --env <db> --projection-id 408 --seed 64 --months 240
10000000,408,65,240,0.6.0,yes,1,604587.74,1416615.99,0,python app/src/simulation.py --env <db> --projection-id 408 --seed 65 --months 240
10000000,408,66,240,0.6.0,yes,1,1406153.40,2161240.04,0,python app/src/simulation.py --env <db> --projection-id 408 --seed 66 --months 240
10000000,408,67,240,0.6.0,yes,1,1439525.05,2272886.26,0,python app/src/simulation.py --env <db> --projection-id 408 --seed 67 --months 240
10000000,408,68,240,0.6.0,yes,1,989547.24,1815041.36,0,python app/src/simulation.py --env <db> --projection-id 408 --seed 68 --months 240
10000000,408,69,240,0.6.0,yes,1,1055075.17,1871595.47,0,python app/src/simulation.py --env <db> --projection-id 408 --seed 69 --months 240
10000000,408,70,240,0.6.0,yes,1,693810.66,1576766.92,0,python app/src/simulation.py --env <db> --projection-id 408 --seed 70 --months 240
10000000,408,71,240,0.6.0,yes,1,1516912.66,2529215.51,0,python app/src/simulation.py --env <db> --projection-id 408 --seed 71 --months 240
10000000,408,72,240,0.6.0,yes,1,1036958.67,1875313.85,0,python app/src/simulation.py --env <db> --projection-id 408 --seed 72 --months 240
10000000,408,73,240,0.6.0,yes,1,919524.86,1698523.16,0,python app/src/simulation.py --env <db> --projection-id 408 --seed 73 --months 240
10000000,408,74,240,0.6.0,yes,1,1123550.91,1941722.40,0,python app/src/simulation.py --env <db> --projection-id 408 --seed 74 --months 240
10000000,408,75,240,0.6.0,yes,1,659759.76,1531983.66,0,python app/src/simulation.py --env <db> --projection-id 408 --seed 75 --months 240
10000000,408,76,240,0.6.0,yes,1,512235.53,1321371.63,0,python app/src/simulation.py --env <db> --projection-id 408 --seed 76 --months 240
10000000,408,77,240,0.6.0,yes,1,751138.16,1648668.58,0,python app/src/simulation.py --env <db> --projection-id 408 --seed 77 --months 240
10000000,408,78,240,0.6.0,yes,1,463730.40,1243700.84,0,python app/src/simulation.py --env <db> --projection-id 408 --seed 78 --months 240
10000000,408,79,240,0.6.0,yes,1,1295884.80,2022850.53,0,python app/src/simulation.py --env <db> --projection-id 408 --seed 79 --months 240
10000000,408,80,240,0.6.0,yes,1,956033.45,1779686.45,0,python app/src/simulation.py --env <db> --projection-id 408 --seed 80 --months 240
10000000,408,81,240,0.6.0,yes,1,1012583.91,1884512.50,0,python app/src/simulation.py --env <db> --projection-id 408 --seed 81 --months 240
10000000,408,82,240,0.6.0,yes,1,1696482.20,2458886.08,0,python app/src/simulation.py --env <db> --projection-id 408 --seed 82 --months 240
10000000,408,83,240,0.6.0,yes,1,753470.69,1604364.18,0,python app/src/simulation.py --env <db> --projection-id 408 --seed 83 --months 240
10000000,408,84,240,0.6.0,yes,1,523671.28,1317054.61,0,python app/src/simulation.py --env <db> --projection-id 408 --seed 84 --months 240
10000000,408,85,240,0.6.0,yes,1,1346365.61,2202783.64,0,python app/src/simulation.py --env <db> --projection-id 408 --seed 85 --months 240
10000000,408,86,240,0.6.0,yes,1,811381.93,1705997.68,0,python app/src/simulation.py --env <db> --projection-id 408 --seed 86 --months 240
10000000,408,87,240,0.6.0,yes,1,955894.07,1765033.03,0,python app/src/simulation.py --env <db> --projection-id 408 --seed 87 --months 240
10000000,408,88,240,0.6.0,yes,1,541570.02,1325525.76,0,python app/src/simulation.py --env <db> --projection-id 408 --seed 88 --months 240
10000000,408,89,240,0.6.0,yes,1,1037418.40,1816693.65,0,python app/src/simulation.py --env <db> --projection-id 408 --seed 89 --months 240
10000000,408,90,240,0.6.0,yes,1,1031016.78,1899111.76,0,python app/src/simulation.py --env <db> --projection-id 408 --seed 90 --months 240
10000000,408,91,240,0.6.0,yes,1,557561.81,1360633.01,0,python app/src/simulation.py --env <db> --projection-id 408 --seed 91 --months 240
10000000,408,92,240,0.6.0,yes,1,552985.72,1399095.38,0,python app/src/simulation.py --env <db> --projection-id 408 --seed 92 --months 240
10000000,408,93,240,0.6.0,yes,1,808929.86,1623820.59,0,python app/src/simulation.py --env <db> --projection-id 408 --seed 93 --months 240
10000000,408,94,240,0.6.0,yes,1,819387.67,1669680.69,0,python app/src/simulation.py --env <db> --projection-id 408 --seed 94 --months 240
10000000,408,95,240,0.6.0,yes,1,1263388.61,2030549.29,0,python app/src/simulation.py --env <db> --projection-id 408 --seed 95 --months 240
10000000,408,96,240,0.6.0,yes,1,1113807.34,1979396.53,0,python app/src/simulation.py --env <db> --projection-id 408 --seed 96 --months 240
10000000,408,97,240,0.6.0,yes,1,570001.34,1457209.24,0,python app/src/simulation.py --env <db> --projection-id 408 --seed 97 --months 240
10000000,408,98,240,0.6.0,yes,1,941960.09,1777387.51,0,python app/src/simulation.py --env <db> --projection-id 408 --seed 98 --months 240
10000000,408,99,240,0.6.0,yes,1,2109329.69,3042235.08,0,python app/src/simulation.py --env <db> --projection-id 408 --seed 99 --months 240
10000000,408,100,240,0.6.0,yes,1,1014747.47,1758206.75,0,python app/src/simulation.py --env <db> --projection-id 408 --seed 100 --months 240
10000000,408,101,240,0.6.0,yes,1,1013877.62,1910835.05,0,python app/src/simulation.py --env <db> --projection-id 408 --seed 101 --months 240
10000000,408,102,240,0.6.0,yes,1,612810.00,1450836.07,0,python app/src/simulation.py --env <db> --projection-id 408 --seed 102 --months 240
10000000,408,103,240,0.6.0,yes,1,938885.79,1739652.78,0,python app/src/simulation.py --env <db> --projection-id 408 --seed 103 --months 240
10000000,408,104,240,0.6.0,yes,1,852998.73,1702472.82,0,python app/src/simulation.py --env <db> --projection-id 408 --seed 104 --months 240
10000000,408,105,240,0.6.0,yes,1,523111.02,1327613.53,0,python app/src/simulation.py --env <db> --projection-id 408 --seed 105 --months 240
10000000,408,106,240,0.6.0,yes,1,1051627.18,1832107.87,0,python app/src/simulation.py --env <db> --projection-id 408 --seed 106 --months 240
10000000,408,107,240,0.6.0,yes,1,1184978.96,1973452.77,0,python app/src/simulation.py --env <db> --projection-id 408 --seed 107 --months 240
10000000,408,108,240,0.6.0,yes,1,1381620.21,2222943.44,0,python app/src/simulation.py --env <db> --projection-id 408 --seed 108 --months 240
10000000,408,109,240,0.6.0,yes,1,482974.53,1188587.26,0,python app/src/simulation.py --env <db> --projection-id 408 --seed 109 --months 240
10000000,408,110,240,0.6.0,yes,1,1640224.45,2496335.59,0,python app/src/simulation.py --env <db> --projection-id 408 --seed 110 --months 240
10000000,408,111,240,0.6.0,yes,1,585295.62,1473641.26,0,python app/src/simulation.py --env <db> --projection-id 408 --seed 111 --months 240
10000000,408,112,240,0.6.0,yes,1,1305408.43,2181102.25,0,python app/src/simulation.py --env <db> --projection-id 408 --seed 112 --months 240
10000000,408,113,240,0.6.0,yes,1,819891.12,1569200.51,1,python app/src/simulation.py --env <db> --projection-id 408 --seed 113 --months 240
10000000,408,114,240,0.6.0,yes,1,763250.23,1534021.47,0,python app/src/simulation.py --env <db> --projection-id 408 --seed 114 --months 240
10000000,408,115,240,0.6.0,yes,1,497819.47,1293569.72,0,python app/src/simulation.py --env <db> --projection-id 408 --seed 115 --months 240
10000000,408,116,240,0.6.0,yes,1,1107766.47,1983714.29,0,python app/src/simulation.py --env <db> --projection-id 408 --seed 116 --months 240
10000000,408,117,240,0.6.0,yes,1,497573.09,1284732.12,0,python app/src/simulation.py --env <db> --projection-id 408 --seed 117 --months 240
10000000,408,118,240,0.6.0,yes,1,618777.41,1424346.16,0,python app/src/simulation.py --env <db> --projection-id 408 --seed 118 --months 240
10000000,408,119,240,0.6.0,yes,1,659444.68,1542885.12,0,python app/src/simulation.py --env <db> --projection-id 408 --seed 119 --months 240
10000000,408,120,240,0.6.0,yes,1,1274308.06,2093902.90,0,python app/src/simulation.py --env <db> --projection-id 408 --seed 120 --months 240
10000000,408,121,240,0.6.0,yes,1,828324.04,1503176.25,0,python app/src/simulation.py --env <db> --projection-id 408 --seed 121 --months 240
10000000,408,122,240,0.6.0,yes,1,918128.90,1731752.98,0,python app/src/simulation.py --env <db> --projection-id 408 --seed 122 --months 240
10000000,408,123,240,0.6.0,yes,1,1074184.95,1810142.06,0,python app/src/simulation.py --env <db> --projection-id 408 --seed 123 --months 240
10000000,408,124,240,0.6.0,yes,1,799173.52,1599589.83,0,python app/src/simulation.py --env <db> --projection-id 408 --seed 124 --months 240
10000000,408,125,240,0.6.0,yes,1,561863.21,1304875.14,0,python app/src/simulation.py --env <db> --projection-id 408 --seed 125 --months 240
10000000,408,126,240,0.6.0,yes,1,947738.86,1685698.04,1,python app/src/simulation.py --env <db> --projection-id 408 --seed 126 --months 240
10000000,408,127,240,0.6.0,yes,1,1249812.51,2050856.74,0,python app/src/simulation.py --env <db> --projection-id 408 --seed 127 --months 240
10000000,408,128,240,0.6.0,yes,1,647328.67,1415626.61,0,python app/src/simulation.py --env <db> --projection-id 408 --seed 128 --months 240
10000000,408,129,240,0.6.0,yes,1,952861.75,1824753.62,0,python app/src/simulation.py --env <db> --projection-id 408 --seed 129 --months 240
10000000,408,130,240,0.6.0,yes,1,847133.83,1629331.40,0,python app/src/simulation.py --env <db> --projection-id 408 --seed 130 --months 240
10000000,408,131,240,0.6.0,yes,1,954982.47,1753881.29,0,python app/src/simulation.py --env <db> --projection-id 408 --seed 131 --months 240
10000000,408,132,240,0.6.0,yes,1,800487.44,1654726.87,0,python app/src/simulation.py --env <db> --projection-id 408 --seed 132 --months 240
10000000,408,133,240,0.6.0,yes,1,1428423.44,2163658.86,0,python app/src/simulation.py --env <db> --projection-id 408 --seed 133 --months 240
10000000,408,134,240,0.6.0,yes,1,1614528.09,2349670.53,0,python app/src/simulation.py --env <db> --projection-id 408 --seed 134 --months 240
10000000,408,135,240,0.6.0,yes,1,1256565.36,2136765.22,0,python app/src/simulation.py --env <db> --projection-id 408 --seed 135 --months 240
10000000,408,136,240,0.6.0,yes,1,418035.18,1197134.86,0,python app/src/simulation.py --env <db> --projection-id 408 --seed 136 --months 240
10000000,408,137,240,0.6.0,yes,1,1246316.15,1965515.18,0,python app/src/simulation.py --env <db> --projection-id 408 --seed 137 --months 240
10000000,408,138,240,0.6.0,yes,1,1230491.08,2020316.38,0,python app/src/simulation.py --env <db> --projection-id 408 --seed 138 --months 240
10000000,408,139,240,0.6.0,yes,1,936488.95,1721956.07,0,python app/src/simulation.py --env <db> --projection-id 408 --seed 139 --months 240
10000000,408,140,240,0.6.0,yes,1,609999.82,1439546.73,0,python app/src/simulation.py --env <db> --projection-id 408 --seed 140 --months 240
10000000,408,141,240,0.6.0,yes,1,968455.76,1743737.71,0,python app/src/simulation.py --env <db> --projection-id 408 --seed 141 --months 240
10000000,408,142,240,0.6.0,yes,1,618829.84,1404289.93,0,python app/src/simulation.py --env <db> --projection-id 408 --seed 142 --months 240
10000000,408,143,240,0.6.0,yes,1,1139812.25,2030680.88,0,python app/src/simulation.py --env <db> --projection-id 408 --seed 143 --months 240
10000000,408,144,240,0.6.0,yes,1,934403.80,1781267.67,0,python app/src/simulation.py --env <db> --projection-id 408 --seed 144 --months 240
10000000,408,145,240,0.6.0,yes,1,1774402.36,2585002.55,0,python app/src/simulation.py --env <db> --projection-id 408 --seed 145 --months 240
10000000,408,146,240,0.6.0,yes,1,1150798.84,1908503.69,0,python app/src/simulation.py --env <db> --projection-id 408 --seed 146 --months 240
10000000,408,147,240,0.6.0,yes,1,1543334.75,2279760.04,0,python app/src/simulation.py --env <db> --projection-id 408 --seed 147 --months 240
10000000,408,148,240,0.6.0,yes,1,1358822.54,2137038.41,0,python app/src/simulation.py --env <db> --projection-id 408 --seed 148 --months 240
10000000,408,149,240,0.6.0,yes,1,1198828.21,2038024.02,0,python app/src/simulation.py --env <db> --projection-id 408 --seed 149 --months 240
10000000,408,150,240,0.6.0,yes,1,1024073.66,1819940.86,0,python app/src/simulation.py --env <db> --projection-id 408 --seed 150 --months 240
11000000,409,1,240,0.6.0,yes,1,727860.03,1570637.61,0,python app/src/simulation.py --env <db> --projection-id 409 --seed 1 --months 240
11000000,409,2,240,0.6.0,yes,1,1073224.84,1928781.68,0,python app/src/simulation.py --env <db> --projection-id 409 --seed 2 --months 240
11000000,409,3,240,0.6.0,yes,1,442875.84,1322451.20,0,python app/src/simulation.py --env <db> --projection-id 409 --seed 3 --months 240
11000000,409,4,240,0.6.0,yes,1,769230.79,1657955.06,0,python app/src/simulation.py --env <db> --projection-id 409 --seed 4 --months 240
11000000,409,5,240,0.6.0,yes,1,762606.63,1565683.39,0,python app/src/simulation.py --env <db> --projection-id 409 --seed 5 --months 240
11000000,409,6,240,0.6.0,yes,1,830464.68,1633541.20,0,python app/src/simulation.py --env <db> --projection-id 409 --seed 6 --months 240
11000000,409,7,240,0.6.0,yes,1,847694.15,1722269.35,0,python app/src/simulation.py --env <db> --projection-id 409 --seed 7 --months 240
11000000,409,8,240,0.6.0,yes,1,1850825.39,2726165.47,0,python app/src/simulation.py --env <db> --projection-id 409 --seed 8 --months 240
11000000,409,9,240,0.6.0,yes,1,1110654.37,1885866.30,0,python app/src/simulation.py --env <db> --projection-id 409 --seed 9 --months 240
11000000,409,10,240,0.6.0,yes,1,1241024.90,2056822.80,0,python app/src/simulation.py --env <db> --projection-id 409 --seed 10 --months 240
11000000,409,11,240,0.6.0,yes,1,909362.93,1743016.25,0,python app/src/simulation.py --env <db> --projection-id 409 --seed 11 --months 240
11000000,409,12,240,0.6.0,yes,1,1083162.45,2077318.98,0,python app/src/simulation.py --env <db> --projection-id 409 --seed 12 --months 240
11000000,409,13,240,0.6.0,yes,1,752484.79,1581127.94,0,python app/src/simulation.py --env <db> --projection-id 409 --seed 13 --months 240
11000000,409,14,240,0.6.0,yes,1,824083.08,1744199.43,0,python app/src/simulation.py --env <db> --projection-id 409 --seed 14 --months 240
11000000,409,15,240,0.6.0,yes,1,469401.86,1431740.52,0,python app/src/simulation.py --env <db> --projection-id 409 --seed 15 --months 240
11000000,409,16,240,0.6.0,yes,1,1543070.44,2485746.30,0,python app/src/simulation.py --env <db> --projection-id 409 --seed 16 --months 240
11000000,409,17,240,0.6.0,yes,1,647244.01,1482653.14,0,python app/src/simulation.py --env <db> --projection-id 409 --seed 17 --months 240
11000000,409,18,240,0.6.0,yes,1,560392.12,1418462.65,0,python app/src/simulation.py --env <db> --projection-id 409 --seed 18 --months 240
11000000,409,19,240,0.6.0,yes,1,598679.96,1509855.70,0,python app/src/simulation.py --env <db> --projection-id 409 --seed 19 --months 240
11000000,409,20,240,0.6.0,yes,1,1037349.93,1980448.04,0,python app/src/simulation.py --env <db> --projection-id 409 --seed 20 --months 240
11000000,409,21,240,0.6.0,yes,1,600900.73,1508168.18,0,python app/src/simulation.py --env <db> --projection-id 409 --seed 21 --months 240
11000000,409,22,240,0.6.0,yes,1,1007925.44,1788028.39,0,python app/src/simulation.py --env <db> --projection-id 409 --seed 22 --months 240
11000000,409,23,240,0.6.0,yes,1,1222841.83,2059109.06,0,python app/src/simulation.py --env <db> --projection-id 409 --seed 23 --months 240
11000000,409,24,240,0.6.0,yes,1,1220081.96,2242021.06,0,python app/src/simulation.py --env <db> --projection-id 409 --seed 24 --months 240
11000000,409,25,240,0.6.0,yes,1,1495710.78,2664028.25,0,python app/src/simulation.py --env <db> --projection-id 409 --seed 25 --months 240
11000000,409,26,240,0.6.0,yes,1,682060.55,1466399.92,0,python app/src/simulation.py --env <db> --projection-id 409 --seed 26 --months 240
11000000,409,27,240,0.6.0,yes,1,630937.85,1457127.91,0,python app/src/simulation.py --env <db> --projection-id 409 --seed 27 --months 240
11000000,409,28,240,0.6.0,yes,1,983974.51,1784996.89,0,python app/src/simulation.py --env <db> --projection-id 409 --seed 28 --months 240
11000000,409,29,240,0.6.0,yes,1,994542.07,1924917.91,0,python app/src/simulation.py --env <db> --projection-id 409 --seed 29 --months 240
11000000,409,30,240,0.6.0,yes,1,1957542.85,2705400.90,0,python app/src/simulation.py --env <db> --projection-id 409 --seed 30 --months 240
11000000,409,31,240,0.6.0,yes,1,1597241.59,2347725.87,0,python app/src/simulation.py --env <db> --projection-id 409 --seed 31 --months 240
11000000,409,32,240,0.6.0,yes,1,739834.77,1568278.94,0,python app/src/simulation.py --env <db> --projection-id 409 --seed 32 --months 240
11000000,409,33,240,0.6.0,yes,1,1149076.98,2022771.14,0,python app/src/simulation.py --env <db> --projection-id 409 --seed 33 --months 240
11000000,409,34,240,0.6.0,yes,1,827910.42,1694071.83,0,python app/src/simulation.py --env <db> --projection-id 409 --seed 34 --months 240
11000000,409,35,240,0.6.0,yes,1,708610.07,1636945.69,0,python app/src/simulation.py --env <db> --projection-id 409 --seed 35 --months 240
11000000,409,36,240,0.6.0,yes,1,1206947.18,2054462.98,0,python app/src/simulation.py --env <db> --projection-id 409 --seed 36 --months 240
11000000,409,37,240,0.6.0,yes,1,558110.83,1402889.18,0,python app/src/simulation.py --env <db> --projection-id 409 --seed 37 --months 240
11000000,409,38,240,0.6.0,yes,1,693458.23,1521382.14,0,python app/src/simulation.py --env <db> --projection-id 409 --seed 38 --months 240
11000000,409,39,240,0.6.0,yes,1,1059388.16,1859579.50,0,python app/src/simulation.py --env <db> --projection-id 409 --seed 39 --months 240
11000000,409,40,240,0.6.0,yes,1,564577.99,1346142.26,0,python app/src/simulation.py --env <db> --projection-id 409 --seed 40 --months 240
11000000,409,41,240,0.6.0,yes,1,925079.29,1779872.48,0,python app/src/simulation.py --env <db> --projection-id 409 --seed 41 --months 240
11000000,409,42,240,0.6.0,yes,1,885062.48,1788108.21,0,python app/src/simulation.py --env <db> --projection-id 409 --seed 42 --months 240
11000000,409,43,240,0.6.0,yes,1,1454402.97,2300261.17,0,python app/src/simulation.py --env <db> --projection-id 409 --seed 43 --months 240
11000000,409,44,240,0.6.0,yes,1,1595582.03,2433181.39,0,python app/src/simulation.py --env <db> --projection-id 409 --seed 44 --months 240
11000000,409,45,240,0.6.0,yes,1,512041.45,1314002.22,0,python app/src/simulation.py --env <db> --projection-id 409 --seed 45 --months 240
11000000,409,46,240,0.6.0,yes,1,933506.27,1799825.29,0,python app/src/simulation.py --env <db> --projection-id 409 --seed 46 --months 240
11000000,409,47,240,0.6.0,yes,1,1030000.44,1843081.69,0,python app/src/simulation.py --env <db> --projection-id 409 --seed 47 --months 240
11000000,409,48,240,0.6.0,yes,1,1231181.10,2081495.41,0,python app/src/simulation.py --env <db> --projection-id 409 --seed 48 --months 240
11000000,409,49,240,0.6.0,yes,1,952212.16,1822174.13,0,python app/src/simulation.py --env <db> --projection-id 409 --seed 49 --months 240
11000000,409,50,240,0.6.0,yes,1,1067042.65,1868772.37,0,python app/src/simulation.py --env <db> --projection-id 409 --seed 50 --months 240
11000000,409,51,240,0.6.0,yes,1,1307632.11,2315773.81,0,python app/src/simulation.py --env <db> --projection-id 409 --seed 51 --months 240
11000000,409,52,240,0.6.0,yes,1,1291444.41,2096352.60,0,python app/src/simulation.py --env <db> --projection-id 409 --seed 52 --months 240
11000000,409,53,240,0.6.0,yes,1,549755.20,1349578.32,0,python app/src/simulation.py --env <db> --projection-id 409 --seed 53 --months 240
11000000,409,54,240,0.6.0,yes,1,1852242.80,2699400.74,0,python app/src/simulation.py --env <db> --projection-id 409 --seed 54 --months 240
11000000,409,55,240,0.6.0,yes,1,790523.36,1744785.98,0,python app/src/simulation.py --env <db> --projection-id 409 --seed 55 --months 240
11000000,409,56,240,0.6.0,yes,1,885875.65,1726205.54,0,python app/src/simulation.py --env <db> --projection-id 409 --seed 56 --months 240
11000000,409,57,240,0.6.0,yes,1,672365.66,1552038.43,0,python app/src/simulation.py --env <db> --projection-id 409 --seed 57 --months 240
11000000,409,58,240,0.6.0,yes,1,1134205.24,2160504.35,0,python app/src/simulation.py --env <db> --projection-id 409 --seed 58 --months 240
11000000,409,59,240,0.6.0,yes,1,634322.19,1430163.57,0,python app/src/simulation.py --env <db> --projection-id 409 --seed 59 --months 240
11000000,409,60,240,0.6.0,yes,1,1152540.79,2040687.73,0,python app/src/simulation.py --env <db> --projection-id 409 --seed 60 --months 240
11000000,409,61,240,0.6.0,yes,1,776066.04,1583059.97,0,python app/src/simulation.py --env <db> --projection-id 409 --seed 61 --months 240
11000000,409,62,240,0.6.0,yes,1,442194.20,1331069.60,0,python app/src/simulation.py --env <db> --projection-id 409 --seed 62 --months 240
11000000,409,63,240,0.6.0,yes,1,537302.27,1302161.82,0,python app/src/simulation.py --env <db> --projection-id 409 --seed 63 --months 240
11000000,409,64,240,0.6.0,yes,1,900214.97,1732988.92,0,python app/src/simulation.py --env <db> --projection-id 409 --seed 64 --months 240
11000000,409,65,240,0.6.0,yes,1,915358.52,1773803.95,0,python app/src/simulation.py --env <db> --projection-id 409 --seed 65 --months 240
11000000,409,66,240,0.6.0,yes,1,1410360.10,2230289.86,0,python app/src/simulation.py --env <db> --projection-id 409 --seed 66 --months 240
11000000,409,67,240,0.6.0,yes,1,1545793.65,2379247.57,0,python app/src/simulation.py --env <db> --projection-id 409 --seed 67 --months 240
11000000,409,68,240,0.6.0,yes,1,1478013.84,2324971.90,0,python app/src/simulation.py --env <db> --projection-id 409 --seed 68 --months 240
11000000,409,69,240,0.6.0,yes,1,859187.68,1680610.02,0,python app/src/simulation.py --env <db> --projection-id 409 --seed 69 --months 240
11000000,409,70,240,0.6.0,yes,1,1497041.96,2436023.70,0,python app/src/simulation.py --env <db> --projection-id 409 --seed 70 --months 240
11000000,409,71,240,0.6.0,yes,1,1010919.60,1966903.09,0,python app/src/simulation.py --env <db> --projection-id 409 --seed 71 --months 240
11000000,409,72,240,0.6.0,yes,1,758201.15,1658947.85,1,python app/src/simulation.py --env <db> --projection-id 409 --seed 72 --months 240
11000000,409,73,240,0.6.0,yes,1,981011.48,1798040.36,0,python app/src/simulation.py --env <db> --projection-id 409 --seed 73 --months 240
11000000,409,74,240,0.6.0,yes,1,495918.63,1318848.29,0,python app/src/simulation.py --env <db> --projection-id 409 --seed 74 --months 240
11000000,409,75,240,0.6.0,yes,1,589851.52,1441731.68,0,python app/src/simulation.py --env <db> --projection-id 409 --seed 75 --months 240
11000000,409,76,240,0.6.0,yes,1,1525279.91,2381456.89,0,python app/src/simulation.py --env <db> --projection-id 409 --seed 76 --months 240
11000000,409,77,240,0.6.0,yes,1,1134893.20,2058353.96,0,python app/src/simulation.py --env <db> --projection-id 409 --seed 77 --months 240
11000000,409,78,240,0.6.0,yes,1,1040972.52,1869509.18,0,python app/src/simulation.py --env <db> --projection-id 409 --seed 78 --months 240
11000000,409,79,240,0.6.0,yes,1,735994.46,1515844.03,0,python app/src/simulation.py --env <db> --projection-id 409 --seed 79 --months 240
11000000,409,80,240,0.6.0,yes,1,495404.98,1389994.84,0,python app/src/simulation.py --env <db> --projection-id 409 --seed 80 --months 240
11000000,409,81,240,0.6.0,yes,1,1014940.36,1889243.85,0,python app/src/simulation.py --env <db> --projection-id 409 --seed 81 --months 240
11000000,409,82,240,0.6.0,yes,1,1466089.73,2256371.88,0,python app/src/simulation.py --env <db> --projection-id 409 --seed 82 --months 240
11000000,409,83,240,0.6.0,yes,1,1371155.64,2271302.77,0,python app/src/simulation.py --env <db> --projection-id 409 --seed 83 --months 240
11000000,409,84,240,0.6.0,yes,1,1069689.52,1938336.45,0,python app/src/simulation.py --env <db> --projection-id 409 --seed 84 --months 240
11000000,409,85,240,0.6.0,yes,1,664878.89,1568997.43,0,python app/src/simulation.py --env <db> --projection-id 409 --seed 85 --months 240
11000000,409,86,240,0.6.0,yes,1,959176.80,1876739.76,0,python app/src/simulation.py --env <db> --projection-id 409 --seed 86 --months 240
11000000,409,87,240,0.6.0,yes,1,671316.51,1507990.77,0,python app/src/simulation.py --env <db> --projection-id 409 --seed 87 --months 240
11000000,409,88,240,0.6.0,yes,1,1586700.48,2400501.42,0,python app/src/simulation.py --env <db> --projection-id 409 --seed 88 --months 240
11000000,409,89,240,0.6.0,yes,1,654610.36,1473172.85,0,python app/src/simulation.py --env <db> --projection-id 409 --seed 89 --months 240
11000000,409,90,240,0.6.0,yes,1,990098.15,1920736.95,0,python app/src/simulation.py --env <db> --projection-id 409 --seed 90 --months 240
11000000,409,91,240,0.6.0,yes,1,917599.82,1768603.64,0,python app/src/simulation.py --env <db> --projection-id 409 --seed 91 --months 240
11000000,409,92,240,0.6.0,yes,1,977162.09,1828360.25,0,python app/src/simulation.py --env <db> --projection-id 409 --seed 92 --months 240
11000000,409,93,240,0.6.0,yes,1,864827.20,1721424.00,0,python app/src/simulation.py --env <db> --projection-id 409 --seed 93 --months 240
11000000,409,94,240,0.6.0,yes,1,687014.80,1558191.37,0,python app/src/simulation.py --env <db> --projection-id 409 --seed 94 --months 240
11000000,409,95,240,0.6.0,yes,1,1212222.09,1989132.36,0,python app/src/simulation.py --env <db> --projection-id 409 --seed 95 --months 240
11000000,409,96,240,0.6.0,yes,1,745804.14,1646775.96,0,python app/src/simulation.py --env <db> --projection-id 409 --seed 96 --months 240
11000000,409,97,240,0.6.0,yes,1,708874.66,1641218.90,0,python app/src/simulation.py --env <db> --projection-id 409 --seed 97 --months 240
11000000,409,98,240,0.6.0,yes,1,1214841.31,2096816.23,0,python app/src/simulation.py --env <db> --projection-id 409 --seed 98 --months 240
11000000,409,99,240,0.6.0,yes,1,1211469.08,2164989.55,0,python app/src/simulation.py --env <db> --projection-id 409 --seed 99 --months 240
11000000,409,100,240,0.6.0,yes,1,839999.37,1608808.12,0,python app/src/simulation.py --env <db> --projection-id 409 --seed 100 --months 240
11000000,409,101,240,0.6.0,yes,1,1256403.26,2180859.34,0,python app/src/simulation.py --env <db> --projection-id 409 --seed 101 --months 240
11000000,409,102,240,0.6.0,yes,1,1265517.52,2124988.48,0,python app/src/simulation.py --env <db> --projection-id 409 --seed 102 --months 240
11000000,409,103,240,0.6.0,yes,1,760182.45,1600619.98,0,python app/src/simulation.py --env <db> --projection-id 409 --seed 103 --months 240
11000000,409,104,240,0.6.0,yes,1,760662.73,1681510.89,0,python app/src/simulation.py --env <db> --projection-id 409 --seed 104 --months 240
11000000,409,105,240,0.6.0,yes,1,524517.28,1355986.28,0,python app/src/simulation.py --env <db> --projection-id 409 --seed 105 --months 240
11000000,409,106,240,0.6.0,yes,1,901260.48,1714875.43,0,python app/src/simulation.py --env <db> --projection-id 409 --seed 106 --months 240
11000000,409,107,240,0.6.0,yes,1,808642.53,1629528.71,0,python app/src/simulation.py --env <db> --projection-id 409 --seed 107 --months 240
11000000,409,108,240,0.6.0,yes,1,1054851.24,1868092.88,0,python app/src/simulation.py --env <db> --projection-id 409 --seed 108 --months 240
11000000,409,109,240,0.6.0,yes,1,941097.76,1734284.79,0,python app/src/simulation.py --env <db> --projection-id 409 --seed 109 --months 240
11000000,409,110,240,0.6.0,yes,1,1554670.47,2450967.02,0,python app/src/simulation.py --env <db> --projection-id 409 --seed 110 --months 240
11000000,409,111,240,0.6.0,yes,1,1491355.93,2417363.23,0,python app/src/simulation.py --env <db> --projection-id 409 --seed 111 --months 240
11000000,409,112,240,0.6.0,yes,1,797445.23,1650245.58,0,python app/src/simulation.py --env <db> --projection-id 409 --seed 112 --months 240
11000000,409,113,240,0.6.0,yes,1,1398355.57,2193415.46,0,python app/src/simulation.py --env <db> --projection-id 409 --seed 113 --months 240
11000000,409,114,240,0.6.0,yes,1,703798.82,1536135.79,0,python app/src/simulation.py --env <db> --projection-id 409 --seed 114 --months 240
11000000,409,115,240,0.6.0,yes,1,424014.13,1221207.59,0,python app/src/simulation.py --env <db> --projection-id 409 --seed 115 --months 240
11000000,409,116,240,0.6.0,yes,1,626637.58,1558389.02,0,python app/src/simulation.py --env <db> --projection-id 409 --seed 116 --months 240
11000000,409,117,240,0.6.0,yes,1,630057.19,1451109.92,0,python app/src/simulation.py --env <db> --projection-id 409 --seed 117 --months 240
11000000,409,118,240,0.6.0,yes,1,858847.30,1690981.06,1,python app/src/simulation.py --env <db> --projection-id 409 --seed 118 --months 240
11000000,409,119,240,0.6.0,yes,1,900619.78,1797433.39,0,python app/src/simulation.py --env <db> --projection-id 409 --seed 119 --months 240
11000000,409,120,240,0.6.0,yes,1,1298872.03,2130283.84,0,python app/src/simulation.py --env <db> --projection-id 409 --seed 120 --months 240
11000000,409,121,240,0.6.0,yes,1,924928.13,1677013.10,0,python app/src/simulation.py --env <db> --projection-id 409 --seed 121 --months 240
11000000,409,122,240,0.6.0,yes,1,1216092.43,2048236.70,0,python app/src/simulation.py --env <db> --projection-id 409 --seed 122 --months 240
11000000,409,123,240,0.6.0,yes,1,695994.21,1450815.96,0,python app/src/simulation.py --env <db> --projection-id 409 --seed 123 --months 240
11000000,409,124,240,0.6.0,yes,1,1216136.82,2016553.13,0,python app/src/simulation.py --env <db> --projection-id 409 --seed 124 --months 240
11000000,409,125,240,0.6.0,yes,1,1450327.50,2239644.77,0,python app/src/simulation.py --env <db> --projection-id 409 --seed 125 --months 240
11000000,409,126,240,0.6.0,yes,1,757532.65,1543107.23,0,python app/src/simulation.py --env <db> --projection-id 409 --seed 126 --months 240
11000000,409,127,240,0.6.0,yes,1,1749550.86,2536366.89,0,python app/src/simulation.py --env <db> --projection-id 409 --seed 127 --months 240
11000000,409,128,240,0.6.0,yes,1,639910.86,1437244.06,0,python app/src/simulation.py --env <db> --projection-id 409 --seed 128 --months 240
11000000,409,129,240,0.6.0,yes,1,676377.42,1620847.79,0,python app/src/simulation.py --env <db> --projection-id 409 --seed 129 --months 240
11000000,409,130,240,0.6.0,yes,1,898426.98,1713468.57,0,python app/src/simulation.py --env <db> --projection-id 409 --seed 130 --months 240
11000000,409,131,240,0.6.0,yes,1,993285.27,1793744.65,0,python app/src/simulation.py --env <db> --projection-id 409 --seed 131 --months 240
11000000,409,132,240,0.6.0,yes,1,761592.12,1661734.59,0,python app/src/simulation.py --env <db> --projection-id 409 --seed 132 --months 240
11000000,409,133,240,0.6.0,yes,1,1039238.37,1854478.80,0,python app/src/simulation.py --env <db> --projection-id 409 --seed 133 --months 240
11000000,409,134,240,0.6.0,yes,1,931310.28,1677233.69,0,python app/src/simulation.py --env <db> --projection-id 409 --seed 134 --months 240
11000000,409,135,240,0.6.0,yes,1,1421698.16,2359638.92,0,python app/src/simulation.py --env <db> --projection-id 409 --seed 135 --months 240
11000000,409,136,240,0.6.0,yes,1,1060627.12,1892129.54,0,python app/src/simulation.py --env <db> --projection-id 409 --seed 136 --months 240
11000000,409,137,240,0.6.0,yes,1,616793.64,1385167.84,0,python app/src/simulation.py --env <db> --projection-id 409 --seed 137 --months 240
11000000,409,138,240,0.6.0,yes,1,590870.26,1410996.78,0,python app/src/simulation.py --env <db> --projection-id 409 --seed 138 --months 240
11000000,409,139,240,0.6.0,yes,1,878307.94,1768951.26,0,python app/src/simulation.py --env <db> --projection-id 409 --seed 139 --months 240
11000000,409,140,240,0.6.0,yes,1,601831.96,1446142.36,0,python app/src/simulation.py --env <db> --projection-id 409 --seed 140 --months 240
11000000,409,141,240,0.6.0,yes,1,911556.00,1702488.48,0,python app/src/simulation.py --env <db> --projection-id 409 --seed 141 --months 240
11000000,409,142,240,0.6.0,yes,1,1045748.26,1888300.90,0,python app/src/simulation.py --env <db> --projection-id 409 --seed 142 --months 240
11000000,409,143,240,0.6.0,yes,1,1187632.22,2205549.04,0,python app/src/simulation.py --env <db> --projection-id 409 --seed 143 --months 240
11000000,409,144,240,0.6.0,yes,1,1486688.05,2333551.92,0,python app/src/simulation.py --env <db> --projection-id 409 --seed 144 --months 240
11000000,409,145,240,0.6.0,yes,1,1065568.74,1916288.13,0,python app/src/simulation.py --env <db> --projection-id 409 --seed 145 --months 240
11000000,409,146,240,0.6.0,yes,1,1003781.51,1809497.14,0,python app/src/simulation.py --env <db> --projection-id 409 --seed 146 --months 240
11000000,409,147,240,0.6.0,yes,1,1243014.20,2036838.50,0,python app/src/simulation.py --env <db> --projection-id 409 --seed 147 --months 240
11000000,409,148,240,0.6.0,yes,1,1134996.20,1924081.92,0,python app/src/simulation.py --env <db> --projection-id 409 --seed 148 --months 240
11000000,409,149,240,0.6.0,yes,1,636904.61,1531710.86,0,python app/src/simulation.py --env <db> --projection-id 409 --seed 149 --months 240
11000000,409,150,240,0.6.0,yes,1,650390.49,1470055.27,0,python app/src/simulation.py --env <db> --projection-id 409 --seed 150 --months 240
2000000,500,1,240,0.6.0,yes,0,0.00,899.53,0,python app/src/simulation.py --env <db> --projection-id 500 --seed 1 --months 240
2000000,500,2,240,0.6.0,yes,0,0.00,0.00,0,python app/src/simulation.py --env <db> --projection-id 500 --seed 2 --months 240
2000000,500,3,240,0.6.0,yes,0,2622.67,3747.28,0,python app/src/simulation.py --env <db> --projection-id 500 --seed 3 --months 240
2000000,500,4,240,0.6.0,yes,0,3947.55,5080.88,0,python app/src/simulation.py --env <db> --projection-id 500 --seed 4 --months 240
2000000,500,5,240,0.6.0,yes,0,0.00,4834.75,0,python app/src/simulation.py --env <db> --projection-id 500 --seed 5 --months 240
2000000,500,6,240,0.6.0,yes,0,0.00,3041.52,0,python app/src/simulation.py --env <db> --projection-id 500 --seed 6 --months 240
2000000,500,7,240,0.6.0,yes,0,0.00,0.00,0,python app/src/simulation.py --env <db> --projection-id 500 --seed 7 --months 240
2000000,500,8,240,0.6.0,yes,0,0.00,0.00,0,python app/src/simulation.py --env <db> --projection-id 500 --seed 8 --months 240
2000000,500,9,240,0.6.0,yes,0,0.00,0.00,0,python app/src/simulation.py --env <db> --projection-id 500 --seed 9 --months 240
2000000,500,10,240,0.6.0,yes,0,0.00,0.00,0,python app/src/simulation.py --env <db> --projection-id 500 --seed 10 --months 240
2000000,500,11,240,0.6.0,yes,0,0.00,0.00,0,python app/src/simulation.py --env <db> --projection-id 500 --seed 11 --months 240
2000000,500,12,240,0.6.0,yes,0,494.79,4859.40,0,python app/src/simulation.py --env <db> --projection-id 500 --seed 12 --months 240
2000000,500,13,240,0.6.0,yes,0,0.00,0.00,0,python app/src/simulation.py --env <db> --projection-id 500 --seed 13 --months 240
2000000,500,14,240,0.6.0,yes,0,0.00,0.00,0,python app/src/simulation.py --env <db> --projection-id 500 --seed 14 --months 240
2000000,500,15,240,0.6.0,yes,0,2916.85,2932.57,0,python app/src/simulation.py --env <db> --projection-id 500 --seed 15 --months 240
2000000,500,16,240,0.6.0,yes,0,0.00,0.00,0,python app/src/simulation.py --env <db> --projection-id 500 --seed 16 --months 240
2000000,500,17,240,0.6.0,yes,0,0.00,0.00,0,python app/src/simulation.py --env <db> --projection-id 500 --seed 17 --months 240
2000000,500,18,240,0.6.0,yes,0,1984.98,6703.63,0,python app/src/simulation.py --env <db> --projection-id 500 --seed 18 --months 240
2000000,500,19,240,0.6.0,yes,0,0.00,0.00,0,python app/src/simulation.py --env <db> --projection-id 500 --seed 19 --months 240
2000000,500,20,240,0.6.0,yes,0,0.00,0.00,0,python app/src/simulation.py --env <db> --projection-id 500 --seed 20 --months 240
2000000,500,21,240,0.6.0,yes,0,0.00,0.00,0,python app/src/simulation.py --env <db> --projection-id 500 --seed 21 --months 240
2000000,500,22,240,0.6.0,yes,0,0.00,0.00,0,python app/src/simulation.py --env <db> --projection-id 500 --seed 22 --months 240
2000000,500,23,240,0.6.0,yes,0,3893.42,4127.38,0,python app/src/simulation.py --env <db> --projection-id 500 --seed 23 --months 240
2000000,500,24,240,0.6.0,yes,0,0.00,0.00,0,python app/src/simulation.py --env <db> --projection-id 500 --seed 24 --months 240
2000000,500,25,240,0.6.0,yes,0,0.00,0.00,0,python app/src/simulation.py --env <db> --projection-id 500 --seed 25 --months 240
2000000,500,26,240,0.6.0,yes,0,3537.25,7499.98,0,python app/src/simulation.py --env <db> --projection-id 500 --seed 26 --months 240
2000000,500,27,240,0.6.0,yes,0,3093.23,6765.50,0,python app/src/simulation.py --env <db> --projection-id 500 --seed 27 --months 240
2000000,500,28,240,0.6.0,yes,0,0.00,8571.72,0,python app/src/simulation.py --env <db> --projection-id 500 --seed 28 --months 240
2000000,500,29,240,0.6.0,yes,0,2436.80,8820.82,0,python app/src/simulation.py --env <db> --projection-id 500 --seed 29 --months 240
2000000,500,30,240,0.6.0,yes,0,0.00,8820.81,0,python app/src/simulation.py --env <db> --projection-id 500 --seed 30 --months 240
2000000,500,31,240,0.6.0,yes,0,0.00,4304.71,0,python app/src/simulation.py --env <db> --projection-id 500 --seed 31 --months 240
2000000,500,32,240,0.6.0,yes,0,3697.67,4795.95,0,python app/src/simulation.py --env <db> --projection-id 500 --seed 32 --months 240
2000000,500,33,240,0.6.0,yes,0,0.00,0.00,0,python app/src/simulation.py --env <db> --projection-id 500 --seed 33 --months 240
2000000,500,34,240,0.6.0,yes,0,3154.53,4989.29,0,python app/src/simulation.py --env <db> --projection-id 500 --seed 34 --months 240
2000000,500,35,240,0.6.0,yes,0,0.00,652.84,0,python app/src/simulation.py --env <db> --projection-id 500 --seed 35 --months 240
2000000,500,36,240,0.6.0,yes,0,2280.42,7196.33,0,python app/src/simulation.py --env <db> --projection-id 500 --seed 36 --months 240
2000000,500,37,240,0.6.0,yes,0,0.00,0.00,0,python app/src/simulation.py --env <db> --projection-id 500 --seed 37 --months 240
2000000,500,38,240,0.6.0,yes,0,2809.33,8788.19,0,python app/src/simulation.py --env <db> --projection-id 500 --seed 38 --months 240
2000000,500,39,240,0.6.0,yes,0,2687.48,8730.64,0,python app/src/simulation.py --env <db> --projection-id 500 --seed 39 --months 240
2000000,500,40,240,0.6.0,yes,0,0.00,0.00,0,python app/src/simulation.py --env <db> --projection-id 500 --seed 40 --months 240
2000000,500,41,240,0.6.0,yes,0,2492.96,9055.06,0,python app/src/simulation.py --env <db> --projection-id 500 --seed 41 --months 240
2000000,500,42,240,0.6.0,yes,0,0.00,0.00,0,python app/src/simulation.py --env <db> --projection-id 500 --seed 42 --months 240
2000000,500,43,240,0.6.0,yes,0,0.00,11458.17,0,python app/src/simulation.py --env <db> --projection-id 500 --seed 43 --months 240
2000000,500,44,240,0.6.0,yes,0,254.98,1002.42,0,python app/src/simulation.py --env <db> --projection-id 500 --seed 44 --months 240
2000000,500,45,240,0.6.0,yes,0,4211.79,5466.53,0,python app/src/simulation.py --env <db> --projection-id 500 --seed 45 --months 240
2000000,500,46,240,0.6.0,yes,0,1723.16,5402.02,0,python app/src/simulation.py --env <db> --projection-id 500 --seed 46 --months 240
2000000,500,47,240,0.6.0,yes,0,1589.06,3914.50,0,python app/src/simulation.py --env <db> --projection-id 500 --seed 47 --months 240
2000000,500,48,240,0.6.0,yes,0,3482.54,4802.14,0,python app/src/simulation.py --env <db> --projection-id 500 --seed 48 --months 240
2000000,500,49,240,0.6.0,yes,0,3511.52,4377.67,0,python app/src/simulation.py --env <db> --projection-id 500 --seed 49 --months 240
2000000,500,50,240,0.6.0,yes,0,0.00,0.00,0,python app/src/simulation.py --env <db> --projection-id 500 --seed 50 --months 240
2000000,500,51,240,0.6.0,yes,0,0.00,3725.54,0,python app/src/simulation.py --env <db> --projection-id 500 --seed 51 --months 240
2000000,500,52,240,0.6.0,yes,0,0.00,0.00,0,python app/src/simulation.py --env <db> --projection-id 500 --seed 52 --months 240
2000000,500,53,240,0.6.0,yes,0,0.00,0.00,0,python app/src/simulation.py --env <db> --projection-id 500 --seed 53 --months 240
2000000,500,54,240,0.6.0,yes,0,0.00,535.50,0,python app/src/simulation.py --env <db> --projection-id 500 --seed 54 --months 240
2000000,500,55,240,0.6.0,yes,0,0.00,9121.36,0,python app/src/simulation.py --env <db> --projection-id 500 --seed 55 --months 240
2000000,500,56,240,0.6.0,yes,0,2169.25,8895.44,0,python app/src/simulation.py --env <db> --projection-id 500 --seed 56 --months 240
2000000,500,57,240,0.6.0,yes,0,2330.09,6578.87,0,python app/src/simulation.py --env <db> --projection-id 500 --seed 57 --months 240
2000000,500,58,240,0.6.0,yes,0,0.00,0.00,0,python app/src/simulation.py --env <db> --projection-id 500 --seed 58 --months 240
2000000,500,59,240,0.6.0,yes,0,3591.72,4382.69,0,python app/src/simulation.py --env <db> --projection-id 500 --seed 59 --months 240
2000000,500,60,240,0.6.0,yes,0,0.00,2349.80,0,python app/src/simulation.py --env <db> --projection-id 500 --seed 60 --months 240
2000000,500,61,240,0.6.0,yes,0,2461.67,5986.50,0,python app/src/simulation.py --env <db> --projection-id 500 --seed 61 --months 240
2000000,500,62,240,0.6.0,yes,0,3019.58,8671.87,0,python app/src/simulation.py --env <db> --projection-id 500 --seed 62 --months 240
2000000,500,63,240,0.6.0,yes,0,1338.62,3858.03,0,python app/src/simulation.py --env <db> --projection-id 500 --seed 63 --months 240
2000000,500,64,240,0.6.0,yes,0,0.00,10312.08,0,python app/src/simulation.py --env <db> --projection-id 500 --seed 64 --months 240
2000000,500,65,240,0.6.0,yes,0,6181.58,8950.64,0,python app/src/simulation.py --env <db> --projection-id 500 --seed 65 --months 240
2000000,500,66,240,0.6.0,yes,0,0.00,0.00,0,python app/src/simulation.py --env <db> --projection-id 500 --seed 66 --months 240
2000000,500,67,240,0.6.0,yes,0,0.00,2095.96,0,python app/src/simulation.py --env <db> --projection-id 500 --seed 67 --months 240
2000000,500,68,240,0.6.0,yes,0,3245.15,4711.42,0,python app/src/simulation.py --env <db> --projection-id 500 --seed 68 --months 240
2000000,500,69,240,0.6.0,yes,0,3885.92,7622.54,0,python app/src/simulation.py --env <db> --projection-id 500 --seed 69 --months 240
2000000,500,70,240,0.6.0,yes,0,5131.69,7963.97,0,python app/src/simulation.py --env <db> --projection-id 500 --seed 70 --months 240
2000000,500,71,240,0.6.0,yes,0,3502.49,7281.33,0,python app/src/simulation.py --env <db> --projection-id 500 --seed 71 --months 240
2000000,500,72,240,0.6.0,yes,0,0.00,0.00,0,python app/src/simulation.py --env <db> --projection-id 500 --seed 72 --months 240
2000000,500,73,240,0.6.0,yes,0,928.06,9872.97,0,python app/src/simulation.py --env <db> --projection-id 500 --seed 73 --months 240
2000000,500,74,240,0.6.0,yes,0,1421.62,4531.58,0,python app/src/simulation.py --env <db> --projection-id 500 --seed 74 --months 240
2000000,500,75,240,0.6.0,yes,0,0.00,0.00,0,python app/src/simulation.py --env <db> --projection-id 500 --seed 75 --months 240
2000000,500,76,240,0.6.0,yes,0,5958.51,6233.71,0,python app/src/simulation.py --env <db> --projection-id 500 --seed 76 --months 240
2000000,500,77,240,0.6.0,yes,0,0.00,0.00,0,python app/src/simulation.py --env <db> --projection-id 500 --seed 77 --months 240
2000000,500,78,240,0.6.0,yes,0,2172.16,7798.38,0,python app/src/simulation.py --env <db> --projection-id 500 --seed 78 --months 240
2000000,500,79,240,0.6.0,yes,0,5619.52,6567.48,0,python app/src/simulation.py --env <db> --projection-id 500 --seed 79 --months 240
2000000,500,80,240,0.6.0,yes,0,0.00,0.00,0,python app/src/simulation.py --env <db> --projection-id 500 --seed 80 --months 240
2000000,500,81,240,0.6.0,yes,0,0.00,876.50,0,python app/src/simulation.py --env <db> --projection-id 500 --seed 81 --months 240
2000000,500,82,240,0.6.0,yes,0,0.00,0.00,0,python app/src/simulation.py --env <db> --projection-id 500 --seed 82 --months 240
2000000,500,83,240,0.6.0,yes,0,0.00,0.00,0,python app/src/simulation.py --env <db> --projection-id 500 --seed 83 --months 240
2000000,500,84,240,0.6.0,yes,0,0.00,0.00,0,python app/src/simulation.py --env <db> --projection-id 500 --seed 84 --months 240
2000000,500,85,240,0.6.0,yes,0,0.00,0.00,0,python app/src/simulation.py --env <db> --projection-id 500 --seed 85 --months 240
2000000,500,86,240,0.6.0,yes,0,2557.02,6615.58,0,python app/src/simulation.py --env <db> --projection-id 500 --seed 86 --months 240
2000000,500,87,240,0.6.0,yes,0,0.00,0.00,0,python app/src/simulation.py --env <db> --projection-id 500 --seed 87 --months 240
2000000,500,88,240,0.6.0,yes,0,8712.03,10256.69,0,python app/src/simulation.py --env <db> --projection-id 500 --seed 88 --months 240
2000000,500,89,240,0.6.0,yes,0,3172.63,6562.19,0,python app/src/simulation.py --env <db> --projection-id 500 --seed 89 --months 240
2000000,500,90,240,0.6.0,yes,0,0.00,0.00,0,python app/src/simulation.py --env <db> --projection-id 500 --seed 90 --months 240
2000000,500,91,240,0.6.0,yes,0,3303.88,8470.51,0,python app/src/simulation.py --env <db> --projection-id 500 --seed 91 --months 240
2000000,500,92,240,0.6.0,yes,0,28.43,2992.59,0,python app/src/simulation.py --env <db> --projection-id 500 --seed 92 --months 240
2000000,500,93,240,0.6.0,yes,0,0.00,0.00,0,python app/src/simulation.py --env <db> --projection-id 500 --seed 93 --months 240
2000000,500,94,240,0.6.0,yes,0,1821.86,6896.33,0,python app/src/simulation.py --env <db> --projection-id 500 --seed 94 --months 240
2000000,500,95,240,0.6.0,yes,0,0.00,0.00,0,python app/src/simulation.py --env <db> --projection-id 500 --seed 95 --months 240
2000000,500,96,240,0.6.0,yes,0,0.00,0.00,0,python app/src/simulation.py --env <db> --projection-id 500 --seed 96 --months 240
2000000,500,97,240,0.6.0,yes,0,0.00,0.00,0,python app/src/simulation.py --env <db> --projection-id 500 --seed 97 --months 240
2000000,500,98,240,0.6.0,yes,0,7988.85,9188.78,0,python app/src/simulation.py --env <db> --projection-id 500 --seed 98 --months 240
2000000,500,99,240,0.6.0,yes,0,383.45,9261.83,0,python app/src/simulation.py --env <db> --projection-id 500 --seed 99 --months 240
2000000,500,100,240,0.6.0,yes,0,0.00,6450.65,0,python app/src/simulation.py --env <db> --projection-id 500 --seed 100 --months 240
2000000,500,101,240,0.6.0,yes,0,0.00,0.00,0,python app/src/simulation.py --env <db> --projection-id 500 --seed 101 --months 240
2000000,500,102,240,0.6.0,yes,0,0.00,5099.27,0,python app/src/simulation.py --env <db> --projection-id 500 --seed 102 --months 240
2000000,500,103,240,0.6.0,yes,0,0.00,0.00,0,python app/src/simulation.py --env <db> --projection-id 500 --seed 103 --months 240
2000000,500,104,240,0.6.0,yes,0,0.00,0.00,0,python app/src/simulation.py --env <db> --projection-id 500 --seed 104 --months 240
2000000,500,105,240,0.6.0,yes,0,0.00,0.00,0,python app/src/simulation.py --env <db> --projection-id 500 --seed 105 --months 240
2000000,500,106,240,0.6.0,yes,0,3707.51,5933.43,0,python app/src/simulation.py --env <db> --projection-id 500 --seed 106 --months 240
2000000,500,107,240,0.6.0,yes,0,0.00,9396.56,0,python app/src/simulation.py --env <db> --projection-id 500 --seed 107 --months 240
2000000,500,108,240,0.6.0,yes,0,175.49,8701.75,0,python app/src/simulation.py --env <db> --projection-id 500 --seed 108 --months 240
2000000,500,109,240,0.6.0,yes,0,2943.12,4222.55,0,python app/src/simulation.py --env <db> --projection-id 500 --seed 109 --months 240
2000000,500,110,240,0.6.0,yes,0,1833.87,5520.51,0,python app/src/simulation.py --env <db> --projection-id 500 --seed 110 --months 240
2000000,500,111,240,0.6.0,yes,0,5900.14,7118.13,0,python app/src/simulation.py --env <db> --projection-id 500 --seed 111 --months 240
2000000,500,112,240,0.6.0,yes,0,3422.83,5184.52,0,python app/src/simulation.py --env <db> --projection-id 500 --seed 112 --months 240
2000000,500,113,240,0.6.0,yes,0,743.32,2512.13,0,python app/src/simulation.py --env <db> --projection-id 500 --seed 113 --months 240
2000000,500,114,240,0.6.0,yes,0,2020.77,9141.76,0,python app/src/simulation.py --env <db> --projection-id 500 --seed 114 --months 240
2000000,500,115,240,0.6.0,yes,0,0.00,0.00,0,python app/src/simulation.py --env <db> --projection-id 500 --seed 115 --months 240
2000000,500,116,240,0.6.0,yes,0,0.00,0.00,0,python app/src/simulation.py --env <db> --projection-id 500 --seed 116 --months 240
2000000,500,117,240,0.6.0,yes,0,0.00,0.00,0,python app/src/simulation.py --env <db> --projection-id 500 --seed 117 --months 240
2000000,500,118,240,0.6.0,yes,0,1622.74,7083.23,0,python app/src/simulation.py --env <db> --projection-id 500 --seed 118 --months 240
2000000,500,119,240,0.6.0,yes,0,0.00,0.00,0,python app/src/simulation.py --env <db> --projection-id 500 --seed 119 --months 240
2000000,500,120,240,0.6.0,yes,0,0.00,0.00,0,python app/src/simulation.py --env <db> --projection-id 500 --seed 120 --months 240
2000000,500,121,240,0.6.0,yes,0,0.00,0.00,0,python app/src/simulation.py --env <db> --projection-id 500 --seed 121 --months 240
2000000,500,122,240,0.6.0,yes,0,0.00,0.00,0,python app/src/simulation.py --env <db> --projection-id 500 --seed 122 --months 240
2000000,500,123,240,0.6.0,yes,0,3583.11,4513.79,0,python app/src/simulation.py --env <db> --projection-id 500 --seed 123 --months 240
2000000,500,124,240,0.6.0,yes,0,2582.98,3252.93,0,python app/src/simulation.py --env <db> --projection-id 500 --seed 124 --months 240
2000000,500,125,240,0.6.0,yes,0,3964.65,8129.54,0,python app/src/simulation.py --env <db> --projection-id 500 --seed 125 --months 240
2000000,500,126,240,0.6.0,yes,0,0.00,0.00,0,python app/src/simulation.py --env <db> --projection-id 500 --seed 126 --months 240
2000000,500,127,240,0.6.0,yes,0,2718.05,5725.34,0,python app/src/simulation.py --env <db> --projection-id 500 --seed 127 --months 240
2000000,500,128,240,0.6.0,yes,0,1658.28,8669.80,0,python app/src/simulation.py --env <db> --projection-id 500 --seed 128 --months 240
2000000,500,129,240,0.6.0,yes,0,5464.90,9118.29,0,python app/src/simulation.py --env <db> --projection-id 500 --seed 129 --months 240
2000000,500,130,240,0.6.0,yes,0,3901.01,7020.31,0,python app/src/simulation.py --env <db> --projection-id 500 --seed 130 --months 240
2000000,500,131,240,0.6.0,yes,0,0.00,0.00,0,python app/src/simulation.py --env <db> --projection-id 500 --seed 131 --months 240
2000000,500,132,240,0.6.0,yes,0,4319.02,8061.20,0,python app/src/simulation.py --env <db> --projection-id 500 --seed 132 --months 240
2000000,500,133,240,0.6.0,yes,0,3057.89,4885.38,0,python app/src/simulation.py --env <db> --projection-id 500 --seed 133 --months 240
2000000,500,134,240,0.6.0,yes,0,5793.73,5921.64,0,python app/src/simulation.py --env <db> --projection-id 500 --seed 134 --months 240
2000000,500,135,240,0.6.0,yes,0,2602.59,7126.41,0,python app/src/simulation.py --env <db> --projection-id 500 --seed 135 --months 240
2000000,500,136,240,0.6.0,yes,0,1880.91,7813.47,0,python app/src/simulation.py --env <db> --projection-id 500 --seed 136 --months 240
2000000,500,137,240,0.6.0,yes,0,0.00,9469.27,0,python app/src/simulation.py --env <db> --projection-id 500 --seed 137 --months 240
2000000,500,138,240,0.6.0,yes,0,0.00,0.00,0,python app/src/simulation.py --env <db> --projection-id 500 --seed 138 --months 240
2000000,500,139,240,0.6.0,yes,0,0.00,0.00,0,python app/src/simulation.py --env <db> --projection-id 500 --seed 139 --months 240
2000000,500,140,240,0.6.0,yes,0,0.00,0.00,0,python app/src/simulation.py --env <db> --projection-id 500 --seed 140 --months 240
2000000,500,141,240,0.6.0,yes,0,0.00,10417.20,0,python app/src/simulation.py --env <db> --projection-id 500 --seed 141 --months 240
2000000,500,142,240,0.6.0,yes,0,0.00,0.00,0,python app/src/simulation.py --env <db> --projection-id 500 --seed 142 --months 240
2000000,500,143,240,0.6.0,yes,0,888.78,2617.21,0,python app/src/simulation.py --env <db> --projection-id 500 --seed 143 --months 240
2000000,500,144,240,0.6.0,yes,0,1867.86,4232.36,0,python app/src/simulation.py --env <db> --projection-id 500 --seed 144 --months 240
2000000,500,145,240,0.6.0,yes,0,10604.57,11407.10,0,python app/src/simulation.py --env <db> --projection-id 500 --seed 145 --months 240
2000000,500,146,240,0.6.0,yes,0,0.00,0.00,0,python app/src/simulation.py --env <db> --projection-id 500 --seed 146 --months 240
2000000,500,147,240,0.6.0,yes,0,0.00,0.00,0,python app/src/simulation.py --env <db> --projection-id 500 --seed 147 --months 240
2000000,500,148,240,0.6.0,yes,0,0.00,0.00,0,python app/src/simulation.py --env <db> --projection-id 500 --seed 148 --months 240
2000000,500,149,240,0.6.0,yes,0,0.00,0.00,0,python app/src/simulation.py --env <db> --projection-id 500 --seed 149 --months 240
2000000,500,150,240,0.6.0,yes,0,2347.54,7908.73,0,python app/src/simulation.py --env <db> --projection-id 500 --seed 150 --months 240
2500000,501,1,240,0.6.0,yes,0,4466.53,5573.05,0,python app/src/simulation.py --env <db> --projection-id 501 --seed 1 --months 240
2500000,501,2,240,0.6.0,yes,0,0.00,0.00,0,python app/src/simulation.py --env <db> --projection-id 501 --seed 2 --months 240
2500000,501,3,240,0.6.0,yes,0,0.00,0.00,0,python app/src/simulation.py --env <db> --projection-id 501 --seed 3 --months 240
2500000,501,4,240,0.6.0,yes,0,1558.41,9374.02,0,python app/src/simulation.py --env <db> --projection-id 501 --seed 4 --months 240
2500000,501,5,240,0.6.0,yes,0,4055.78,6779.43,0,python app/src/simulation.py --env <db> --projection-id 501 --seed 5 --months 240
2500000,501,6,240,0.6.0,yes,0,0.00,0.00,0,python app/src/simulation.py --env <db> --projection-id 501 --seed 6 --months 240
2500000,501,7,240,0.6.0,yes,0,0.00,0.00,0,python app/src/simulation.py --env <db> --projection-id 501 --seed 7 --months 240
2500000,501,8,240,0.6.0,yes,0,0.00,0.00,0,python app/src/simulation.py --env <db> --projection-id 501 --seed 8 --months 240
2500000,501,9,240,0.6.0,yes,0,0.00,0.00,0,python app/src/simulation.py --env <db> --projection-id 501 --seed 9 --months 240
2500000,501,10,240,0.6.0,yes,0,4647.01,7802.25,0,python app/src/simulation.py --env <db> --projection-id 501 --seed 10 --months 240
2500000,501,11,240,0.6.0,yes,0,3234.97,6183.75,0,python app/src/simulation.py --env <db> --projection-id 501 --seed 11 --months 240
2500000,501,12,240,0.6.0,yes,0,0.00,0.00,0,python app/src/simulation.py --env <db> --projection-id 501 --seed 12 --months 240
2500000,501,13,240,0.6.0,yes,0,0.00,0.00,0,python app/src/simulation.py --env <db> --projection-id 501 --seed 13 --months 240
2500000,501,14,240,0.6.0,yes,0,0.00,0.00,0,python app/src/simulation.py --env <db> --projection-id 501 --seed 14 --months 240
2500000,501,15,240,0.6.0,yes,0,0.00,0.00,0,python app/src/simulation.py --env <db> --projection-id 501 --seed 15 --months 240
2500000,501,16,240,0.6.0,yes,0,0.00,0.00,0,python app/src/simulation.py --env <db> --projection-id 501 --seed 16 --months 240
2500000,501,17,240,0.6.0,yes,0,4661.07,4918.81,0,python app/src/simulation.py --env <db> --projection-id 501 --seed 17 --months 240
2500000,501,18,240,0.6.0,yes,0,0.00,0.00,0,python app/src/simulation.py --env <db> --projection-id 501 --seed 18 --months 240
2500000,501,19,240,0.6.0,yes,0,5950.91,8238.65,0,python app/src/simulation.py --env <db> --projection-id 501 --seed 19 --months 240
2500000,501,20,240,0.6.0,yes,0,0.00,0.00,0,python app/src/simulation.py --env <db> --projection-id 501 --seed 20 --months 240
2500000,501,21,240,0.6.0,yes,0,0.00,0.00,0,python app/src/simulation.py --env <db> --projection-id 501 --seed 21 --months 240
2500000,501,22,240,0.6.0,yes,0,0.00,0.00,0,python app/src/simulation.py --env <db> --projection-id 501 --seed 22 --months 240
2500000,501,23,240,0.6.0,yes,0,0.00,0.00,0,python app/src/simulation.py --env <db> --projection-id 501 --seed 23 --months 240
2500000,501,24,240,0.6.0,yes,0,0.00,0.00,0,python app/src/simulation.py --env <db> --projection-id 501 --seed 24 --months 240
2500000,501,25,240,0.6.0,yes,0,0.00,0.00,0,python app/src/simulation.py --env <db> --projection-id 501 --seed 25 --months 240
2500000,501,26,240,0.6.0,yes,0,0.00,0.00,0,python app/src/simulation.py --env <db> --projection-id 501 --seed 26 --months 240
2500000,501,27,240,0.6.0,yes,0,2550.19,4745.90,0,python app/src/simulation.py --env <db> --projection-id 501 --seed 27 --months 240
2500000,501,28,240,0.6.0,yes,0,1658.70,11489.75,0,python app/src/simulation.py --env <db> --projection-id 501 --seed 28 --months 240
2500000,501,29,240,0.6.0,yes,0,5106.86,9563.13,0,python app/src/simulation.py --env <db> --projection-id 501 --seed 29 --months 240
2500000,501,30,240,0.6.0,yes,0,2778.28,5359.97,0,python app/src/simulation.py --env <db> --projection-id 501 --seed 30 --months 240
2500000,501,31,240,0.6.0,yes,0,3213.51,4142.48,0,python app/src/simulation.py --env <db> --projection-id 501 --seed 31 --months 240
2500000,501,32,240,0.6.0,yes,0,3437.67,10259.43,0,python app/src/simulation.py --env <db> --projection-id 501 --seed 32 --months 240
2500000,501,33,240,0.6.0,yes,0,0.00,0.00,0,python app/src/simulation.py --env <db> --projection-id 501 --seed 33 --months 240
2500000,501,34,240,0.6.0,yes,0,0.00,0.00,0,python app/src/simulation.py --env <db> --projection-id 501 --seed 34 --months 240
2500000,501,35,240,0.6.0,yes,0,3937.47,8003.59,0,python app/src/simulation.py --env <db> --projection-id 501 --seed 35 --months 240
2500000,501,36,240,0.6.0,yes,0,4648.62,5966.71,0,python app/src/simulation.py --env <db> --projection-id 501 --seed 36 --months 240
2500000,501,37,240,0.6.0,yes,0,0.00,0.00,0,python app/src/simulation.py --env <db> --projection-id 501 --seed 37 --months 240
2500000,501,38,240,0.6.0,yes,0,2655.80,9903.67,0,python app/src/simulation.py --env <db> --projection-id 501 --seed 38 --months 240
2500000,501,39,240,0.6.0,yes,0,0.00,0.00,0,python app/src/simulation.py --env <db> --projection-id 501 --seed 39 --months 240
2500000,501,40,240,0.6.0,yes,0,2147.52,4682.18,0,python app/src/simulation.py --env <db> --projection-id 501 --seed 40 --months 240
2500000,501,41,240,0.6.0,yes,0,2042.48,10261.22,0,python app/src/simulation.py --env <db> --projection-id 501 --seed 41 --months 240
2500000,501,42,240,0.6.0,yes,0,0.00,0.00,0,python app/src/simulation.py --env <db> --projection-id 501 --seed 42 --months 240
2500000,501,43,240,0.6.0,yes,0,0.00,0.00,0,python app/src/simulation.py --env <db> --projection-id 501 --seed 43 --months 240
2500000,501,44,240,0.6.0,yes,0,1499.85,2365.31,0,python app/src/simulation.py --env <db> --projection-id 501 --seed 44 --months 240
2500000,501,45,240,0.6.0,yes,0,0.00,0.00,0,python app/src/simulation.py --env <db> --projection-id 501 --seed 45 --months 240
2500000,501,46,240,0.6.0,yes,0,0.00,0.00,0,python app/src/simulation.py --env <db> --projection-id 501 --seed 46 --months 240
2500000,501,47,240,0.6.0,yes,0,0.00,0.00,0,python app/src/simulation.py --env <db> --projection-id 501 --seed 47 --months 240
2500000,501,48,240,0.6.0,yes,0,0.00,0.00,0,python app/src/simulation.py --env <db> --projection-id 501 --seed 48 --months 240
2500000,501,49,240,0.6.0,yes,0,8868.59,9350.03,0,python app/src/simulation.py --env <db> --projection-id 501 --seed 49 --months 240
2500000,501,50,240,0.6.0,yes,0,0.00,0.00,0,python app/src/simulation.py --env <db> --projection-id 501 --seed 50 --months 240
2500000,501,51,240,0.6.0,yes,0,2955.36,6933.81,0,python app/src/simulation.py --env <db> --projection-id 501 --seed 51 --months 240
2500000,501,52,240,0.6.0,yes,0,0.00,0.00,0,python app/src/simulation.py --env <db> --projection-id 501 --seed 52 --months 240
2500000,501,53,240,0.6.0,yes,0,6792.95,7336.95,0,python app/src/simulation.py --env <db> --projection-id 501 --seed 53 --months 240
2500000,501,54,240,0.6.0,yes,0,0.00,0.00,0,python app/src/simulation.py --env <db> --projection-id 501 --seed 54 --months 240
2500000,501,55,240,0.6.0,yes,0,2237.11,4475.92,0,python app/src/simulation.py --env <db> --projection-id 501 --seed 55 --months 240
2500000,501,56,240,0.6.0,yes,0,7999.51,10257.45,0,python app/src/simulation.py --env <db> --projection-id 501 --seed 56 --months 240
2500000,501,57,240,0.6.0,yes,0,0.00,0.00,0,python app/src/simulation.py --env <db> --projection-id 501 --seed 57 --months 240
2500000,501,58,240,0.6.0,yes,0,0.00,0.00,0,python app/src/simulation.py --env <db> --projection-id 501 --seed 58 --months 240
2500000,501,59,240,0.6.0,yes,0,0.00,0.00,0,python app/src/simulation.py --env <db> --projection-id 501 --seed 59 --months 240
2500000,501,60,240,0.6.0,yes,0,0.00,0.00,0,python app/src/simulation.py --env <db> --projection-id 501 --seed 60 --months 240
2500000,501,61,240,0.6.0,yes,0,0.00,0.00,0,python app/src/simulation.py --env <db> --projection-id 501 --seed 61 --months 240
2500000,501,62,240,0.6.0,yes,0,1836.62,3809.27,0,python app/src/simulation.py --env <db> --projection-id 501 --seed 62 --months 240
2500000,501,63,240,0.6.0,yes,0,1114.47,2119.52,0,python app/src/simulation.py --env <db> --projection-id 501 --seed 63 --months 240
2500000,501,64,240,0.6.0,yes,0,0.00,0.00,0,python app/src/simulation.py --env <db> --projection-id 501 --seed 64 --months 240
2500000,501,65,240,0.6.0,yes,0,788.74,7061.27,0,python app/src/simulation.py --env <db> --projection-id 501 --seed 65 --months 240
2500000,501,66,240,0.6.0,yes,0,5619.94,8345.99,0,python app/src/simulation.py --env <db> --projection-id 501 --seed 66 --months 240
2500000,501,67,240,0.6.0,yes,0,2786.03,4020.46,0,python app/src/simulation.py --env <db> --projection-id 501 --seed 67 --months 240
2500000,501,68,240,0.6.0,yes,0,0.00,0.00,0,python app/src/simulation.py --env <db> --projection-id 501 --seed 68 --months 240
2500000,501,69,240,0.6.0,yes,0,5170.02,8640.07,0,python app/src/simulation.py --env <db> --projection-id 501 --seed 69 --months 240
2500000,501,70,240,0.6.0,yes,0,0.00,0.00,0,python app/src/simulation.py --env <db> --projection-id 501 --seed 70 --months 240
2500000,501,71,240,0.6.0,yes,0,0.00,0.00,0,python app/src/simulation.py --env <db> --projection-id 501 --seed 71 --months 240
2500000,501,72,240,0.6.0,yes,0,0.00,0.00,0,python app/src/simulation.py --env <db> --projection-id 501 --seed 72 --months 240
2500000,501,73,240,0.6.0,yes,0,0.00,0.00,0,python app/src/simulation.py --env <db> --projection-id 501 --seed 73 --months 240
2500000,501,74,240,0.6.0,yes,0,0.00,0.00,0,python app/src/simulation.py --env <db> --projection-id 501 --seed 74 --months 240
2500000,501,75,240,0.6.0,yes,0,0.00,0.00,0,python app/src/simulation.py --env <db> --projection-id 501 --seed 75 --months 240
2500000,501,76,240,0.6.0,yes,0,0.00,0.00,0,python app/src/simulation.py --env <db> --projection-id 501 --seed 76 --months 240
2500000,501,77,240,0.6.0,yes,0,0.00,0.00,0,python app/src/simulation.py --env <db> --projection-id 501 --seed 77 --months 240
2500000,501,78,240,0.6.0,yes,0,2193.34,9222.76,0,python app/src/simulation.py --env <db> --projection-id 501 --seed 78 --months 240
2500000,501,79,240,0.6.0,yes,0,0.00,0.00,0,python app/src/simulation.py --env <db> --projection-id 501 --seed 79 --months 240
2500000,501,80,240,0.6.0,yes,0,0.00,0.00,0,python app/src/simulation.py --env <db> --projection-id 501 --seed 80 --months 240
2500000,501,81,240,0.6.0,yes,0,3171.86,4298.48,0,python app/src/simulation.py --env <db> --projection-id 501 --seed 81 --months 240
2500000,501,82,240,0.6.0,yes,0,759.53,5428.30,0,python app/src/simulation.py --env <db> --projection-id 501 --seed 82 --months 240
2500000,501,83,240,0.6.0,yes,0,0.00,0.00,0,python app/src/simulation.py --env <db> --projection-id 501 --seed 83 --months 240
2500000,501,84,240,0.6.0,yes,0,6923.00,8647.42,0,python app/src/simulation.py --env <db> --projection-id 501 --seed 84 --months 240
2500000,501,85,240,0.6.0,yes,0,460.73,2276.76,0,python app/src/simulation.py --env <db> --projection-id 501 --seed 85 --months 240
2500000,501,86,240,0.6.0,yes,0,0.00,0.00,0,python app/src/simulation.py --env <db> --projection-id 501 --seed 86 --months 240
2500000,501,87,240,0.6.0,yes,0,8030.79,9400.30,0,python app/src/simulation.py --env <db> --projection-id 501 --seed 87 --months 240
2500000,501,88,240,0.6.0,yes,0,0.00,0.00,0,python app/src/simulation.py --env <db> --projection-id 501 --seed 88 --months 240
2500000,501,89,240,0.6.0,yes,0,0.00,0.00,0,python app/src/simulation.py --env <db> --projection-id 501 --seed 89 --months 240
2500000,501,90,240,0.6.0,yes,0,0.00,0.00,0,python app/src/simulation.py --env <db> --projection-id 501 --seed 90 --months 240
2500000,501,91,240,0.6.0,yes,0,4759.41,8642.28,0,python app/src/simulation.py --env <db> --projection-id 501 --seed 91 --months 240
2500000,501,92,240,0.6.0,yes,0,3998.26,8928.71,0,python app/src/simulation.py --env <db> --projection-id 501 --seed 92 --months 240
2500000,501,93,240,0.6.0,yes,0,0.00,0.00,0,python app/src/simulation.py --env <db> --projection-id 501 --seed 93 --months 240
2500000,501,94,240,0.6.0,yes,0,5184.95,5384.22,0,python app/src/simulation.py --env <db> --projection-id 501 --seed 94 --months 240
2500000,501,95,240,0.6.0,yes,0,0.00,0.00,0,python app/src/simulation.py --env <db> --projection-id 501 --seed 95 --months 240
2500000,501,96,240,0.6.0,yes,0,0.00,0.00,0,python app/src/simulation.py --env <db> --projection-id 501 --seed 96 --months 240
2500000,501,97,240,0.6.0,yes,0,0.00,0.00,0,python app/src/simulation.py --env <db> --projection-id 501 --seed 97 --months 240
2500000,501,98,240,0.6.0,yes,0,4023.50,10200.02,0,python app/src/simulation.py --env <db> --projection-id 501 --seed 98 --months 240
2500000,501,99,240,0.6.0,yes,0,5411.51,9076.21,0,python app/src/simulation.py --env <db> --projection-id 501 --seed 99 --months 240
2500000,501,100,240,0.6.0,yes,0,4401.19,10448.27,0,python app/src/simulation.py --env <db> --projection-id 501 --seed 100 --months 240
2500000,501,101,240,0.6.0,yes,0,0.00,0.00,0,python app/src/simulation.py --env <db> --projection-id 501 --seed 101 --months 240
2500000,501,102,240,0.6.0,yes,0,7503.54,9632.98,0,python app/src/simulation.py --env <db> --projection-id 501 --seed 102 --months 240
2500000,501,103,240,0.6.0,yes,0,0.00,0.00,0,python app/src/simulation.py --env <db> --projection-id 501 --seed 103 --months 240
2500000,501,104,240,0.6.0,yes,0,0.00,0.00,0,python app/src/simulation.py --env <db> --projection-id 501 --seed 104 --months 240
2500000,501,105,240,0.6.0,yes,0,3764.76,8396.92,0,python app/src/simulation.py --env <db> --projection-id 501 --seed 105 --months 240
2500000,501,106,240,0.6.0,yes,0,0.00,0.00,0,python app/src/simulation.py --env <db> --projection-id 501 --seed 106 --months 240
2500000,501,107,240,0.6.0,yes,0,0.00,0.00,0,python app/src/simulation.py --env <db> --projection-id 501 --seed 107 --months 240
2500000,501,108,240,0.6.0,yes,0,1500.93,5871.86,0,python app/src/simulation.py --env <db> --projection-id 501 --seed 108 --months 240
2500000,501,109,240,0.6.0,yes,0,0.00,0.00,0,python app/src/simulation.py --env <db> --projection-id 501 --seed 109 --months 240
2500000,501,110,240,0.6.0,yes,0,0.00,0.00,0,python app/src/simulation.py --env <db> --projection-id 501 --seed 110 --months 240
2500000,501,111,240,0.6.0,yes,0,0.00,0.00,0,python app/src/simulation.py --env <db> --projection-id 501 --seed 111 --months 240
2500000,501,112,240,0.6.0,yes,0,0.00,0.00,0,python app/src/simulation.py --env <db> --projection-id 501 --seed 112 --months 240
2500000,501,113,240,0.6.0,yes,0,239.92,2327.45,0,python app/src/simulation.py --env <db> --projection-id 501 --seed 113 --months 240
2500000,501,114,240,0.6.0,yes,0,4967.18,7031.18,0,python app/src/simulation.py --env <db> --projection-id 501 --seed 114 --months 240
2500000,501,115,240,0.6.0,yes,0,0.00,0.00,0,python app/src/simulation.py --env <db> --projection-id 501 --seed 115 --months 240
2500000,501,116,240,0.6.0,yes,0,0.00,0.00,0,python app/src/simulation.py --env <db> --projection-id 501 --seed 116 --months 240
2500000,501,117,240,0.6.0,yes,0,0.00,0.00,0,python app/src/simulation.py --env <db> --projection-id 501 --seed 117 --months 240
2500000,501,118,240,0.6.0,yes,0,450.35,2537.73,0,python app/src/simulation.py --env <db> --projection-id 501 --seed 118 --months 240
2500000,501,119,240,0.6.0,yes,0,968.67,5403.62,0,python app/src/simulation.py --env <db> --projection-id 501 --seed 119 --months 240
2500000,501,120,240,0.6.0,yes,0,0.00,0.00,0,python app/src/simulation.py --env <db> --projection-id 501 --seed 120 --months 240
2500000,501,121,240,0.6.0,yes,0,4175.05,4205.42,0,python app/src/simulation.py --env <db> --projection-id 501 --seed 121 --months 240
2500000,501,122,240,0.6.0,yes,0,0.00,0.00,0,python app/src/simulation.py --env <db> --projection-id 501 --seed 122 --months 240
2500000,501,123,240,0.6.0,yes,0,0.00,0.00,0,python app/src/simulation.py --env <db> --projection-id 501 --seed 123 --months 240
2500000,501,124,240,0.6.0,yes,0,0.00,0.00,0,python app/src/simulation.py --env <db> --projection-id 501 --seed 124 --months 240
2500000,501,125,240,0.6.0,yes,0,0.00,0.00,0,python app/src/simulation.py --env <db> --projection-id 501 --seed 125 --months 240
2500000,501,126,240,0.6.0,yes,0,0.00,0.00,0,python app/src/simulation.py --env <db> --projection-id 501 --seed 126 --months 240
2500000,501,127,240,0.6.0,yes,0,0.00,0.00,0,python app/src/simulation.py --env <db> --projection-id 501 --seed 127 --months 240
2500000,501,128,240,0.6.0,yes,0,0.00,0.00,0,python app/src/simulation.py --env <db> --projection-id 501 --seed 128 --months 240
2500000,501,129,240,0.6.0,yes,0,0.00,0.00,0,python app/src/simulation.py --env <db> --projection-id 501 --seed 129 --months 240
2500000,501,130,240,0.6.0,yes,0,0.00,0.00,0,python app/src/simulation.py --env <db> --projection-id 501 --seed 130 --months 240
2500000,501,131,240,0.6.0,yes,0,0.00,0.00,0,python app/src/simulation.py --env <db> --projection-id 501 --seed 131 --months 240
2500000,501,132,240,0.6.0,yes,0,0.00,0.00,0,python app/src/simulation.py --env <db> --projection-id 501 --seed 132 --months 240
2500000,501,133,240,0.6.0,yes,0,0.00,0.00,0,python app/src/simulation.py --env <db> --projection-id 501 --seed 133 --months 240
2500000,501,134,240,0.6.0,yes,0,0.00,2437.97,0,python app/src/simulation.py --env <db> --projection-id 501 --seed 134 --months 240
2500000,501,135,240,0.6.0,yes,0,0.00,0.00,0,python app/src/simulation.py --env <db> --projection-id 501 --seed 135 --months 240
2500000,501,136,240,0.6.0,yes,0,0.00,0.00,0,python app/src/simulation.py --env <db> --projection-id 501 --seed 136 --months 240
2500000,501,137,240,0.6.0,yes,0,4602.66,6435.42,0,python app/src/simulation.py --env <db> --projection-id 501 --seed 137 --months 240
2500000,501,138,240,0.6.0,yes,0,4427.58,7087.85,0,python app/src/simulation.py --env <db> --projection-id 501 --seed 138 --months 240
2500000,501,139,240,0.6.0,yes,0,0.00,0.00,0,python app/src/simulation.py --env <db> --projection-id 501 --seed 139 --months 240
2500000,501,140,240,0.6.0,yes,0,0.00,0.00,0,python app/src/simulation.py --env <db> --projection-id 501 --seed 140 --months 240
2500000,501,141,240,0.6.0,yes,0,4861.39,10653.06,0,python app/src/simulation.py --env <db> --projection-id 501 --seed 141 --months 240
2500000,501,142,240,0.6.0,yes,0,0.00,0.00,0,python app/src/simulation.py --env <db> --projection-id 501 --seed 142 --months 240
2500000,501,143,240,0.6.0,yes,0,0.00,0.00,0,python app/src/simulation.py --env <db> --projection-id 501 --seed 143 --months 240
2500000,501,144,240,0.6.0,yes,0,6442.36,8696.78,0,python app/src/simulation.py --env <db> --projection-id 501 --seed 144 --months 240
2500000,501,145,240,0.6.0,yes,0,0.00,0.00,0,python app/src/simulation.py --env <db> --projection-id 501 --seed 145 --months 240
2500000,501,146,240,0.6.0,yes,0,0.00,0.00,0,python app/src/simulation.py --env <db> --projection-id 501 --seed 146 --months 240
2500000,501,147,240,0.6.0,yes,0,0.00,8312.74,0,python app/src/simulation.py --env <db> --projection-id 501 --seed 147 --months 240
2500000,501,148,240,0.6.0,yes,0,5617.65,9663.90,0,python app/src/simulation.py --env <db> --projection-id 501 --seed 148 --months 240
2500000,501,149,240,0.6.0,yes,0,0.00,0.00,0,python app/src/simulation.py --env <db> --projection-id 501 --seed 149 --months 240
2500000,501,150,240,0.6.0,yes,0,4779.39,10178.81,0,python app/src/simulation.py --env <db> --projection-id 501 --seed 150 --months 240
3000000,502,1,240,0.6.0,yes,0,0.00,0.00,0,python app/src/simulation.py --env <db> --projection-id 502 --seed 1 --months 240
3000000,502,2,240,0.6.0,yes,0,0.00,0.00,0,python app/src/simulation.py --env <db> --projection-id 502 --seed 2 --months 240
3000000,502,3,240,0.6.0,yes,0,0.00,0.00,0,python app/src/simulation.py --env <db> --projection-id 502 --seed 3 --months 240
3000000,502,4,240,0.6.0,yes,0,0.00,0.00,0,python app/src/simulation.py --env <db> --projection-id 502 --seed 4 --months 240
3000000,502,5,240,0.6.0,yes,0,0.00,0.00,0,python app/src/simulation.py --env <db> --projection-id 502 --seed 5 --months 240
3000000,502,6,240,0.6.0,yes,0,0.00,0.00,0,python app/src/simulation.py --env <db> --projection-id 502 --seed 6 --months 240
3000000,502,7,240,0.6.0,yes,0,0.00,0.00,0,python app/src/simulation.py --env <db> --projection-id 502 --seed 7 --months 240
3000000,502,8,240,0.6.0,yes,0,0.00,0.00,0,python app/src/simulation.py --env <db> --projection-id 502 --seed 8 --months 240
3000000,502,9,240,0.6.0,yes,0,0.00,0.00,0,python app/src/simulation.py --env <db> --projection-id 502 --seed 9 --months 240
3000000,502,10,240,0.6.0,yes,0,0.00,0.00,0,python app/src/simulation.py --env <db> --projection-id 502 --seed 10 --months 240
3000000,502,11,240,0.6.0,yes,1,115321.47,146557.21,0,python app/src/simulation.py --env <db> --projection-id 502 --seed 11 --months 240
3000000,502,12,240,0.6.0,yes,0,0.00,0.00,0,python app/src/simulation.py --env <db> --projection-id 502 --seed 12 --months 240
3000000,502,13,240,0.6.0,yes,0,0.00,0.00,0,python app/src/simulation.py --env <db> --projection-id 502 --seed 13 --months 240
3000000,502,14,240,0.6.0,yes,0,0.00,0.00,0,python app/src/simulation.py --env <db> --projection-id 502 --seed 14 --months 240
3000000,502,15,240,0.6.0,yes,0,0.00,0.00,0,python app/src/simulation.py --env <db> --projection-id 502 --seed 15 --months 240
3000000,502,16,240,0.6.0,yes,0,0.00,0.00,0,python app/src/simulation.py --env <db> --projection-id 502 --seed 16 --months 240
3000000,502,17,240,0.6.0,yes,0,0.00,0.00,0,python app/src/simulation.py --env <db> --projection-id 502 --seed 17 --months 240
3000000,502,18,240,0.6.0,yes,0,0.00,0.00,0,python app/src/simulation.py --env <db> --projection-id 502 --seed 18 --months 240
3000000,502,19,240,0.6.0,yes,0,0.00,0.00,0,python app/src/simulation.py --env <db> --projection-id 502 --seed 19 --months 240
3000000,502,20,240,0.6.0,yes,0,0.00,0.00,0,python app/src/simulation.py --env <db> --projection-id 502 --seed 20 --months 240
3000000,502,21,240,0.6.0,yes,0,0.00,0.00,0,python app/src/simulation.py --env <db> --projection-id 502 --seed 21 --months 240
3000000,502,22,240,0.6.0,yes,0,0.00,0.00,0,python app/src/simulation.py --env <db> --projection-id 502 --seed 22 --months 240
3000000,502,23,240,0.6.0,yes,0,0.00,0.00,0,python app/src/simulation.py --env <db> --projection-id 502 --seed 23 --months 240
3000000,502,24,240,0.6.0,yes,0,0.00,0.00,0,python app/src/simulation.py --env <db> --projection-id 502 --seed 24 --months 240
3000000,502,25,240,0.6.0,yes,1,110237.06,417704.89,0,python app/src/simulation.py --env <db> --projection-id 502 --seed 25 --months 240
3000000,502,26,240,0.6.0,yes,0,0.00,0.00,0,python app/src/simulation.py --env <db> --projection-id 502 --seed 26 --months 240
3000000,502,27,240,0.6.0,yes,0,0.00,0.00,0,python app/src/simulation.py --env <db> --projection-id 502 --seed 27 --months 240
3000000,502,28,240,0.6.0,yes,0,0.00,0.00,0,python app/src/simulation.py --env <db> --projection-id 502 --seed 28 --months 240
3000000,502,29,240,0.6.0,yes,0,0.00,0.00,0,python app/src/simulation.py --env <db> --projection-id 502 --seed 29 --months 240
3000000,502,30,240,0.6.0,yes,0,0.00,0.00,0,python app/src/simulation.py --env <db> --projection-id 502 --seed 30 --months 240
3000000,502,31,240,0.6.0,yes,0,0.00,0.00,0,python app/src/simulation.py --env <db> --projection-id 502 --seed 31 --months 240
3000000,502,32,240,0.6.0,yes,0,0.00,0.00,0,python app/src/simulation.py --env <db> --projection-id 502 --seed 32 --months 240
3000000,502,33,240,0.6.0,yes,1,65319.86,344914.69,0,python app/src/simulation.py --env <db> --projection-id 502 --seed 33 --months 240
3000000,502,34,240,0.6.0,yes,0,0.00,0.00,0,python app/src/simulation.py --env <db> --projection-id 502 --seed 34 --months 240
3000000,502,35,240,0.6.0,yes,0,0.00,0.00,0,python app/src/simulation.py --env <db> --projection-id 502 --seed 35 --months 240
3000000,502,36,240,0.6.0,yes,0,0.00,0.00,0,python app/src/simulation.py --env <db> --projection-id 502 --seed 36 --months 240
3000000,502,37,240,0.6.0,yes,0,0.00,0.00,0,python app/src/simulation.py --env <db> --projection-id 502 --seed 37 --months 240
3000000,502,38,240,0.6.0,yes,0,4894.36,9592.59,0,python app/src/simulation.py --env <db> --projection-id 502 --seed 38 --months 240
3000000,502,39,240,0.6.0,yes,0,0.00,0.00,0,python app/src/simulation.py --env <db> --projection-id 502 --seed 39 --months 240
3000000,502,40,240,0.6.0,yes,0,0.00,0.00,0,python app/src/simulation.py --env <db> --projection-id 502 --seed 40 --months 240
3000000,502,41,240,0.6.0,yes,0,0.00,0.00,0,python app/src/simulation.py --env <db> --projection-id 502 --seed 41 --months 240
3000000,502,42,240,0.6.0,yes,0,0.00,0.00,0,python app/src/simulation.py --env <db> --projection-id 502 --seed 42 --months 240
3000000,502,43,240,0.6.0,yes,0,3947.51,8641.85,0,python app/src/simulation.py --env <db> --projection-id 502 --seed 43 --months 240
3000000,502,44,240,0.6.0,yes,0,4224.17,5810.19,0,python app/src/simulation.py --env <db> --projection-id 502 --seed 44 --months 240
3000000,502,45,240,0.6.0,yes,0,0.00,0.00,0,python app/src/simulation.py --env <db> --projection-id 502 --seed 45 --months 240
3000000,502,46,240,0.6.0,yes,0,0.00,0.00,0,python app/src/simulation.py --env <db> --projection-id 502 --seed 46 --months 240
3000000,502,47,240,0.6.0,yes,0,0.00,0.00,0,python app/src/simulation.py --env <db> --projection-id 502 --seed 47 --months 240
3000000,502,48,240,0.6.0,yes,0,0.00,0.00,0,python app/src/simulation.py --env <db> --projection-id 502 --seed 48 --months 240
3000000,502,49,240,0.6.0,yes,0,6650.34,7664.25,0,python app/src/simulation.py --env <db> --projection-id 502 --seed 49 --months 240
3000000,502,50,240,0.6.0,yes,0,0.00,0.00,0,python app/src/simulation.py --env <db> --projection-id 502 --seed 50 --months 240
3000000,502,51,240,0.6.0,yes,0,0.00,0.00,0,python app/src/simulation.py --env <db> --projection-id 502 --seed 51 --months 240
3000000,502,52,240,0.6.0,yes,0,8472.17,9190.72,0,python app/src/simulation.py --env <db> --projection-id 502 --seed 52 --months 240
3000000,502,53,240,0.6.0,yes,0,0.00,0.00,0,python app/src/simulation.py --env <db> --projection-id 502 --seed 53 --months 240
3000000,502,54,240,0.6.0,yes,0,6866.73,8738.71,0,python app/src/simulation.py --env <db> --projection-id 502 --seed 54 --months 240
3000000,502,55,240,0.6.0,yes,0,0.00,0.00,0,python app/src/simulation.py --env <db> --projection-id 502 --seed 55 --months 240
3000000,502,56,240,0.6.0,yes,0,0.00,0.00,0,python app/src/simulation.py --env <db> --projection-id 502 --seed 56 --months 240
3000000,502,57,240,0.6.0,yes,0,0.00,0.00,0,python app/src/simulation.py --env <db> --projection-id 502 --seed 57 --months 240
3000000,502,58,240,0.6.0,yes,0,0.00,0.00,0,python app/src/simulation.py --env <db> --projection-id 502 --seed 58 --months 240
3000000,502,59,240,0.6.0,yes,0,0.00,0.00,0,python app/src/simulation.py --env <db> --projection-id 502 --seed 59 --months 240
3000000,502,60,240,0.6.0,yes,0,0.00,0.00,0,python app/src/simulation.py --env <db> --projection-id 502 --seed 60 --months 240
3000000,502,61,240,0.6.0,yes,0,0.00,0.00,0,python app/src/simulation.py --env <db> --projection-id 502 --seed 61 --months 240
3000000,502,62,240,0.6.0,yes,0,0.00,0.00,0,python app/src/simulation.py --env <db> --projection-id 502 --seed 62 --months 240
3000000,502,63,240,0.6.0,yes,0,8201.25,9445.40,0,python app/src/simulation.py --env <db> --projection-id 502 --seed 63 --months 240
3000000,502,64,240,0.6.0,yes,0,0.00,0.00,0,python app/src/simulation.py --env <db> --projection-id 502 --seed 64 --months 240
3000000,502,65,240,0.6.0,yes,0,0.00,0.00,0,python app/src/simulation.py --env <db> --projection-id 502 --seed 65 --months 240
3000000,502,66,240,0.6.0,yes,0,0.00,0.00,0,python app/src/simulation.py --env <db> --projection-id 502 --seed 66 --months 240
3000000,502,67,240,0.6.0,yes,0,9079.13,10890.50,0,python app/src/simulation.py --env <db> --projection-id 502 --seed 67 --months 240
3000000,502,68,240,0.6.0,yes,0,0.00,0.00,0,python app/src/simulation.py --env <db> --projection-id 502 --seed 68 --months 240
3000000,502,69,240,0.6.0,yes,0,0.00,0.00,0,python app/src/simulation.py --env <db> --projection-id 502 --seed 69 --months 240
3000000,502,70,240,0.6.0,yes,0,0.00,0.00,0,python app/src/simulation.py --env <db> --projection-id 502 --seed 70 --months 240
3000000,502,71,240,0.6.0,yes,0,0.00,0.00,0,python app/src/simulation.py --env <db> --projection-id 502 --seed 71 --months 240
3000000,502,72,240,0.6.0,yes,0,0.00,0.00,0,python app/src/simulation.py --env <db> --projection-id 502 --seed 72 --months 240
3000000,502,73,240,0.6.0,yes,0,4711.08,8207.61,0,python app/src/simulation.py --env <db> --projection-id 502 --seed 73 --months 240
3000000,502,74,240,0.6.0,yes,0,0.00,0.00,0,python app/src/simulation.py --env <db> --projection-id 502 --seed 74 --months 240
3000000,502,75,240,0.6.0,yes,0,0.00,0.00,0,python app/src/simulation.py --env <db> --projection-id 502 --seed 75 --months 240
3000000,502,76,240,0.6.0,yes,0,0.00,0.00,0,python app/src/simulation.py --env <db> --projection-id 502 --seed 76 --months 240
3000000,502,77,240,0.6.0,yes,0,4934.78,8791.13,0,python app/src/simulation.py --env <db> --projection-id 502 --seed 77 --months 240
3000000,502,78,240,0.6.0,yes,0,0.00,0.00,0,python app/src/simulation.py --env <db> --projection-id 502 --seed 78 --months 240
3000000,502,79,240,0.6.0,yes,0,0.00,0.00,0,python app/src/simulation.py --env <db> --projection-id 502 --seed 79 --months 240
3000000,502,80,240,0.6.0,yes,0,0.00,0.00,0,python app/src/simulation.py --env <db> --projection-id 502 --seed 80 --months 240
3000000,502,81,240,0.6.0,yes,0,6463.28,9589.95,0,python app/src/simulation.py --env <db> --projection-id 502 --seed 81 --months 240
3000000,502,82,240,0.6.0,yes,0,927.12,10588.64,0,python app/src/simulation.py --env <db> --projection-id 502 --seed 82 --months 240
3000000,502,83,240,0.6.0,yes,0,0.00,0.00,0,python app/src/simulation.py --env <db> --projection-id 502 --seed 83 --months 240
3000000,502,84,240,0.6.0,yes,0,0.00,0.00,0,python app/src/simulation.py --env <db> --projection-id 502 --seed 84 --months 240
3000000,502,85,240,0.6.0,yes,0,0.00,0.00,0,python app/src/simulation.py --env <db> --projection-id 502 --seed 85 --months 240
3000000,502,86,240,0.6.0,yes,1,127143.48,524370.11,0,python app/src/simulation.py --env <db> --projection-id 502 --seed 86 --months 240
3000000,502,87,240,0.6.0,yes,0,0.00,0.00,0,python app/src/simulation.py --env <db> --projection-id 502 --seed 87 --months 240
3000000,502,88,240,0.6.0,yes,0,0.00,0.00,0,python app/src/simulation.py --env <db> --projection-id 502 --seed 88 --months 240
3000000,502,89,240,0.6.0,yes,0,0.00,0.00,0,python app/src/simulation.py --env <db> --projection-id 502 --seed 89 --months 240
3000000,502,90,240,0.6.0,yes,0,0.00,0.00,0,python app/src/simulation.py --env <db> --projection-id 502 --seed 90 --months 240
3000000,502,91,240,0.6.0,yes,0,0.00,0.00,0,python app/src/simulation.py --env <db> --projection-id 502 --seed 91 --months 240
3000000,502,92,240,0.6.0,yes,0,0.00,0.00,0,python app/src/simulation.py --env <db> --projection-id 502 --seed 92 --months 240
3000000,502,93,240,0.6.0,yes,1,121360.81,466147.45,0,python app/src/simulation.py --env <db> --projection-id 502 --seed 93 --months 240
3000000,502,94,240,0.6.0,yes,0,7313.69,7559.11,0,python app/src/simulation.py --env <db> --projection-id 502 --seed 94 --months 240
3000000,502,95,240,0.6.0,yes,0,0.00,0.00,0,python app/src/simulation.py --env <db> --projection-id 502 --seed 95 --months 240
3000000,502,96,240,0.6.0,yes,1,520620.61,945582.01,0,python app/src/simulation.py --env <db> --projection-id 502 --seed 96 --months 240
3000000,502,97,240,0.6.0,yes,0,0.00,0.00,0,python app/src/simulation.py --env <db> --projection-id 502 --seed 97 --months 240
3000000,502,98,240,0.6.0,yes,0,7824.52,10588.04,0,python app/src/simulation.py --env <db> --projection-id 502 --seed 98 --months 240
3000000,502,99,240,0.6.0,yes,0,8297.02,8436.24,0,python app/src/simulation.py --env <db> --projection-id 502 --seed 99 --months 240
3000000,502,100,240,0.6.0,yes,0,0.00,0.00,0,python app/src/simulation.py --env <db> --projection-id 502 --seed 100 --months 240
3000000,502,101,240,0.6.0,yes,0,0.00,0.00,0,python app/src/simulation.py --env <db> --projection-id 502 --seed 101 --months 240
3000000,502,102,240,0.6.0,yes,0,6089.45,8601.34,0,python app/src/simulation.py --env <db> --projection-id 502 --seed 102 --months 240
3000000,502,103,240,0.6.0,yes,0,0.00,0.00,0,python app/src/simulation.py --env <db> --projection-id 502 --seed 103 --months 240
3000000,502,104,240,0.6.0,yes,0,0.00,0.00,0,python app/src/simulation.py --env <db> --projection-id 502 --seed 104 --months 240
3000000,502,105,240,0.6.0,yes,0,0.00,0.00,0,python app/src/simulation.py --env <db> --projection-id 502 --seed 105 --months 240
3000000,502,106,240,0.6.0,yes,0,0.00,0.00,0,python app/src/simulation.py --env <db> --projection-id 502 --seed 106 --months 240
3000000,502,107,240,0.6.0,yes,0,0.00,0.00,0,python app/src/simulation.py --env <db> --projection-id 502 --seed 107 --months 240
3000000,502,108,240,0.6.0,yes,0,0.00,0.00,0,python app/src/simulation.py --env <db> --projection-id 502 --seed 108 --months 240
3000000,502,109,240,0.6.0,yes,0,0.00,0.00,0,python app/src/simulation.py --env <db> --projection-id 502 --seed 109 --months 240
3000000,502,110,240,0.6.0,yes,0,0.00,0.00,0,python app/src/simulation.py --env <db> --projection-id 502 --seed 110 --months 240
3000000,502,111,240,0.6.0,yes,1,79169.18,157770.58,0,python app/src/simulation.py --env <db> --projection-id 502 --seed 111 --months 240
3000000,502,112,240,0.6.0,yes,0,0.00,0.00,0,python app/src/simulation.py --env <db> --projection-id 502 --seed 112 --months 240
3000000,502,113,240,0.6.0,yes,0,0.00,0.00,0,python app/src/simulation.py --env <db> --projection-id 502 --seed 113 --months 240
3000000,502,114,240,0.6.0,yes,0,0.00,0.00,0,python app/src/simulation.py --env <db> --projection-id 502 --seed 114 --months 240
3000000,502,115,240,0.6.0,yes,0,0.00,0.00,0,python app/src/simulation.py --env <db> --projection-id 502 --seed 115 --months 240
3000000,502,116,240,0.6.0,yes,0,0.00,0.00,0,python app/src/simulation.py --env <db> --projection-id 502 --seed 116 --months 240
3000000,502,117,240,0.6.0,yes,0,0.00,0.00,0,python app/src/simulation.py --env <db> --projection-id 502 --seed 117 --months 240
3000000,502,118,240,0.6.0,yes,0,0.00,0.00,0,python app/src/simulation.py --env <db> --projection-id 502 --seed 118 --months 240
3000000,502,119,240,0.6.0,yes,0,0.00,0.00,0,python app/src/simulation.py --env <db> --projection-id 502 --seed 119 --months 240
3000000,502,120,240,0.6.0,yes,0,0.00,0.00,0,python app/src/simulation.py --env <db> --projection-id 502 --seed 120 --months 240
3000000,502,121,240,0.6.0,yes,0,6806.69,7233.33,0,python app/src/simulation.py --env <db> --projection-id 502 --seed 121 --months 240
3000000,502,122,240,0.6.0,yes,0,0.00,0.00,0,python app/src/simulation.py --env <db> --projection-id 502 --seed 122 --months 240
3000000,502,123,240,0.6.0,yes,1,168276.41,514261.73,0,python app/src/simulation.py --env <db> --projection-id 502 --seed 123 --months 240
3000000,502,124,240,0.6.0,yes,0,0.00,0.00,0,python app/src/simulation.py --env <db> --projection-id 502 --seed 124 --months 240
3000000,502,125,240,0.6.0,yes,0,0.00,0.00,0,python app/src/simulation.py --env <db> --projection-id 502 --seed 125 --months 240
3000000,502,126,240,0.6.0,yes,0,0.00,0.00,0,python app/src/simulation.py --env <db> --projection-id 502 --seed 126 --months 240
3000000,502,127,240,0.6.0,yes,0,0.00,0.00,0,python app/src/simulation.py --env <db> --projection-id 502 --seed 127 --months 240
3000000,502,128,240,0.6.0,yes,0,0.00,0.00,0,python app/src/simulation.py --env <db> --projection-id 502 --seed 128 --months 240
3000000,502,129,240,0.6.0,yes,0,0.00,0.00,0,python app/src/simulation.py --env <db> --projection-id 502 --seed 129 --months 240
3000000,502,130,240,0.6.0,yes,0,0.00,0.00,0,python app/src/simulation.py --env <db> --projection-id 502 --seed 130 --months 240
3000000,502,131,240,0.6.0,yes,0,0.00,0.00,0,python app/src/simulation.py --env <db> --projection-id 502 --seed 131 --months 240
3000000,502,132,240,0.6.0,yes,0,0.00,0.00,0,python app/src/simulation.py --env <db> --projection-id 502 --seed 132 --months 240
3000000,502,133,240,0.6.0,yes,0,0.00,0.00,0,python app/src/simulation.py --env <db> --projection-id 502 --seed 133 --months 240
3000000,502,134,240,0.6.0,yes,0,0.00,0.00,0,python app/src/simulation.py --env <db> --projection-id 502 --seed 134 --months 240
3000000,502,135,240,0.6.0,yes,0,0.00,0.00,0,python app/src/simulation.py --env <db> --projection-id 502 --seed 135 --months 240
3000000,502,136,240,0.6.0,yes,0,0.00,0.00,0,python app/src/simulation.py --env <db> --projection-id 502 --seed 136 --months 240
3000000,502,137,240,0.6.0,yes,0,0.00,0.00,0,python app/src/simulation.py --env <db> --projection-id 502 --seed 137 --months 240
3000000,502,138,240,0.6.0,yes,0,7059.37,10997.74,0,python app/src/simulation.py --env <db> --projection-id 502 --seed 138 --months 240
3000000,502,139,240,0.6.0,yes,0,2830.93,8660.24,0,python app/src/simulation.py --env <db> --projection-id 502 --seed 139 --months 240
3000000,502,140,240,0.6.0,yes,0,0.00,0.00,0,python app/src/simulation.py --env <db> --projection-id 502 --seed 140 --months 240
3000000,502,141,240,0.6.0,yes,0,0.00,0.00,0,python app/src/simulation.py --env <db> --projection-id 502 --seed 141 --months 240
3000000,502,142,240,0.6.0,yes,0,0.00,0.00,0,python app/src/simulation.py --env <db> --projection-id 502 --seed 142 --months 240
3000000,502,143,240,0.6.0,yes,0,0.00,0.00,0,python app/src/simulation.py --env <db> --projection-id 502 --seed 143 --months 240
3000000,502,144,240,0.6.0,yes,0,7088.87,9524.93,0,python app/src/simulation.py --env <db> --projection-id 502 --seed 144 --months 240
3000000,502,145,240,0.6.0,yes,0,0.00,0.00,0,python app/src/simulation.py --env <db> --projection-id 502 --seed 145 --months 240
3000000,502,146,240,0.6.0,yes,0,0.00,0.00,0,python app/src/simulation.py --env <db> --projection-id 502 --seed 146 --months 240
3000000,502,147,240,0.6.0,yes,0,7983.10,9292.69,0,python app/src/simulation.py --env <db> --projection-id 502 --seed 147 --months 240
3000000,502,148,240,0.6.0,yes,0,0.00,0.00,0,python app/src/simulation.py --env <db> --projection-id 502 --seed 148 --months 240
3000000,502,149,240,0.6.0,yes,0,0.00,0.00,0,python app/src/simulation.py --env <db> --projection-id 502 --seed 149 --months 240
3000000,502,150,240,0.6.0,yes,0,0.00,0.00,0,python app/src/simulation.py --env <db> --projection-id 502 --seed 150 --months 240
3500000,503,1,240,0.6.0,yes,0,0.00,0.00,0,python app/src/simulation.py --env <db> --projection-id 503 --seed 1 --months 240
3500000,503,2,240,0.6.0,yes,0,0.00,0.00,0,python app/src/simulation.py --env <db> --projection-id 503 --seed 2 --months 240
3500000,503,3,240,0.6.0,yes,0,0.00,0.00,0,python app/src/simulation.py --env <db> --projection-id 503 --seed 3 --months 240
3500000,503,4,240,0.6.0,yes,0,0.00,0.00,0,python app/src/simulation.py --env <db> --projection-id 503 --seed 4 --months 240
3500000,503,5,240,0.6.0,yes,0,0.00,0.00,0,python app/src/simulation.py --env <db> --projection-id 503 --seed 5 --months 240
3500000,503,6,240,0.6.0,yes,0,0.00,0.00,0,python app/src/simulation.py --env <db> --projection-id 503 --seed 6 --months 240
3500000,503,7,240,0.6.0,yes,1,34112.75,118831.37,0,python app/src/simulation.py --env <db> --projection-id 503 --seed 7 --months 240
3500000,503,8,240,0.6.0,yes,1,143557.30,418769.16,0,python app/src/simulation.py --env <db> --projection-id 503 --seed 8 --months 240
3500000,503,9,240,0.6.0,yes,0,0.00,0.00,0,python app/src/simulation.py --env <db> --projection-id 503 --seed 9 --months 240
3500000,503,10,240,0.6.0,yes,0,0.00,0.00,0,python app/src/simulation.py --env <db> --projection-id 503 --seed 10 --months 240
3500000,503,11,240,0.6.0,yes,1,339057.10,699224.86,0,python app/src/simulation.py --env <db> --projection-id 503 --seed 11 --months 240
3500000,503,12,240,0.6.0,yes,0,0.00,0.00,0,python app/src/simulation.py --env <db> --projection-id 503 --seed 12 --months 240
3500000,503,13,240,0.6.0,yes,1,44452.25,230754.69,0,python app/src/simulation.py --env <db> --projection-id 503 --seed 13 --months 240
3500000,503,14,240,0.6.0,yes,0,0.00,0.00,0,python app/src/simulation.py --env <db> --projection-id 503 --seed 14 --months 240
3500000,503,15,240,0.6.0,yes,0,0.00,0.00,0,python app/src/simulation.py --env <db> --projection-id 503 --seed 15 --months 240
3500000,503,16,240,0.6.0,yes,0,0.00,0.00,0,python app/src/simulation.py --env <db> --projection-id 503 --seed 16 --months 240
3500000,503,17,240,0.6.0,yes,0,0.00,0.00,0,python app/src/simulation.py --env <db> --projection-id 503 --seed 17 --months 240
3500000,503,18,240,0.6.0,yes,0,0.00,0.00,0,python app/src/simulation.py --env <db> --projection-id 503 --seed 18 --months 240
3500000,503,19,240,0.6.0,yes,0,0.00,0.00,0,python app/src/simulation.py --env <db> --projection-id 503 --seed 19 --months 240
3500000,503,20,240,0.6.0,yes,0,0.00,0.00,0,python app/src/simulation.py --env <db> --projection-id 503 --seed 20 --months 240
3500000,503,21,240,0.6.0,yes,0,0.00,0.00,0,python app/src/simulation.py --env <db> --projection-id 503 --seed 21 --months 240
3500000,503,22,240,0.6.0,yes,0,0.00,0.00,0,python app/src/simulation.py --env <db> --projection-id 503 --seed 22 --months 240
3500000,503,23,240,0.6.0,yes,0,0.00,0.00,0,python app/src/simulation.py --env <db> --projection-id 503 --seed 23 --months 240
3500000,503,24,240,0.6.0,yes,1,93012.93,558647.37,0,python app/src/simulation.py --env <db> --projection-id 503 --seed 24 --months 240
3500000,503,25,240,0.6.0,yes,1,703160.06,1190867.78,0,python app/src/simulation.py --env <db> --projection-id 503 --seed 25 --months 240
3500000,503,26,240,0.6.0,yes,0,0.00,0.00,0,python app/src/simulation.py --env <db> --projection-id 503 --seed 26 --months 240
3500000,503,27,240,0.6.0,yes,0,0.00,0.00,0,python app/src/simulation.py --env <db> --projection-id 503 --seed 27 --months 240
3500000,503,28,240,0.6.0,yes,0,5114.87,10147.01,0,python app/src/simulation.py --env <db> --projection-id 503 --seed 28 --months 240
3500000,503,29,240,0.6.0,yes,0,0.00,0.00,0,python app/src/simulation.py --env <db> --projection-id 503 --seed 29 --months 240
3500000,503,30,240,0.6.0,yes,0,8091.85,8182.73,0,python app/src/simulation.py --env <db> --projection-id 503 --seed 30 --months 240
3500000,503,31,240,0.6.0,yes,0,0.00,0.00,0,python app/src/simulation.py --env <db> --projection-id 503 --seed 31 --months 240
3500000,503,32,240,0.6.0,yes,1,37691.43,296399.36,0,python app/src/simulation.py --env <db> --projection-id 503 --seed 32 --months 240
3500000,503,33,240,0.6.0,yes,1,118253.49,506257.65,0,python app/src/simulation.py --env <db> --projection-id 503 --seed 33 --months 240
3500000,503,34,240,0.6.0,yes,0,0.00,0.00,0,python app/src/simulation.py --env <db> --projection-id 503 --seed 34 --months 240
3500000,503,35,240,0.6.0,yes,0,0.00,0.00,0,python app/src/simulation.py --env <db> --projection-id 503 --seed 35 --months 240
3500000,503,36,240,0.6.0,yes,0,0.00,0.00,0,python app/src/simulation.py --env <db> --projection-id 503 --seed 36 --months 240
3500000,503,37,240,0.6.0,yes,1,34501.53,277607.32,0,python app/src/simulation.py --env <db> --projection-id 503 --seed 37 --months 240
3500000,503,38,240,0.6.0,yes,0,0.00,0.00,0,python app/src/simulation.py --env <db> --projection-id 503 --seed 38 --months 240
3500000,503,39,240,0.6.0,yes,1,107125.17,272683.78,0,python app/src/simulation.py --env <db> --projection-id 503 --seed 39 --months 240
3500000,503,40,240,0.6.0,yes,0,0.00,0.00,0,python app/src/simulation.py --env <db> --projection-id 503 --seed 40 --months 240
3500000,503,41,240,0.6.0,yes,0,0.00,0.00,0,python app/src/simulation.py --env <db> --projection-id 503 --seed 41 --months 240
3500000,503,42,240,0.6.0,yes,0,0.00,0.00,0,python app/src/simulation.py --env <db> --projection-id 503 --seed 42 --months 240
3500000,503,43,240,0.6.0,yes,0,7779.17,9021.55,0,python app/src/simulation.py --env <db> --projection-id 503 --seed 43 --months 240
3500000,503,44,240,0.6.0,yes,0,6532.47,10821.42,0,python app/src/simulation.py --env <db> --projection-id 503 --seed 44 --months 240
3500000,503,45,240,0.6.0,yes,0,4400.59,6734.65,0,python app/src/simulation.py --env <db> --projection-id 503 --seed 45 --months 240
3500000,503,46,240,0.6.0,yes,0,0.00,0.00,0,python app/src/simulation.py --env <db> --projection-id 503 --seed 46 --months 240
3500000,503,47,240,0.6.0,yes,1,80024.03,372743.90,0,python app/src/simulation.py --env <db> --projection-id 503 --seed 47 --months 240
3500000,503,48,240,0.6.0,yes,1,82202.64,150031.14,0,python app/src/simulation.py --env <db> --projection-id 503 --seed 48 --months 240
3500000,503,49,240,0.6.0,yes,0,0.00,0.00,0,python app/src/simulation.py --env <db> --projection-id 503 --seed 49 --months 240
3500000,503,50,240,0.6.0,yes,0,0.00,0.00,0,python app/src/simulation.py --env <db> --projection-id 503 --seed 50 --months 240
3500000,503,51,240,0.6.0,yes,0,0.00,0.00,0,python app/src/simulation.py --env <db> --projection-id 503 --seed 51 --months 240
3500000,503,52,240,0.6.0,yes,1,55077.91,137096.69,0,python app/src/simulation.py --env <db> --projection-id 503 --seed 52 --months 240
3500000,503,53,240,0.6.0,yes,0,0.00,0.00,0,python app/src/simulation.py --env <db> --projection-id 503 --seed 53 --months 240
3500000,503,54,240,0.6.0,yes,1,73691.48,368429.57,0,python app/src/simulation.py --env <db> --projection-id 503 --seed 54 --months 240
3500000,503,55,240,0.6.0,yes,0,5518.57,11713.48,0,python app/src/simulation.py --env <db> --projection-id 503 --seed 55 --months 240
3500000,503,56,240,0.6.0,yes,0,0.00,0.00,0,python app/src/simulation.py --env <db> --projection-id 503 --seed 56 --months 240
3500000,503,57,240,0.6.0,yes,0,0.00,0.00,0,python app/src/simulation.py --env <db> --projection-id 503 --seed 57 --months 240
3500000,503,58,240,0.6.0,yes,0,0.00,0.00,0,python app/src/simulation.py --env <db> --projection-id 503 --seed 58 --months 240
3500000,503,59,240,0.6.0,yes,0,0.00,0.00,0,python app/src/simulation.py --env <db> --projection-id 503 --seed 59 --months 240
3500000,503,60,240,0.6.0,yes,0,0.00,0.00,0,python app/src/simulation.py --env <db> --projection-id 503 --seed 60 --months 240
3500000,503,61,240,0.6.0,yes,0,0.00,0.00,0,python app/src/simulation.py --env <db> --projection-id 503 --seed 61 --months 240
3500000,503,62,240,0.6.0,yes,0,0.00,0.00,0,python app/src/simulation.py --env <db> --projection-id 503 --seed 62 --months 240
3500000,503,63,240,0.6.0,yes,0,8357.68,11134.34,0,python app/src/simulation.py --env <db> --projection-id 503 --seed 63 --months 240
3500000,503,64,240,0.6.0,yes,0,0.00,0.00,0,python app/src/simulation.py --env <db> --projection-id 503 --seed 64 --months 240
3500000,503,65,240,0.6.0,yes,0,0.00,0.00,0,python app/src/simulation.py --env <db> --projection-id 503 --seed 65 --months 240
3500000,503,66,240,0.6.0,yes,1,26131.43,242121.43,0,python app/src/simulation.py --env <db> --projection-id 503 --seed 66 --months 240
3500000,503,67,240,0.6.0,yes,0,0.00,0.00,0,python app/src/simulation.py --env <db> --projection-id 503 --seed 67 --months 240
3500000,503,68,240,0.6.0,yes,0,0.00,0.00,0,python app/src/simulation.py --env <db> --projection-id 503 --seed 68 --months 240
3500000,503,69,240,0.6.0,yes,0,0.00,0.00,0,python app/src/simulation.py --env <db> --projection-id 503 --seed 69 --months 240
3500000,503,70,240,0.6.0,yes,1,278645.56,681505.12,0,python app/src/simulation.py --env <db> --projection-id 503 --seed 70 --months 240
3500000,503,71,240,0.6.0,yes,0,0.00,0.00,0,python app/src/simulation.py --env <db> --projection-id 503 --seed 71 --months 240
3500000,503,72,240,0.6.0,yes,0,0.00,0.00,0,python app/src/simulation.py --env <db> --projection-id 503 --seed 72 --months 240
3500000,503,73,240,0.6.0,yes,0,0.00,0.00,0,python app/src/simulation.py --env <db> --projection-id 503 --seed 73 --months 240
3500000,503,74,240,0.6.0,yes,0,0.00,0.00,0,python app/src/simulation.py --env <db> --projection-id 503 --seed 74 --months 240
3500000,503,75,240,0.6.0,yes,0,0.00,0.00,0,python app/src/simulation.py --env <db> --projection-id 503 --seed 75 --months 240
3500000,503,76,240,0.6.0,yes,0,0.00,0.00,0,python app/src/simulation.py --env <db> --projection-id 503 --seed 76 --months 240
3500000,503,77,240,0.6.0,yes,0,0.00,0.00,0,python app/src/simulation.py --env <db> --projection-id 503 --seed 77 --months 240
3500000,503,78,240,0.6.0,yes,0,0.00,0.00,0,python app/src/simulation.py --env <db> --projection-id 503 --seed 78 --months 240
3500000,503,79,240,0.6.0,yes,1,71581.34,284005.92,0,python app/src/simulation.py --env <db> --projection-id 503 --seed 79 --months 240
3500000,503,80,240,0.6.0,yes,0,0.00,0.00,0,python app/src/simulation.py --env <db> --projection-id 503 --seed 80 --months 240
3500000,503,81,240,0.6.0,yes,0,0.00,0.00,0,python app/src/simulation.py --env <db> --projection-id 503 --seed 81 --months 240
3500000,503,82,240,0.6.0,yes,0,0.00,0.00,0,python app/src/simulation.py --env <db> --projection-id 503 --seed 82 --months 240
3500000,503,83,240,0.6.0,yes,0,0.00,0.00,0,python app/src/simulation.py --env <db> --projection-id 503 --seed 83 --months 240
3500000,503,84,240,0.6.0,yes,0,0.00,0.00,0,python app/src/simulation.py --env <db> --projection-id 503 --seed 84 --months 240
3500000,503,85,240,0.6.0,yes,0,0.00,0.00,0,python app/src/simulation.py --env <db> --projection-id 503 --seed 85 --months 240
3500000,503,86,240,0.6.0,yes,1,583059.67,1043308.39,0,python app/src/simulation.py --env <db> --projection-id 503 --seed 86 --months 240
3500000,503,87,240,0.6.0,yes,0,0.00,0.00,0,python app/src/simulation.py --env <db> --projection-id 503 --seed 87 --months 240
3500000,503,88,240,0.6.0,yes,0,0.00,0.00,0,python app/src/simulation.py --env <db> --projection-id 503 --seed 88 --months 240
3500000,503,89,240,0.6.0,yes,1,30540.30,150376.21,0,python app/src/simulation.py --env <db> --projection-id 503 --seed 89 --months 240
3500000,503,90,240,0.6.0,yes,0,0.00,0.00,0,python app/src/simulation.py --env <db> --projection-id 503 --seed 90 --months 240
3500000,503,91,240,0.6.0,yes,0,0.00,0.00,0,python app/src/simulation.py --env <db> --projection-id 503 --seed 91 --months 240
3500000,503,92,240,0.6.0,yes,0,0.00,0.00,0,python app/src/simulation.py --env <db> --projection-id 503 --seed 92 --months 240
3500000,503,93,240,0.6.0,yes,1,423062.23,839128.39,0,python app/src/simulation.py --env <db> --projection-id 503 --seed 93 --months 240
3500000,503,94,240,0.6.0,yes,0,0.00,0.00,0,python app/src/simulation.py --env <db> --projection-id 503 --seed 94 --months 240
3500000,503,95,240,0.6.0,yes,0,0.00,0.00,0,python app/src/simulation.py --env <db> --projection-id 503 --seed 95 --months 240
3500000,503,96,240,0.6.0,yes,1,464837.83,919042.27,0,python app/src/simulation.py --env <db> --projection-id 503 --seed 96 --months 240
3500000,503,97,240,0.6.0,yes,0,0.00,0.00,0,python app/src/simulation.py --env <db> --projection-id 503 --seed 97 --months 240
3500000,503,98,240,0.6.0,yes,0,0.00,0.00,0,python app/src/simulation.py --env <db> --projection-id 503 --seed 98 --months 240
3500000,503,99,240,0.6.0,yes,0,0.00,0.00,0,python app/src/simulation.py --env <db> --projection-id 503 --seed 99 --months 240
3500000,503,100,240,0.6.0,yes,0,4516.65,7463.36,0,python app/src/simulation.py --env <db> --projection-id 503 --seed 100 --months 240
3500000,503,101,240,0.6.0,yes,1,54622.07,168144.29,0,python app/src/simulation.py --env <db> --projection-id 503 --seed 101 --months 240
3500000,503,102,240,0.6.0,yes,0,0.00,0.00,0,python app/src/simulation.py --env <db> --projection-id 503 --seed 102 --months 240
3500000,503,103,240,0.6.0,yes,1,39697.21,111925.90,0,python app/src/simulation.py --env <db> --projection-id 503 --seed 103 --months 240
3500000,503,104,240,0.6.0,yes,1,31578.00,76620.54,0,python app/src/simulation.py --env <db> --projection-id 503 --seed 104 --months 240
3500000,503,105,240,0.6.0,yes,1,31090.96,66256.08,0,python app/src/simulation.py --env <db> --projection-id 503 --seed 105 --months 240
3500000,503,106,240,0.6.0,yes,0,0.00,0.00,0,python app/src/simulation.py --env <db> --projection-id 503 --seed 106 --months 240
3500000,503,107,240,0.6.0,yes,0,0.00,0.00,0,python app/src/simulation.py --env <db> --projection-id 503 --seed 107 --months 240
3500000,503,108,240,0.6.0,yes,0,0.00,0.00,0,python app/src/simulation.py --env <db> --projection-id 503 --seed 108 --months 240
3500000,503,109,240,0.6.0,yes,0,0.00,0.00,0,python app/src/simulation.py --env <db> --projection-id 503 --seed 109 --months 240
3500000,503,110,240,0.6.0,yes,1,155265.48,199792.48,0,python app/src/simulation.py --env <db> --projection-id 503 --seed 110 --months 240
3500000,503,111,240,0.6.0,yes,1,48041.34,301019.33,0,python app/src/simulation.py --env <db> --projection-id 503 --seed 111 --months 240
3500000,503,112,240,0.6.0,yes,0,0.00,0.00,0,python app/src/simulation.py --env <db> --projection-id 503 --seed 112 --months 240
3500000,503,113,240,0.6.0,yes,0,0.00,0.00,0,python app/src/simulation.py --env <db> --projection-id 503 --seed 113 --months 240
3500000,503,114,240,0.6.0,yes,0,0.00,0.00,0,python app/src/simulation.py --env <db> --projection-id 503 --seed 114 --months 240
3500000,503,115,240,0.6.0,yes,0,0.00,0.00,0,python app/src/simulation.py --env <db> --projection-id 503 --seed 115 --months 240
3500000,503,116,240,0.6.0,yes,0,0.00,0.00,0,python app/src/simulation.py --env <db> --projection-id 503 --seed 116 --months 240
3500000,503,117,240,0.6.0,yes,0,0.00,0.00,0,python app/src/simulation.py --env <db> --projection-id 503 --seed 117 --months 240
3500000,503,118,240,0.6.0,yes,0,0.00,0.00,0,python app/src/simulation.py --env <db> --projection-id 503 --seed 118 --months 240
3500000,503,119,240,0.6.0,yes,0,9314.29,11839.00,0,python app/src/simulation.py --env <db> --projection-id 503 --seed 119 --months 240
3500000,503,120,240,0.6.0,yes,0,0.00,0.00,0,python app/src/simulation.py --env <db> --projection-id 503 --seed 120 --months 240
3500000,503,121,240,0.6.0,yes,0,0.00,0.00,0,python app/src/simulation.py --env <db> --projection-id 503 --seed 121 --months 240
3500000,503,122,240,0.6.0,yes,0,0.00,0.00,0,python app/src/simulation.py --env <db> --projection-id 503 --seed 122 --months 240
3500000,503,123,240,0.6.0,yes,1,236811.29,634310.69,0,python app/src/simulation.py --env <db> --projection-id 503 --seed 123 --months 240
3500000,503,124,240,0.6.0,yes,0,0.00,0.00,0,python app/src/simulation.py --env <db> --projection-id 503 --seed 124 --months 240
3500000,503,125,240,0.6.0,yes,0,0.00,0.00,0,python app/src/simulation.py --env <db> --projection-id 503 --seed 125 --months 240
3500000,503,126,240,0.6.0,yes,0,0.00,0.00,0,python app/src/simulation.py --env <db> --projection-id 503 --seed 126 --months 240
3500000,503,127,240,0.6.0,yes,0,0.00,0.00,0,python app/src/simulation.py --env <db> --projection-id 503 --seed 127 --months 240
3500000,503,128,240,0.6.0,yes,1,88309.20,437475.48,0,python app/src/simulation.py --env <db> --projection-id 503 --seed 128 --months 240
3500000,503,129,240,0.6.0,yes,1,146240.97,383592.98,0,python app/src/simulation.py --env <db> --projection-id 503 --seed 129 --months 240
3500000,503,130,240,0.6.0,yes,0,0.00,0.00,0,python app/src/simulation.py --env <db> --projection-id 503 --seed 130 --months 240
3500000,503,131,240,0.6.0,yes,0,0.00,0.00,0,python app/src/simulation.py --env <db> --projection-id 503 --seed 131 --months 240
3500000,503,132,240,0.6.0,yes,1,141931.35,358469.30,0,python app/src/simulation.py --env <db> --projection-id 503 --seed 132 --months 240
3500000,503,133,240,0.6.0,yes,0,0.00,0.00,0,python app/src/simulation.py --env <db> --projection-id 503 --seed 133 --months 240
3500000,503,134,240,0.6.0,yes,0,0.00,0.00,0,python app/src/simulation.py --env <db> --projection-id 503 --seed 134 --months 240
3500000,503,135,240,0.6.0,yes,0,0.00,0.00,0,python app/src/simulation.py --env <db> --projection-id 503 --seed 135 --months 240
3500000,503,136,240,0.6.0,yes,0,0.00,0.00,0,python app/src/simulation.py --env <db> --projection-id 503 --seed 136 --months 240
3500000,503,137,240,0.6.0,yes,0,0.00,0.00,0,python app/src/simulation.py --env <db> --projection-id 503 --seed 137 --months 240
3500000,503,138,240,0.6.0,yes,0,0.00,0.00,0,python app/src/simulation.py --env <db> --projection-id 503 --seed 138 --months 240
3500000,503,139,240,0.6.0,yes,0,0.00,0.00,0,python app/src/simulation.py --env <db> --projection-id 503 --seed 139 --months 240
3500000,503,140,240,0.6.0,yes,0,0.00,0.00,0,python app/src/simulation.py --env <db> --projection-id 503 --seed 140 --months 240
3500000,503,141,240,0.6.0,yes,1,95809.92,154568.94,0,python app/src/simulation.py --env <db> --projection-id 503 --seed 141 --months 240
3500000,503,142,240,0.6.0,yes,0,0.00,0.00,0,python app/src/simulation.py --env <db> --projection-id 503 --seed 142 --months 240
3500000,503,143,240,0.6.0,yes,0,0.00,0.00,0,python app/src/simulation.py --env <db> --projection-id 503 --seed 143 --months 240
3500000,503,144,240,0.6.0,yes,0,0.00,0.00,0,python app/src/simulation.py --env <db> --projection-id 503 --seed 144 --months 240
3500000,503,145,240,0.6.0,yes,0,0.00,0.00,0,python app/src/simulation.py --env <db> --projection-id 503 --seed 145 --months 240
3500000,503,146,240,0.6.0,yes,0,0.00,0.00,0,python app/src/simulation.py --env <db> --projection-id 503 --seed 146 --months 240
3500000,503,147,240,0.6.0,yes,0,7787.59,7838.53,0,python app/src/simulation.py --env <db> --projection-id 503 --seed 147 --months 240
3500000,503,148,240,0.6.0,yes,0,0.00,0.00,0,python app/src/simulation.py --env <db> --projection-id 503 --seed 148 --months 240
3500000,503,149,240,0.6.0,yes,0,0.00,0.00,0,python app/src/simulation.py --env <db> --projection-id 503 --seed 149 --months 240
3500000,503,150,240,0.6.0,yes,0,0.00,0.00,0,python app/src/simulation.py --env <db> --projection-id 503 --seed 150 --months 240
4000000,504,1,240,0.6.0,yes,0,0.00,0.00,0,python app/src/simulation.py --env <db> --projection-id 504 --seed 1 --months 240
4000000,504,2,240,0.6.0,yes,1,148181.69,590440.49,0,python app/src/simulation.py --env <db> --projection-id 504 --seed 2 --months 240
4000000,504,3,240,0.6.0,yes,0,0.00,0.00,0,python app/src/simulation.py --env <db> --projection-id 504 --seed 3 --months 240
4000000,504,4,240,0.6.0,yes,0,0.00,0.00,0,python app/src/simulation.py --env <db> --projection-id 504 --seed 4 --months 240
4000000,504,5,240,0.6.0,yes,0,9619.52,9705.77,0,python app/src/simulation.py --env <db> --projection-id 504 --seed 5 --months 240
4000000,504,6,240,0.6.0,yes,1,39573.30,108045.71,0,python app/src/simulation.py --env <db> --projection-id 504 --seed 6 --months 240
4000000,504,7,240,0.6.0,yes,1,465868.48,961047.88,0,python app/src/simulation.py --env <db> --projection-id 504 --seed 7 --months 240
4000000,504,8,240,0.6.0,yes,1,435591.85,880193.05,0,python app/src/simulation.py --env <db> --projection-id 504 --seed 8 --months 240
4000000,504,9,240,0.6.0,yes,1,180184.93,581543.77,0,python app/src/simulation.py --env <db> --projection-id 504 --seed 9 --months 240
4000000,504,10,240,0.6.0,yes,0,0.00,0.00,0,python app/src/simulation.py --env <db> --projection-id 504 --seed 10 --months 240
4000000,504,11,240,0.6.0,yes,1,925565.78,1346156.06,0,python app/src/simulation.py --env <db> --projection-id 504 --seed 11 --months 240
4000000,504,12,240,0.6.0,yes,1,172668.83,346621.01,0,python app/src/simulation.py --env <db> --projection-id 504 --seed 12 --months 240
4000000,504,13,240,0.6.0,yes,1,467714.44,926788.00,0,python app/src/simulation.py --env <db> --projection-id 504 --seed 13 --months 240
4000000,504,14,240,0.6.0,yes,0,0.00,0.00,0,python app/src/simulation.py --env <db> --projection-id 504 --seed 14 --months 240
4000000,504,15,240,0.6.0,yes,0,0.00,0.00,0,python app/src/simulation.py --env <db> --projection-id 504 --seed 15 --months 240
4000000,504,16,240,0.6.0,yes,1,345751.41,809832.93,0,python app/src/simulation.py --env <db> --projection-id 504 --seed 16 --months 240
4000000,504,17,240,0.6.0,yes,0,0.00,0.00,0,python app/src/simulation.py --env <db> --projection-id 504 --seed 17 --months 240
4000000,504,18,240,0.6.0,yes,1,340854.85,785573.65,0,python app/src/simulation.py --env <db> --projection-id 504 --seed 18 --months 240
4000000,504,19,240,0.6.0,yes,0,0.00,0.00,0,python app/src/simulation.py --env <db> --projection-id 504 --seed 19 --months 240
4000000,504,20,240,0.6.0,yes,0,0.00,0.00,0,python app/src/simulation.py --env <db> --projection-id 504 --seed 20 --months 240
4000000,504,21,240,0.6.0,yes,1,79534.62,118144.30,0,python app/src/simulation.py --env <db> --projection-id 504 --seed 21 --months 240
4000000,504,22,240,0.6.0,yes,0,0.00,0.00,0,python app/src/simulation.py --env <db> --projection-id 504 --seed 22 --months 240
4000000,504,23,240,0.6.0,yes,1,798495.19,1246618.63,0,python app/src/simulation.py --env <db> --projection-id 504 --seed 23 --months 240
4000000,504,24,240,0.6.0,yes,1,160095.20,469584.68,0,python app/src/simulation.py --env <db> --projection-id 504 --seed 24 --months 240
4000000,504,25,240,0.6.0,yes,1,646282.49,1233658.37,0,python app/src/simulation.py --env <db> --projection-id 504 --seed 25 --months 240
4000000,504,26,240,0.6.0,yes,1,32740.57,119228.61,0,python app/src/simulation.py --env <db> --projection-id 504 --seed 26 --months 240
4000000,504,27,240,0.6.0,yes,0,0.00,0.00,0,python app/src/simulation.py --env <db> --projection-id 504 --seed 27 --months 240
4000000,504,28,240,0.6.0,yes,0,0.00,0.00,0,python app/src/simulation.py --env <db> --projection-id 504 --seed 28 --months 240
4000000,504,29,240,0.6.0,yes,0,0.00,0.00,0,python app/src/simulation.py --env <db> --projection-id 504 --seed 29 --months 240
4000000,504,30,240,0.6.0,yes,0,0.00,0.00,0,python app/src/simulation.py --env <db> --projection-id 504 --seed 30 --months 240
4000000,504,31,240,0.6.0,yes,0,0.00,0.00,0,python app/src/simulation.py --env <db> --projection-id 504 --seed 31 --months 240
4000000,504,32,240,0.6.0,yes,1,433569.39,872177.67,0,python app/src/simulation.py --env <db> --projection-id 504 --seed 32 --months 240
4000000,504,33,240,0.6.0,yes,1,590427.04,1036113.64,0,python app/src/simulation.py --env <db> --projection-id 504 --seed 33 --months 240
4000000,504,34,240,0.6.0,yes,1,28379.78,237202.72,0,python app/src/simulation.py --env <db> --projection-id 504 --seed 34 --months 240
4000000,504,35,240,0.6.0,yes,1,93703.81,137907.09,0,python app/src/simulation.py --env <db> --projection-id 504 --seed 35 --months 240
4000000,504,36,240,0.6.0,yes,1,111473.27,496278.42,0,python app/src/simulation.py --env <db> --projection-id 504 --seed 36 --months 240
4000000,504,37,240,0.6.0,yes,1,484785.69,921082.65,0,python app/src/simulation.py --env <db> --projection-id 504 --seed 37 --months 240
4000000,504,38,240,0.6.0,yes,0,0.00,0.00,0,python app/src/simulation.py --env <db> --projection-id 504 --seed 38 --months 240
4000000,504,39,240,0.6.0,yes,1,75100.56,393427.69,0,python app/src/simulation.py --env <db> --projection-id 504 --seed 39 --months 240
4000000,504,40,240,0.6.0,yes,0,0.00,0.00,0,python app/src/simulation.py --env <db> --projection-id 504 --seed 40 --months 240
4000000,504,41,240,0.6.0,yes,0,0.00,0.00,0,python app/src/simulation.py --env <db> --projection-id 504 --seed 41 --months 240
4000000,504,42,240,0.6.0,yes,1,139241.94,529354.13,0,python app/src/simulation.py --env <db> --projection-id 504 --seed 42 --months 240
4000000,504,43,240,0.6.0,yes,0,0.00,0.00,0,python app/src/simulation.py --env <db> --projection-id 504 --seed 43 --months 240
4000000,504,44,240,0.6.0,yes,0,0.00,0.00,0,python app/src/simulation.py --env <db> --projection-id 504 --seed 44 --months 240
4000000,504,45,240,0.6.0,yes,0,0.00,0.00,0,python app/src/simulation.py --env <db> --projection-id 504 --seed 45 --months 240
4000000,504,46,240,0.6.0,yes,0,0.00,0.00,0,python app/src/simulation.py --env <db> --projection-id 504 --seed 46 --months 240
4000000,504,47,240,0.6.0,yes,1,501978.37,939250.09,0,python app/src/simulation.py --env <db> --projection-id 504 --seed 47 --months 240
4000000,504,48,240,0.6.0,yes,1,376283.54,838665.62,0,python app/src/simulation.py --env <db> --projection-id 504 --seed 48 --months 240
4000000,504,49,240,0.6.0,yes,0,0.00,0.00,0,python app/src/simulation.py --env <db> --projection-id 504 --seed 49 --months 240
4000000,504,50,240,0.6.0,yes,0,0.00,0.00,0,python app/src/simulation.py --env <db> --projection-id 504 --seed 50 --months 240
4000000,504,51,240,0.6.0,yes,0,0.00,0.00,0,python app/src/simulation.py --env <db> --projection-id 504 --seed 51 --months 240
4000000,504,52,240,0.6.0,yes,0,0.00,0.00,0,python app/src/simulation.py --env <db> --projection-id 504 --seed 52 --months 240
4000000,504,53,240,0.6.0,yes,0,0.00,0.00,0,python app/src/simulation.py --env <db> --projection-id 504 --seed 53 --months 240
4000000,504,54,240,0.6.0,yes,1,49005.40,387545.34,0,python app/src/simulation.py --env <db> --projection-id 504 --seed 54 --months 240
4000000,504,55,240,0.6.0,yes,0,0.00,0.00,0,python app/src/simulation.py --env <db> --projection-id 504 --seed 55 --months 240
4000000,504,56,240,0.6.0,yes,0,0.00,0.00,0,python app/src/simulation.py --env <db> --projection-id 504 --seed 56 --months 240
4000000,504,57,240,0.6.0,yes,0,0.00,0.00,0,python app/src/simulation.py --env <db> --projection-id 504 --seed 57 --months 240
4000000,504,58,240,0.6.0,yes,1,47474.17,551650.05,0,python app/src/simulation.py --env <db> --projection-id 504 --seed 58 --months 240
4000000,504,59,240,0.6.0,yes,0,0.00,0.00,0,python app/src/simulation.py --env <db> --projection-id 504 --seed 59 --months 240
4000000,504,60,240,0.6.0,yes,1,801566.74,1254331.42,0,python app/src/simulation.py --env <db> --projection-id 504 --seed 60 --months 240
4000000,504,61,240,0.6.0,yes,0,0.00,0.00,0,python app/src/simulation.py --env <db> --projection-id 504 --seed 61 --months 240
4000000,504,62,240,0.6.0,yes,0,0.00,0.00,0,python app/src/simulation.py --env <db> --projection-id 504 --seed 62 --months 240
4000000,504,63,240,0.6.0,yes,0,0.00,0.00,0,python app/src/simulation.py --env <db> --projection-id 504 --seed 63 --months 240
4000000,504,64,240,0.6.0,yes,0,0.00,0.00,0,python app/src/simulation.py --env <db> --projection-id 504 --seed 64 --months 240
4000000,504,65,240,0.6.0,yes,0,0.00,0.00,0,python app/src/simulation.py --env <db> --projection-id 504 --seed 65 --months 240
4000000,504,66,240,0.6.0,yes,1,58710.17,496335.65,0,python app/src/simulation.py --env <db> --projection-id 504 --seed 66 --months 240
4000000,504,67,240,0.6.0,yes,0,0.00,0.00,0,python app/src/simulation.py --env <db> --projection-id 504 --seed 67 --months 240
4000000,504,68,240,0.6.0,yes,0,0.00,0.00,0,python app/src/simulation.py --env <db> --projection-id 504 --seed 68 --months 240
4000000,504,69,240,0.6.0,yes,0,0.00,0.00,0,python app/src/simulation.py --env <db> --projection-id 504 --seed 69 --months 240
4000000,504,70,240,0.6.0,yes,1,667642.66,1119259.18,1,python app/src/simulation.py --env <db> --projection-id 504 --seed 70 --months 240
4000000,504,71,240,0.6.0,yes,0,0.00,0.00,0,python app/src/simulation.py --env <db> --projection-id 504 --seed 71 --months 240
4000000,504,72,240,0.6.0,yes,0,0.00,0.00,0,python app/src/simulation.py --env <db> --projection-id 504 --seed 72 --months 240
4000000,504,73,240,0.6.0,yes,0,0.00,0.00,0,python app/src/simulation.py --env <db> --projection-id 504 --seed 73 --months 240
4000000,504,74,240,0.6.0,yes,0,0.00,0.00,0,python app/src/simulation.py --env <db> --projection-id 504 --seed 74 --months 240
4000000,504,75,240,0.6.0,yes,1,41892.69,134599.14,0,python app/src/simulation.py --env <db> --projection-id 504 --seed 75 --months 240
4000000,504,76,240,0.6.0,yes,0,0.00,0.00,0,python app/src/simulation.py --env <db> --projection-id 504 --seed 76 --months 240
4000000,504,77,240,0.6.0,yes,0,0.00,0.00,0,python app/src/simulation.py --env <db> --projection-id 504 --seed 77 --months 240
4000000,504,78,240,0.6.0,yes,1,96244.08,189393.39,0,python app/src/simulation.py --env <db> --projection-id 504 --seed 78 --months 240
4000000,504,79,240,0.6.0,yes,1,74071.89,464702.01,0,python app/src/simulation.py --env <db> --projection-id 504 --seed 79 --months 240
4000000,504,80,240,0.6.0,yes,0,0.00,0.00,0,python app/src/simulation.py --env <db> --projection-id 504 --seed 80 --months 240
4000000,504,81,240,0.6.0,yes,0,0.00,0.00,0,python app/src/simulation.py --env <db> --projection-id 504 --seed 81 --months 240
4000000,504,82,240,0.6.0,yes,0,0.00,0.00,0,python app/src/simulation.py --env <db> --projection-id 504 --seed 82 --months 240
4000000,504,83,240,0.6.0,yes,1,61870.20,500600.64,0,python app/src/simulation.py --env <db> --projection-id 504 --seed 83 --months 240
4000000,504,84,240,0.6.0,yes,0,0.00,0.00,0,python app/src/simulation.py --env <db> --projection-id 504 --seed 84 --months 240
4000000,504,85,240,0.6.0,yes,0,0.00,0.00,0,python app/src/simulation.py --env <db> --projection-id 504 --seed 85 --months 240
4000000,504,86,240,0.6.0,yes,1,677083.21,1222253.77,0,python app/src/simulation.py --env <db> --projection-id 504 --seed 86 --months 240
4000000,504,87,240,0.6.0,yes,1,61410.01,102160.28,0,python app/src/simulation.py --env <db> --projection-id 504 --seed 87 --months 240
4000000,504,88,240,0.6.0,yes,0,0.00,0.00,0,python app/src/simulation.py --env <db> --projection-id 504 --seed 88 --months 240
4000000,504,89,240,0.6.0,yes,1,30540.30,135306.75,0,python app/src/simulation.py --env <db> --projection-id 504 --seed 89 --months 240
4000000,504,90,240,0.6.0,yes,0,0.00,0.00,0,python app/src/simulation.py --env <db> --projection-id 504 --seed 90 --months 240
4000000,504,91,240,0.6.0,yes,0,0.00,0.00,0,python app/src/simulation.py --env <db> --projection-id 504 --seed 91 --months 240
4000000,504,92,240,0.6.0,yes,0,0.00,0.00,0,python app/src/simulation.py --env <db> --projection-id 504 --seed 92 --months 240
4000000,504,93,240,0.6.0,yes,1,612746.84,1057749.56,0,python app/src/simulation.py --env <db> --projection-id 504 --seed 93 --months 240
4000000,504,94,240,0.6.0,yes,0,0.00,0.00,0,python app/src/simulation.py --env <db> --projection-id 504 --seed 94 --months 240
4000000,504,95,240,0.6.0,yes,0,0.00,0.00,0,python app/src/simulation.py --env <db> --projection-id 504 --seed 95 --months 240
4000000,504,96,240,0.6.0,yes,1,801972.14,1308755.66,0,python app/src/simulation.py --env <db> --projection-id 504 --seed 96 --months 240
4000000,504,97,240,0.6.0,yes,1,194442.14,675307.82,0,python app/src/simulation.py --env <db> --projection-id 504 --seed 97 --months 240
4000000,504,98,240,0.6.0,yes,0,0.00,0.00,0,python app/src/simulation.py --env <db> --projection-id 504 --seed 98 --months 240
4000000,504,99,240,0.6.0,yes,0,0.00,0.00,0,python app/src/simulation.py --env <db> --projection-id 504 --seed 99 --months 240
4000000,504,100,240,0.6.0,yes,0,0.00,0.00,0,python app/src/simulation.py --env <db> --projection-id 504 --seed 100 --months 240
4000000,504,101,240,0.6.0,yes,1,499086.19,996546.67,0,python app/src/simulation.py --env <db> --projection-id 504 --seed 101 --months 240
4000000,504,102,240,0.6.0,yes,0,0.00,0.00,0,python app/src/simulation.py --env <db> --projection-id 504 --seed 102 --months 240
4000000,504,103,240,0.6.0,yes,1,94774.59,504359.43,0,python app/src/simulation.py --env <db> --projection-id 504 --seed 103 --months 240
4000000,504,104,240,0.6.0,yes,1,29454.71,328395.48,0,python app/src/simulation.py --env <db> --projection-id 504 --seed 104 --months 240
4000000,504,105,240,0.6.0,yes,1,60317.57,488420.96,0,python app/src/simulation.py --env <db> --projection-id 504 --seed 105 --months 240
4000000,504,106,240,0.6.0,yes,1,119672.43,291954.43,0,python app/src/simulation.py --env <db> --projection-id 504 --seed 106 --months 240
4000000,504,107,240,0.6.0,yes,0,0.00,0.00,0,python app/src/simulation.py --env <db> --projection-id 504 --seed 107 --months 240
4000000,504,108,240,0.6.0,yes,0,0.00,0.00,0,python app/src/simulation.py --env <db> --projection-id 504 --seed 108 --months 240
4000000,504,109,240,0.6.0,yes,0,0.00,0.00,0,python app/src/simulation.py --env <db> --projection-id 504 --seed 109 --months 240
4000000,504,110,240,0.6.0,yes,1,215023.39,683170.99,0,python app/src/simulation.py --env <db> --projection-id 504 --seed 110 --months 240
4000000,504,111,240,0.6.0,yes,1,558258.58,1055854.42,0,python app/src/simulation.py --env <db> --projection-id 504 --seed 111 --months 240
4000000,504,112,240,0.6.0,yes,1,97225.19,423970.10,0,python app/src/simulation.py --env <db> --projection-id 504 --seed 112 --months 240
4000000,504,113,240,0.6.0,yes,0,0.00,0.00,0,python app/src/simulation.py --env <db> --projection-id 504 --seed 113 --months 240
4000000,504,114,240,0.6.0,yes,1,33071.49,142949.65,0,python app/src/simulation.py --env <db> --projection-id 504 --seed 114 --months 240
4000000,504,115,240,0.6.0,yes,0,0.00,0.00,0,python app/src/simulation.py --env <db> --projection-id 504 --seed 115 --months 240
4000000,504,116,240,0.6.0,yes,1,80457.32,405774.77,0,python app/src/simulation.py --env <db> --projection-id 504 --seed 116 --months 240
4000000,504,117,240,0.6.0,yes,0,0.00,0.00,0,python app/src/simulation.py --env <db> --projection-id 504 --seed 117 --months 240
4000000,504,118,240,0.6.0,yes,1,39468.12,374660.78,0,python app/src/simulation.py --env <db> --projection-id 504 --seed 118 --months 240
4000000,504,119,240,0.6.0,yes,0,0.00,0.00,0,python app/src/simulation.py --env <db> --projection-id 504 --seed 119 --months 240
4000000,504,120,240,0.6.0,yes,1,97263.24,340472.23,0,python app/src/simulation.py --env <db> --projection-id 504 --seed 120 --months 240
4000000,504,121,240,0.6.0,yes,0,0.00,0.00,0,python app/src/simulation.py --env <db> --projection-id 504 --seed 121 --months 240
4000000,504,122,240,0.6.0,yes,0,0.00,0.00,0,python app/src/simulation.py --env <db> --projection-id 504 --seed 122 --months 240
4000000,504,123,240,0.6.0,yes,1,521723.65,951352.69,0,python app/src/simulation.py --env <db> --projection-id 504 --seed 123 --months 240
4000000,504,124,240,0.6.0,yes,0,0.00,0.00,0,python app/src/simulation.py --env <db> --projection-id 504 --seed 124 --months 240
4000000,504,125,240,0.6.0,yes,0,0.00,0.00,0,python app/src/simulation.py --env <db> --projection-id 504 --seed 125 --months 240
4000000,504,126,240,0.6.0,yes,1,74138.36,379088.77,0,python app/src/simulation.py --env <db> --projection-id 504 --seed 126 --months 240
4000000,504,127,240,0.6.0,yes,1,133676.91,547492.83,0,python app/src/simulation.py --env <db> --projection-id 504 --seed 127 --months 240
4000000,504,128,240,0.6.0,yes,1,44807.62,428912.38,0,python app/src/simulation.py --env <db> --projection-id 504 --seed 128 --months 240
4000000,504,129,240,0.6.0,yes,1,40510.98,449949.32,0,python app/src/simulation.py --env <db> --projection-id 504 --seed 129 --months 240
4000000,504,130,240,0.6.0,yes,0,0.00,0.00,0,python app/src/simulation.py --env <db> --projection-id 504 --seed 130 --months 240
4000000,504,131,240,0.6.0,yes,0,0.00,0.00,0,python app/src/simulation.py --env <db> --projection-id 504 --seed 131 --months 240
4000000,504,132,240,0.6.0,yes,1,536102.19,989495.67,0,python app/src/simulation.py --env <db> --projection-id 504 --seed 132 --months 240
4000000,504,133,240,0.6.0,yes,1,354674.69,795639.29,0,python app/src/simulation.py --env <db> --projection-id 504 --seed 133 --months 240
4000000,504,134,240,0.6.0,yes,0,0.00,0.00,0,python app/src/simulation.py --env <db> --projection-id 504 --seed 134 --months 240
4000000,504,135,240,0.6.0,yes,0,0.00,0.00,0,python app/src/simulation.py --env <db> --projection-id 504 --seed 135 --months 240
4000000,504,136,240,0.6.0,yes,0,0.00,0.00,0,python app/src/simulation.py --env <db> --projection-id 504 --seed 136 --months 240
4000000,504,137,240,0.6.0,yes,0,0.00,0.00,0,python app/src/simulation.py --env <db> --projection-id 504 --seed 137 --months 240
4000000,504,138,240,0.6.0,yes,0,0.00,0.00,0,python app/src/simulation.py --env <db> --projection-id 504 --seed 138 --months 240
4000000,504,139,240,0.6.0,yes,0,0.00,0.00,0,python app/src/simulation.py --env <db> --projection-id 504 --seed 139 --months 240
4000000,504,140,240,0.6.0,yes,1,138069.53,171655.98,0,python app/src/simulation.py --env <db> --projection-id 504 --seed 140 --months 240
4000000,504,141,240,0.6.0,yes,1,386690.58,834760.50,0,python app/src/simulation.py --env <db> --projection-id 504 --seed 141 --months 240
4000000,504,142,240,0.6.0,yes,0,0.00,0.00,0,python app/src/simulation.py --env <db> --projection-id 504 --seed 142 --months 240
4000000,504,143,240,0.6.0,yes,0,0.00,0.00,0,python app/src/simulation.py --env <db> --projection-id 504 --seed 143 --months 240
4000000,504,144,240,0.6.0,yes,0,0.00,0.00,0,python app/src/simulation.py --env <db> --projection-id 504 --seed 144 --months 240
4000000,504,145,240,0.6.0,yes,0,0.00,0.00,0,python app/src/simulation.py --env <db> --projection-id 504 --seed 145 --months 240
4000000,504,146,240,0.6.0,yes,0,0.00,0.00,0,python app/src/simulation.py --env <db> --projection-id 504 --seed 146 --months 240
4000000,504,147,240,0.6.0,yes,0,0.00,0.00,0,python app/src/simulation.py --env <db> --projection-id 504 --seed 147 --months 240
4000000,504,148,240,0.6.0,yes,1,31636.06,88985.74,0,python app/src/simulation.py --env <db> --projection-id 504 --seed 148 --months 240
4000000,504,149,240,0.6.0,yes,0,0.00,0.00,0,python app/src/simulation.py --env <db> --projection-id 504 --seed 149 --months 240
4000000,504,150,240,0.6.0,yes,0,0.00,0.00,0,python app/src/simulation.py --env <db> --projection-id 504 --seed 150 --months 240
4500000,505,1,240,0.6.0,yes,0,0.00,0.00,0,python app/src/simulation.py --env <db> --projection-id 505 --seed 1 --months 240
4500000,505,2,240,0.6.0,yes,1,305524.78,794837.26,0,python app/src/simulation.py --env <db> --projection-id 505 --seed 2 --months 240
4500000,505,3,240,0.6.0,yes,0,0.00,0.00,0,python app/src/simulation.py --env <db> --projection-id 505 --seed 3 --months 240
4500000,505,4,240,0.6.0,yes,1,39986.21,389181.31,0,python app/src/simulation.py --env <db> --projection-id 505 --seed 4 --months 240
4500000,505,5,240,0.6.0,yes,1,56046.61,250285.56,0,python app/src/simulation.py --env <db> --projection-id 505 --seed 5 --months 240
4500000,505,6,240,0.6.0,yes,1,41628.51,411463.31,0,python app/src/simulation.py --env <db> --projection-id 505 --seed 6 --months 240
4500000,505,7,240,0.6.0,yes,1,457576.30,973781.14,0,python app/src/simulation.py --env <db> --projection-id 505 --seed 7 --months 240
4500000,505,8,240,0.6.0,yes,1,1233146.13,1718123.37,0,python app/src/simulation.py --env <db> --projection-id 505 --seed 8 --months 240
4500000,505,9,240,0.6.0,yes,1,472683.58,926674.30,0,python app/src/simulation.py --env <db> --projection-id 505 --seed 9 --months 240
4500000,505,10,240,0.6.0,yes,1,36739.66,363380.03,0,python app/src/simulation.py --env <db> --projection-id 505 --seed 10 --months 240
4500000,505,11,240,0.6.0,yes,1,873797.70,1331874.54,0,python app/src/simulation.py --env <db> --projection-id 505 --seed 11 --months 240
4500000,505,12,240,0.6.0,yes,1,837450.24,1393850.16,0,python app/src/simulation.py --env <db> --projection-id 505 --seed 12 --months 240
4500000,505,13,240,0.6.0,yes,1,932076.13,1403550.25,0,python app/src/simulation.py --env <db> --projection-id 505 --seed 13 --months 240
4500000,505,14,240,0.6.0,yes,0,0.00,0.00,0,python app/src/simulation.py --env <db> --projection-id 505 --seed 14 --months 240
4500000,505,15,240,0.6.0,yes,0,0.00,0.00,0,python app/src/simulation.py --env <db> --projection-id 505 --seed 15 --months 240
4500000,505,16,240,0.6.0,yes,1,542003.63,1040175.95,0,python app/src/simulation.py --env <db> --projection-id 505 --seed 16 --months 240
4500000,505,17,240,0.6.0,yes,1,46969.68,212048.98,0,python app/src/simulation.py --env <db> --projection-id 505 --seed 17 --months 240
4500000,505,18,240,0.6.0,yes,1,224027.39,698742.35,0,python app/src/simulation.py --env <db> --projection-id 505 --seed 18 --months 240
4500000,505,19,240,0.6.0,yes,1,121862.20,577803.16,0,python app/src/simulation.py --env <db> --projection-id 505 --seed 19 --months 240
4500000,505,20,240,0.6.0,yes,1,372783.42,885743.82,0,python app/src/simulation.py --env <db> --projection-id 505 --seed 20 --months 240
4500000,505,21,240,0.6.0,yes,1,239725.83,747987.63,0,python app/src/simulation.py --env <db> --projection-id 505 --seed 21 --months 240
4500000,505,22,240,0.6.0,yes,1,231977.23,715419.79,0,python app/src/simulation.py --env <db> --projection-id 505 --seed 22 --months 240
4500000,505,23,240,0.6.0,yes,1,265929.87,775041.87,0,python app/src/simulation.py --env <db> --projection-id 505 --seed 23 --months 240
4500000,505,24,240,0.6.0,yes,1,278026.97,837936.65,0,python app/src/simulation.py --env <db> --projection-id 505 --seed 24 --months 240
4500000,505,25,240,0.6.0,yes,1,733059.61,1423143.37,0,python app/src/simulation.py --env <db> --projection-id 505 --seed 25 --months 240
4500000,505,26,240,0.6.0,yes,1,234894.21,671437.05,0,python app/src/simulation.py --env <db> --projection-id 505 --seed 26 --months 240
4500000,505,27,240,0.6.0,yes,1,35294.89,293466.05,0,python app/src/simulation.py --env <db> --projection-id 505 --seed 27 --months 240
4500000,505,28,240,0.6.0,yes,0,0.00,0.00,0,python app/src/simulation.py --env <db> --projection-id 505 --seed 28 --months 240
4500000,505,29,240,0.6.0,yes,1,227460.24,725524.20,0,python app/src/simulation.py --env <db> --projection-id 505 --seed 29 --months 240
4500000,505,30,240,0.6.0,yes,0,0.00,0.00,0,python app/src/simulation.py --env <db> --projection-id 505 --seed 30 --months 240
4500000,505,31,240,0.6.0,yes,0,0.00,0.00,0,python app/src/simulation.py --env <db> --projection-id 505 --seed 31 --months 240
4500000,505,32,240,0.6.0,yes,1,93988.03,552822.31,0,python app/src/simulation.py --env <db> --projection-id 505 --seed 32 --months 240
4500000,505,33,240,0.6.0,yes,1,763022.32,1295462.92,0,python app/src/simulation.py --env <db> --projection-id 505 --seed 33 --months 240
4500000,505,34,240,0.6.0,yes,1,313594.84,797118.52,0,python app/src/simulation.py --env <db> --projection-id 505 --seed 34 --months 240
4500000,505,35,240,0.6.0,yes,1,173418.46,673107.44,0,python app/src/simulation.py --env <db> --projection-id 505 --seed 35 --months 240
4500000,505,36,240,0.6.0,yes,1,721983.94,1261017.70,0,python app/src/simulation.py --env <db> --projection-id 505 --seed 36 --months 240
4500000,505,37,240,0.6.0,yes,1,649768.73,1176204.05,0,python app/src/simulation.py --env <db> --projection-id 505 --seed 37 --months 240
4500000,505,38,240,0.6.0,yes,1,98201.32,548929.60,0,python app/src/simulation.py --env <db> --projection-id 505 --seed 38 --months 240
4500000,505,39,240,0.6.0,yes,1,372348.62,841084.46,0,python app/src/simulation.py --env <db> --projection-id 505 --seed 39 --months 240
4500000,505,40,240,0.6.0,yes,1,31615.31,334842.16,0,python app/src/simulation.py --env <db> --projection-id 505 --seed 40 --months 240
4500000,505,41,240,0.6.0,yes,0,0.00,0.00,0,python app/src/simulation.py --env <db> --projection-id 505 --seed 41 --months 240
4500000,505,42,240,0.6.0,yes,1,693831.34,1178681.50,0,python app/src/simulation.py --env <db> --projection-id 505 --seed 42 --months 240
4500000,505,43,240,0.6.0,yes,0,0.00,0.00,0,python app/src/simulation.py --env <db> --projection-id 505 --seed 43 --months 240
4500000,505,44,240,0.6.0,yes,0,0.00,0.00,0,python app/src/simulation.py --env <db> --projection-id 505 --seed 44 --months 240
4500000,505,45,240,0.6.0,yes,1,36829.79,177349.23,0,python app/src/simulation.py --env <db> --projection-id 505 --seed 45 --months 240
4500000,505,46,240,0.6.0,yes,0,0.00,0.00,0,python app/src/simulation.py --env <db> --projection-id 505 --seed 46 --months 240
4500000,505,47,240,0.6.0,yes,1,703218.91,1191745.15,0,python app/src/simulation.py --env <db> --projection-id 505 --seed 47 --months 240
4500000,505,48,240,0.6.0,yes,1,1067447.49,1563030.81,0,python app/src/simulation.py --env <db> --projection-id 505 --seed 48 --months 240
4500000,505,49,240,0.6.0,yes,0,0.00,0.00,0,python app/src/simulation.py --env <db> --projection-id 505 --seed 49 --months 240
4500000,505,50,240,0.6.0,yes,1,153514.58,499982.28,0,python app/src/simulation.py --env <db> --projection-id 505 --seed 50 --months 240
4500000,505,51,240,0.6.0,yes,0,0.00,0.00,0,python app/src/simulation.py --env <db> --projection-id 505 --seed 51 --months 240
4500000,505,52,240,0.6.0,yes,1,132119.31,615604.11,0,python app/src/simulation.py --env <db> --projection-id 505 --seed 52 --months 240
4500000,505,53,240,0.6.0,yes,1,34629.90,272190.37,0,python app/src/simulation.py --env <db> --projection-id 505 --seed 53 --months 240
4500000,505,54,240,0.6.0,yes,1,999653.12,1485384.92,0,python app/src/simulation.py --env <db> --projection-id 505 --seed 54 --months 240
4500000,505,55,240,0.6.0,yes,0,0.00,0.00,0,python app/src/simulation.py --env <db> --projection-id 505 --seed 55 --months 240
4500000,505,56,240,0.6.0,yes,0,0.00,0.00,0,python app/src/simulation.py --env <db> --projection-id 505 --seed 56 --months 240
4500000,505,57,240,0.6.0,yes,1,139017.68,617283.56,0,python app/src/simulation.py --env <db> --projection-id 505 --seed 57 --months 240
4500000,505,58,240,0.6.0,yes,1,238879.24,857154.88,0,python app/src/simulation.py --env <db> --projection-id 505 --seed 58 --months 240
4500000,505,59,240,0.6.0,yes,0,0.00,0.00,0,python app/src/simulation.py --env <db> --projection-id 505 --seed 59 --months 240
4500000,505,60,240,0.6.0,yes,1,940553.30,1446474.14,0,python app/src/simulation.py --env <db> --projection-id 505 --seed 60 --months 240
4500000,505,61,240,0.6.0,yes,0,0.00,0.00,0,python app/src/simulation.py --env <db> --projection-id 505 --seed 61 --months 240
4500000,505,62,240,0.6.0,yes,1,41117.49,122403.60,0,python app/src/simulation.py --env <db> --projection-id 505 --seed 62 --months 240
4500000,505,63,240,0.6.0,yes,0,0.00,0.00,0,python app/src/simulation.py --env <db> --projection-id 505 --seed 63 --months 240
4500000,505,64,240,0.6.0,yes,1,457591.06,933401.02,0,python app/src/simulation.py --env <db> --projection-id 505 --seed 64 --months 240
4500000,505,65,240,0.6.0,yes,0,0.00,0.00,0,python app/src/simulation.py --env <db> --projection-id 505 --seed 65 --months 240
4500000,505,66,240,0.6.0,yes,1,734510.58,1218470.94,0,python app/src/simulation.py --env <db> --projection-id 505 --seed 66 --months 240
4500000,505,67,240,0.6.0,yes,0,0.00,0.00,0,python app/src/simulation.py --env <db> --projection-id 505 --seed 67 --months 240
4500000,505,68,240,0.6.0,yes,1,56481.52,230073.04,0,python app/src/simulation.py --env <db> --projection-id 505 --seed 68 --months 240
4500000,505,69,240,0.6.0,yes,1,36189.85,301061.46,0,python app/src/simulation.py --env <db> --projection-id 505 --seed 69 --months 240
4500000,505,70,240,0.6.0,yes,1,804406.60,1290771.64,0,python app/src/simulation.py --env <db> --projection-id 505 --seed 70 --months 240
4500000,505,71,240,0.6.0,yes,1,284691.17,802719.29,0,python app/src/simulation.py --env <db> --projection-id 505 --seed 71 --months 240
4500000,505,72,240,0.6.0,yes,0,0.00,0.00,0,python app/src/simulation.py --env <db> --projection-id 505 --seed 72 --months 240
4500000,505,73,240,0.6.0,yes,0,0.00,0.00,0,python app/src/simulation.py --env <db> --projection-id 505 --seed 73 --months 240
4500000,505,74,240,0.6.0,yes,0,0.00,0.00,0,python app/src/simulation.py --env <db> --projection-id 505 --seed 74 --months 240
4500000,505,75,240,0.6.0,yes,1,215371.33,742069.09,0,python app/src/simulation.py --env <db> --projection-id 505 --seed 75 --months 240
4500000,505,76,240,0.6.0,yes,1,350768.14,829257.82,0,python app/src/simulation.py --env <db> --projection-id 505 --seed 76 --months 240
4500000,505,77,240,0.6.0,yes,0,0.00,0.00,0,python app/src/simulation.py --env <db> --projection-id 505 --seed 77 --months 240
4500000,505,78,240,0.6.0,yes,1,47679.80,290806.09,0,python app/src/simulation.py --env <db> --projection-id 505 --seed 78 --months 240
4500000,505,79,240,0.6.0,yes,1,794429.05,1249536.61,0,python app/src/simulation.py --env <db> --projection-id 505 --seed 79 --months 240
4500000,505,80,240,0.6.0,yes,1,35425.41,437468.22,0,python app/src/simulation.py --env <db> --projection-id 505 --seed 80 --months 240
4500000,505,81,240,0.6.0,yes,1,71644.82,208455.72,0,python app/src/simulation.py --env <db> --projection-id 505 --seed 81 --months 240
4500000,505,82,240,0.6.0,yes,0,0.00,0.00,0,python app/src/simulation.py --env <db> --projection-id 505 --seed 82 --months 240
4500000,505,83,240,0.6.0,yes,1,770112.25,1295289.85,0,python app/src/simulation.py --env <db> --projection-id 505 --seed 83 --months 240
4500000,505,84,240,0.6.0,yes,1,41044.52,285984.56,0,python app/src/simulation.py --env <db> --projection-id 505 --seed 84 --months 240
4500000,505,85,240,0.6.0,yes,0,0.00,0.00,0,python app/src/simulation.py --env <db> --projection-id 505 --seed 85 --months 240
4500000,505,86,240,0.6.0,yes,1,722910.74,1286212.10,0,python app/src/simulation.py --env <db> --projection-id 505 --seed 86 --months 240
4500000,505,87,240,0.6.0,yes,1,168067.22,659330.82,0,python app/src/simulation.py --env <db> --projection-id 505 --seed 87 --months 240
4500000,505,88,240,0.6.0,yes,0,0.00,0.00,0,python app/src/simulation.py --env <db> --projection-id 505 --seed 88 --months 240
4500000,505,89,240,0.6.0,yes,1,33256.27,200055.42,0,python app/src/simulation.py --env <db> --projection-id 505 --seed 89 --months 240
4500000,505,90,240,0.6.0,yes,0,0.00,0.00,0,python app/src/simulation.py --env <db> --projection-id 505 --seed 90 --months 240
4500000,505,91,240,0.6.0,yes,1,60209.10,374152.40,0,python app/src/simulation.py --env <db> --projection-id 505 --seed 91 --months 240
4500000,505,92,240,0.6.0,yes,1,63399.11,440055.94,0,python app/src/simulation.py --env <db> --projection-id 505 --seed 92 --months 240
4500000,505,93,240,0.6.0,yes,1,569457.71,1125993.78,0,python app/src/simulation.py --env <db> --projection-id 505 --seed 93 --months 240
4500000,505,94,240,0.6.0,yes,0,0.00,0.00,0,python app/src/simulation.py --env <db> --projection-id 505 --seed 94 --months 240
4500000,505,95,240,0.6.0,yes,1,32070.30,300386.50,0,python app/src/simulation.py --env <db> --projection-id 505 --seed 95 --months 240
4500000,505,96,240,0.6.0,yes,1,1325210.70,1912066.74,0,python app/src/simulation.py --env <db> --projection-id 505 --seed 96 --months 240
4500000,505,97,240,0.6.0,yes,1,164857.45,658203.01,0,python app/src/simulation.py --env <db> --projection-id 505 --seed 97 --months 240
4500000,505,98,240,0.6.0,yes,0,0.00,0.00,0,python app/src/simulation.py --env <db> --projection-id 505 --seed 98 --months 240
4500000,505,99,240,0.6.0,yes,0,0.00,0.00,0,python app/src/simulation.py --env <db> --projection-id 505 --seed 99 --months 240
4500000,505,100,240,0.6.0,yes,0,0.00,0.00,0,python app/src/simulation.py --env <db> --projection-id 505 --seed 100 --months 240
4500000,505,101,240,0.6.0,yes,1,545421.46,1116684.82,0,python app/src/simulation.py --env <db> --projection-id 505 --seed 101 --months 240
4500000,505,102,240,0.6.0,yes,0,0.00,0.00,0,python app/src/simulation.py --env <db> --projection-id 505 --seed 102 --months 240
4500000,505,103,240,0.6.0,yes,1,639119.22,1114946.58,0,python app/src/simulation.py --env <db> --projection-id 505 --seed 103 --months 240
4500000,505,104,240,0.6.0,yes,1,451589.69,1038855.77,0,python app/src/simulation.py --env <db> --projection-id 505 --seed 104 --months 240
4500000,505,105,240,0.6.0,yes,1,407475.08,871348.52,0,python app/src/simulation.py --env <db> --projection-id 505 --seed 105 --months 240
4500000,505,106,240,0.6.0,yes,1,334691.78,824495.30,0,python app/src/simulation.py --env <db> --projection-id 505 --seed 106 --months 240
4500000,505,107,240,0.6.0,yes,1,41121.71,382533.97,0,python app/src/simulation.py --env <db> --projection-id 505 --seed 107 --months 240
4500000,505,108,240,0.6.0,yes,0,0.00,0.00,0,python app/src/simulation.py --env <db> --projection-id 505 --seed 108 --months 240
4500000,505,109,240,0.6.0,yes,0,0.00,0.00,0,python app/src/simulation.py --env <db> --projection-id 505 --seed 109 --months 240
4500000,505,110,240,0.6.0,yes,1,847577.44,1367950.36,0,python app/src/simulation.py --env <db> --projection-id 505 --seed 110 --months 240
4500000,505,111,240,0.6.0,yes,1,1113333.63,1670872.59,0,python app/src/simulation.py --env <db> --projection-id 505 --seed 111 --months 240
4500000,505,112,240,0.6.0,yes,1,174542.67,633338.91,0,python app/src/simulation.py --env <db> --projection-id 505 --seed 112 --months 240
4500000,505,113,240,0.6.0,yes,1,150900.21,335990.86,1,python app/src/simulation.py --env <db> --projection-id 505 --seed 113 --months 240
4500000,505,114,240,0.6.0,yes,1,206418.23,663023.99,0,python app/src/simulation.py --env <db> --projection-id 505 --seed 114 --months 240
4500000,505,115,240,0.6.0,yes,1,53121.12,336069.32,0,python app/src/simulation.py --env <db> --projection-id 505 --seed 115 --months 240
4500000,505,116,240,0.6.0,yes,1,286045.40,837207.68,0,python app/src/simulation.py --env <db> --projection-id 505 --seed 116 --months 240
4500000,505,117,240,0.6.0,yes,1,99044.95,583435.87,0,python app/src/simulation.py --env <db> --projection-id 505 --seed 117 --months 240
4500000,505,118,240,0.6.0,yes,1,558222.40,1032406.24,0,python app/src/simulation.py --env <db> --projection-id 505 --seed 118 --months 240
4500000,505,119,240,0.6.0,yes,1,158125.07,405897.20,0,python app/src/simulation.py --env <db> --projection-id 505 --seed 119 --months 240
4500000,505,120,240,0.6.0,yes,1,281461.23,730040.55,0,python app/src/simulation.py --env <db> --projection-id 505 --seed 120 --months 240
4500000,505,121,240,0.6.0,yes,0,0.00,0.00,0,python app/src/simulation.py --env <db> --projection-id 505 --seed 121 --months 240
4500000,505,122,240,0.6.0,yes,1,88786.72,204030.88,0,python app/src/simulation.py --env <db> --projection-id 505 --seed 122 --months 240
4500000,505,123,240,0.6.0,yes,1,874397.77,1331822.53,0,python app/src/simulation.py --env <db> --projection-id 505 --seed 123 --months 240
4500000,505,124,240,0.6.0,yes,0,0.00,0.00,0,python app/src/simulation.py --env <db> --projection-id 505 --seed 124 --months 240
4500000,505,125,240,0.6.0,yes,1,73484.81,337681.03,0,python app/src/simulation.py --env <db> --projection-id 505 --seed 125 --months 240
4500000,505,126,240,0.6.0,yes,1,211349.74,638812.18,0,python app/src/simulation.py --env <db> --projection-id 505 --seed 126 --months 240
4500000,505,127,240,0.6.0,yes,1,1128924.60,1635287.16,0,python app/src/simulation.py --env <db> --projection-id 505 --seed 127 --months 240
4500000,505,128,240,0.6.0,yes,1,754818.29,1219984.97,0,python app/src/simulation.py --env <db> --projection-id 505 --seed 128 --months 240
4500000,505,129,240,0.6.0,yes,1,501799.02,1017262.86,0,python app/src/simulation.py --env <db> --projection-id 505 --seed 129 --months 240
4500000,505,130,240,0.6.0,yes,1,104821.98,561370.24,0,python app/src/simulation.py --env <db> --projection-id 505 --seed 130 --months 240
4500000,505,131,240,0.6.0,yes,0,0.00,0.00,0,python app/src/simulation.py --env <db> --projection-id 505 --seed 131 --months 240
4500000,505,132,240,0.6.0,yes,1,1211279.29,1710333.37,0,python app/src/simulation.py --env <db> --projection-id 505 --seed 132 --months 240
4500000,505,133,240,0.6.0,yes,1,589694.10,1062334.38,0,python app/src/simulation.py --env <db> --projection-id 505 --seed 133 --months 240
4500000,505,134,240,0.6.0,yes,1,339289.57,791914.69,0,python app/src/simulation.py --env <db> --projection-id 505 --seed 134 --months 240
4500000,505,135,240,0.6.0,yes,0,0.00,0.00,0,python app/src/simulation.py --env <db> --projection-id 505 --seed 135 --months 240
4500000,505,136,240,0.6.0,yes,1,67117.53,163517.74,0,python app/src/simulation.py --env <db> --projection-id 505 --seed 136 --months 240
4500000,505,137,240,0.6.0,yes,0,0.00,0.00,0,python app/src/simulation.py --env <db> --projection-id 505 --seed 137 --months 240
4500000,505,138,240,0.6.0,yes,0,0.00,0.00,0,python app/src/simulation.py --env <db> --projection-id 505 --seed 138 --months 240
4500000,505,139,240,0.6.0,yes,1,207967.74,661342.98,0,python app/src/simulation.py --env <db> --projection-id 505 --seed 139 --months 240
4500000,505,140,240,0.6.0,yes,1,88586.10,151092.13,0,python app/src/simulation.py --env <db> --projection-id 505 --seed 140 --months 240
4500000,505,141,240,0.6.0,yes,1,899554.26,1388891.58,0,python app/src/simulation.py --env <db> --projection-id 505 --seed 141 --months 240
4500000,505,142,240,0.6.0,yes,0,0.00,0.00,0,python app/src/simulation.py --env <db> --projection-id 505 --seed 142 --months 240
4500000,505,143,240,0.6.0,yes,0,0.00,0.00,0,python app/src/simulation.py --env <db> --projection-id 505 --seed 143 --months 240
4500000,505,144,240,0.6.0,yes,0,0.00,0.00,0,python app/src/simulation.py --env <db> --projection-id 505 --seed 144 --months 240
4500000,505,145,240,0.6.0,yes,0,0.00,0.00,0,python app/src/simulation.py --env <db> --projection-id 505 --seed 145 --months 240
4500000,505,146,240,0.6.0,yes,1,181271.63,642136.67,0,python app/src/simulation.py --env <db> --projection-id 505 --seed 146 --months 240
4500000,505,147,240,0.6.0,yes,0,0.00,0.00,0,python app/src/simulation.py --env <db> --projection-id 505 --seed 147 --months 240
4500000,505,148,240,0.6.0,yes,1,62864.98,492233.74,0,python app/src/simulation.py --env <db> --projection-id 505 --seed 148 --months 240
4500000,505,149,240,0.6.0,yes,1,41933.32,404038.83,0,python app/src/simulation.py --env <db> --projection-id 505 --seed 149 --months 240
4500000,505,150,240,0.6.0,yes,1,37645.61,40081.99,0,python app/src/simulation.py --env <db> --projection-id 505 --seed 150 --months 240
