property_id,year_built,base_price,address,town,state,property_style,total_units,owned_at_start,acquisition_basis,acquisition_date
1,1908,738518.91,PC_0220012019,Tacoma,WA,Triplex,3,,,
2,1962,363026.11,PC_0220012231,Tacoma,WA,Duplex,2,,,
3,1975,558763.99,PC_0220016001,Tacoma,WA,Duplex,2,,,
4,1976,729675.01,PC_0220016002,Tacoma,WA,Triplex,3,,,
5,1977,564730.95,PC_0220018001,Tacoma,WA,Duplex,2,,,
6,1977,737559.94,PC_0220018002,Tacoma,WA,Duplex,2,,,
7,2021,957805.01,PC_0220021000,Tacoma,WA,Duplex,2,,,
8,1971,703462.97,PC_0220021019,Tacoma,WA,Duplex,2,,,
9,1935,509110.28,PC_0220022038,Tacoma,WA,Duplex,2,,,
10,1956,921790.09,PC_0220022078,Tacoma,WA,Apartment 5-8 Units,8,,,
11,1974,800106.55,PC_0220025001,Tacoma,WA,Duplex,2,,,
12,1974,752903.57,PC_0220025002,Tacoma,WA,Duplex,2,,,
13,1959,830154.50,PC_0220044235,Tacoma,WA,Duplex,2,,,
14,1912,494192.86,PC_0220044297,Tacoma,WA,Duplex,2,,,
15,1983,1617368.14,PC_0220044331,Tacoma,WA,Apartment 5-8 Units,6,,,
16,1983,1617474.69,PC_0220044332,Tacoma,WA,Apartment 5-8 Units,6,,,
17,1982,1634096.96,PC_0220048020,Tacoma,WA,Apartment 5-8 Units,6,,,
18,1989,920618.01,PC_0220095038,Tacoma,WA,Duplex,2,,,
19,1989,972296.22,PC_0220095039,Tacoma,WA,Duplex,2,,,
20,1969,755567.39,PC_0220102177,Tacoma,WA,Duplex,2,,,
21,1969,718486.95,PC_0220102178,Tacoma,WA,Duplex,2,,,
22,1970,996803.41,PC_0220102179,Tacoma,WA,Duplex,2,,,
23,1971,1273841.24,PC_0220102185,Tacoma,WA,Duplex,2,,,
24,1975,996057.54,PC_0220102235,Tacoma,WA,Duplex,2,,,
25,2008,797442.73,PC_0220106002,Tacoma,WA,Duplex,2,,,
26,2002,788811.93,PC_0220131042,Tacoma,WA,Duplex,2,,,
27,1966,557591.90,PC_0220131075,Tacoma,WA,Triplex,3,,,
28,2004,1106020.25,PC_0220131086,Tacoma,WA,Triplex,3,,,
29,1985,506872.67,PC_0220131087,Tacoma,WA,Duplex,2,,,
30,1966,415663.29,PC_0220131090,Tacoma,WA,Duplex,2,,,
31,1966,401172.08,PC_0220131093,Tacoma,WA,Duplex,2,,,
32,1966,406286.63,PC_0220131094,Tacoma,WA,Duplex,2,,,
33,1966,401172.08,PC_0220131096,Tacoma,WA,Duplex,2,,,
34,1971,540117.21,PC_0220131102,Tacoma,WA,Duplex,2,,,
35,1971,599147.58,PC_0220131103,Tacoma,WA,Duplex,2,,,
36,1973,649760.26,PC_0220131109,Tacoma,WA,Triplex,3,,,
37,1973,492594.57,PC_0220131110,Tacoma,WA,Duplex,2,,,
38,1966,446137.45,PC_0220131116,Tacoma,WA,Duplex,2,,,
39,2024,1190623.34,PC_0220132004,Tacoma,WA,Duplex,2,,,
40,1974,739691.00,PC_0220135001,Tacoma,WA,Triplex,3,,,
41,1976,945444.86,PC_0220135002,Tacoma,WA,Fourplex,4,,,
42,1976,446457.11,PC_0220135004,Tacoma,WA,Duplex,2,,,
43,1976,474267.45,PC_0220135005,Tacoma,WA,Duplex,2,,,
44,1981,800745.87,PC_0220135006,Tacoma,WA,Triplex,3,,,
45,1981,800106.55,PC_0220135007,Tacoma,WA,Triplex,3,,,
46,1981,800106.55,PC_0220135008,Tacoma,WA,Triplex,3,,,
47,1981,803090.04,PC_0220135009,Tacoma,WA,Triplex,3,,,
48,1986,714331.38,PC_0220135018,Tacoma,WA,Triplex,3,,,
49,1986,718060.74,PC_0220135019,Tacoma,WA,Triplex,3,,,
50,2008,1232498.67,PC_0220135026,Tacoma,WA,Duplex,2,,,
51,1963,402450.72,PC_0220135037,Tacoma,WA,Duplex,2,,,
52,1963,403835.91,PC_0220135038,Tacoma,WA,Duplex,2,,,
53,1963,423228.56,PC_0220135039,Tacoma,WA,Duplex,2,,,
54,1971,718486.95,PC_0220242184,Tacoma,WA,Triplex,3,,,
55,1971,705700.59,PC_0220242185,Tacoma,WA,Triplex,3,,,
56,1971,705700.59,PC_0220242242,Tacoma,WA,Triplex,3,,,
57,1996,683324.45,PC_0220242252,Tacoma,WA,Duplex,2,,,
58,1976,741502.40,PC_0220246008,Tacoma,WA,Triplex,3,,,
59,1976,685242.41,PC_0220246009,Tacoma,WA,Triplex,3,,,
60,1977,682791.69,PC_0220246010,Tacoma,WA,Triplex,3,,,
61,1977,711134.79,PC_0220246018,Tacoma,WA,Triplex,3,,,
62,2008,1080340.97,PC_0220246019,Tacoma,WA,Triplex,3,,,
63,1982,940543.42,PC_0220246039,Tacoma,WA,Fourplex,4,,,
64,1982,947469.37,PC_0220246040,Tacoma,WA,Fourplex,4,,,
65,1982,1048375.07,PC_0220246041,Tacoma,WA,Fourplex,4,,,
66,1982,1045604.69,PC_0220246042,Tacoma,WA,Fourplex,4,,,
67,1983,895364.94,PC_0220246043,Tacoma,WA,Fourplex,4,,,
68,1983,884496.54,PC_0220246044,Tacoma,WA,Fourplex,4,,,
69,1983,910175.81,PC_0220246045,Tacoma,WA,Fourplex,4,,,
70,1992,712626.53,PC_0220246046,Tacoma,WA,Duplex,2,,,
71,1991,712519.98,PC_0220246047,Tacoma,WA,Duplex,2,,,
72,1992,715823.12,PC_0220246048,Tacoma,WA,Duplex,2,,,
73,1992,719765.58,PC_0220246049,Tacoma,WA,Duplex,2,,,
74,1925,477783.70,PC_0220248003,Tacoma,WA,Duplex,2,,,
75,1971,868193.93,PC_0220251084,Tacoma,WA,Duplex,2,,,
76,1971,492381.46,PC_0220251085,Tacoma,WA,Duplex,2,,,
77,2008,1070218.43,PC_0220251149,Tacoma,WA,Triplex,3,,,
78,1975,647309.54,PC_0220251156,Tacoma,WA,Triplex,3,,,
79,1985,673734.68,PC_0220254059,Tacoma,WA,Triplex,3,,,
80,1978,615343.63,PC_0220255001,Tacoma,WA,Triplex,3,,,
81,1978,721683.54,PC_0220255002,Tacoma,WA,Triplex,3,,,
82,1978,721683.54,PC_0220255003,Tacoma,WA,Triplex,3,,,
83,1981,504954.71,PC_0220255018,Tacoma,WA,Duplex,2,,,
84,2006,679595.10,PC_0220255019,Tacoma,WA,Duplex,2,,,
85,2006,685455.51,PC_0220255020,Tacoma,WA,Duplex,2,,,
86,2006,690783.16,PC_0220255021,Tacoma,WA,Duplex,2,,,
87,2006,694619.07,PC_0220255022,Tacoma,WA,Duplex,2,,,
88,1971,677890.25,PC_0220255036,Tacoma,WA,Triplex,3,,,
89,1971,531060.20,PC_0220255037,Tacoma,WA,Duplex,2,,,
90,2006,2167607.88,PC_0220261011,Tacoma,WA,Apartment 5-8 Units,8,,,
91,1925,884176.88,PC_0221234012,Tacoma,WA,Triplex,3,,,
92,1923,1096643.58,PC_0221251020,Tacoma,WA,Duplex,2,,,
93,1973,1066489.08,PC_0221352055,Tacoma,WA,Fourplex,4,,,
94,1973,1067448.06,PC_0221352056,Tacoma,WA,Fourplex,4,,,
95,1927,599360.68,PC_0320053103,Tacoma,WA,Duplex,2,,,
96,1895,392647.84,PC_0320053138,Tacoma,WA,Duplex,2,,,
97,2015,830687.27,PC_0320053146,Tacoma,WA,Duplex,2,,,
98,1952,715610.02,PC_0320063069,Tacoma,WA,Duplex,2,,,
99,1950,507831.65,PC_0320064139,Tacoma,WA,Duplex,2,,,
100,1920,698348.43,PC_0320065001,Tacoma,WA,Duplex,2,,,
101,1975,537986.15,PC_0320067008,Tacoma,WA,Duplex,2,,,
102,1967,1117101.76,PC_0320084057,Tacoma,WA,Apartment 5-8 Units,6,,,
103,1955,470751.20,PC_0320084096,Tacoma,WA,Duplex,2,,,
104,1907,576132.13,PC_0320088001,Tacoma,WA,Duplex,2,,,
105,1948,552370.80,PC_0320146006,Tacoma,WA,Duplex,2,,,
106,1957,439744.27,PC_0320151048,Tacoma,WA,Duplex,2,,,
107,1967,487799.68,PC_0320151121,Tacoma,WA,Duplex,2,,,
108,1969,758337.77,PC_0320151126,Tacoma,WA,Apartment 5-8 Units,6,,,
109,1925,285242.41,PC_0320153142,Tacoma,WA,Duplex,2,,,
110,1985,933297.82,PC_0320153148,Tacoma,WA,Fourplex,4,,,
111,1977,477570.59,PC_0320155002,Tacoma,WA,Triplex,3,,,
112,1979,823335.11,PC_0320155005,Tacoma,WA,Fourplex,4,,,
113,1978,614917.42,PC_0320155006,Tacoma,WA,Triplex,3,,,
114,1979,825253.06,PC_0320155007,Tacoma,WA,Fourplex,4,,,
115,1910,438465.64,PC_0320156002,Tacoma,WA,Triplex,3,,,
116,1969,459882.79,PC_0320192022,Tacoma,WA,Duplex,2,,,
117,1925,588811.93,PC_0320203061,Tacoma,WA,Duplex,2,,,
118,1910,431539.69,PC_0320204000,Tacoma,WA,Duplex,2,,,
119,1972,543633.46,PC_0320204136,Tacoma,WA,Duplex,2,,,
120,1972,678955.78,PC_0320204155,Tacoma,WA,Triplex,3,,,
121,1948,569952.05,PC_0320211011,Tacoma,WA,Duplex,2,,,
122,1910,550346.30,PC_0320211117,Tacoma,WA,Duplex,2,,,
123,1952,460522.11,PC_0320212064,Tacoma,WA,Duplex,2,,,
124,1950,503462.97,PC_0320213025,Tacoma,WA,Duplex,2,,,
125,1950,433990.41,PC_0320213069,Tacoma,WA,Duplex,2,,,
126,2019,1821097.50,PC_0320213103,Tacoma,WA,Apartment 5-8 Units,5,,,
127,1950,448694.73,PC_0320213114,Tacoma,WA,Duplex,2,,,
128,1951,555141.18,PC_0320271222,Tacoma,WA,Duplex,2,,,
129,1969,614384.66,PC_0320282023,Tacoma,WA,Duplex,2,,,
130,1950,600426.21,PC_0320284045,Tacoma,WA,Duplex,2,,,
131,1951,499946.72,PC_0320284046,Tacoma,WA,Duplex,2,,,
132,1982,485029.30,PC_0320307004,Tacoma,WA,Duplex,2,,,
133,1982,485029.30,PC_0320307005,Tacoma,WA,Duplex,2,,,
134,1982,485668.62,PC_0320307006,Tacoma,WA,Duplex,2,,,
135,1931,759509.86,PC_0320324076,Tacoma,WA,Duplex,2,,,
136,1979,805221.10,PC_0320326011,Tacoma,WA,Triplex,3,,,
137,1979,805221.10,PC_0320326012,Tacoma,WA,Triplex,3,,,
138,1979,803409.70,PC_0320326013,Tacoma,WA,Triplex,3,,,
139,1979,803409.70,PC_0320326014,Tacoma,WA,Triplex,3,,,
140,1958,515503.46,PC_0320328093,Tacoma,WA,Duplex,2,,,
141,1989,1510708.58,PC_0320332184,Tacoma,WA,Apartment 5-8 Units,8,,,
142,1925,767714.44,PC_0320333025,Tacoma,WA,Apartment 5-8 Units,5,,,
143,1951,705807.14,PC_0320335072,Tacoma,WA,Duplex,2,,,
144,2022,616728.82,PC_0320335073,Tacoma,WA,Duplex,2,,,
145,1910,636121.47,PC_0320336027,Tacoma,WA,Duplex,2,,,
146,2007,1100586.04,PC_0320336028,Tacoma,WA,Fourplex,4,,,
147,1986,719339.37,PC_0320338055,Tacoma,WA,Triplex,3,,,
148,1986,492381.46,PC_0320338056,Tacoma,WA,Duplex,2,,,
149,1986,717954.18,PC_0320338057,Tacoma,WA,Triplex,3,,,
150,1986,716036.23,PC_0320338058,Tacoma,WA,Triplex,3,,,
151,1940,341822.06,PC_0320347012,Tacoma,WA,Duplex,2,,,
152,1950,415876.40,PC_0320347013,Tacoma,WA,Duplex,2,,,
153,1950,431539.69,PC_0320347014,Tacoma,WA,Duplex,2,,,
154,1984,1249440.60,PC_0321238017,Tacoma,WA,Fourplex,4,,,
155,1984,1250825.79,PC_0321238018,Tacoma,WA,Fourplex,4,,,
156,1984,1303356.42,PC_0321238019,Tacoma,WA,Fourplex,4,,,
157,1984,1268833.24,PC_0321238020,Tacoma,WA,Fourplex,4,,,
158,1966,730740.54,PC_0321238028,Tacoma,WA,Duplex,2,,,
159,1939,773042.09,PC_0321256031,Tacoma,WA,Duplex,2,,,
160,1900,968886.52,PC_0321311003,Tacoma,WA,Duplex,2,,,
161,1951,759829.52,PC_0321311048,Tacoma,WA,Duplex,2,,,
162,1955,983164.62,PC_0321311064,Tacoma,WA,Triplex,3,,,
163,1934,1085988.28,PC_0321311165,Tacoma,WA,Duplex,2,,,
164,1950,823335.11,PC_0321311231,Tacoma,WA,Duplex,2,,,
165,1918,764837.51,PC_0321311259,Tacoma,WA,Triplex,3,,,
166,1961,682152.37,PC_0321313055,Tacoma,WA,Duplex,2,,,
167,1900,1177304.21,PC_0321315007,Tacoma,WA,Duplex,2,,,
168,1938,799467.23,PC_2000050090,Tacoma,WA,Apartment 5-8 Units,7,,,
169,1943,596696.86,PC_2000050100,Tacoma,WA,Apartment 5-8 Units,6,,,
170,1900,1356100.16,PC_2000050120,Tacoma,WA,Triplex,3,,,
171,1885,869579.12,PC_2000070020,Tacoma,WA,Apartment 5-8 Units,7,,,
172,1900,1080660.63,PC_2002060070,Tacoma,WA,Fourplex,4,,,
173,1998,849334.04,PC_2002090050,Tacoma,WA,Fourplex,4,,,
174,1981,1031326.58,PC_2002090120,Tacoma,WA,Apartment 5-8 Units,8,,,
175,1889,1021523.71,PC_2002130030,Tacoma,WA,Fourplex,4,,,
176,1895,763239.21,PC_2004180030,Tacoma,WA,Fourplex,4,,,
177,1908,736174.75,PC_2004180040,Tacoma,WA,Fourplex,4,,,
178,1925,667128.40,PC_2004250030,Tacoma,WA,Duplex,2,,,
179,1917,1414065.00,PC_2004250080,Tacoma,WA,Apartment 5-8 Units,6,,,
180,1909,869579.12,PC_2004260050,Tacoma,WA,Triplex,3,,,
181,1959,1462866.28,PC_2004260080,Tacoma,WA,Apartment 5-8 Units,8,,,
182,1900,1027597.23,PC_2004280040,Tacoma,WA,Fourplex,4,,,
183,1905,735002.66,PC_2004290020,Tacoma,WA,Duplex,2,,,
184,1909,847309.54,PC_2004290030,Tacoma,WA,Apartment 5-8 Units,8,,,
185,1910,715610.02,PC_2004290050,Tacoma,WA,Duplex,2,,,
186,1904,1030900.37,PC_2005130030,Tacoma,WA,Fourplex,4,,,
187,1910,1232605.22,PC_2005180010,Tacoma,WA,Apartment 5-8 Units,6,,,
188,1918,1278636.12,PC_2005190020,Tacoma,WA,Apartment 5-8 Units,7,,,
189,1904,665317.00,PC_2005270010,Tacoma,WA,Duplex,2,,,
190,1910,689824.19,PC_2005280060,Tacoma,WA,Duplex,2,,,
191,1910,665636.65,PC_2005290041,Tacoma,WA,Duplex,2,,,
192,1910,688119.34,PC_2005290042,Tacoma,WA,Duplex,2,,,
193,1926,598401.70,PC_2005310060,Tacoma,WA,Duplex,2,,,
194,1906,674054.34,PC_2005320013,Tacoma,WA,Duplex,2,,,
195,1904,1172722.43,PC_2006130010,Tacoma,WA,Apartment 5-8 Units,6,,,
196,1900,289078.32,PC_2006130040,Tacoma,WA,Duplex,2,,,
197,1905,528929.14,PC_2006140040,Tacoma,WA,Triplex,3,,,
198,1900,438252.53,PC_2006140050,Tacoma,WA,Duplex,2,,,
199,1900,477357.49,PC_2006140060,Tacoma,WA,Duplex,2,,,
200,1900,588598.83,PC_2006140070,Tacoma,WA,Apartment 5-8 Units,5,,,
201,1890,772722.43,PC_2006140080,Tacoma,WA,Fourplex,4,,,
202,1890,431433.14,PC_2006150040,Tacoma,WA,Duplex,2,,,
203,1905,1247842.30,PC_2006160060,Tacoma,WA,Apartment 5-8 Units,6,,,
204,1918,1341715.50,PC_2006170101,Tacoma,WA,Apartment 5-8 Units,7,,,
205,1890,690996.27,PC_2006180020,Tacoma,WA,Fourplex,4,,,
206,1949,1251145.44,PC_2006180030,Tacoma,WA,Fourplex,4,,,
207,1946,602024.51,PC_2006180040,Tacoma,WA,Duplex,2,,,
208,1892,387852.96,PC_2006210060,Tacoma,WA,Triplex,3,,,
209,1892,427064.46,PC_2006210070,Tacoma,WA,Duplex,2,,,
210,1892,579754.93,PC_2006210080,Tacoma,WA,Duplex,2,,,
211,1892,501012.25,PC_2006210090,Tacoma,WA,Fourplex,4,,,
212,1892,466702.18,PC_2006210110,Tacoma,WA,Duplex,2,,,
213,1926,545338.31,PC_2006260050,Tacoma,WA,Duplex,2,,,
214,1910,585295.68,PC_2006260060,Tacoma,WA,Duplex,2,,,
215,1910,631752.80,PC_2006260070,Tacoma,WA,Duplex,2,,,
216,1900,535428.88,PC_2006270010,Tacoma,WA,Triplex,3,,,
217,1903,499840.17,PC_2006270030,Tacoma,WA,Duplex,2,,,
218,1900,484496.54,PC_2006270040,Tacoma,WA,Duplex,2,,,
219,1903,914757.59,PC_2006270050,Tacoma,WA,Fourplex,4,,,
220,1905,445817.79,PC_2006270080,Tacoma,WA,Duplex,2,,,
221,1905,1064144.91,PC_2006280010,Tacoma,WA,Duplex,2,,,
222,1900,425466.17,PC_2006280020,Tacoma,WA,Duplex,2,,,
223,1951,511667.55,PC_2006280040,Tacoma,WA,Triplex,3,,,
224,1904,496856.69,PC_2006290050,Tacoma,WA,Duplex,2,,,
225,1904,498135.32,PC_2006310021,Tacoma,WA,Duplex,2,,,
226,1904,556632.92,PC_2006310022,Tacoma,WA,Duplex,2,,,
227,1905,566222.70,PC_2006310050,Tacoma,WA,Fourplex,4,,,
228,1905,432285.56,PC_2006310070,Tacoma,WA,Triplex,3,,,
229,1902,524560.47,PC_2006320020,Tacoma,WA,Duplex,2,,,
230,1902,543740.01,PC_2006320040,Tacoma,WA,Triplex,3,,,
231,1900,449973.36,PC_2006320050,Tacoma,WA,Duplex,2,,,
232,1900,437506.66,PC_2006320060,Tacoma,WA,Duplex,2,,,
233,1904,410335.64,PC_2006350010,Tacoma,WA,Duplex,2,,,
234,1904,365903.04,PC_2006350020,Tacoma,WA,Duplex,2,,,
235,1904,1019392.65,PC_2006350021,Tacoma,WA,Fourplex,4,,,
236,1900,512626.53,PC_2007160030,Tacoma,WA,Triplex,3,,,
237,1900,1033670.75,PC_2007160040,Tacoma,WA,Apartment 5-8 Units,6,,,
238,1923,474374.00,PC_2007160060,Tacoma,WA,Duplex,2,,,
239,1900,614171.55,PC_2007160070,Tacoma,WA,Triplex,3,,,
240,1900,500692.59,PC_2007170010,Tacoma,WA,Fourplex,4,,,
241,1968,1241875.33,PC_2007180030,Tacoma,WA,Apartment 5-8 Units,8,,,
242,1903,500372.94,PC_2007180060,Tacoma,WA,Duplex,2,,,
243,1908,528609.48,PC_2007200030,Tacoma,WA,Duplex,2,,,
244,1905,538945.13,PC_2007210023,Tacoma,WA,Triplex,3,,,
245,1900,510495.47,PC_2007220130,Tacoma,WA,Duplex,2,,,
246,1900,430580.71,PC_2007230040,Tacoma,WA,Duplex,2,,,
247,1916,569952.05,PC_2007240010,Tacoma,WA,Fourplex,4,,,
248,1916,532445.39,PC_2007240020,Tacoma,WA,Duplex,2,,,
249,1890,407565.26,PC_2007240030,Tacoma,WA,Duplex,2,,,
250,1890,597016.52,PC_2007240040,Tacoma,WA,Triplex,3,,,
251,1896,512839.64,PC_2007240064,Tacoma,WA,Duplex,2,,,
252,1895,415023.97,PC_2007240090,Tacoma,WA,Duplex,2,,,
253,1970,1089611.08,PC_2007240104,Tacoma,WA,Fourplex,4,,,
254,1946,603622.80,PC_2007250010,Tacoma,WA,Duplex,2,,,
255,1890,429408.63,PC_2007250040,Tacoma,WA,Duplex,2,,,
256,1905,551838.04,PC_2007260020,Tacoma,WA,Triplex,3,,,
257,1906,1161427.81,PC_2007270010,Tacoma,WA,Apartment 5-8 Units,5,,,
258,1902,603196.59,PC_2007270040,Tacoma,WA,Duplex,2,,,
259,1923,629302.08,PC_2007270060,Tacoma,WA,Triplex,3,,,
260,1923,612360.15,PC_2007270090,Tacoma,WA,Triplex,3,,,
261,1928,457751.73,PC_2007280020,Tacoma,WA,Triplex,3,,,
262,1900,559403.30,PC_2007280040,Tacoma,WA,Triplex,3,,,
263,1900,415450.19,PC_2007280100,Tacoma,WA,Duplex,2,,,
264,1903,499733.62,PC_2007310030,Tacoma,WA,Fourplex,4,,,
265,1952,510602.02,PC_2007310070,Tacoma,WA,Duplex,2,,,
266,1904,535322.32,PC_2007350020,Tacoma,WA,Triplex,3,,,
267,1890,939691.00,PC_2007350070,Tacoma,WA,Apartment 5-8 Units,6,,,
268,1900,1347256.26,PC_2008140010,Tacoma,WA,Fourplex,4,,,
269,1980,1321683.54,PC_2008160011,Tacoma,WA,Apartment 5-8 Units,8,,,
270,1907,1565476.82,PC_2008160031,Tacoma,WA,Apartment 5-8 Units,8,,,
271,1906,546723.49,PC_2008170020,Tacoma,WA,Duplex,2,,,
272,1900,709429.94,PC_2008170040,Tacoma,WA,Duplex,2,,,
273,1907,583271.18,PC_2008180020,Tacoma,WA,Fourplex,4,,,
274,1929,1400319.66,PC_2008180030,Tacoma,WA,Apartment 5-8 Units,7,,,
275,1910,639318.06,PC_2008200050,Tacoma,WA,Duplex,2,,,
276,1931,1172722.43,PC_2008210010,Tacoma,WA,Apartment 5-8 Units,7,,,
277,1928,1608843.90,PC_2008210020,Tacoma,WA,Apartment 5-8 Units,8,,,
278,1939,512093.77,PC_2008210030,Tacoma,WA,Duplex,2,,,
279,1900,467341.50,PC_2008230010,Tacoma,WA,Duplex,2,,,
280,1890,418753.33,PC_2008230040,Tacoma,WA,Duplex,2,,,
281,1895,440703.25,PC_2008230080,Tacoma,WA,Duplex,2,,,
282,1895,399893.45,PC_2008230100,Tacoma,WA,Duplex,2,,,
283,1895,504848.16,PC_2008240050,Tacoma,WA,Duplex,2,,,
284,1925,573574.85,PC_2008240070,Tacoma,WA,Duplex,2,,,
285,1890,570058.60,PC_2008240090,Tacoma,WA,Fourplex,4,,,
286,1900,705700.59,PC_2008240100,Tacoma,WA,Fourplex,4,,,
287,1890,505167.82,PC_2008250050,Tacoma,WA,Duplex,2,,,
288,1900,518806.61,PC_2008250080,Tacoma,WA,Triplex,3,,,
289,1890,471283.96,PC_2008260010,Tacoma,WA,Duplex,2,,,
290,1908,558231.22,PC_2008260110,Tacoma,WA,Duplex,2,,,
291,1923,412466.70,PC_2008270030,Tacoma,WA,Duplex,2,,,
292,1903,459776.24,PC_2008270060,Tacoma,WA,Duplex,2,,,
293,1909,2083537.56,PC_2008270080,Tacoma,WA,Apartment 5-8 Units,8,,,
294,1917,1168566.86,PC_2008280020,Tacoma,WA,Fourplex,4,,,
295,1908,450612.68,PC_2008280080,Tacoma,WA,Duplex,2,,,
296,1908,1797123.07,PC_2008280090,Tacoma,WA,Apartment 5-8 Units,6,,,
297,1922,738092.70,PC_2008290040,Tacoma,WA,Duplex,2,,,
298,1913,527863.61,PC_2008290060,Tacoma,WA,Duplex,2,,,
299,1905,608737.35,PC_2008290100,Tacoma,WA,Duplex,2,,,
300,1927,1082045.82,PC_2008300010,Tacoma,WA,Fourplex,4,,,
301,1909,570271.71,PC_2008300050,Tacoma,WA,Fourplex,4,,,
302,1916,501012.25,PC_2008300070,Tacoma,WA,Duplex,2,,,
303,1888,679914.76,PC_2008310010,Tacoma,WA,Fourplex,4,,,
304,1916,688758.66,PC_2008310020,Tacoma,WA,Fourplex,4,,,
305,1905,418859.88,PC_2008310070,Tacoma,WA,Duplex,2,,,
306,1900,425253.06,PC_2008330050,Tacoma,WA,Duplex,2,,,
307,1906,606606.29,PC_2008330080,Tacoma,WA,Duplex,2,,,
308,1951,491955.25,PC_2008330090,Tacoma,WA,Duplex,2,,,
309,1950,508364.41,PC_2008330100,Tacoma,WA,Duplex,2,,,
310,1905,677570.59,PC_2008350070,Tacoma,WA,Duplex,2,,,
311,1910,485135.86,PC_2008350090,Tacoma,WA,Duplex,2,,,
312,1915,522855.62,PC_2008350120,Tacoma,WA,Duplex,2,,,
313,1928,449120.94,PC_2009180030,Tacoma,WA,Duplex,2,,,
314,2023,1007458.71,PC_2009180050,Tacoma,WA,Duplex,2,,,
315,2023,1007458.71,PC_2009180060,Tacoma,WA,Duplex,2,,,
316,1912,1359509.86,PC_2009190012,Tacoma,WA,Apartment 5-8 Units,8,,,
317,2018,1010761.85,PC_2009190051,Tacoma,WA,Duplex,2,,,
318,2018,1010761.85,PC_2009190052,Tacoma,WA,Duplex,2,,,
319,1923,622908.90,PC_2009190070,Tacoma,WA,Fourplex,4,,,
320,1925,940010.66,PC_2009200080,Tacoma,WA,Apartment 5-8 Units,7,,,
321,1922,510388.92,PC_2009260010,Tacoma,WA,Triplex,3,,,
322,1915,487373.47,PC_2009260090,Tacoma,WA,Duplex,2,,,
323,1908,438039.42,PC_2009270100,Tacoma,WA,Duplex,2,,,
324,1908,594778.90,PC_2009270110,Tacoma,WA,Duplex,2,,,
325,1906,522429.41,PC_2009280020,Tacoma,WA,Duplex,2,,,
326,1904,541822.06,PC_2009280040,Tacoma,WA,Triplex,3,,,
327,1910,534896.11,PC_2009280130,Tacoma,WA,Duplex,2,,,
328,1900,558018.11,PC_2009280150,Tacoma,WA,Duplex,2,,,
329,1910,522216.30,PC_2009280170,Tacoma,WA,Duplex,2,,,
330,1910,505167.82,PC_2009290110,Tacoma,WA,Duplex,2,,,
331,1927,678316.46,PC_2009300030,Tacoma,WA,Triplex,3,,,
332,1907,439850.83,PC_2009300090,Tacoma,WA,Duplex,2,,,
333,1907,479381.99,PC_2009310020,Tacoma,WA,Duplex,2,,,
334,1908,716995.21,PC_2009320120,Tacoma,WA,Fourplex,4,,,
335,1962,885242.41,PC_2009330020,Tacoma,WA,Fourplex,4,,,
336,1910,669792.22,PC_2009330030,Tacoma,WA,Duplex,2,,,
337,1900,511987.21,PC_2009330040,Tacoma,WA,Duplex,2,,,
338,1907,469685.67,PC_2009330100,Tacoma,WA,Duplex,2,,,
339,1900,736494.41,PC_2009330151,Tacoma,WA,Triplex,3,,,
340,1929,586467.77,PC_2009340060,Tacoma,WA,Duplex,2,,,
341,1907,575812.47,PC_2009340100,Tacoma,WA,Triplex,3,,,
342,1918,539797.55,PC_2009360240,Tacoma,WA,Triplex,3,,,
343,2023,1363878.53,PC_2010160060,Tacoma,WA,Apartment 5-8 Units,6,,,
344,1890,421204.05,PC_2010170050,Tacoma,WA,Duplex,2,,,
345,1900,998934.47,PC_2010170063,Tacoma,WA,Apartment 5-8 Units,5,,,
346,1900,579754.93,PC_2010170070,Tacoma,WA,Apartment 5-8 Units,5,,,
347,1900,461694.19,PC_2010180030,Tacoma,WA,Duplex,2,,,
348,1980,1046989.88,PC_2011180020,Tacoma,WA,Fourplex,4,,,
349,1902,469685.67,PC_2011190090,Tacoma,WA,Triplex,3,,,
350,1947,346830.05,PC_2011240120,Tacoma,WA,Triplex,3,,,
351,1955,271390.52,PC_2011240160,Tacoma,WA,Duplex,2,,,
352,1955,271283.96,PC_2011240170,Tacoma,WA,Duplex,2,,,
353,1910,550346.30,PC_2011280030,Tacoma,WA,Triplex,3,,,
354,1915,1078103.36,PC_2011290050,Tacoma,WA,Apartment 5-8 Units,6,,,
355,1911,658923.81,PC_2011310073,Tacoma,WA,Fourplex,4,,,
356,1925,511667.55,PC_2011310090,Tacoma,WA,Triplex,3,,,
357,1900,501225.36,PC_2011330020,Tacoma,WA,Duplex,2,,,
358,1904,1437613.21,PC_2012130030,Tacoma,WA,Apartment 5-8 Units,8,,,
359,1910,465317.00,PC_2012160053,Tacoma,WA,Duplex,2,,,
360,1910,538305.81,PC_2012160070,Tacoma,WA,Duplex,2,,,
361,1904,475546.08,PC_2012170040,Tacoma,WA,Fourplex,4,,,
362,1895,623548.22,PC_2012180060,Tacoma,WA,Triplex,3,,,
363,1895,651038.89,PC_2012180070,Tacoma,WA,Triplex,3,,,
364,1900,479595.10,PC_2012190020,Tacoma,WA,Duplex,2,,,
365,1897,471923.28,PC_2012200020,Tacoma,WA,Duplex,2,,,
366,1913,557165.69,PC_2012340010,Tacoma,WA,Duplex,2,,,
367,1929,893979.75,PC_2012340020,Tacoma,WA,Duplex,2,,,
368,1900,351518.38,PC_2013090110,Tacoma,WA,Duplex,2,,,
369,1900,434736.28,PC_2013090120,Tacoma,WA,Duplex,2,,,
370,1890,733297.82,PC_2013100080,Tacoma,WA,Triplex,3,,,
371,1905,609376.66,PC_2013100110,Tacoma,WA,Triplex,3,,,
372,1940,919232.82,PC_2013170010,Tacoma,WA,Fourplex,4,,,
373,1900,485348.96,PC_2013180030,Tacoma,WA,Duplex,2,,,
374,1890,870324.99,PC_2013180040,Tacoma,WA,Fourplex,4,,,
375,1903,491422.48,PC_2013190020,Tacoma,WA,Triplex,3,,,
376,2015,1406180.07,PC_2013200010,Tacoma,WA,Fourplex,4,,,
377,1890,448801.28,PC_2013200080,Tacoma,WA,Duplex,2,,,
378,1908,444432.61,PC_2013230030,Tacoma,WA,Duplex,2,,,
379,1907,726584.98,PC_2013270060,Tacoma,WA,Duplex,2,,,
380,1979,595205.11,PC_2013270110,Tacoma,WA,Duplex,2,,,
381,1900,504954.71,PC_2013270120,Tacoma,WA,Duplex,2,,,
382,1908,455514.12,PC_2013270131,Tacoma,WA,Duplex,2,,,
383,1908,479488.55,PC_2013290010,Tacoma,WA,Duplex,2,,,
384,1971,1033351.09,PC_2013300031,Tacoma,WA,Duplex,2,,,
385,1908,490143.85,PC_2013300060,Tacoma,WA,Duplex,2,,,
386,1900,1115396.91,PC_2014130072,Tacoma,WA,Fourplex,4,,,
387,1900,1037826.32,PC_2014140095,Tacoma,WA,Apartment 5-8 Units,5,,,
388,1982,990942.99,PC_2014180021,Tacoma,WA,Fourplex,4,,,
389,1982,1114331.38,PC_2014180050,Tacoma,WA,Fourplex,4,,,
390,1900,768140.65,PC_2014200011,Tacoma,WA,Fourplex,4,,,
391,1900,503356.42,PC_2014200012,Tacoma,WA,Triplex,3,,,
392,2025,349813.53,PC_2014200072,Tacoma,WA,Apartment 5-8 Units,6,,,
393,1900,442621.20,PC_2014210051,Tacoma,WA,Duplex,2,,,
394,1915,1262013.85,PC_2014230080,Tacoma,WA,Duplex,2,,,
395,1900,457645.18,PC_2014250010,Tacoma,WA,Duplex,2,,,
396,1895,501864.68,PC_2014250032,Tacoma,WA,Duplex,2,,,
397,1905,591156.10,PC_2014270120,Tacoma,WA,Fourplex,4,,,
398,1907,471497.07,PC_2014270130,Tacoma,WA,Duplex,2,,,
399,1892,464997.34,PC_2014310180,Tacoma,WA,Duplex,2,,,
400,1965,644326.05,PC_2014320010,Tacoma,WA,Duplex,2,,,
401,1900,529248.80,PC_2015100170,Tacoma,WA,Duplex,2,,,
402,1980,1062440.06,PC_2015140010,Tacoma,WA,Fourplex,4,,,
403,1980,1036760.79,PC_2015140021,Tacoma,WA,Fourplex,4,,,
404,1895,433137.99,PC_2015140070,Tacoma,WA,Duplex,2,,,
405,1900,542461.37,PC_2015240031,Tacoma,WA,Duplex,2,,,
406,1908,478849.23,PC_2015250104,Tacoma,WA,Duplex,2,,,
407,1905,920831.11,PC_2015250111,Tacoma,WA,Fourplex,4,,,
408,1895,1013212.57,PC_2015270010,Tacoma,WA,Fourplex,4,,,
409,1900,610122.54,PC_2015270060,Tacoma,WA,Fourplex,4,,,
410,1917,911454.45,PC_2015290030,Tacoma,WA,Apartment 5-8 Units,6,,,
411,1979,617581.25,PC_2015290040,Tacoma,WA,Duplex,2,,,
412,1905,428449.65,PC_2015290260,Tacoma,WA,Duplex,2,,,
413,1908,1129035.70,PC_2016130010,Tacoma,WA,Apartment 5-8 Units,7,,,
414,1900,493660.10,PC_2016140040,Tacoma,WA,Duplex,2,,,
415,2021,1458710.71,PC_2016140050,Tacoma,WA,Duplex,2,,,
416,2021,1458710.71,PC_2016140060,Tacoma,WA,Duplex,2,,,
417,1980,963132.66,PC_2016140070,Tacoma,WA,Fourplex,4,,,
418,1900,517847.63,PC_2016150012,Tacoma,WA,Duplex,2,,,
419,1908,420458.18,PC_2016150050,Tacoma,WA,Duplex,2,,,
420,1906,450399.57,PC_2016150061,Tacoma,WA,Duplex,2,,,
421,1900,506020.25,PC_2016150062,Tacoma,WA,Duplex,2,,,
422,1895,502717.10,PC_2016240010,Tacoma,WA,Duplex,2,,,
423,1905,575812.47,PC_2016260060,Tacoma,WA,Duplex,2,,,
424,1910,424080.98,PC_2016270070,Tacoma,WA,Duplex,2,,,
425,1957,582525.31,PC_2016290070,Tacoma,WA,Duplex,2,,,
426,1915,511347.90,PC_2016300040,Tacoma,WA,Triplex,3,,,
427,1906,606286.63,PC_2016310012,Tacoma,WA,Duplex,2,,,
428,1908,807565.26,PC_2017130091,Tacoma,WA,Fourplex,4,,,
429,1908,617261.59,PC_2017130110,Tacoma,WA,Triplex,3,,,
430,1950,1152690.46,PC_2017150010,Tacoma,WA,Apartment 5-8 Units,7,,,
431,1908,1019286.09,PC_2017220060,Tacoma,WA,Fourplex,4,,,
432,1910,533937.13,PC_2017220090,Tacoma,WA,Duplex,2,,,
433,1971,570165.16,PC_2017280060,Tacoma,WA,Duplex,2,,,
434,1971,511667.55,PC_2017280070,Tacoma,WA,Duplex,2,,,
435,1910,570804.48,PC_2017310030,Tacoma,WA,Duplex,2,,,
436,1900,584443.26,PC_2018130010,Tacoma,WA,Duplex,2,,,
437,1980,858604.16,PC_2018140050,Tacoma,WA,Duplex,2,,,
438,1910,443367.08,PC_2018220010,Tacoma,WA,Duplex,2,,,
439,1905,455727.22,PC_2018240030,Tacoma,WA,Duplex,2,,,
440,1895,589877.46,PC_2018240060,Tacoma,WA,Duplex,2,,,
441,1905,812040.49,PC_2019090140,Tacoma,WA,Triplex,3,,,
442,1905,571870.01,PC_2019120150,Tacoma,WA,Duplex,2,,,
443,1906,718380.39,PC_2019120160,Tacoma,WA,Fourplex,4,,,
444,1955,1018646.78,PC_2019150010,Tacoma,WA,Fourplex,4,,,
445,1912,488012.79,PC_2019150050,Tacoma,WA,Triplex,3,,,
446,1900,521044.22,PC_2019150100,Tacoma,WA,Duplex,2,,,
447,1909,487266.92,PC_2019160021,Tacoma,WA,Duplex,2,,,
448,1916,584549.81,PC_2019160030,Tacoma,WA,Duplex,2,,,
449,1900,442301.55,PC_2019170070,Tacoma,WA,Duplex,2,,,
450,1915,592860.95,PC_2019170080,Tacoma,WA,Triplex,3,,,
451,1980,1034416.62,PC_2019170131,Tacoma,WA,Fourplex,4,,,
452,1981,1034416.62,PC_2019170141,Tacoma,WA,Fourplex,4,,,
453,1980,1018220.56,PC_2019170180,Tacoma,WA,Fourplex,4,,,
454,1950,625572.72,PC_2019260050,Tacoma,WA,Duplex,2,,,
455,1900,478209.91,PC_2020180110,Tacoma,WA,Duplex,2,,,
456,1908,542354.82,PC_2021140010,Tacoma,WA,Duplex,2,,,
457,1890,467980.82,PC_2021140040,Tacoma,WA,Duplex,2,,,
458,1910,516782.10,PC_2022130080,Tacoma,WA,Duplex,2,,,
459,1905,492701.12,PC_2023100040,Tacoma,WA,Duplex,2,,,
460,2024,1098881.19,PC_2023150082,Tacoma,WA,Duplex,2,,,
461,1981,1048694.73,PC_2024180013,Tacoma,WA,Fourplex,4,,,
462,1981,1085348.96,PC_2024180031,Tacoma,WA,Fourplex,4,,,
463,1981,1085348.96,PC_2024180041,Tacoma,WA,Fourplex,4,,,
464,1969,590836.44,PC_2024180050,Tacoma,WA,Duplex,2,,,
465,2025,1129355.35,PC_2024180061,Tacoma,WA,Apartment 5-8 Units,6,,,
466,2025,1129355.35,PC_2024180062,Tacoma,WA,Apartment 5-8 Units,6,,,
467,1980,1095471.50,PC_2024180070,Tacoma,WA,Fourplex,4,,,
468,2022,958444.33,PC_2025100040,Tacoma,WA,Duplex,2,,,
469,1917,731273.31,PC_2025110060,Tacoma,WA,Apartment 5-8 Units,5,,,
470,2023,2262653.17,PC_2025110072,Tacoma,WA,Apartment 5-8 Units,8,,,
471,1903,496430.47,PC_2025120020,Tacoma,WA,Duplex,2,,,
472,2023,1145551.41,PC_2025120042,Tacoma,WA,Duplex,2,,,
473,1895,655514.12,PC_2025120080,Tacoma,WA,Triplex,3,,,
474,1895,434629.73,PC_2025130100,Tacoma,WA,Duplex,2,,,
475,1995,754714.97,PC_2025130130,Tacoma,WA,Duplex,2,,,
476,2016,2300053.28,PC_2025150011,Tacoma,WA,Apartment 5-8 Units,7,,,
477,2026,212360.15,PC_2025160073,Tacoma,WA,Apartment 5-8 Units,6,,,
478,1903,616196.06,PC_2025180130,Tacoma,WA,Duplex,2,,,
479,1890,953862.55,PC_2032120020,Tacoma,WA,Fourplex,4,,,
480,1900,897815.66,PC_2032120030,Tacoma,WA,Fourplex,4,,,
481,1892,940543.42,PC_2032120040,Tacoma,WA,Fourplex,4,,,
482,1890,1527437.40,PC_2032120052,Tacoma,WA,Fourplex,4,,,
483,1890,788172.62,PC_2032140050,Tacoma,WA,Duplex,2,,,
484,1900,806925.95,PC_2032140070,Tacoma,WA,Duplex,2,,,
485,1903,622056.47,PC_2032160060,Tacoma,WA,Duplex,2,,,
486,1925,978689.40,PC_2032170020,Tacoma,WA,Duplex,2,,,
487,1904,1140649.97,PC_2032180010,Tacoma,WA,Apartment 5-8 Units,7,,,
488,1904,637080.45,PC_2032180020,Tacoma,WA,Duplex,2,,,
489,1969,1426957.91,PC_2032200020,Tacoma,WA,Apartment 5-8 Units,8,,,
490,1910,1482791.69,PC_2033070010,Tacoma,WA,Duplex,2,,,
491,1925,2452850.29,PC_2033090030,Tacoma,WA,Apartment 5-8 Units,6,,,
492,1956,950346.30,PC_2033120020,Tacoma,WA,Duplex,2,,,
493,1947,1047416.09,PC_2033120030,Tacoma,WA,Triplex,3,,,
494,1890,1606393.18,PC_2033120040,Tacoma,WA,Duplex,2,,,
495,1888,999786.89,PC_2033130040,Tacoma,WA,Fourplex,4,,,
496,1900,1729248.80,PC_2033130051,Tacoma,WA,Triplex,3,,,
497,1900,1018646.78,PC_2033140050,Tacoma,WA,Fourplex,4,,,
498,1975,1566648.91,PC_2033150020,Tacoma,WA,Apartment 5-8 Units,8,,,
499,1890,1023654.77,PC_2033150030,Tacoma,WA,Fourplex,4,,,
500,1909,3133937.13,PC_2033150040,Tacoma,WA,Apartment 5-8 Units,8,,,
501,1911,3067021.84,PC_2033150050,Tacoma,WA,Apartment 5-8 Units,8,,,
502,1890,1170271.71,PC_2033160020,Tacoma,WA,Fourplex,4,,,
503,1906,993074.05,PC_2033170030,Tacoma,WA,Triplex,3,,,
504,1900,1283857.22,PC_2033170040,Tacoma,WA,Fourplex,4,,,
505,1890,1324134.26,PC_2033180010,Tacoma,WA,Apartment 5-8 Units,7,,,
506,1890,708151.31,PC_2033180030,Tacoma,WA,Duplex,2,,,
507,1946,792221.63,PC_2033180040,Tacoma,WA,Triplex,3,,,
508,1905,879275.44,PC_2033180060,Tacoma,WA,Duplex,2,,,
509,1985,1285348.96,PC_2033190010,Tacoma,WA,Fourplex,4,,,
510,1910,843473.63,PC_2033200040,Tacoma,WA,Duplex,2,,,
511,1891,652956.85,PC_2033200080,Tacoma,WA,Fourplex,4,,,
512,1905,807565.26,PC_2033230010,Tacoma,WA,Triplex,3,,,
513,1905,683963.77,PC_2033230020,Tacoma,WA,Fourplex,4,,,
514,1910,1268726.69,PC_2033230040,Tacoma,WA,Fourplex,4,,,
515,1889,1035055.94,PC_2033230073,Tacoma,WA,Fourplex,4,,,
516,1900,689717.63,PC_2033250030,Tacoma,WA,Duplex,2,,,
517,1900,718060.74,PC_2033250040,Tacoma,WA,Duplex,2,,,
518,1890,1233670.75,PC_2034070020,Tacoma,WA,Fourplex,4,,,
519,1890,1132871.60,PC_2034070030,Tacoma,WA,Fourplex,4,,,
520,1890,1160042.62,PC_2034070040,Tacoma,WA,Fourplex,4,,,
521,1891,1357591.90,PC_2034080020,Tacoma,WA,Triplex,3,,,
522,1905,2223974.43,PC_2034090010,Tacoma,WA,Fourplex,4,,,
523,1896,1524986.68,PC_2034090030,Tacoma,WA,Duplex,2,,,
524,1890,1337133.72,PC_2034120010,Tacoma,WA,Fourplex,4,,,
525,1906,1302717.10,PC_2034120020,Tacoma,WA,Triplex,3,,,
526,1900,860202.45,PC_2034120030,Tacoma,WA,Duplex,2,,,
527,1943,992115.08,PC_2034120060,Tacoma,WA,Fourplex,4,,,
528,1890,1388918.49,PC_2034120070,Tacoma,WA,Fourplex,4,,,
529,1908,1255407.57,PC_2034140020,Tacoma,WA,Fourplex,4,,,
530,1903,833564.20,PC_2034150030,Tacoma,WA,Fourplex,4,,,
531,1890,1026531.70,PC_2034160010,Tacoma,WA,Triplex,3,,,
532,1890,982525.31,PC_2034160020,Tacoma,WA,Triplex,3,,,
533,1895,1085988.28,PC_2034160030,Tacoma,WA,Fourplex,4,,,
534,1905,971870.01,PC_2034190050,Tacoma,WA,Fourplex,4,,,
535,1955,1012360.15,PC_2034200010,Tacoma,WA,Duplex,2,,,
536,1900,627810.34,PC_2034210070,Tacoma,WA,Duplex,2,,,
537,1900,646350.56,PC_2034210080,Tacoma,WA,Duplex,2,,,
538,1891,732338.84,PC_2034220060,Tacoma,WA,Triplex,3,,,
539,1890,952477.36,PC_2034220070,Tacoma,WA,Fourplex,4,,,
540,1908,796909.96,PC_2034230020,Tacoma,WA,Duplex,2,,,
541,1900,667448.06,PC_2034230040,Tacoma,WA,Triplex,3,,,
542,1900,889717.63,PC_2034230070,Tacoma,WA,Fourplex,4,,,
543,1986,938732.02,PC_2034240080,Tacoma,WA,Apartment 5-8 Units,6,,,
544,1893,714118.27,PC_2034250030,Tacoma,WA,Fourplex,4,,,
545,1900,712200.32,PC_2034250040,Tacoma,WA,Duplex,2,,,
546,2005,1246563.67,PC_2034250051,Tacoma,WA,Fourplex,4,,,
547,1905,735428.88,PC_2034250052,Tacoma,WA,Triplex,3,,,
548,1905,629408.63,PC_2034250060,Tacoma,WA,Fourplex,4,,,
549,1955,1025359.62,PC_2034260093,Tacoma,WA,Fourplex,4,,,
550,1900,940969.63,PC_2034270011,Tacoma,WA,Fourplex,4,,,
551,1900,890996.27,PC_2034270060,Tacoma,WA,Fourplex,4,,,
552,1892,1935535.43,PC_2035080010,Tacoma,WA,Fourplex,4,,,
553,1892,1327543.95,PC_2035080020,Tacoma,WA,Fourplex,4,,,
554,1905,1417900.91,PC_2035090010,Tacoma,WA,Fourplex,4,,,
555,1890,1418220.56,PC_2035090050,Tacoma,WA,Triplex,3,,,
556,1890,1026318.59,PC_2035090070,Tacoma,WA,Fourplex,4,,,
557,1890,1978050.08,PC_2035110010,Tacoma,WA,Fourplex,4,,,
558,1900,1052530.63,PC_2035130031,Tacoma,WA,Triplex,3,,,
559,1890,1130740.54,PC_2035160010,Tacoma,WA,Triplex,3,,,
560,1902,709536.49,PC_2035160020,Tacoma,WA,Fourplex,4,,,
561,1890,1078103.36,PC_2035160030,Tacoma,WA,Fourplex,4,,,
562,1892,2065743.21,PC_2035160060,Tacoma,WA,Fourplex,4,,,
563,1900,1259989.34,PC_2035170010,Tacoma,WA,Fourplex,4,,,
564,1900,808204.58,PC_2035190020,Tacoma,WA,Duplex,2,,,
565,1904,727970.17,PC_2035190040,Tacoma,WA,Duplex,2,,,
566,1985,1157272.24,PC_2035200051,Tacoma,WA,Fourplex,4,,,
567,1909,2252956.85,PC_2035200070,Tacoma,WA,Apartment 5-8 Units,8,,,
568,1950,952797.02,PC_2035210020,Tacoma,WA,Apartment 5-8 Units,5,,,
569,1954,994139.58,PC_2035210030,Tacoma,WA,Fourplex,4,,,
570,1905,940010.66,PC_2035210050,Tacoma,WA,Fourplex,4,,,
571,1948,743953.12,PC_2035220030,Tacoma,WA,Duplex,2,,,
572,1908,767181.67,PC_2035220100,Tacoma,WA,Duplex,2,,,
573,1922,1013106.02,PC_2035230040,Tacoma,WA,Fourplex,4,,,
574,1901,899094.30,PC_2035240030,Tacoma,WA,Triplex,3,,,
575,1901,870538.09,PC_2035240050,Tacoma,WA,Fourplex,4,,,
576,1906,582418.75,PC_2035280030,Tacoma,WA,Duplex,2,,,
577,1915,674587.11,PC_2035320030,Tacoma,WA,Duplex,2,,,
578,1900,898668.09,PC_2035320050,Tacoma,WA,Triplex,3,,,
579,1890,1116782.10,PC_2036060033,Tacoma,WA,Triplex,3,,,
580,1908,1422376.13,PC_2036170050,Tacoma,WA,Fourplex,4,,,
581,1890,1257218.97,PC_2036180030,Tacoma,WA,Fourplex,4,,,
582,1890,834096.96,PC_2036180050,Tacoma,WA,Duplex,2,,,
583,1900,901971.23,PC_2036180060,Tacoma,WA,Fourplex,4,,,
584,1900,1021843.37,PC_2036190050,Tacoma,WA,Fourplex,4,,,
585,1950,888439.00,PC_2036190060,Tacoma,WA,Fourplex,4,,,
586,1890,1066062.87,PC_2036200050,Tacoma,WA,Fourplex,4,,,
587,1986,1209802.88,PC_2036200060,Tacoma,WA,Apartment 5-8 Units,6,,,
588,1902,809483.22,PC_2036210030,Tacoma,WA,Triplex,3,,,
589,1890,573042.09,PC_2036210050,Tacoma,WA,Duplex,2,,,
590,1925,807991.48,PC_2036220060,Tacoma,WA,Triplex,3,,,
591,1900,821630.26,PC_2036230050,Tacoma,WA,Triplex,3,,,
592,1903,890143.85,PC_2036240010,Tacoma,WA,Apartment 5-8 Units,6,,,
593,1953,703889.18,PC_2036240020,Tacoma,WA,Triplex,3,,,
594,1908,783377.73,PC_2036280080,Tacoma,WA,Duplex,2,,,
595,1911,950239.74,PC_2036290040,Tacoma,WA,Duplex,2,,,
596,1904,775492.81,PC_2036320010,Tacoma,WA,Triplex,3,,,
597,1963,1566329.25,PC_2036330040,Tacoma,WA,Apartment 5-8 Units,8,,,
598,1900,1189131.59,PC_2037170010,Tacoma,WA,Duplex,2,,,
599,1890,898454.98,PC_2037170020,Tacoma,WA,Duplex,2,,,
600,1961,1410761.85,PC_2037170050,Tacoma,WA,Apartment 5-8 Units,8,,,
601,1892,1046030.90,PC_2037180030,Tacoma,WA,Triplex,3,,,
602,1910,1339691.00,PC_2037200030,Tacoma,WA,Apartment 5-8 Units,8,,,
603,1965,1343846.56,PC_2037210020,Tacoma,WA,Apartment 5-8 Units,8,,,
604,1890,724134.26,PC_2037220010,Tacoma,WA,Duplex,2,,,
605,1892,810761.85,PC_2037220030,Tacoma,WA,Duplex,2,,,
606,1912,592434.74,PC_2037220080,Tacoma,WA,Duplex,2,,,
607,1910,1438785.30,PC_2037240040,Tacoma,WA,Fourplex,4,,,
608,1949,763878.53,PC_2037240080,Tacoma,WA,Apartment 5-8 Units,5,,,
609,1965,838039.42,PC_2037250020,Tacoma,WA,Triplex,3,,,
610,1890,942141.72,PC_2037290010,Tacoma,WA,Apartment 5-8 Units,6,,,
611,1962,983484.28,PC_2037290050,Tacoma,WA,Fourplex,4,,,
612,1902,722322.86,PC_2038160020,Tacoma,WA,Duplex,2,,,
613,1907,1396696.86,PC_2038170030,Tacoma,WA,Fourplex,4,,,
614,1890,779541.82,PC_2038180011,Tacoma,WA,Duplex,2,,,
615,1890,763665.42,PC_2038180012,Tacoma,WA,Duplex,2,,,
616,1979,1774107.62,PC_2038180071,Tacoma,WA,Apartment 5-8 Units,8,,,
617,1910,908790.62,PC_2038200030,Tacoma,WA,Triplex,3,,,
618,1895,790836.44,PC_2038210010,Tacoma,WA,Fourplex,4,,,
619,1890,1005221.10,PC_2038230060,Tacoma,WA,Fourplex,4,,,
620,1962,1142674.48,PC_2038240040,Tacoma,WA,Apartment 5-8 Units,8,,,
621,1890,663931.81,PC_2038270070,Tacoma,WA,Duplex,2,,,
622,1890,682472.03,PC_2038270080,Tacoma,WA,Duplex,2,,,
623,1890,757698.45,PC_2038280070,Tacoma,WA,Triplex,3,,,
624,1900,962173.68,PC_2038290050,Tacoma,WA,Duplex,2,,,
625,1903,785295.68,PC_2038310091,Tacoma,WA,Duplex,2,,,
626,1919,726798.08,PC_2038320010,Tacoma,WA,Duplex,2,,,
627,1975,713585.51,PC_2038330080,Tacoma,WA,Duplex,2,,,
628,1912,953969.10,PC_2039130020,Tacoma,WA,Duplex,2,,,
629,1909,1469685.67,PC_2039150022,Tacoma,WA,Fourplex,4,,,
630,1925,683644.11,PC_2039180060,Tacoma,WA,Duplex,2,,,
631,1910,1007032.50,PC_2039190011,Tacoma,WA,Triplex,3,,,
632,1995,1361854.02,PC_2039190021,Tacoma,WA,Duplex,2,,,
633,1911,892914.22,PC_2039240010,Tacoma,WA,Triplex,3,,,
634,1925,679488.55,PC_2039240020,Tacoma,WA,Duplex,2,,,
635,1909,895578.05,PC_2039250010,Tacoma,WA,Duplex,2,,,
636,1910,1253915.82,PC_2039250070,Tacoma,WA,Apartment 5-8 Units,6,,,
637,1978,1092914.22,PC_2039260010,Tacoma,WA,Fourplex,4,,,
638,1965,990942.99,PC_2039260020,Tacoma,WA,Apartment 5-8 Units,5,,,
639,1890,635695.26,PC_2039260060,Tacoma,WA,Duplex,2,,,
640,1961,739904.10,PC_2039280040,Tacoma,WA,Duplex,2,,,
641,1961,714651.04,PC_2039280050,Tacoma,WA,Duplex,2,,,
642,1926,640277.04,PC_2039300050,Tacoma,WA,Duplex,2,,,
643,1908,944166.22,PC_2039320060,Tacoma,WA,Duplex,2,,,
644,1977,687799.68,PC_2039340070,Tacoma,WA,Duplex,2,,,
645,1927,1903995.74,PC_2040110011,Tacoma,WA,Apartment 5-8 Units,6,,,
646,1927,1688225.89,PC_2040110012,Tacoma,WA,Apartment 5-8 Units,7,,,
647,1945,843260.52,PC_2040120010,Tacoma,WA,Fourplex,4,,,
648,1900,944272.78,PC_2040120030,Tacoma,WA,Duplex,2,,,
649,1908,1401704.85,PC_2040140070,Tacoma,WA,Fourplex,4,,,
650,1900,1293446.99,PC_2040170010,Tacoma,WA,Apartment 5-8 Units,6,,,
651,1927,751518.38,PC_2040170030,Tacoma,WA,Duplex,2,,,
652,1890,1075119.87,PC_2040180010,Tacoma,WA,Apartment 5-8 Units,5,,,
653,1900,786361.21,PC_2040180040,Tacoma,WA,Triplex,3,,,
654,1910,638678.74,PC_2040180064,Tacoma,WA,Duplex,2,,,
655,1955,862333.51,PC_2040210030,Tacoma,WA,Fourplex,4,,,
656,1994,1206712.84,PC_2040220012,Tacoma,WA,Fourplex,4,,,
657,1900,816941.93,PC_2040220020,Tacoma,WA,Fourplex,4,,,
658,1904,723175.28,PC_2040220030,Tacoma,WA,Duplex,2,,,
659,1895,815450.19,PC_2040230050,Tacoma,WA,Fourplex,4,,,
660,1950,1228982.42,PC_2040230080,Tacoma,WA,Apartment 5-8 Units,8,,,
661,1895,862759.72,PC_2040240010,Tacoma,WA,Fourplex,4,,,
662,1890,702717.10,PC_2040240060,Tacoma,WA,Duplex,2,,,
663,1900,693127.33,PC_2040250040,Tacoma,WA,Duplex,2,,,
664,1962,1186467.77,PC_2040250050,Tacoma,WA,Apartment 5-8 Units,8,,,
665,1967,1443793.29,PC_2040260080,Tacoma,WA,Apartment 5-8 Units,8,,,
666,1911,688332.45,PC_2040300070,Tacoma,WA,Duplex,2,,,
667,1920,510921.68,PC_2040300095,Tacoma,WA,Duplex,2,,,
668,1920,527650.51,PC_2040300096,Tacoma,WA,Duplex,2,,,
669,2020,1288119.34,PC_2041070010,Tacoma,WA,Duplex,2,,,
670,1926,787533.30,PC_2041120080,Tacoma,WA,Duplex,2,,,
671,1900,826957.91,PC_2041200040,Tacoma,WA,Duplex,2,,,
672,1909,1048588.17,PC_2041220010,Tacoma,WA,Fourplex,4,,,
673,1892,471816.73,PC_2041220070,Tacoma,WA,Duplex,2,,,
674,1890,768140.65,PC_2041230030,Tacoma,WA,Duplex,2,,,
675,1962,1142567.93,PC_2041230040,Tacoma,WA,Apartment 5-8 Units,8,,,
676,1967,1049760.26,PC_2041230050,Tacoma,WA,Apartment 5-8 Units,6,,,
677,1923,894938.73,PC_2041240060,Tacoma,WA,Apartment 5-8 Units,5,,,
678,1898,541182.74,PC_2041240070,Tacoma,WA,Duplex,2,,,
679,1900,967927.54,PC_2041260013,Tacoma,WA,Fourplex,4,,,
680,1890,733617.47,PC_2041280030,Tacoma,WA,Triplex,3,,,
681,1925,1466382.53,PC_2042150060,Tacoma,WA,Apartment 5-8 Units,8,,,
682,1920,878636.12,PC_2042150080,Tacoma,WA,Duplex,2,,,
683,1890,1436441.13,PC_2042180070,Tacoma,WA,Apartment 5-8 Units,7,,,
684,1950,595950.99,PC_2042190080,Tacoma,WA,Duplex,2,,,
685,1905,716462.44,PC_2042220021,Tacoma,WA,Duplex,2,,,
686,1910,780181.14,PC_2042220030,Tacoma,WA,Triplex,3,,,
687,1951,835801.81,PC_2042250010,Tacoma,WA,Triplex,3,,,
688,1962,827703.78,PC_2042250020,Tacoma,WA,Triplex,3,,,
689,1915,1141289.29,PC_2043160020,Tacoma,WA,Duplex,2,,,
690,1904,967927.54,PC_2043190020,Tacoma,WA,Triplex,3,,,
691,1903,780394.25,PC_2078100080,Tacoma,WA,Apartment 5-8 Units,7,,,
692,1925,590836.44,PC_2078360050,Tacoma,WA,Duplex,2,,,
693,1905,506126.80,PC_2079100010,Tacoma,WA,Duplex,2,,,
694,1954,406499.73,PC_2079100020,Tacoma,WA,Duplex,2,,,
695,1955,799041.02,PC_2079110010,Tacoma,WA,Apartment 5-8 Units,6,,,
696,1965,940223.76,PC_2079340020,Tacoma,WA,Apartment 5-8 Units,8,,,
697,1979,1609270.11,PC_2079360020,Tacoma,WA,Apartment 5-8 Units,8,,,
698,1979,800213.11,PC_2079400021,Tacoma,WA,Fourplex,4,,,
699,2025,1652210.97,PC_2079410022,Tacoma,WA,Duplex,2,,,
700,1905,515610.02,PC_2080070010,Tacoma,WA,Duplex,2,,,
701,1890,549387.32,PC_2080070050,Tacoma,WA,Duplex,2,,,
702,1895,463931.81,PC_2080070080,Tacoma,WA,Duplex,2,,,
703,1985,528609.48,PC_2080070090,Tacoma,WA,Duplex,2,,,
704,1989,716249.33,PC_2080090010,Tacoma,WA,Triplex,3,,,
705,1926,591582.31,PC_2080090060,Tacoma,WA,Duplex,2,,,
706,1979,506233.35,PC_2080100012,Tacoma,WA,Duplex,2,,,
707,1976,751944.59,PC_2080330041,Tacoma,WA,Duplex,2,,,
708,1979,865210.44,PC_2081260011,Tacoma,WA,Fourplex,4,,,
709,1967,1044539.16,PC_2082080030,Tacoma,WA,Fourplex,4,,,
710,1910,768460.31,PC_2082120030,Tacoma,WA,Triplex,3,,,
711,1951,1635162.49,PC_2082120050,Tacoma,WA,Apartment 5-8 Units,8,,,
712,1925,511241.34,PC_2082220011,Tacoma,WA,Duplex,2,,,
713,1979,953116.68,PC_2082220021,Tacoma,WA,Fourplex,4,,,
714,1899,676185.40,PC_2082220030,Tacoma,WA,Duplex,2,,,
715,1992,1118273.84,PC_2082240041,Tacoma,WA,Fourplex,4,,,
716,1992,1118273.84,PC_2082240042,Tacoma,WA,Fourplex,4,,,
717,1979,899413.96,PC_2082250011,Tacoma,WA,Fourplex,4,,,
718,1979,853915.82,PC_2082250012,Tacoma,WA,Fourplex,4,,,
719,1968,690356.95,PC_2082380032,Tacoma,WA,Triplex,3,,,
720,1895,452956.85,PC_2083050070,Tacoma,WA,Triplex,3,,,
721,1890,327224.29,PC_2083060040,Tacoma,WA,Duplex,2,,,
722,1979,957378.80,PC_2083070011,Tacoma,WA,Fourplex,4,,,
723,1921,442194.99,PC_2083070040,Tacoma,WA,Duplex,2,,,
724,1909,421630.26,PC_2083080010,Tacoma,WA,Duplex,2,,,
725,1890,607032.50,PC_2083200030,Tacoma,WA,Duplex,2,,,
726,1979,1477677.14,PC_2083200040,Tacoma,WA,Apartment 5-8 Units,8,,,
727,1976,846457.11,PC_2083220040,Tacoma,WA,Fourplex,4,,,
728,1979,860628.66,PC_2083230020,Tacoma,WA,Fourplex,4,,,
729,1911,528929.14,PC_2083240050,Tacoma,WA,Duplex,2,,,
730,1907,616409.16,PC_2083260040,Tacoma,WA,Duplex,2,,,
731,1905,735428.88,PC_2083260050,Tacoma,WA,Apartment 5-8 Units,6,,,
732,1900,654022.38,PC_2083270030,Tacoma,WA,Triplex,3,,,
733,1976,946936.60,PC_2083280080,Tacoma,WA,Fourplex,4,,,
734,1963,481299.95,PC_2083330270,Tacoma,WA,Duplex,2,,,
735,2023,2017155.03,PC_2084040040,Tacoma,WA,Apartment 5-8 Units,8,,,
736,1906,452743.74,PC_2084060040,Tacoma,WA,Duplex,2,,,
737,1913,533084.71,PC_2084070040,Tacoma,WA,Duplex,2,,,
738,2025,674480.55,PC_2084100080,Tacoma,WA,Apartment 5-8 Units,6,,,
739,1903,470857.75,PC_2084160020,Tacoma,WA,Duplex,2,,,
740,1976,945657.96,PC_2084210030,Tacoma,WA,Fourplex,4,,,
741,1903,567927.54,PC_2084240040,Tacoma,WA,Duplex,2,,,
742,1890,531273.31,PC_2084250030,Tacoma,WA,Duplex,2,,,
743,1890,397229.62,PC_2084250050,Tacoma,WA,Duplex,2,,,
744,1977,1055833.78,PC_2084260060,Tacoma,WA,Fourplex,4,,,
745,1980,835908.36,PC_2084270040,Tacoma,WA,Fourplex,4,,,
746,1900,522535.96,PC_2084300053,Tacoma,WA,Apartment 5-8 Units,5,,,
747,1905,673628.13,PC_2084300060,Tacoma,WA,Fourplex,4,,,
748,1946,471497.07,PC_2084330040,Tacoma,WA,Duplex,2,,,
749,1916,1520085.24,PC_2084360010,Tacoma,WA,Apartment 5-8 Units,8,,,
750,2016,1851145.44,PC_2085010011,Tacoma,WA,Apartment 5-8 Units,7,,,
751,2025,395098.56,PC_2085030030,Tacoma,WA,Fourplex,4,,,
752,1906,614171.55,PC_2085040020,Tacoma,WA,Triplex,3,,,
753,1947,530101.23,PC_2085090060,Tacoma,WA,Duplex,2,,,
754,1902,539584.44,PC_2085150010,Tacoma,WA,Duplex,2,,,
755,1924,526478.42,PC_2085150041,Tacoma,WA,Duplex,2,,,
756,1902,557698.45,PC_2085150062,Tacoma,WA,Duplex,2,,,
757,1941,450399.57,PC_2085160050,Tacoma,WA,Duplex,2,,,
758,1979,532765.05,PC_2085260070,Tacoma,WA,Duplex,2,,,
759,1975,489930.74,PC_2085310050,Tacoma,WA,Duplex,2,,,
760,1976,509110.28,PC_2085330040,Tacoma,WA,Duplex,2,,,
761,1977,756206.71,PC_2085340031,Tacoma,WA,Triplex,3,,,
762,1980,562493.34,PC_2085340060,Tacoma,WA,Duplex,2,,,
763,1976,527650.51,PC_2085350020,Tacoma,WA,Duplex,2,,,
764,1900,647096.43,PC_2085360020,Tacoma,WA,Duplex,2,,,
765,1950,570271.71,PC_2086090040,Tacoma,WA,Duplex,2,,,
766,1923,554288.76,PC_2086090050,Tacoma,WA,Duplex,2,,,
767,1980,489930.74,PC_2086210030,Tacoma,WA,Duplex,2,,,
768,1908,603090.04,PC_2086240020,Tacoma,WA,Duplex,2,,,
769,1910,547362.81,PC_2086260060,Tacoma,WA,Triplex,3,,,
770,1985,492594.57,PC_2086280020,Tacoma,WA,Duplex,2,,,
771,1976,460095.90,PC_2086350030,Tacoma,WA,Duplex,2,,,
772,1904,444645.71,PC_2087250060,Tacoma,WA,Duplex,2,,,
773,1980,850825.79,PC_2100500030,Tacoma,WA,Fourplex,4,,,
774,1980,825359.62,PC_2100500040,Tacoma,WA,Fourplex,4,,,
775,1940,510282.37,PC_2125000290,Tacoma,WA,Duplex,2,,,
776,1913,441449.12,PC_2155000610,Tacoma,WA,Duplex,2,,,
777,1976,657645.18,PC_2235000801,Tacoma,WA,Triplex,3,,,
778,1976,459456.58,PC_2235000802,Tacoma,WA,Duplex,2,,,
779,1976,658710.71,PC_2235000803,Tacoma,WA,Triplex,3,,,
780,1979,476824.72,PC_2235000950,Tacoma,WA,Duplex,2,,,
781,1981,1395205.11,PC_2235001082,Tacoma,WA,Apartment 5-8 Units,8,,,
782,1910,1013958.44,PC_2290000210,Tacoma,WA,Triplex,3,,,
783,1908,809376.66,PC_2290000220,Tacoma,WA,Duplex,2,,,
784,1914,503249.87,PC_2290000260,Tacoma,WA,Duplex,2,,,
785,1908,601385.19,PC_2290000560,Tacoma,WA,Duplex,2,,,
786,1976,1012999.47,PC_2290001170,Tacoma,WA,Triplex,3,,,
787,1910,1154608.42,PC_2290001360,Tacoma,WA,Fourplex,4,,,
788,1912,883004.79,PC_2290001460,Tacoma,WA,Duplex,2,,,
789,1911,869579.12,PC_2290001530,Tacoma,WA,Triplex,3,,,
790,1948,726691.53,PC_2290001630,Tacoma,WA,Duplex,2,,,
791,1909,636228.02,PC_2290001700,Tacoma,WA,Duplex,2,,,
792,1926,764411.29,PC_2300000123,Tacoma,WA,Duplex,2,,,
793,1917,686414.49,PC_2300002680,Tacoma,WA,Duplex,2,,,
794,1951,727757.06,PC_2300002900,Tacoma,WA,Duplex,2,,,
795,1970,1106446.46,PC_2300003090,Tacoma,WA,Triplex,3,,,
796,1954,769419.29,PC_2300003220,Tacoma,WA,Duplex,2,,,
797,1913,784443.26,PC_2300003350,Tacoma,WA,Duplex,2,,,
798,1976,730740.54,PC_2320001650,Tacoma,WA,Triplex,3,,,
799,1949,393500.27,PC_2320001880,Tacoma,WA,Duplex,2,,,
800,1912,480127.86,PC_2345000260,Tacoma,WA,Duplex,2,,,
801,1952,388385.72,PC_2390000343,Tacoma,WA,Duplex,2,,,
802,1908,495578.05,PC_2415000250,Tacoma,WA,Duplex,2,,,
803,1912,476078.85,PC_2415000350,Tacoma,WA,Duplex,2,,,
804,1958,486521.04,PC_2415000440,Tacoma,WA,Duplex,2,,,
805,1982,622695.79,PC_2415000450,Tacoma,WA,Duplex,2,,,
806,1927,546510.39,PC_2415000460,Tacoma,WA,Duplex,2,,,
807,1956,491102.82,PC_2430000630,Tacoma,WA,Duplex,2,,,
808,1915,530527.44,PC_2470000100,Tacoma,WA,Duplex,2,,,
809,1907,487266.92,PC_2475000010,Tacoma,WA,Duplex,2,,,
810,1908,574214.17,PC_2520200180,Tacoma,WA,Fourplex,4,,,
811,1951,607352.16,PC_2540000220,Tacoma,WA,Duplex,2,,,
812,1954,820990.94,PC_2540000320,Tacoma,WA,Duplex,2,,,
813,1910,616728.82,PC_2540000410,Tacoma,WA,Duplex,2,,,
814,1900,555673.95,PC_2545100660,Tacoma,WA,Duplex,2,,,
815,1908,631113.48,PC_2545100760,Tacoma,WA,Duplex,2,,,
816,1895,514011.72,PC_2545101340,Tacoma,WA,Fourplex,4,,,
817,1894,529248.80,PC_2545101420,Tacoma,WA,Duplex,2,,,
818,1895,542035.16,PC_2545101610,Tacoma,WA,Duplex,2,,,
819,1908,658284.50,PC_2550000050,Tacoma,WA,Duplex,2,,,
820,1910,733724.03,PC_2550000130,Tacoma,WA,Duplex,2,,,
821,1911,490889.72,PC_2590000410,Tacoma,WA,Duplex,2,,,
822,1940,488758.66,PC_2590000611,Tacoma,WA,Duplex,2,,,
823,1992,572615.88,PC_2590000641,Tacoma,WA,Duplex,2,,,
824,1992,573255.19,PC_2590000642,Tacoma,WA,Duplex,2,,,
825,1999,738732.02,PC_2620000050,Tacoma,WA,Duplex,2,,,
826,1966,1309643.05,PC_2620000760,Tacoma,WA,Apartment 5-8 Units,8,,,
827,1972,664997.34,PC_2620000770,Tacoma,WA,Duplex,2,,,
828,1972,664997.34,PC_2620000780,Tacoma,WA,Duplex,2,,,
829,1941,439318.06,PC_2625000292,Tacoma,WA,Duplex,2,,,
830,1900,1017581.25,PC_2645000550,Tacoma,WA,Triplex,3,,,
831,1900,794565.80,PC_2645000570,Tacoma,WA,Duplex,2,,,
832,1904,896963.24,PC_2645000700,Tacoma,WA,Triplex,3,,,
833,1970,774001.07,PC_2685000261,Tacoma,WA,Fourplex,4,,,
834,1970,824933.40,PC_2685000271,Tacoma,WA,Fourplex,4,,,
835,2005,792221.63,PC_2700000010,Tacoma,WA,Duplex,2,,,
836,1920,584123.60,PC_2700000280,Tacoma,WA,Duplex,2,,,
837,1891,662440.06,PC_2745000170,Tacoma,WA,Duplex,2,,,
838,1902,729248.80,PC_2745000480,Tacoma,WA,Duplex,2,,,
839,1907,719126.27,PC_2745000850,Tacoma,WA,Triplex,3,,,
840,1912,982418.75,PC_2745001495,Tacoma,WA,Fourplex,4,,,
841,1910,833564.20,PC_2745001950,Tacoma,WA,Fourplex,4,,,
842,1905,716675.55,PC_2745002060,Tacoma,WA,Duplex,2,,,
843,1907,625146.51,PC_2745002080,Tacoma,WA,Duplex,2,,,
844,1907,718060.74,PC_2745002100,Tacoma,WA,Duplex,2,,,
845,1916,852424.08,PC_2745002450,Tacoma,WA,Triplex,3,,,
846,1908,923601.49,PC_2745002530,Tacoma,WA,Apartment 5-8 Units,5,,,
847,1915,612360.15,PC_2745002680,Tacoma,WA,Duplex,2,,,
848,1976,644965.37,PC_2745003050,Tacoma,WA,Duplex,2,,,
849,1980,668513.59,PC_2745003160,Tacoma,WA,Duplex,2,,,
850,1905,629302.08,PC_2745003320,Tacoma,WA,Duplex,2,,,
851,1976,644432.61,PC_2745003370,Tacoma,WA,Duplex,2,,,
852,1946,781672.88,PC_2745003510,Tacoma,WA,Triplex,3,,,
853,1969,742035.16,PC_2745003670,Tacoma,WA,Duplex,2,,,
854,1903,743100.69,PC_2745003710,Tacoma,WA,Fourplex,4,,,
855,1950,655940.33,PC_2745003750,Tacoma,WA,Duplex,2,,,
856,1979,669472.56,PC_2745003990,Tacoma,WA,Duplex,2,,,
857,1907,696004.26,PC_2745004290,Tacoma,WA,Duplex,2,,,
858,1910,711028.24,PC_2745004550,Tacoma,WA,Triplex,3,,,
859,1936,740543.42,PC_2745004590,Tacoma,WA,Duplex,2,,,
860,1949,670431.54,PC_2745004790,Tacoma,WA,Duplex,2,,,
861,1904,666808.74,PC_2745004840,Tacoma,WA,Duplex,2,,,
862,1904,717954.18,PC_2745004880,Tacoma,WA,Duplex,2,,,
863,1914,1036014.92,PC_2745005180,Tacoma,WA,Fourplex,4,,,
864,1970,1020884.39,PC_2745005310,Tacoma,WA,Fourplex,4,,,
865,1910,636973.89,PC_2745005320,Tacoma,WA,Duplex,2,,,
866,1910,1063079.38,PC_2745005330,Tacoma,WA,Apartment 5-8 Units,5,,,
867,1910,952264.25,PC_2745005450,Tacoma,WA,Triplex,3,,,
868,1965,626744.81,PC_2745005640,Tacoma,WA,Duplex,2,,,
869,1925,781353.22,PC_2745005910,Tacoma,WA,Triplex,3,,,
870,1951,501971.23,PC_2760000550,Tacoma,WA,Duplex,2,,,
871,1910,507405.43,PC_2770000050,Tacoma,WA,Apartment 5-8 Units,5,,,
872,1949,718167.29,PC_2775000180,Tacoma,WA,Duplex,2,,,
873,1978,562919.55,PC_2785000030,Tacoma,WA,Duplex,2,,,
874,1896,387959.51,PC_2805000090,Tacoma,WA,Duplex,2,,,
875,1905,442194.99,PC_2805000620,Tacoma,WA,Duplex,2,,,
876,1977,557059.14,PC_2850000030,Tacoma,WA,Duplex,2,,,
877,1973,834096.96,PC_2890000181,Tacoma,WA,Fourplex,4,,,
878,1973,834096.96,PC_2890000182,Tacoma,WA,Fourplex,4,,,
879,1962,577091.10,PC_2890000190,Tacoma,WA,Duplex,2,,,
880,1962,577091.10,PC_2890000192,Tacoma,WA,Duplex,2,,,
881,1974,826212.04,PC_2890000203,Tacoma,WA,Fourplex,4,,,
882,1974,881832.71,PC_2890000204,Tacoma,WA,Fourplex,4,,,
883,1975,746084.18,PC_2890000211,Tacoma,WA,Fourplex,4,,,
884,2017,670538.09,PC_2890000213,Tacoma,WA,Duplex,2,,,
885,2017,626105.49,PC_2890000214,Tacoma,WA,Duplex,2,,,
886,2016,2311347.90,PC_2890000272,Tacoma,WA,Apartment 5-8 Units,8,,,
887,2016,2311347.90,PC_2890000282,Tacoma,WA,Apartment 5-8 Units,8,,,
888,1978,832179.01,PC_2890000294,Tacoma,WA,Fourplex,4,,,
889,1978,832179.01,PC_2890000295,Tacoma,WA,Fourplex,4,,,
890,1978,837719.77,PC_2890000296,Tacoma,WA,Fourplex,4,,,
891,1963,429515.18,PC_2890000301,Tacoma,WA,Duplex,2,,,
892,2008,652104.42,PC_2890000312,Tacoma,WA,Duplex,2,,,
893,2008,651465.10,PC_2890000313,Tacoma,WA,Duplex,2,,,
894,2008,2364837.51,PC_2890000321,Tacoma,WA,Apartment 5-8 Units,8,,,
895,1968,491742.14,PC_2890000371,Tacoma,WA,Duplex,2,,,
896,2005,2069152.90,PC_2890000412,Tacoma,WA,Apartment 5-8 Units,7,,,
897,2006,917101.76,PC_2890000443,Tacoma,WA,Fourplex,4,,,
898,1970,782205.65,PC_2890000502,Tacoma,WA,Fourplex,4,,,
899,1970,780927.01,PC_2890000503,Tacoma,WA,Fourplex,4,,,
900,1986,700586.04,PC_2890000511,Tacoma,WA,Triplex,3,,,
901,1988,579328.72,PC_2890000512,Tacoma,WA,Triplex,3,,,
902,1973,796057.54,PC_2890000520,Tacoma,WA,Fourplex,4,,,
903,1973,813851.89,PC_2890000530,Tacoma,WA,Fourplex,4,,,
904,2003,533510.92,PC_2890000597,Tacoma,WA,Duplex,2,,,
905,1976,829621.74,PC_2890000780,Tacoma,WA,Fourplex,4,,,
906,2021,1238465.64,PC_2890000864,Tacoma,WA,Apartment 5-8 Units,5,,,
907,1972,1311880.66,PC_2890000890,Tacoma,WA,Apartment 5-8 Units,6,,,
908,1972,777197.66,PC_2890000940,Tacoma,WA,Fourplex,4,,,
909,2008,663292.49,PC_2890000972,Tacoma,WA,Duplex,2,,,
910,2008,683644.11,PC_2890000973,Tacoma,WA,Duplex,2,,,
911,2008,663292.49,PC_2890000974,Tacoma,WA,Duplex,2,,,
912,2008,1124134.26,PC_2890000980,Tacoma,WA,Duplex,2,,,
913,2022,1930740.54,PC_2890000990,Tacoma,WA,Apartment 5-8 Units,7,,,
914,2004,579435.27,PC_2890000991,Tacoma,WA,Duplex,2,,,
915,1995,878103.36,PC_2890001042,Tacoma,WA,Fourplex,4,,,
916,2005,2123175.28,PC_2890001050,Tacoma,WA,Apartment 5-8 Units,7,,,
917,2005,2069152.90,PC_2890001061,Tacoma,WA,Apartment 5-8 Units,7,,,
918,1987,572935.54,PC_2890001090,Tacoma,WA,Duplex,2,,,
919,1968,492381.46,PC_2890001112,Tacoma,WA,Duplex,2,,,
920,2008,1641875.33,PC_2890001155,Tacoma,WA,Apartment 5-8 Units,6,,,
921,2008,1641981.89,PC_2890001156,Tacoma,WA,Apartment 5-8 Units,6,,,
922,2008,2364837.51,PC_2890001181,Tacoma,WA,Apartment 5-8 Units,8,,,
923,2008,578050.08,PC_2890001201,Tacoma,WA,Duplex,2,,,
924,1965,526478.42,PC_2890001217,Tacoma,WA,Duplex,2,,,
925,1965,526478.42,PC_2890001218,Tacoma,WA,Duplex,2,,,
926,1994,995631.33,PC_2890001221,Tacoma,WA,Duplex,2,,,
927,1994,592008.52,PC_2890001231,Tacoma,WA,Duplex,2,,,
928,1962,436121.47,PC_2890001260,Tacoma,WA,Duplex,2,,,
929,2008,642621.20,PC_2890001311,Tacoma,WA,Duplex,2,,,
930,2008,643793.29,PC_2890001312,Tacoma,WA,Duplex,2,,,
931,2008,642727.76,PC_2890001315,Tacoma,WA,Duplex,2,,,
932,2008,643793.29,PC_2890001316,Tacoma,WA,Duplex,2,,,
933,1979,864464.57,PC_2890001352,Tacoma,WA,Triplex,3,,,
934,2006,1775066.60,PC_2890001441,Tacoma,WA,Duplex,2,,,
935,2002,664677.68,PC_2890001442,Tacoma,WA,Duplex,2,,,
936,1966,815663.29,PC_2890001451,Tacoma,WA,Triplex,3,,,
937,2018,1967288.23,PC_2890001540,Tacoma,WA,Apartment 5-8 Units,7,,,
938,1971,498774.64,PC_2890001581,Tacoma,WA,Duplex,2,,,
939,1971,493660.10,PC_2890001583,Tacoma,WA,Duplex,2,,,
940,1971,542035.16,PC_2890001584,Tacoma,WA,Duplex,2,,,
941,1962,526584.98,PC_2890001592,Tacoma,WA,Duplex,2,,,
942,2008,245285.03,PC_2890001610,Tacoma,WA,Apartment 5-8 Units,8,,,
943,1959,531379.86,PC_2890001660,Tacoma,WA,Duplex,2,,,
944,2008,499413.96,PC_2890001812,Tacoma,WA,Duplex,2,,,
945,2008,499413.96,PC_2890001813,Tacoma,WA,Duplex,2,,,
946,2008,498668.09,PC_2890001832,Tacoma,WA,Duplex,2,,,
947,2008,498668.09,PC_2890001833,Tacoma,WA,Duplex,2,,,
948,2008,814171.55,PC_2890001872,Tacoma,WA,Duplex,2,,,
949,2008,645391.58,PC_2890001884,Tacoma,WA,Duplex,2,,,
950,2012,696430.47,PC_2890001885,Tacoma,WA,Duplex,2,,,
951,1949,520298.35,PC_2890001910,Tacoma,WA,Duplex,2,,,
952,2015,1413745.34,PC_2890001920,Tacoma,WA,Apartment 5-8 Units,6,,,
953,1979,647629.20,PC_2890002260,Tacoma,WA,Duplex,2,,,
954,1965,829195.52,PC_2890002331,Tacoma,WA,Duplex,2,,,
955,1977,506979.22,PC_2890002401,Tacoma,WA,Duplex,2,,,
956,2024,1755034.63,PC_2890002483,Tacoma,WA,Apartment 5-8 Units,8,,,
957,2022,950239.74,PC_2890002502,Tacoma,WA,Duplex,2,,,
958,2022,950239.74,PC_2890002503,Tacoma,WA,Duplex,2,,,
959,1972,547149.71,PC_2890002536,Tacoma,WA,Duplex,2,,,
960,2006,1040809.80,PC_2890002543,Tacoma,WA,Duplex,2,,,
961,1981,776878.00,PC_2890002600,Tacoma,WA,Fourplex,4,,,
962,2014,1242940.86,PC_2890002630,Tacoma,WA,Apartment 5-8 Units,6,,,
963,1941,458391.05,PC_2890002645,Tacoma,WA,Duplex,2,,,
964,2007,496004.26,PC_2890002646,Tacoma,WA,Duplex,2,,,
965,1900,434523.18,PC_2890002650,Tacoma,WA,Duplex,2,,,
966,2007,616515.72,PC_2890002691,Tacoma,WA,Duplex,2,,,
967,2007,615450.19,PC_2890002692,Tacoma,WA,Duplex,2,,,
968,2007,616515.72,PC_2890002701,Tacoma,WA,Duplex,2,,,
969,2007,615450.19,PC_2890002702,Tacoma,WA,Duplex,2,,,
970,2006,1058710.71,PC_2890002710,Tacoma,WA,Duplex,2,,,
971,2006,1050506.13,PC_2890002721,Tacoma,WA,Duplex,2,,,
972,2006,1050506.13,PC_2890002731,Tacoma,WA,Duplex,2,,,
973,2006,1050506.13,PC_2890002732,Tacoma,WA,Duplex,2,,,
974,1971,1028343.10,PC_2890002750,Tacoma,WA,Fourplex,4,,,
975,1969,730527.44,PC_2890002780,Tacoma,WA,Fourplex,4,,,
976,2002,632072.46,PC_2890002940,Tacoma,WA,Duplex,2,,,
977,2002,1050506.13,PC_2890002975,Tacoma,WA,Apartment 5-8 Units,5,,,
978,2008,642514.65,PC_2890002982,Tacoma,WA,Duplex,2,,,
979,1979,819818.86,PC_2890002990,Tacoma,WA,Fourplex,4,,,
980,2006,648161.96,PC_2890003002,Tacoma,WA,Duplex,2,,,
981,1995,1465956.31,PC_2890003022,Tacoma,WA,Apartment 5-8 Units,8,,,
982,2008,666489.08,PC_2890003031,Tacoma,WA,Duplex,2,,,
983,1976,580394.25,PC_2890003041,Tacoma,WA,Triplex,3,,,
984,1978,471177.41,PC_2890003120,Tacoma,WA,Duplex,2,,,
985,2004,995311.67,PC_2890003322,Tacoma,WA,Fourplex,4,,,
986,2004,995311.67,PC_2890003323,Tacoma,WA,Fourplex,4,,,
987,1903,455940.33,PC_2895000350,Tacoma,WA,Duplex,2,,,
988,1890,623441.66,PC_2910000091,Tacoma,WA,Duplex,2,,,
989,1950,459563.13,PC_2930000151,Tacoma,WA,Duplex,2,,,
990,1980,778156.63,PC_2930000162,Tacoma,WA,Triplex,3,,,
991,1977,490037.29,PC_2930000173,Tacoma,WA,Duplex,2,,,
992,1977,490037.29,PC_2930000174,Tacoma,WA,Duplex,2,,,
993,1977,476505.06,PC_2930000179,Tacoma,WA,Duplex,2,,,
994,1996,780607.35,PC_2930000190,Tacoma,WA,Triplex,3,,,
995,1905,738305.81,PC_2945000020,Tacoma,WA,Triplex,3,,,
996,1963,433137.99,PC_2945000030,Tacoma,WA,Duplex,2,,,
997,1972,489504.53,PC_2965000324,Tacoma,WA,Duplex,2,,,
998,1972,482578.58,PC_2965000326,Tacoma,WA,Duplex,2,,,
999,1983,482685.14,PC_2965000460,Tacoma,WA,Duplex,2,,,
1000,1983,484070.32,PC_2965000471,Tacoma,WA,Duplex,2,,,
1001,1970,329994.67,PC_2980000130,Tacoma,WA,Apartment 5-8 Units,6,,,
1002,1919,585828.45,PC_2980000631,Tacoma,WA,Triplex,3,,,
1003,1976,684283.43,PC_2980000632,Tacoma,WA,Duplex,2,,,
1004,1979,835482.15,PC_2980000651,Tacoma,WA,Fourplex,4,,,
1005,1979,836121.47,PC_2980000652,Tacoma,WA,Fourplex,4,,,
1006,1979,840383.59,PC_2980000661,Tacoma,WA,Fourplex,4,,,
1007,1979,840383.59,PC_2980000662,Tacoma,WA,Fourplex,4,,,
1008,1979,858177.94,PC_2980000663,Tacoma,WA,Fourplex,4,,,
1009,1979,854661.69,PC_2980000664,Tacoma,WA,Fourplex,4,,,
1010,1979,836121.47,PC_2980000671,Tacoma,WA,Fourplex,4,,,
1011,1979,868193.93,PC_2980000672,Tacoma,WA,Fourplex,4,,,
1012,1965,1255194.46,PC_2980000700,Tacoma,WA,Apartment 5-8 Units,8,,,
1013,1979,1072669.15,PC_2980000720,Tacoma,WA,Apartment 5-8 Units,8,,,
1014,1895,496537.03,PC_3010000060,Tacoma,WA,Duplex,2,,,
1015,1910,591156.10,PC_3075000150,Tacoma,WA,Duplex,2,,,
1016,1905,542141.72,PC_3075000200,Tacoma,WA,Duplex,2,,,
1017,1963,451252.00,PC_3080000010,Tacoma,WA,Duplex,2,,,
1018,1926,687160.36,PC_3160000020,Tacoma,WA,Triplex,3,,,
1019,2023,1965263.72,PC_3175000480,Tacoma,WA,Fourplex,4,,,
1020,2023,1969206.18,PC_3175000550,Tacoma,WA,Fourplex,4,,,
1021,1921,976238.68,PC_3195000070,Tacoma,WA,Fourplex,4,,,
1022,1978,1673841.24,PC_3200000370,Tacoma,WA,Apartment 5-8 Units,8,,,
1023,1929,686840.70,PC_3245000170,Tacoma,WA,Duplex,2,,,
1024,1900,624720.30,PC_3245000370,Tacoma,WA,Duplex,2,,,
1025,1916,576771.44,PC_3245000760,Tacoma,WA,Duplex,2,,,
1026,1925,659350.03,PC_3245000770,Tacoma,WA,Duplex,2,,,
1027,1890,641449.12,PC_3245000780,Tacoma,WA,Duplex,2,,,
1028,1912,652743.74,PC_3245000890,Tacoma,WA,Duplex,2,,,
1029,1912,628556.21,PC_3245000900,Tacoma,WA,Triplex,3,,,
1030,1960,1272562.60,PC_3245000920,Tacoma,WA,Apartment 5-8 Units,8,,,
1031,1895,643367.08,PC_3245001000,Tacoma,WA,Duplex,2,,,
1032,1981,961960.58,PC_3245001010,Tacoma,WA,Fourplex,4,,,
1033,1900,789451.25,PC_3245001160,Tacoma,WA,Triplex,3,,,
1034,1903,861694.19,PC_3245001250,Tacoma,WA,Duplex,2,,,
1035,1906,732019.18,PC_3245001290,Tacoma,WA,Duplex,2,,,
1036,1910,679168.89,PC_3245001500,Tacoma,WA,Duplex,2,,,
1037,1909,677890.25,PC_3245001510,Tacoma,WA,Duplex,2,,,
1038,1927,860948.32,PC_3245001660,Tacoma,WA,Duplex,2,,,
1039,1900,597336.17,PC_3245001670,Tacoma,WA,Duplex,2,,,
1040,1908,729568.46,PC_3245001900,Tacoma,WA,Duplex,2,,,
1041,1904,621736.81,PC_3245002110,Tacoma,WA,Duplex,2,,,
1042,1956,1284709.64,PC_3245002261,Tacoma,WA,Apartment 5-8 Units,8,,,
1043,1890,597655.83,PC_3245002280,Tacoma,WA,Duplex,2,,,
1044,1906,590090.57,PC_3245002310,Tacoma,WA,Duplex,2,,,
1045,1905,785295.68,PC_3245002330,Tacoma,WA,Duplex,2,,,
1046,1953,922003.20,PC_3245002340,Tacoma,WA,Triplex,3,,,
1047,1900,874587.11,PC_3245002370,Tacoma,WA,Apartment 5-8 Units,6,,,
1048,1890,597868.94,PC_3245002470,Tacoma,WA,Duplex,2,,,
1049,1914,565263.72,PC_3245002940,Tacoma,WA,Duplex,2,,,
1050,1912,586148.11,PC_3245002950,Tacoma,WA,Duplex,2,,,
1051,1907,578369.74,PC_3245003100,Tacoma,WA,Duplex,2,,,
1052,1900,646030.90,PC_3245003191,Tacoma,WA,Duplex,2,,,
1053,1906,632605.22,PC_3245003340,Tacoma,WA,Fourplex,4,,,
1054,1912,449227.49,PC_3245003350,Tacoma,WA,Duplex,2,,,
1055,1951,579968.03,PC_3245003800,Tacoma,WA,Duplex,2,,,
1056,1910,579861.48,PC_3245004090,Tacoma,WA,Fourplex,4,,,
1057,1977,613532.23,PC_3245004300,Tacoma,WA,Duplex,2,,,
1058,1979,581246.67,PC_3245004351,Tacoma,WA,Duplex,2,,,
1059,1916,550985.62,PC_3245004390,Tacoma,WA,Duplex,2,,,
1060,1945,584123.60,PC_3245004480,Tacoma,WA,Duplex,2,,,
1061,1906,572615.88,PC_3245004500,Tacoma,WA,Duplex,2,,,
1062,1890,580287.69,PC_3245004570,Tacoma,WA,Duplex,2,,,
1063,1993,693233.88,PC_3245004670,Tacoma,WA,Duplex,2,,,
1064,2002,962919.55,PC_3245004720,Tacoma,WA,Duplex,2,,,
1065,1976,572296.22,PC_3245004840,Tacoma,WA,Duplex,2,,,
1066,1907,676611.61,PC_3245004880,Tacoma,WA,Fourplex,4,,,
1067,1967,651465.10,PC_3245004970,Tacoma,WA,Duplex,2,,,
1068,1890,626318.59,PC_3245005560,Tacoma,WA,Triplex,3,,,
1069,1908,476931.27,PC_3245006160,Tacoma,WA,Duplex,2,,,
1070,1950,641555.67,PC_3245006220,Tacoma,WA,Duplex,2,,,
1071,1905,493766.65,PC_3245006290,Tacoma,WA,Duplex,2,,,
1072,1971,625146.51,PC_3245006320,Tacoma,WA,Duplex,2,,,
1073,1981,738518.91,PC_3245006730,Tacoma,WA,Duplex,2,,,
1074,1991,697176.35,PC_3245006830,Tacoma,WA,Duplex,2,,,
1075,1920,591795.42,PC_3245006990,Tacoma,WA,Duplex,2,,,
1076,1920,567501.33,PC_3245007000,Tacoma,WA,Duplex,2,,,
1077,1906,652637.19,PC_3245007050,Tacoma,WA,Triplex,3,,,
1078,1910,601172.08,PC_3245007070,Tacoma,WA,Duplex,2,,,
1079,1910,488439.00,PC_3245007080,Tacoma,WA,Duplex,2,,,
1080,1947,533404.37,PC_3245007460,Tacoma,WA,Duplex,2,,,
1081,1948,601811.40,PC_3245007500,Tacoma,WA,Duplex,2,,,
1082,1957,558337.77,PC_3245007520,Tacoma,WA,Duplex,2,,,
1083,1895,567181.67,PC_3245008080,Tacoma,WA,Duplex,2,,,
1084,1908,694832.18,PC_3245008100,Tacoma,WA,Duplex,2,,,
1085,1902,684922.75,PC_3245008110,Tacoma,WA,Apartment 5-8 Units,5,,,
1086,1910,498241.88,PC_3345200080,Tacoma,WA,Duplex,2,,,
1087,1921,637506.66,PC_3450002650,Tacoma,WA,Duplex,2,,,
1088,1950,636760.79,PC_3475000040,Tacoma,WA,Duplex,2,,,
1089,1911,528929.14,PC_3475000230,Tacoma,WA,Duplex,2,,,
1090,1950,558018.11,PC_3480000143,Tacoma,WA,Duplex,2,,,
1091,1973,1040383.59,PC_3590000120,Tacoma,WA,Fourplex,4,,,
1092,1921,544272.78,PC_3590000150,Tacoma,WA,Duplex,2,,,
1093,1925,691529.04,PC_3590000250,Tacoma,WA,Duplex,2,,,
1094,1975,613745.34,PC_3635000021,Tacoma,WA,Duplex,2,,,
1095,1975,613745.34,PC_3635000031,Tacoma,WA,Duplex,2,,,
1096,1979,549600.43,PC_3690000493,Tacoma,WA,Duplex,2,,,
1097,1900,569632.39,PC_3695000110,Tacoma,WA,Triplex,3,,,
1098,1981,459989.34,PC_3815000090,Tacoma,WA,Duplex,2,,,
1099,1926,844006.39,PC_3815000110,Tacoma,WA,Apartment 5-8 Units,8,,,
1100,1939,420671.28,PC_3825000240,Tacoma,WA,Duplex,2,,,
1101,1969,768247.20,PC_3825000630,Tacoma,WA,Duplex,2,,,
1102,1910,482365.48,PC_3830000020,Tacoma,WA,Duplex,2,,,
1103,1911,485455.51,PC_3830200010,Tacoma,WA,Fourplex,4,,,
1104,1908,439318.06,PC_3830200110,Tacoma,WA,Duplex,2,,,
1105,1909,485562.07,PC_3830200150,Tacoma,WA,Duplex,2,,,
1106,1896,765370.27,PC_3830200311,Tacoma,WA,Duplex,2,,,
1107,1976,762493.34,PC_3830200400,Tacoma,WA,Apartment 5-8 Units,5,,,
1108,1981,977623.87,PC_3830200460,Tacoma,WA,Fourplex,4,,,
1109,1905,509643.05,PC_3830200670,Tacoma,WA,Duplex,2,,,
1110,1894,471816.73,PC_3830200800,Tacoma,WA,Duplex,2,,,
1111,1910,672136.39,PC_3830200810,Tacoma,WA,Duplex,2,,,
1112,1910,600426.21,PC_3830200840,Tacoma,WA,Triplex,3,,,
1113,1908,548428.34,PC_3830200870,Tacoma,WA,Duplex,2,,,
1114,1951,605434.20,PC_3900000120,Tacoma,WA,Duplex,2,,,
1115,1961,686414.49,PC_3900000900,Tacoma,WA,Duplex,2,,,
1116,1927,613212.57,PC_3900001110,Tacoma,WA,Duplex,2,,,
1117,1957,711028.24,PC_3900001281,Tacoma,WA,Apartment 5-8 Units,5,,,
1118,1918,529781.57,PC_3900001300,Tacoma,WA,Duplex,2,,,
1119,1951,588918.49,PC_3900001600,Tacoma,WA,Duplex,2,,,
1120,1951,532445.39,PC_3900001890,Tacoma,WA,Duplex,2,,,
1121,1965,727757.06,PC_3900200090,Tacoma,WA,Duplex,2,,,
1122,1928,714757.59,PC_4130000780,Tacoma,WA,Triplex,3,,,
1123,1978,557378.80,PC_4130003471,Tacoma,WA,Duplex,2,,,
1124,1950,632498.67,PC_4135000190,Tacoma,WA,Duplex,2,,,
1125,2009,1309110.28,PC_4150000291,Tacoma,WA,Apartment 5-8 Units,5,,,
1126,1961,970804.48,PC_4155000080,Tacoma,WA,Duplex,2,,,
1127,1969,945338.31,PC_4155000090,Tacoma,WA,Triplex,3,,,
1128,1949,710175.81,PC_4155000121,Tacoma,WA,Duplex,2,,,
1129,2023,1002663.83,PC_4165000401,Tacoma,WA,Duplex,2,,,
1130,2023,998401.70,PC_4165000402,Tacoma,WA,Duplex,2,,,
1131,1923,579328.72,PC_4170000110,Tacoma,WA,Duplex,2,,,
1132,1927,894619.07,PC_4180000980,Tacoma,WA,Duplex,2,,,
1133,2021,2074800.21,PC_4245000060,Tacoma,WA,Apartment 5-8 Units,8,,,
1134,2018,994778.90,PC_4295000324,Tacoma,WA,Duplex,2,,,
1135,2005,850719.23,PC_4295000941,Tacoma,WA,Duplex,2,,,
1136,1963,476185.40,PC_4325000150,Tacoma,WA,Duplex,2,,,
1137,1920,533937.13,PC_4325001290,Tacoma,WA,Duplex,2,,,
1138,1977,552477.36,PC_4330000110,Tacoma,WA,Duplex,2,,,
1139,1965,593606.82,PC_4330000120,Tacoma,WA,Duplex,2,,,
1140,1905,505700.59,PC_4330000180,Tacoma,WA,Duplex,2,,,
1141,1907,771656.90,PC_4335000030,Tacoma,WA,Duplex,2,,,
1142,1910,514757.59,PC_4390000120,Tacoma,WA,Fourplex,4,,,
1143,1953,598827.92,PC_4400000430,Tacoma,WA,Duplex,2,,,
1144,1895,634310.07,PC_4415000190,Tacoma,WA,Duplex,2,,,
1145,2018,841129.46,PC_4415000252,Tacoma,WA,Duplex,2,,,
1146,2016,835588.71,PC_4415000262,Tacoma,WA,Duplex,2,,,
1147,2020,864784.23,PC_4415000390,Tacoma,WA,Duplex,2,,,
1148,1890,616089.50,PC_4415000400,Tacoma,WA,Duplex,2,,,
1149,2005,691635.59,PC_4415000412,Tacoma,WA,Duplex,2,,,
1150,1976,1141502.40,PC_4415000420,Tacoma,WA,Apartment 5-8 Units,8,,,
1151,1892,719445.92,PC_4415000660,Tacoma,WA,Duplex,2,,,
1152,1895,553755.99,PC_4415000810,Tacoma,WA,Duplex,2,,,
1153,1890,1009270.11,PC_4415000860,Tacoma,WA,Duplex,2,,,
1154,1912,687266.92,PC_4415000890,Tacoma,WA,Duplex,2,,,
1155,1950,680980.29,PC_4415000920,Tacoma,WA,Duplex,2,,,
1156,2008,1325093.23,PC_4425002021,Tacoma,WA,Fourplex,4,,,
1157,1959,720298.35,PC_4455000450,Tacoma,WA,Duplex,2,,,
1158,1960,943313.80,PC_4455000510,Tacoma,WA,Apartment 5-8 Units,6,,,
1159,1968,1176771.44,PC_4455000520,Tacoma,WA,Apartment 5-8 Units,8,,,
1160,1983,814917.42,PC_4467121081,Tacoma,WA,Duplex,2,,,
1161,1983,766329.25,PC_4467121181,Tacoma,WA,Duplex,2,,,
1162,1983,763878.53,PC_4467121204,Tacoma,WA,Duplex,2,,,
1163,1971,458177.94,PC_4475000110,Tacoma,WA,Duplex,2,,,
1164,1971,496856.69,PC_4475000111,Tacoma,WA,Duplex,2,,,
1165,1983,477144.38,PC_4490000350,Tacoma,WA,Duplex,2,,,
1166,1967,427916.89,PC_4490000360,Tacoma,WA,Duplex,2,,,
1167,1983,479381.99,PC_4490000600,Tacoma,WA,Duplex,2,,,
1168,1984,484922.75,PC_4490000730,Tacoma,WA,Duplex,2,,,
1169,1976,515183.80,PC_4490000742,Tacoma,WA,Duplex,2,,,
1170,1976,515183.80,PC_4490000743,Tacoma,WA,Duplex,2,,,
1171,1978,482152.37,PC_4490000870,Tacoma,WA,Duplex,2,,,
1172,1977,881406.50,PC_4530400841,Tacoma,WA,Fourplex,4,,,
1173,1977,826744.81,PC_4530400851,Tacoma,WA,Fourplex,4,,,
1174,1977,844752.26,PC_4530400861,Tacoma,WA,Fourplex,4,,,
1175,1977,826744.81,PC_4530400871,Tacoma,WA,Fourplex,4,,,
1176,1977,827384.12,PC_4530400881,Tacoma,WA,Fourplex,4,,,
1177,1977,827384.12,PC_4530400901,Tacoma,WA,Fourplex,4,,,
1178,1977,904315.40,PC_4530400914,Tacoma,WA,Fourplex,4,,,
1179,1977,826744.81,PC_4530400921,Tacoma,WA,Fourplex,4,,,
1180,1977,831859.35,PC_4530400931,Tacoma,WA,Fourplex,4,,,
1181,1972,1326584.98,PC_4530600150,Tacoma,WA,Apartment 5-8 Units,8,,,
1182,1911,678316.46,PC_4590000350,Tacoma,WA,Duplex,2,,,
1183,1911,654022.38,PC_4590000421,Tacoma,WA,Triplex,3,,,
1184,1892,1044858.82,PC_4590000480,Tacoma,WA,Apartment 5-8 Units,6,,,
1185,1918,735215.77,PC_4590000920,Tacoma,WA,Triplex,3,,,
1186,1911,707725.09,PC_4590001150,Tacoma,WA,Duplex,2,,,
1187,1910,509536.49,PC_4605000070,Tacoma,WA,Duplex,2,,,
1188,1950,466489.08,PC_4605000090,Tacoma,WA,Duplex,2,,,
1189,1974,539904.10,PC_4605000120,Tacoma,WA,Duplex,2,,,
1190,1895,491102.82,PC_4645000424,Tacoma,WA,Triplex,3,,,
1191,1894,504528.50,PC_4645000790,Tacoma,WA,Duplex,2,,,
1192,1950,536707.51,PC_4645251620,Tacoma,WA,Duplex,2,,,
1193,1943,465743.21,PC_4645253440,Tacoma,WA,Duplex,2,,,
1194,1905,442088.44,PC_4650000090,Tacoma,WA,Duplex,2,,,
1195,1904,491422.48,PC_4665300420,Tacoma,WA,Duplex,2,,,
1196,1905,461800.75,PC_4665300480,Tacoma,WA,Duplex,2,,,
1197,1929,616302.61,PC_4715013310,Tacoma,WA,Fourplex,4,,,
1198,1977,425998.93,PC_4715013630,Tacoma,WA,Duplex,2,,,
1199,1977,425998.93,PC_4715013640,Tacoma,WA,Duplex,2,,,
1200,1977,425998.93,PC_4715013680,Tacoma,WA,Duplex,2,,,
1201,1977,425998.93,PC_4715013690,Tacoma,WA,Duplex,2,,,
1202,1977,425998.93,PC_4715013700,Tacoma,WA,Duplex,2,,,
1203,1979,565050.61,PC_4715013770,Tacoma,WA,Triplex,3,,,
1204,2024,788172.62,PC_4715013932,Tacoma,WA,Duplex,2,,,
1205,1960,522642.51,PC_4715014440,Tacoma,WA,Duplex,2,,,
1206,1977,443686.73,PC_4715014870,Tacoma,WA,Duplex,2,,,
1207,1911,781992.54,PC_4715015240,Tacoma,WA,Triplex,3,,,
1208,1911,624933.40,PC_4715015250,Tacoma,WA,Duplex,2,,,
1209,1976,592647.84,PC_4715015850,Tacoma,WA,Triplex,3,,,
1210,1976,545871.07,PC_4715016590,Tacoma,WA,Duplex,2,,,
1211,1954,323175.28,PC_4715017560,Tacoma,WA,Duplex,2,,,
1212,1969,629621.74,PC_4715017590,Tacoma,WA,Triplex,3,,,
1213,1969,629621.74,PC_4715017600,Tacoma,WA,Triplex,3,,,
1214,1949,328289.82,PC_4715020070,Tacoma,WA,Duplex,2,,,
1215,1971,543633.46,PC_4715020791,Tacoma,WA,Duplex,2,,,
1216,1978,547043.15,PC_4715020792,Tacoma,WA,Duplex,2,,,
1217,1978,684496.54,PC_4715020870,Tacoma,WA,Triplex,3,,,
1218,1971,740436.87,PC_4715020901,Tacoma,WA,Triplex,3,,,
1219,1971,471710.18,PC_4715020902,Tacoma,WA,Duplex,2,,,
1220,1978,651145.44,PC_4715021051,Tacoma,WA,Triplex,3,,,
1221,1978,638572.19,PC_4715021061,Tacoma,WA,Triplex,3,,,
1222,1962,366542.35,PC_4715022030,Tacoma,WA,Duplex,2,,,
1223,1963,367820.99,PC_4715022040,Tacoma,WA,Duplex,2,,,
1224,1970,650719.23,PC_4715022950,Tacoma,WA,Triplex,3,,,
1225,1971,616515.72,PC_4715023360,Tacoma,WA,Triplex,3,,,
1226,1971,534043.69,PC_4715023440,Tacoma,WA,Duplex,2,,,
1227,1968,634203.52,PC_4715024040,Tacoma,WA,Triplex,3,,,
1228,1977,474054.34,PC_4715024224,Tacoma,WA,Duplex,2,,,
1229,1954,461800.75,PC_4715024280,Tacoma,WA,Duplex,2,,,
1230,1905,426851.36,PC_4890000010,Tacoma,WA,Triplex,3,,,
1231,1900,599573.79,PC_4890000050,Tacoma,WA,Duplex,2,,,
1232,1914,620031.97,PC_4890000250,Tacoma,WA,Duplex,2,,,
1233,2014,856259.99,PC_4940002690,Tacoma,WA,Duplex,2,,,
1234,1900,459669.69,PC_4945000070,Tacoma,WA,Duplex,2,,,
1235,1943,602770.38,PC_4945000130,Tacoma,WA,Triplex,3,,,
1236,1986,796164.09,PC_5003440010,Tacoma,WA,Fourplex,4,,,
1237,1986,824400.64,PC_5003440020,Tacoma,WA,Fourplex,4,,,
1238,1986,963665.42,PC_5003440030,Tacoma,WA,Fourplex,4,,,
1239,1986,800852.42,PC_5003440040,Tacoma,WA,Fourplex,4,,,
1240,1986,829728.29,PC_5003440050,Tacoma,WA,Fourplex,4,,,
1241,1986,972722.43,PC_5003440060,Tacoma,WA,Fourplex,4,,,
1242,1986,794352.69,PC_5003440070,Tacoma,WA,Fourplex,4,,,
1243,1986,994033.03,PC_5003440080,Tacoma,WA,Fourplex,4,,,
1244,2006,2701545.02,PC_5003640270,Tacoma,WA,Triplex,3,,,
1245,2005,691955.25,PC_5003640480,Tacoma,WA,Duplex,2,,,
1246,2005,691102.82,PC_5003640500,Tacoma,WA,Duplex,2,,,
1247,2005,707192.33,PC_5003640670,Tacoma,WA,Duplex,2,,,
1248,2005,1057858.28,PC_5003640680,Tacoma,WA,Fourplex,4,,,
1249,2005,620990.94,PC_5003640800,Tacoma,WA,Duplex,2,,,
1250,2005,625253.06,PC_5003640820,Tacoma,WA,Duplex,2,,,
1251,2005,622163.03,PC_5003640970,Tacoma,WA,Duplex,2,,,
1252,2005,618114.01,PC_5003640990,Tacoma,WA,Duplex,2,,,
1253,2005,519765.58,PC_5003641150,Tacoma,WA,Duplex,2,,,
1254,2005,609696.32,PC_5003641160,Tacoma,WA,Duplex,2,,,
1255,2005,693766.65,PC_5003641170,Tacoma,WA,Duplex,2,,,
1256,2005,524667.02,PC_5003641240,Tacoma,WA,Duplex,2,,,
1257,2005,528396.38,PC_5003641260,Tacoma,WA,Duplex,2,,,
1258,2005,688545.55,PC_5003641280,Tacoma,WA,Duplex,2,,,
1259,2005,610229.09,PC_5003641290,Tacoma,WA,Duplex,2,,,
1260,2005,625785.83,PC_5003641300,Tacoma,WA,Duplex,2,,,
1261,2005,621310.60,PC_5003641310,Tacoma,WA,Duplex,2,,,
1262,2005,619925.41,PC_5003641320,Tacoma,WA,Duplex,2,,,
1263,2005,687799.68,PC_5003641330,Tacoma,WA,Duplex,2,,,
1264,2005,687053.81,PC_5003641340,Tacoma,WA,Duplex,2,,,
1265,2005,514544.49,PC_5003641360,Tacoma,WA,Duplex,2,,,
1266,2005,514864.14,PC_5003641370,Tacoma,WA,Duplex,2,,,
1267,2005,617048.48,PC_5003641380,Tacoma,WA,Duplex,2,,,
1268,2005,691848.69,PC_5003641410,Tacoma,WA,Duplex,2,,,
1269,2005,692914.22,PC_5003641430,Tacoma,WA,Duplex,2,,,
1270,2005,621097.50,PC_5003641460,Tacoma,WA,Duplex,2,,,
1271,2005,514011.72,PC_5003641480,Tacoma,WA,Duplex,2,,,
1272,2005,528822.59,PC_5003641670,Tacoma,WA,Duplex,2,,,
1273,2005,521790.09,PC_5003641690,Tacoma,WA,Duplex,2,,,
1274,2005,616302.61,PC_5003641720,Tacoma,WA,Duplex,2,,,
1275,2005,685348.96,PC_5003641740,Tacoma,WA,Duplex,2,,,
1276,2005,555247.74,PC_5003641750,Tacoma,WA,Duplex,2,,,
1277,2005,556526.37,PC_5003641760,Tacoma,WA,Duplex,2,,,
1278,2005,621630.26,PC_5003641770,Tacoma,WA,Duplex,2,,,
1279,2005,517847.63,PC_5003641780,Tacoma,WA,Duplex,2,,,
1280,2005,694405.97,PC_5003641790,Tacoma,WA,Duplex,2,,,
1281,2005,643260.52,PC_5003641800,Tacoma,WA,Duplex,2,,,
1282,2005,646776.77,PC_5003641810,Tacoma,WA,Duplex,2,,,
1283,2005,645178.48,PC_5003641820,Tacoma,WA,Duplex,2,,,
1284,2005,644858.82,PC_5003641830,Tacoma,WA,Duplex,2,,,
1285,2005,625785.83,PC_5003641880,Tacoma,WA,Duplex,2,,,
1286,2005,605753.86,PC_5003641890,Tacoma,WA,Duplex,2,,,
1287,2005,623228.56,PC_5003641900,Tacoma,WA,Duplex,2,,,
1288,2005,1032072.46,PC_5003641910,Tacoma,WA,Triplex,3,,,
1289,2005,617474.69,PC_5003641920,Tacoma,WA,Duplex,2,,,
1290,2005,614704.32,PC_5003641940,Tacoma,WA,Duplex,2,,,
1291,2005,518486.95,PC_5003641950,Tacoma,WA,Duplex,2,,,
1292,2005,515077.25,PC_5003641960,Tacoma,WA,Duplex,2,,,
1293,2005,1054342.04,PC_5003641970,Tacoma,WA,Fourplex,4,,,
1294,2005,1625466.17,PC_5003641980,Tacoma,WA,Triplex,3,,,
1295,2005,1619605.75,PC_5003641990,Tacoma,WA,Triplex,3,,,
1296,2005,1617048.48,PC_5003642000,Tacoma,WA,Triplex,3,,,
1297,2005,1622695.79,PC_5003642010,Tacoma,WA,Triplex,3,,,
1298,2005,619605.75,PC_5003642020,Tacoma,WA,Duplex,2,,,
1299,2005,617581.25,PC_5003642030,Tacoma,WA,Duplex,2,,,
1300,2005,619925.41,PC_5003642040,Tacoma,WA,Duplex,2,,,
1301,2005,1033990.41,PC_5003642050,Tacoma,WA,Triplex,3,,,
1302,2005,624400.64,PC_5003642060,Tacoma,WA,Duplex,2,,,
1303,2005,1625785.83,PC_5003642070,Tacoma,WA,Triplex,3,,,
1304,2005,1616089.50,PC_5003642080,Tacoma,WA,Triplex,3,,,
1305,2005,1619392.65,PC_5003642090,Tacoma,WA,Triplex,3,,,
1306,2005,1630367.61,PC_5003642100,Tacoma,WA,Triplex,3,,,
1307,2005,1033244.54,PC_5003642110,Tacoma,WA,Triplex,3,,,
1308,2005,1035482.15,PC_5003642120,Tacoma,WA,Triplex,3,,,
1309,2005,624613.75,PC_5003642130,Tacoma,WA,Duplex,2,,,
1310,2005,622482.69,PC_5003642140,Tacoma,WA,Duplex,2,,,
1311,2006,1051465.10,PC_5003642150,Tacoma,WA,Triplex,3,,,
1312,2006,1045178.48,PC_5003642160,Tacoma,WA,Triplex,3,,,
1313,2006,516888.65,PC_5003642170,Tacoma,WA,Duplex,2,,,
1314,2006,513478.96,PC_5003642180,Tacoma,WA,Duplex,2,,,
1315,2006,816728.82,PC_5003642190,Tacoma,WA,Triplex,3,,,
1316,2006,610015.98,PC_5003642200,Tacoma,WA,Duplex,2,,,
1317,2005,640277.04,PC_5003642210,Tacoma,WA,Duplex,2,,,
1318,2006,1037506.66,PC_5003642230,Tacoma,WA,Triplex,3,,,
1319,2006,1030580.71,PC_5003642240,Tacoma,WA,Triplex,3,,,
1320,2006,1032179.01,PC_5003642250,Tacoma,WA,Triplex,3,,,
1321,2006,808098.03,PC_5003642270,Tacoma,WA,Triplex,3,,,
1322,2006,818220.56,PC_5003642280,Tacoma,WA,Triplex,3,,,
1323,2006,815769.85,PC_5003642290,Tacoma,WA,Triplex,3,,,
1324,2006,1052530.63,PC_5003642300,Tacoma,WA,Triplex,3,,,
1325,2006,634842.83,PC_5003642310,Tacoma,WA,Duplex,2,,,
1326,2006,633351.09,PC_5003642320,Tacoma,WA,Duplex,2,,,
1327,2006,698028.77,PC_5003642330,Tacoma,WA,Duplex,2,,,
1328,2006,620671.28,PC_5003642340,Tacoma,WA,Duplex,2,,,
1329,2008,1095578.05,PC_5004220010,Tacoma,WA,Fourplex,4,,,
1330,2008,1039104.95,PC_5004220020,Tacoma,WA,Triplex,3,,,
1331,2008,1044752.26,PC_5004220030,Tacoma,WA,Triplex,3,,,
1332,2008,1055194.46,PC_5004220040,Tacoma,WA,Triplex,3,,,
1333,2008,1039957.38,PC_5004220050,Tacoma,WA,Triplex,3,,,
1334,2008,1093233.88,PC_5004220060,Tacoma,WA,Fourplex,4,,,
1335,2008,1031006.93,PC_5004220070,Tacoma,WA,Triplex,3,,,
1336,2008,1041981.89,PC_5004220080,Tacoma,WA,Triplex,3,,,
1337,2008,1033883.86,PC_5004220090,Tacoma,WA,Triplex,3,,,
1338,2008,1051571.66,PC_5004220100,Tacoma,WA,Triplex,3,,,
1339,2008,1051997.87,PC_5004220110,Tacoma,WA,Triplex,3,,,
1340,2008,1721683.54,PC_5004220120,Tacoma,WA,Triplex,3,,,
1341,2008,1647842.30,PC_5004220130,Tacoma,WA,Triplex,3,,,
1342,2008,1644326.05,PC_5004220140,Tacoma,WA,Triplex,3,,,
1343,2008,1709323.39,PC_5004220150,Tacoma,WA,Triplex,3,,,
1344,2008,634949.39,PC_5004220160,Tacoma,WA,Duplex,2,,,
1345,2008,573574.85,PC_5004220170,Tacoma,WA,Duplex,2,,,
1346,2008,570165.16,PC_5004220180,Tacoma,WA,Duplex,2,,,
1347,2008,1039850.83,PC_5004220190,Tacoma,WA,Triplex,3,,,
1348,2008,1036867.34,PC_5004220200,Tacoma,WA,Triplex,3,,,
1349,2008,649653.70,PC_5004220210,Tacoma,WA,Duplex,2,,,
1350,2008,625998.93,PC_5004220220,Tacoma,WA,Duplex,2,,,
1351,2008,639637.72,PC_5004220240,Tacoma,WA,Duplex,2,,,
1352,2008,646883.32,PC_5004220260,Tacoma,WA,Duplex,2,,,
1353,2008,625892.38,PC_5004220270,Tacoma,WA,Duplex,2,,,
1354,2008,632498.67,PC_5004220280,Tacoma,WA,Duplex,2,,,
1355,2009,650506.13,PC_5004230010,Tacoma,WA,Duplex,2,,,
1356,2009,621097.50,PC_5004230030,Tacoma,WA,Duplex,2,,,
1357,2009,536068.19,PC_5004230040,Tacoma,WA,Duplex,2,,,
1358,2009,626957.91,PC_5004230050,Tacoma,WA,Duplex,2,,,
1359,2009,528396.38,PC_5004230060,Tacoma,WA,Duplex,2,,,
1360,2009,648481.62,PC_5004230070,Tacoma,WA,Duplex,2,,,
1361,2009,652530.63,PC_5004230080,Tacoma,WA,Duplex,2,,,
1362,2009,1040809.80,PC_5004230250,Tacoma,WA,Triplex,3,,,
1363,2009,1088652.10,PC_5004230260,Tacoma,WA,Fourplex,4,,,
1364,2009,1041555.67,PC_5004230270,Tacoma,WA,Triplex,3,,,
1365,2009,812253.60,PC_5004230280,Tacoma,WA,Triplex,3,,,
1366,2009,820990.94,PC_5004230290,Tacoma,WA,Triplex,3,,,
1367,2009,820671.28,PC_5004230300,Tacoma,WA,Triplex,3,,,
1368,2009,812253.60,PC_5004230310,Tacoma,WA,Triplex,3,,,
1369,2009,1041022.91,PC_5004230320,Tacoma,WA,Triplex,3,,,
1370,2009,1088652.10,PC_5004230330,Tacoma,WA,Fourplex,4,,,
1371,2009,621310.60,PC_5004230340,Tacoma,WA,Duplex,2,,,
1372,2009,617581.25,PC_5004230350,Tacoma,WA,Duplex,2,,,
1373,2009,1067448.06,PC_5004230360,Tacoma,WA,Duplex,2,,,
1374,2009,692168.35,PC_5004230370,Tacoma,WA,Duplex,2,,,
1375,2009,622376.13,PC_5004230380,Tacoma,WA,Duplex,2,,,
1376,2009,515823.12,PC_5004230390,Tacoma,WA,Duplex,2,,,
1377,2009,640596.70,PC_5004230400,Tacoma,WA,Duplex,2,,,
1378,2009,518486.95,PC_5004230410,Tacoma,WA,Duplex,2,,,
1379,2009,526265.32,PC_5004230420,Tacoma,WA,Duplex,2,,,
1380,2009,527863.61,PC_5004230430,Tacoma,WA,Duplex,2,,,
1381,2009,619499.20,PC_5004230440,Tacoma,WA,Duplex,2,,,
1382,2009,695791.16,PC_5004230450,Tacoma,WA,Duplex,2,,,
1383,2009,646563.67,PC_5004230800,Tacoma,WA,Duplex,2,,,
1384,2009,688332.45,PC_5004230810,Tacoma,WA,Duplex,2,,,
1385,2009,642408.10,PC_5004230820,Tacoma,WA,Duplex,2,,,
1386,2015,663931.81,PC_5004230830,Tacoma,WA,Duplex,2,,,
1387,2009,1094512.52,PC_5004230890,Tacoma,WA,Fourplex,4,,,
1388,2009,691422.48,PC_5004230900,Tacoma,WA,Duplex,2,,,
1389,2009,631859.35,PC_5004230910,Tacoma,WA,Duplex,2,,,
1390,2009,515396.91,PC_5004231070,Tacoma,WA,Duplex,2,,,
1391,2009,530633.99,PC_5004231090,Tacoma,WA,Duplex,2,,,
1392,2009,650293.02,PC_5004231100,Tacoma,WA,Duplex,2,,,
1393,2009,518913.16,PC_5004231110,Tacoma,WA,Duplex,2,,,
1394,2009,624400.64,PC_5004231120,Tacoma,WA,Duplex,2,,,
1395,2009,619605.75,PC_5004231130,Tacoma,WA,Duplex,2,,,
1396,2009,818220.56,PC_5004231140,Tacoma,WA,Triplex,3,,,
1397,2009,625998.93,PC_5004231450,Tacoma,WA,Duplex,2,,,
1398,2009,620777.84,PC_5004231460,Tacoma,WA,Duplex,2,,,
1399,2009,689397.98,PC_5004231470,Tacoma,WA,Duplex,2,,,
1400,2009,626638.25,PC_5004231480,Tacoma,WA,Duplex,2,,,
1401,2009,535855.09,PC_5004231490,Tacoma,WA,Duplex,2,,,
1402,2009,528289.82,PC_5004231500,Tacoma,WA,Duplex,2,,,
1403,2009,620884.39,PC_5004231510,Tacoma,WA,Duplex,2,,,
1404,2009,528502.93,PC_5004231520,Tacoma,WA,Duplex,2,,,
1405,2009,629515.18,PC_5004231530,Tacoma,WA,Duplex,2,,,
1406,2009,628875.87,PC_5004231540,Tacoma,WA,Duplex,2,,,
1407,2009,528289.82,PC_5004231550,Tacoma,WA,Duplex,2,,,
1408,2009,538518.91,PC_5004231560,Tacoma,WA,Duplex,2,,,
1409,2009,525093.23,PC_5004231570,Tacoma,WA,Duplex,2,,,
1410,2009,632179.01,PC_5004231580,Tacoma,WA,Duplex,2,,,
1411,2009,629621.74,PC_5004231730,Tacoma,WA,Duplex,2,,,
1412,2009,573148.64,PC_5004231740,Tacoma,WA,Duplex,2,,,
1413,2009,572509.32,PC_5004231750,Tacoma,WA,Duplex,2,,,
1414,2009,528396.38,PC_5004231760,Tacoma,WA,Duplex,2,,,
1415,2009,526052.21,PC_5004231770,Tacoma,WA,Duplex,2,,,
1416,2009,631006.93,PC_5004231790,Tacoma,WA,Duplex,2,,,
1417,2009,630154.50,PC_5004231800,Tacoma,WA,Duplex,2,,,
1418,2009,700586.04,PC_5004231810,Tacoma,WA,Duplex,2,,,
1419,2009,647629.20,PC_5004231820,Tacoma,WA,Duplex,2,,,
1420,2009,530420.88,PC_5004232000,Tacoma,WA,Duplex,2,,,
1421,2009,630367.61,PC_5004232010,Tacoma,WA,Duplex,2,,,
1422,2009,526691.53,PC_5004232030,Tacoma,WA,Duplex,2,,,
1423,2009,535428.88,PC_5004232040,Tacoma,WA,Duplex,2,,,
1424,2009,630154.50,PC_5004232060,Tacoma,WA,Duplex,2,,,
1425,2009,652850.29,PC_5004232080,Tacoma,WA,Duplex,2,,,
1426,2009,575599.36,PC_5004232090,Tacoma,WA,Duplex,2,,,
1427,2009,522322.86,PC_5004232490,Tacoma,WA,Duplex,2,,,
1428,2009,624400.64,PC_5004232500,Tacoma,WA,Duplex,2,,,
1429,2009,526798.08,PC_5004232510,Tacoma,WA,Duplex,2,,,
1430,2009,628982.42,PC_5004232520,Tacoma,WA,Duplex,2,,,
1431,2009,524986.68,PC_5004232540,Tacoma,WA,Duplex,2,,,
1432,2009,626957.91,PC_5004232550,Tacoma,WA,Duplex,2,,,
1433,2009,538092.70,PC_5004232560,Tacoma,WA,Duplex,2,,,
1434,2010,1078103.36,PC_5004690110,Tacoma,WA,Fourplex,4,,,
1435,2010,625466.17,PC_5004690130,Tacoma,WA,Duplex,2,,,
1436,2010,962813.00,PC_5004690140,Tacoma,WA,Triplex,3,,,
1437,2010,563558.87,PC_5004690150,Tacoma,WA,Duplex,2,,,
1438,2010,963878.53,PC_5004690160,Tacoma,WA,Triplex,3,,,
1439,2010,563558.87,PC_5004690170,Tacoma,WA,Duplex,2,,,
1440,2010,962813.00,PC_5004690180,Tacoma,WA,Triplex,3,,,
1441,2010,628982.42,PC_5004690190,Tacoma,WA,Duplex,2,,,
1442,2010,1062333.51,PC_5004690210,Tacoma,WA,Fourplex,4,,,
1443,2010,1053489.61,PC_5004690280,Tacoma,WA,Triplex,3,,,
1444,2010,1041555.67,PC_5004690290,Tacoma,WA,Triplex,3,,,
1445,2010,1037506.66,PC_5004690300,Tacoma,WA,Triplex,3,,,
1446,2010,1040490.14,PC_5004690310,Tacoma,WA,Triplex,3,,,
1447,2010,714970.70,PC_5004690320,Tacoma,WA,Duplex,2,,,
1448,2010,546936.60,PC_5004690330,Tacoma,WA,Duplex,2,,,
1449,2010,722535.96,PC_5004690340,Tacoma,WA,Duplex,2,,,
1450,2010,1638891.85,PC_5004690610,Tacoma,WA,Triplex,3,,,
1451,2010,1634629.73,PC_5004690620,Tacoma,WA,Triplex,3,,,
1452,2010,627703.78,PC_5004690630,Tacoma,WA,Duplex,2,,,
1453,2010,637293.55,PC_5004690650,Tacoma,WA,Duplex,2,,,
1454,2010,967927.54,PC_5004690660,Tacoma,WA,Triplex,3,,,
1455,2010,563132.66,PC_5004690670,Tacoma,WA,Duplex,2,,,
1456,2010,562280.23,PC_5004690680,Tacoma,WA,Duplex,2,,,
1457,2010,564730.95,PC_5004690690,Tacoma,WA,Duplex,2,,,
1458,2010,961854.02,PC_5004690700,Tacoma,WA,Triplex,3,,,
1459,2010,623974.43,PC_5004690710,Tacoma,WA,Duplex,2,,,
1460,2010,616302.61,PC_5004690720,Tacoma,WA,Duplex,2,,,
1461,2010,1076185.40,PC_5004690730,Tacoma,WA,Fourplex,4,,,
1462,2010,565476.82,PC_5004691170,Tacoma,WA,Duplex,2,,,
1463,2010,534256.79,PC_5004691180,Tacoma,WA,Duplex,2,,,
1464,2010,974960.04,PC_5004691190,Tacoma,WA,Triplex,3,,,
1465,1924,540969.63,PC_5115001600,Tacoma,WA,Duplex,2,,,
1466,1930,491102.82,PC_5115001620,Tacoma,WA,Duplex,2,,,
1467,1910,629621.74,PC_5200000650,Tacoma,WA,Duplex,2,,,
1468,1920,602344.17,PC_5200000730,Tacoma,WA,Duplex,2,,,
1469,1895,556632.92,PC_5225000141,Tacoma,WA,Fourplex,4,,,
1470,1943,448161.96,PC_5270000250,Tacoma,WA,Duplex,2,,,
1471,1943,802024.51,PC_5270000260,Tacoma,WA,Fourplex,4,,,
1472,1943,473521.58,PC_5270000280,Tacoma,WA,Duplex,2,,,
1473,1943,439318.06,PC_5270000290,Tacoma,WA,Duplex,2,,,
1474,1943,426851.36,PC_5270000340,Tacoma,WA,Duplex,2,,,
1475,1943,462546.62,PC_5270000350,Tacoma,WA,Duplex,2,,,
1476,1943,464358.02,PC_5270000360,Tacoma,WA,Duplex,2,,,
1477,1943,478423.02,PC_5270000410,Tacoma,WA,Duplex,2,,,
1478,1943,462972.83,PC_5270000450,Tacoma,WA,Duplex,2,,,
1479,1943,799147.58,PC_5270000470,Tacoma,WA,Fourplex,4,,,
1480,1943,405966.97,PC_5270000500,Tacoma,WA,Duplex,2,,,
1481,1943,384869.47,PC_5270000510,Tacoma,WA,Duplex,2,,,
1482,1943,463718.70,PC_5270001140,Tacoma,WA,Duplex,2,,,
1483,1943,433351.09,PC_5270001150,Tacoma,WA,Duplex,2,,,
1484,1943,457858.28,PC_5270001160,Tacoma,WA,Duplex,2,,,
1485,1943,433670.75,PC_5270001190,Tacoma,WA,Duplex,2,,,
1486,1943,423974.43,PC_5270001200,Tacoma,WA,Duplex,2,,,
1487,1943,458923.81,PC_5270001210,Tacoma,WA,Duplex,2,,,
1488,1943,807671.82,PC_5270001220,Tacoma,WA,Fourplex,4,,,
1489,1943,982099.09,PC_5270001230,Tacoma,WA,Fourplex,4,,,
1490,1943,420990.94,PC_5270001280,Tacoma,WA,Duplex,2,,,
1491,1943,467661.16,PC_5270001290,Tacoma,WA,Duplex,2,,,
1492,1943,463612.15,PC_5270001300,Tacoma,WA,Duplex,2,,,
1493,1943,421949.92,PC_5270001350,Tacoma,WA,Duplex,2,,,
1494,1943,459989.34,PC_5270001360,Tacoma,WA,Duplex,2,,,
1495,1943,460415.56,PC_5270001370,Tacoma,WA,Duplex,2,,,
1496,1943,434949.39,PC_5270001380,Tacoma,WA,Duplex,2,,,
1497,1943,425039.96,PC_5270001420,Tacoma,WA,Duplex,2,,,
1498,1943,437719.77,PC_5270001440,Tacoma,WA,Duplex,2,,,
1499,1943,455301.01,PC_5270001450,Tacoma,WA,Duplex,2,,,
1500,1943,464038.36,PC_5270001460,Tacoma,WA,Duplex,2,,,
1501,1943,467234.95,PC_5270001470,Tacoma,WA,Duplex,2,,,
1502,1943,463612.15,PC_5270001510,Tacoma,WA,Duplex,2,,,
1503,1943,424613.75,PC_5270001530,Tacoma,WA,Duplex,2,,,
1504,1943,505594.03,PC_5270001760,Tacoma,WA,Duplex,2,,,
1505,1943,413425.68,PC_5270001780,Tacoma,WA,Duplex,2,,,
1506,1943,824187.53,PC_5270001790,Tacoma,WA,Fourplex,4,,,
1507,2018,1742354.82,PC_5270001800,Tacoma,WA,Apartment 5-8 Units,6,,,
1508,1943,421949.92,PC_5270001810,Tacoma,WA,Duplex,2,,,
1509,1943,462440.06,PC_5270001940,Tacoma,WA,Duplex,2,,,
1510,1943,434310.07,PC_5270001960,Tacoma,WA,Duplex,2,,,
1511,1943,1156100.16,PC_5270002201,Tacoma,WA,Apartment 5-8 Units,8,,,
1512,1943,484176.88,PC_5270002550,Tacoma,WA,Duplex,2,,,
1513,1952,479701.65,PC_5275000580,Tacoma,WA,Duplex,2,,,
1514,1934,512733.08,PC_5280000030,Tacoma,WA,Duplex,2,,,
1515,1921,544485.88,PC_5320000180,Tacoma,WA,Duplex,2,,,
1516,1987,807245.60,PC_5345000010,Tacoma,WA,Fourplex,4,,,
1517,1983,849653.70,PC_5345000031,Tacoma,WA,Fourplex,4,,,
1518,1983,849653.70,PC_5345000033,Tacoma,WA,Fourplex,4,,,
1519,1983,831646.24,PC_5345000034,Tacoma,WA,Fourplex,4,,,
1520,1983,510069.26,PC_5345000036,Tacoma,WA,Duplex,2,,,
1521,1983,844752.26,PC_5345000037,Tacoma,WA,Fourplex,4,,,
1522,1983,831646.24,PC_5345000038,Tacoma,WA,Fourplex,4,,,
1523,1960,700905.70,PC_5360000190,Tacoma,WA,Triplex,3,,,
1524,1910,456259.99,PC_5360000230,Tacoma,WA,Duplex,2,,,
1525,1903,444326.05,PC_5360000530,Tacoma,WA,Duplex,2,,,
1526,1961,423761.32,PC_5360000540,Tacoma,WA,Duplex,2,,,
1527,1998,496004.26,PC_5360000590,Tacoma,WA,Duplex,2,,,
1528,1915,848588.17,PC_5360000690,Tacoma,WA,Fourplex,4,,,
1529,1969,460841.77,PC_5360000720,Tacoma,WA,Duplex,2,,,
1530,1895,463931.81,PC_5360000810,Tacoma,WA,Duplex,2,,,
1531,1910,408311.13,PC_5360000850,Tacoma,WA,Duplex,2,,,
1532,1900,459456.58,PC_5360000900,Tacoma,WA,Duplex,2,,,
1533,1910,620777.84,PC_5390000340,Tacoma,WA,Duplex,2,,,
1534,1976,565263.72,PC_5390000390,Tacoma,WA,Duplex,2,,,
1535,1895,492381.46,PC_5390000431,Tacoma,WA,Duplex,2,,,
1536,1955,553329.78,PC_5390000461,Tacoma,WA,Duplex,2,,,
1537,1890,773894.51,PC_5390000570,Tacoma,WA,Fourplex,4,,,
1538,1895,442088.44,PC_5390000630,Tacoma,WA,Duplex,2,,,
1539,1919,535641.98,PC_5390000920,Tacoma,WA,Duplex,2,,,
1540,1950,497815.66,PC_5390000950,Tacoma,WA,Triplex,3,,,
1541,1948,582738.41,PC_5390100080,Tacoma,WA,Duplex,2,,,
1542,1895,558337.77,PC_5390100090,Tacoma,WA,Duplex,2,,,
1543,1900,509643.05,PC_5390100150,Tacoma,WA,Duplex,2,,,
1544,2011,1962173.68,PC_5405000041,Tacoma,WA,Apartment 5-8 Units,6,,,
1545,2008,13730101.23,PC_5405000050,Tacoma,WA,Apartment 5-8 Units,8,,,
1546,1984,481619.61,PC_5405000114,Tacoma,WA,Duplex,2,,,
1547,1985,699627.06,PC_5405000116,Tacoma,WA,Triplex,3,,,
1548,2003,542035.16,PC_5405000125,Tacoma,WA,Duplex,2,,,
1549,2003,981353.22,PC_5405000126,Tacoma,WA,Fourplex,4,,,
1550,1983,593500.27,PC_5405000131,Tacoma,WA,Duplex,2,,,
1551,1983,565476.82,PC_5405000133,Tacoma,WA,Duplex,2,,,
1552,1984,930953.65,PC_5405000150,Tacoma,WA,Duplex,2,,,
1553,1963,505487.48,PC_5405000230,Tacoma,WA,Duplex,2,,,
1554,1973,691955.25,PC_5430000012,Tacoma,WA,Triplex,3,,,
1555,1978,615876.40,PC_5430000131,Tacoma,WA,Duplex,2,,,
1556,1978,537453.38,PC_5430000132,Tacoma,WA,Duplex,2,,,
1557,1978,641662.23,PC_5430000133,Tacoma,WA,Duplex,2,,,
1558,2022,809270.11,PC_5430000174,Tacoma,WA,Duplex,2,,,
1559,1977,498028.77,PC_5430000501,Tacoma,WA,Duplex,2,,,
1560,1977,602237.61,PC_5430000511,Tacoma,WA,Triplex,3,,,
1561,1975,628662.76,PC_5430000624,Tacoma,WA,Triplex,3,,,
1562,1975,622908.90,PC_5430000625,Tacoma,WA,Triplex,3,,,
1563,1922,754075.65,PC_5455000360,Tacoma,WA,Duplex,2,,,
1564,1969,577623.87,PC_5455000375,Tacoma,WA,Duplex,2,,,
1565,2020,850079.91,PC_5460000721,Tacoma,WA,Duplex,2,,,
1566,2020,848161.96,PC_5460000731,Tacoma,WA,Duplex,2,,,
1567,1980,763026.11,PC_5465000280,Tacoma,WA,Triplex,3,,,
1568,1980,687906.23,PC_5465000311,Tacoma,WA,Triplex,3,,,
1569,1980,698881.19,PC_5465000312,Tacoma,WA,Triplex,3,,,
1570,1971,481619.61,PC_5465000333,Tacoma,WA,Duplex,2,,,
1571,1976,546403.84,PC_5465000336,Tacoma,WA,Duplex,2,,,
1572,1967,744379.33,PC_5465000337,Tacoma,WA,Triplex,3,,,
1573,1984,777730.42,PC_5465000372,Tacoma,WA,Duplex,2,,,
1574,1914,499733.62,PC_5465001430,Tacoma,WA,Duplex,2,,,
1575,1975,904315.40,PC_5465002171,Tacoma,WA,Fourplex,4,,,
1576,1925,533404.37,PC_5465002172,Tacoma,WA,Triplex,3,,,
1577,1983,503036.76,PC_5465002212,Tacoma,WA,Duplex,2,,,
1578,1973,823015.45,PC_5465002250,Tacoma,WA,Apartment 5-8 Units,8,,,
1579,1964,559829.52,PC_5470000012,Tacoma,WA,Duplex,2,,,
1580,1912,747789.03,PC_5515001400,Tacoma,WA,Duplex,2,,,
1581,1956,812573.26,PC_5520000070,Tacoma,WA,Apartment 5-8 Units,6,,,
1582,1979,518700.05,PC_5520000360,Tacoma,WA,Duplex,2,,,
1583,1979,964304.74,PC_5554000012,Tacoma,WA,Fourplex,4,,,
1584,1979,930740.54,PC_5554000020,Tacoma,WA,Fourplex,4,,,
1585,1979,898881.19,PC_5554000030,Tacoma,WA,Fourplex,4,,,
1586,1979,881619.61,PC_5554000040,Tacoma,WA,Fourplex,4,,,
1587,1979,881832.71,PC_5554000050,Tacoma,WA,Fourplex,4,,,
1588,1979,894086.31,PC_5554000060,Tacoma,WA,Fourplex,4,,,
1589,1979,835801.81,PC_5554000070,Tacoma,WA,Fourplex,4,,,
1590,1981,817581.25,PC_5554000080,Tacoma,WA,Fourplex,4,,,
1591,1979,960042.62,PC_5554000090,Tacoma,WA,Fourplex,4,,,
1592,1979,999573.79,PC_5554000100,Tacoma,WA,Fourplex,4,,,
1593,1979,977304.21,PC_5554000110,Tacoma,WA,Fourplex,4,,,
1594,1979,976451.78,PC_5554000120,Tacoma,WA,Fourplex,4,,,
1595,1979,988705.38,PC_5554000132,Tacoma,WA,Fourplex,4,,,
1596,1979,868833.24,PC_5554000170,Tacoma,WA,Fourplex,4,,,
1597,1979,903782.63,PC_5554000180,Tacoma,WA,Fourplex,4,,,
1598,1979,841981.89,PC_5554000190,Tacoma,WA,Fourplex,4,,,
1599,1979,838145.98,PC_5554000200,Tacoma,WA,Fourplex,4,,,
1600,1979,877570.59,PC_5554000210,Tacoma,WA,Fourplex,4,,,
1601,1979,887480.02,PC_5554000220,Tacoma,WA,Fourplex,4,,,
1602,1951,1124986.68,PC_5620000010,Tacoma,WA,Apartment 5-8 Units,8,,,
1603,1925,741076.19,PC_5625000210,Tacoma,WA,Duplex,2,,,
1604,1900,403409.70,PC_5625000500,Tacoma,WA,Apartment 5-8 Units,5,,,
1605,1979,654128.93,PC_5625000520,Tacoma,WA,Fourplex,4,,,
1606,1976,749600.43,PC_5625002461,Tacoma,WA,Fourplex,4,,,
1607,1976,705167.82,PC_5625002462,Tacoma,WA,Fourplex,4,,,
1608,1947,660735.22,PC_5645000050,Tacoma,WA,Duplex,2,,,
1609,1910,457645.18,PC_5655000030,Tacoma,WA,Duplex,2,,,
1610,1917,739477.89,PC_5655000040,Tacoma,WA,Duplex,2,,,
1611,1922,647522.64,PC_5655000060,Tacoma,WA,Triplex,3,,,
1612,1956,840383.59,PC_5660000751,Tacoma,WA,Triplex,3,,,
1613,1912,635162.49,PC_5660200150,Tacoma,WA,Triplex,3,,,
1614,1915,609270.11,PC_5670002320,Tacoma,WA,Duplex,2,,,
1615,1914,743953.12,PC_5670002550,Tacoma,WA,Duplex,2,,,
1616,1905,637932.87,PC_5670003870,Tacoma,WA,Duplex,2,,,
1617,1967,1684922.75,PC_5690000240,Tacoma,WA,Apartment 5-8 Units,8,,,
1618,1983,971017.58,PC_5715000036,Tacoma,WA,Fourplex,4,,,
1619,1983,938732.02,PC_5715000037,Tacoma,WA,Fourplex,4,,,
1620,1978,507085.78,PC_5735000101,Tacoma,WA,Duplex,2,,,
1621,1979,564091.64,PC_5735000102,Tacoma,WA,Duplex,2,,,
1622,1994,615982.95,PC_5735000104,Tacoma,WA,Duplex,2,,,
1623,1972,231646.24,PC_5740000060,Tacoma,WA,Apartment 5-8 Units,8,,,
1624,1900,498135.32,PC_5770000050,Tacoma,WA,Fourplex,4,,,
1625,1905,568460.31,PC_5770000660,Tacoma,WA,Duplex,2,,,
1626,1978,512839.64,PC_5840000010,Tacoma,WA,Duplex,2,,,
1627,1900,520724.56,PC_5840000173,Tacoma,WA,Duplex,2,,,
1628,1911,501545.02,PC_5840000710,Tacoma,WA,Duplex,2,,,
1629,1900,782418.75,PC_5840002434,Tacoma,WA,Apartment 5-8 Units,6,,,
1630,1976,633351.09,PC_5955000140,Tacoma,WA,Triplex,3,,,
1631,1907,691422.48,PC_5960000282,Tacoma,WA,Triplex,3,,,
1632,1957,498987.75,PC_5960000340,Tacoma,WA,Duplex,2,,,
1633,1968,446670.22,PC_6080000241,Tacoma,WA,Duplex,2,,,
1634,1910,489078.32,PC_6080000520,Tacoma,WA,Duplex,2,,,
1635,1910,435588.71,PC_6080000550,Tacoma,WA,Duplex,2,,,
1636,1915,462226.96,PC_6080000560,Tacoma,WA,Duplex,2,,,
1637,1909,359190.20,PC_6080000570,Tacoma,WA,Duplex,2,,,
1638,1980,670111.88,PC_6080000640,Tacoma,WA,Triplex,3,,,
1639,1890,467448.06,PC_6080000810,Tacoma,WA,Duplex,2,,,
1640,1907,458071.39,PC_6080001670,Tacoma,WA,Duplex,2,,,
1641,1900,388811.93,PC_6080002431,Tacoma,WA,Duplex,2,,,
1642,1913,589238.15,PC_6080002550,Tacoma,WA,Duplex,2,,,
1643,2006,697602.56,PC_6080002721,Tacoma,WA,Duplex,2,,,
1644,2007,1152797.02,PC_6080002762,Tacoma,WA,Triplex,3,,,
1645,1900,518913.16,PC_6080003670,Tacoma,WA,Duplex,2,,,
1646,1907,563132.66,PC_6080003920,Tacoma,WA,Duplex,2,,,
1647,1910,578476.29,PC_6080004110,Tacoma,WA,Triplex,3,,,
1648,1925,727011.19,PC_6205000570,Tacoma,WA,Duplex,2,,,
1649,1921,878423.02,PC_6205000820,Tacoma,WA,Triplex,3,,,
1650,1950,584549.81,PC_6215000560,Tacoma,WA,Duplex,2,,,
1651,1905,556100.16,PC_6320000020,Tacoma,WA,Duplex,2,,,
1652,1978,645178.48,PC_6320000070,Tacoma,WA,Triplex,3,,,
1653,1996,1213212.57,PC_6350000360,Tacoma,WA,Triplex,3,,,
1654,2005,656579.65,PC_6350000521,Tacoma,WA,Duplex,2,,,
1655,2005,672882.26,PC_6350000522,Tacoma,WA,Duplex,2,,,
1656,2005,672882.26,PC_6350000523,Tacoma,WA,Duplex,2,,,
1657,1985,588279.17,PC_6350000731,Tacoma,WA,Duplex,2,,,
1658,1985,579648.38,PC_6350000732,Tacoma,WA,Duplex,2,,,
1659,2000,673095.36,PC_6350001021,Tacoma,WA,Duplex,2,,,
1660,1906,607458.71,PC_6360000110,Tacoma,WA,Duplex,2,,,
1661,1951,457112.41,PC_6440000040,Tacoma,WA,Duplex,2,,,
1662,1931,460415.56,PC_6440000810,Tacoma,WA,Duplex,2,,,
1663,1915,519445.92,PC_6440000820,Tacoma,WA,Duplex,2,,,
1664,1941,408417.69,PC_6440002111,Tacoma,WA,Duplex,2,,,
1665,1920,656579.65,PC_6440002270,Tacoma,WA,Duplex,2,,,
1666,1900,383377.73,PC_6440005190,Tacoma,WA,Duplex,2,,,
1667,1976,464784.23,PC_6445000373,Tacoma,WA,Duplex,2,,,
1668,1976,464784.23,PC_6445000374,Tacoma,WA,Duplex,2,,,
1669,1964,624187.53,PC_6445000431,Tacoma,WA,Triplex,3,,,
1670,1964,624187.53,PC_6445000440,Tacoma,WA,Triplex,3,,,
1671,1967,618327.12,PC_6445000450,Tacoma,WA,Triplex,3,,,
1672,1967,612360.15,PC_6445000451,Tacoma,WA,Triplex,3,,,
1673,2008,925626.00,PC_6445000470,Tacoma,WA,Duplex,2,,,
1674,1981,474587.11,PC_6445000481,Tacoma,WA,Duplex,2,,,
1675,1981,468939.80,PC_6445000482,Tacoma,WA,Duplex,2,,,
1676,1972,462226.96,PC_6445000590,Tacoma,WA,Duplex,2,,,
1677,1921,423761.32,PC_6445000690,Tacoma,WA,Duplex,2,,,
1678,1966,424400.64,PC_6445000870,Tacoma,WA,Duplex,2,,,
1679,1938,433777.30,PC_6445000940,Tacoma,WA,Duplex,2,,,
1680,1992,484070.32,PC_6445000980,Tacoma,WA,Duplex,2,,,
1681,1966,424400.64,PC_6445001010,Tacoma,WA,Duplex,2,,,
1682,1909,454128.93,PC_6445001240,Tacoma,WA,Duplex,2,,,
1683,1962,472669.15,PC_6445001520,Tacoma,WA,Duplex,2,,,
1684,2012,898135.32,PC_6445001530,Tacoma,WA,Duplex,2,,,
1685,1977,453596.16,PC_6445002090,Tacoma,WA,Duplex,2,,,
1686,1910,402983.48,PC_6445002160,Tacoma,WA,Duplex,2,,,
1687,1962,427490.68,PC_6445002410,Tacoma,WA,Duplex,2,,,
1688,1962,436334.58,PC_6445002420,Tacoma,WA,Duplex,2,,,
1689,1962,480340.97,PC_6445002640,Tacoma,WA,Duplex,2,,,
1690,1944,445924.35,PC_6445002650,Tacoma,WA,Duplex,2,,,
1691,1976,574001.07,PC_6445003080,Tacoma,WA,Duplex,2,,,
1692,1973,497815.66,PC_6445003150,Tacoma,WA,Duplex,2,,,
1693,1970,468833.24,PC_6445003161,Tacoma,WA,Duplex,2,,,
1694,1973,695471.50,PC_6445100012,Tacoma,WA,Triplex,3,,,
1695,1982,872029.83,PC_6445100035,Tacoma,WA,Fourplex,4,,,
1696,1982,853596.16,PC_6445100036,Tacoma,WA,Fourplex,4,,,
1697,1978,481086.84,PC_6445100190,Tacoma,WA,Duplex,2,,,
1698,1978,481086.84,PC_6445100200,Tacoma,WA,Duplex,2,,,
1699,1968,529035.70,PC_6445100530,Tacoma,WA,Duplex,2,,,
1700,1968,510069.26,PC_6445100540,Tacoma,WA,Duplex,2,,,
1701,1968,510069.26,PC_6445100550,Tacoma,WA,Duplex,2,,,
1702,1976,496537.03,PC_6445100590,Tacoma,WA,Duplex,2,,,
1703,2023,1230367.61,PC_6445100611,Tacoma,WA,Duplex,2,,,
1704,1995,545018.65,PC_6445100640,Tacoma,WA,Duplex,2,,,
1705,1975,706766.12,PC_6445100690,Tacoma,WA,Triplex,3,,,
1706,1978,509110.28,PC_6445100751,Tacoma,WA,Duplex,2,,,
1707,1922,643686.73,PC_6445100760,Tacoma,WA,Triplex,3,,,
1708,1967,512413.43,PC_6445100990,Tacoma,WA,Duplex,2,,,
1709,1917,1114757.59,PC_6550600140,Tacoma,WA,Apartment 5-8 Units,5,,,
1710,2002,1018540.22,PC_6550600213,Tacoma,WA,Fourplex,4,,,
1711,1900,423335.11,PC_6550600270,Tacoma,WA,Duplex,2,,,
1712,1917,642621.20,PC_6550600280,Tacoma,WA,Duplex,2,,,
1713,1898,579861.48,PC_6550600290,Tacoma,WA,Duplex,2,,,
1714,1981,959829.52,PC_6550700010,Tacoma,WA,Fourplex,4,,,
1715,1981,1023015.45,PC_6550700020,Tacoma,WA,Fourplex,4,,,
1716,1981,1023654.77,PC_6550700030,Tacoma,WA,Fourplex,4,,,
1717,1981,954821.52,PC_6550700040,Tacoma,WA,Fourplex,4,,,
1718,1981,950772.51,PC_6550700050,Tacoma,WA,Fourplex,4,,,
1719,1981,961321.26,PC_6550700060,Tacoma,WA,Fourplex,4,,,
1720,1977,842621.20,PC_6551000010,Tacoma,WA,Fourplex,4,,,
1721,1977,842621.20,PC_6551000020,Tacoma,WA,Fourplex,4,,,
1722,1977,833137.99,PC_6551000030,Tacoma,WA,Fourplex,4,,,
1723,1978,815023.97,PC_6551000040,Tacoma,WA,Fourplex,4,,,
1724,1978,897176.35,PC_6551000050,Tacoma,WA,Fourplex,4,,,
1725,1978,880021.31,PC_6551000060,Tacoma,WA,Fourplex,4,,,
1726,1978,880021.31,PC_6551000070,Tacoma,WA,Fourplex,4,,,
1727,1978,960468.83,PC_6551000080,Tacoma,WA,Fourplex,4,,,
1728,1978,909003.73,PC_6551000090,Tacoma,WA,Fourplex,4,,,
1729,1978,872775.71,PC_6551000100,Tacoma,WA,Fourplex,4,,,
1730,1978,861267.98,PC_6551000110,Tacoma,WA,Fourplex,4,,,
1731,1978,871710.18,PC_6551000120,Tacoma,WA,Fourplex,4,,,
1732,1977,871710.18,PC_6551000130,Tacoma,WA,Fourplex,4,,,
1733,1977,834523.18,PC_6551000140,Tacoma,WA,Fourplex,4,,,
1734,1977,829408.63,PC_6551000150,Tacoma,WA,Fourplex,4,,,
1735,1978,863718.70,PC_6551000160,Tacoma,WA,Fourplex,4,,,
1736,1978,909856.15,PC_6551000170,Tacoma,WA,Fourplex,4,,,
1737,1978,742674.48,PC_6551000180,Tacoma,WA,Fourplex,4,,,
1738,1981,791901.97,PC_6551000200,Tacoma,WA,Fourplex,4,,,
1739,1982,940863.08,PC_6554000010,Tacoma,WA,Fourplex,4,,,
1740,1981,884922.75,PC_6554000020,Tacoma,WA,Fourplex,4,,,
1741,1981,882045.82,PC_6554000030,Tacoma,WA,Fourplex,4,,,
1742,1981,886414.49,PC_6554000040,Tacoma,WA,Fourplex,4,,,
1743,1981,902504.00,PC_6554000050,Tacoma,WA,Fourplex,4,,,
1744,1981,887693.13,PC_6554000060,Tacoma,WA,Fourplex,4,,,
1745,1982,909003.73,PC_6554000070,Tacoma,WA,Fourplex,4,,,
1746,1981,889717.63,PC_6554000080,Tacoma,WA,Fourplex,4,,,
1747,1981,873734.68,PC_6554000090,Tacoma,WA,Fourplex,4,,,
1748,1981,889717.63,PC_6554000100,Tacoma,WA,Fourplex,4,,,
1749,1981,897815.66,PC_6554000110,Tacoma,WA,Fourplex,4,,,
1750,1982,888545.55,PC_6554000120,Tacoma,WA,Fourplex,4,,,
1751,1982,891635.59,PC_6554000130,Tacoma,WA,Fourplex,4,,,
1752,1981,906339.90,PC_6554000140,Tacoma,WA,Fourplex,4,,,
1753,1981,904848.16,PC_6554000150,Tacoma,WA,Fourplex,4,,,
1754,1981,890783.16,PC_6554000160,Tacoma,WA,Fourplex,4,,,
1755,1981,883644.11,PC_6554000170,Tacoma,WA,Fourplex,4,,,
1756,1981,885881.73,PC_6554000180,Tacoma,WA,Fourplex,4,,,
1757,1981,911134.79,PC_6554000190,Tacoma,WA,Fourplex,4,,,
1758,1984,914970.70,PC_6554000200,Tacoma,WA,Fourplex,4,,,
1759,1981,896643.58,PC_6554000210,Tacoma,WA,Fourplex,4,,,
1760,1982,893660.10,PC_6554000220,Tacoma,WA,Fourplex,4,,,
1761,1983,1132019.18,PC_6555300010,Tacoma,WA,Fourplex,4,,,
1762,1983,1134576.45,PC_6555300020,Tacoma,WA,Fourplex,4,,,
1763,1983,1136387.85,PC_6555300030,Tacoma,WA,Fourplex,4,,,
1764,1983,1137027.17,PC_6555300040,Tacoma,WA,Fourplex,4,,,
1765,1983,1170058.60,PC_6555300050,Tacoma,WA,Fourplex,4,,,
1766,1983,1148961.11,PC_6555300060,Tacoma,WA,Fourplex,4,,,
1767,1983,1153223.23,PC_6555300070,Tacoma,WA,Fourplex,4,,,
1768,1979,1035375.60,PC_6560000130,Tacoma,WA,Fourplex,4,,,
1769,1978,612999.47,PC_6570000011,Tacoma,WA,Duplex,2,,,
1770,1978,619392.65,PC_6570000012,Tacoma,WA,Duplex,2,,,
1771,1978,631752.80,PC_6570000021,Tacoma,WA,Duplex,2,,,
1772,1978,604901.44,PC_6570000022,Tacoma,WA,Duplex,2,,,
1773,1978,604901.44,PC_6570000023,Tacoma,WA,Duplex,2,,,
1774,1905,480660.63,PC_6585000230,Tacoma,WA,Duplex,2,,,
1775,1925,594246.14,PC_6595200241,Tacoma,WA,Duplex,2,,,
1776,1967,598934.47,PC_6610001310,Tacoma,WA,Duplex,2,,,
1777,1969,814597.76,PC_6610001421,Tacoma,WA,Triplex,3,,,
1778,1906,422376.13,PC_6615000111,Tacoma,WA,Duplex,2,,,
1779,1957,564944.06,PC_6615001350,Tacoma,WA,Duplex,2,,,
1780,1927,724880.13,PC_6615001370,Tacoma,WA,Duplex,2,,,
1781,1903,494086.31,PC_6615001400,Tacoma,WA,Duplex,2,,,
1782,1941,418966.44,PC_6615001490,Tacoma,WA,Duplex,2,,,
1783,1949,720191.80,PC_6615001550,Tacoma,WA,Fourplex,4,,,
1784,1952,653702.72,PC_6615001730,Tacoma,WA,Duplex,2,,,
1785,1948,423654.77,PC_6615002040,Tacoma,WA,Duplex,2,,,
1786,2022,1730207.78,PC_6615002311,Tacoma,WA,Apartment 5-8 Units,5,,,
1787,1951,636973.89,PC_6615002380,Tacoma,WA,Duplex,2,,,
1788,1959,618540.22,PC_6615002440,Tacoma,WA,Duplex,2,,,
1789,1952,536920.62,PC_6660200090,Tacoma,WA,Duplex,2,,,
1790,1908,446137.45,PC_6690000660,Tacoma,WA,Duplex,2,,,
1791,1940,382738.41,PC_6690000760,Tacoma,WA,Duplex,2,,,
1792,1906,606499.73,PC_6690000850,Tacoma,WA,Fourplex,4,,,
1793,1913,435801.81,PC_6690001540,Tacoma,WA,Duplex,2,,,
1794,1900,424826.85,PC_6690200280,Tacoma,WA,Duplex,2,,,
1795,1920,428662.76,PC_6690200460,Tacoma,WA,Duplex,2,,,
1796,1947,1467234.95,PC_6705000050,Tacoma,WA,Duplex,2,,,
1797,1910,1198934.47,PC_6705000350,Tacoma,WA,Duplex,2,,,
1798,1908,783697.39,PC_6705000630,Tacoma,WA,Duplex,2,,,
1799,1969,1271603.62,PC_6705000921,Tacoma,WA,Apartment 5-8 Units,8,,,
1800,1900,617048.48,PC_6705001060,Tacoma,WA,Triplex,3,,,
1801,1900,640809.80,PC_6705001280,Tacoma,WA,Triplex,3,,,
1802,1900,596483.75,PC_6705001430,Tacoma,WA,Duplex,2,,,
1803,1951,791156.10,PC_6705002483,Tacoma,WA,Duplex,2,,,
1804,1950,573681.41,PC_6705003300,Tacoma,WA,Duplex,2,,,
1805,1950,615876.40,PC_6705003312,Tacoma,WA,Duplex,2,,,
1806,1900,596483.75,PC_6735000530,Tacoma,WA,Triplex,3,,,
1807,1951,590942.99,PC_6800000130,Tacoma,WA,Duplex,2,,,
1808,1969,1025572.72,PC_6800001350,Tacoma,WA,Triplex,3,,,
1809,1978,514437.93,PC_6800001910,Tacoma,WA,Duplex,2,,,
1810,1978,514437.93,PC_6800001920,Tacoma,WA,Duplex,2,,,
1811,1976,861694.19,PC_6805000800,Tacoma,WA,Fourplex,4,,,
1812,1917,461907.30,PC_6825000460,Tacoma,WA,Duplex,2,,,
1813,1977,534363.35,PC_6835000090,Tacoma,WA,Duplex,2,,,
1814,1952,648161.96,PC_6875000120,Tacoma,WA,Duplex,2,,,
1815,1969,488758.66,PC_6910000011,Tacoma,WA,Duplex,2,,,
1816,1969,490143.85,PC_6910000021,Tacoma,WA,Duplex,2,,,
1817,1963,539797.55,PC_6910000051,Tacoma,WA,Duplex,2,,,
1818,1969,656153.44,PC_6910000070,Tacoma,WA,Triplex,3,,,
1819,1964,556526.37,PC_6910000080,Tacoma,WA,Duplex,2,,,
1820,1975,651784.76,PC_6930001011,Tacoma,WA,Duplex,2,,,
1821,1973,925093.23,PC_6930001012,Tacoma,WA,Duplex,2,,,
1822,1978,446776.77,PC_6955000070,Tacoma,WA,Duplex,2,,,
1823,1979,547789.03,PC_6955000270,Tacoma,WA,Duplex,2,,,
1824,1979,506020.25,PC_6955000540,Tacoma,WA,Duplex,2,,,
1825,1979,516142.78,PC_6955000550,Tacoma,WA,Duplex,2,,,
1826,1939,519978.69,PC_7030000020,Tacoma,WA,Duplex,2,,,
1827,1907,585721.90,PC_7030001040,Tacoma,WA,Duplex,2,,,
1828,1950,648801.28,PC_7030001230,Tacoma,WA,Duplex,2,,,
1829,1969,758870.54,PC_7030001371,Tacoma,WA,Duplex,2,,,
1830,1918,863292.49,PC_7030001560,Tacoma,WA,Apartment 5-8 Units,6,,,
1831,2024,962280.23,PC_7035000440,Tacoma,WA,Duplex,2,,,
1832,1911,824720.30,PC_7040000063,Tacoma,WA,Duplex,2,,,
1833,1951,843793.29,PC_7040000080,Tacoma,WA,Duplex,2,,,
1834,1905,761854.02,PC_7040000360,Tacoma,WA,Duplex,2,,,
1835,1911,752051.15,PC_7040000440,Tacoma,WA,Triplex,3,,,
1836,1908,755780.50,PC_7040000700,Tacoma,WA,Duplex,2,,,
1837,1909,668939.80,PC_7040001010,Tacoma,WA,Duplex,2,,,
1838,1900,1425785.83,PC_7040001070,Tacoma,WA,Apartment 5-8 Units,6,,,
1839,1910,906766.12,PC_7040001260,Tacoma,WA,Fourplex,4,,,
1840,1900,803409.70,PC_7040001300,Tacoma,WA,Duplex,2,,,
1841,1900,698881.19,PC_7040001320,Tacoma,WA,Duplex,2,,,
1842,1930,876291.96,PC_7040001360,Tacoma,WA,Fourplex,4,,,
1843,1951,926798.08,PC_7040001400,Tacoma,WA,Apartment 5-8 Units,6,,,
1844,1895,837719.77,PC_7040001470,Tacoma,WA,Fourplex,4,,,
1845,1966,1241129.46,PC_7045000020,Tacoma,WA,Fourplex,4,,,
1846,1966,1247948.85,PC_7045000021,Tacoma,WA,Fourplex,4,,,
1847,1966,1209057.01,PC_7045000022,Tacoma,WA,Fourplex,4,,,
1848,1966,1172935.54,PC_7045000023,Tacoma,WA,Fourplex,4,,,
1849,1967,726904.64,PC_7045001340,Tacoma,WA,Duplex,2,,,
1850,1967,738092.70,PC_7045001341,Tacoma,WA,Duplex,2,,,
1851,1967,726584.98,PC_7045001342,Tacoma,WA,Duplex,2,,,
1852,1976,599147.58,PC_7090000011,Tacoma,WA,Duplex,2,,,
1853,1969,454448.59,PC_7090000050,Tacoma,WA,Duplex,2,,,
1854,1963,438039.42,PC_7090000071,Tacoma,WA,Duplex,2,,,
1855,1963,424400.64,PC_7090000072,Tacoma,WA,Duplex,2,,,
1856,1967,452956.85,PC_7090000160,Tacoma,WA,Duplex,2,,,
1857,1969,438359.08,PC_7090000612,Tacoma,WA,Duplex,2,,,
1858,1977,473095.36,PC_7090000632,Tacoma,WA,Duplex,2,,,
1859,1977,458923.81,PC_7090000633,Tacoma,WA,Duplex,2,,,
1860,1988,724027.70,PC_7100000025,Tacoma,WA,Triplex,3,,,
1861,1987,485029.30,PC_7100000026,Tacoma,WA,Duplex,2,,,
1862,1988,742354.82,PC_7100000037,Tacoma,WA,Triplex,3,,,
1863,1987,487053.81,PC_7100000038,Tacoma,WA,Duplex,2,,,
1864,1988,713905.17,PC_7100000042,Tacoma,WA,Triplex,3,,,
1865,1987,474267.45,PC_7100000043,Tacoma,WA,Duplex,2,,,
1866,1977,786148.11,PC_7105000380,Tacoma,WA,Fourplex,4,,,
1867,1979,882578.58,PC_7105000421,Tacoma,WA,Apartment 5-8 Units,6,,,
1868,1900,699733.62,PC_7135000220,Tacoma,WA,Triplex,3,,,
1869,2024,1933724.03,PC_7200000150,Tacoma,WA,Apartment 5-8 Units,6,,,
1870,1986,711667.55,PC_7200000160,Tacoma,WA,Triplex,3,,,
1871,1909,727117.74,PC_7280000130,Tacoma,WA,Duplex,2,,,
1872,1905,724453.92,PC_7280000160,Tacoma,WA,Fourplex,4,,,
1873,1900,819925.41,PC_7280000183,Tacoma,WA,Duplex,2,,,
1874,1907,895897.71,PC_7280000210,Tacoma,WA,Triplex,3,,,
1875,1895,596590.30,PC_7280000240,Tacoma,WA,Triplex,3,,,
1876,1895,601917.95,PC_7280000260,Tacoma,WA,Duplex,2,,,
1877,1944,655940.33,PC_7280000370,Tacoma,WA,Duplex,2,,,
1878,1904,622589.24,PC_7280000380,Tacoma,WA,Duplex,2,,,
1879,1900,575066.60,PC_7280000390,Tacoma,WA,Duplex,2,,,
1880,1976,944379.33,PC_7280000440,Tacoma,WA,Fourplex,4,,,
1881,1896,918167.29,PC_7280000520,Tacoma,WA,Fourplex,4,,,
1882,1915,573042.09,PC_7355000060,Tacoma,WA,Duplex,2,,,
1883,1977,889611.08,PC_7415000430,Tacoma,WA,Fourplex,4,,,
1884,1977,889611.08,PC_7415000440,Tacoma,WA,Fourplex,4,,,
1885,1976,779115.61,PC_7415000542,Tacoma,WA,Fourplex,4,,,
1886,1980,1206925.95,PC_7415000550,Tacoma,WA,Apartment 5-8 Units,8,,,
1887,1955,551624.93,PC_7415000590,Tacoma,WA,Duplex,2,,,
1888,1910,415769.85,PC_7470010050,Tacoma,WA,Duplex,2,,,
1889,1908,517527.97,PC_7470010080,Tacoma,WA,Duplex,2,,,
1890,1900,379115.61,PC_7470010620,Tacoma,WA,Duplex,2,,,
1891,1951,546830.05,PC_7470010830,Tacoma,WA,Duplex,2,,,
1892,1912,414704.32,PC_7470011380,Tacoma,WA,Duplex,2,,,
1893,1904,914970.70,PC_7470011460,Tacoma,WA,Fourplex,4,,,
1894,1976,609802.88,PC_7470011530,Tacoma,WA,Triplex,3,,,
1895,1974,904102.29,PC_7470013093,Tacoma,WA,Fourplex,4,,,
1896,1976,817474.69,PC_7470013094,Tacoma,WA,Fourplex,4,,,
1897,1985,706872.67,PC_7470013951,Tacoma,WA,Triplex,3,,,
1898,1985,709856.15,PC_7470013952,Tacoma,WA,Triplex,3,,,
1899,1985,626851.36,PC_7470013953,Tacoma,WA,Triplex,3,,,
1900,1950,442727.76,PC_7470014570,Tacoma,WA,Duplex,2,,,
1901,1949,499200.85,PC_7470014670,Tacoma,WA,Duplex,2,,,
1902,1966,700266.38,PC_7470014860,Tacoma,WA,Duplex,2,,,
1903,1948,522749.07,PC_7470015360,Tacoma,WA,Duplex,2,,,
1904,1947,508470.96,PC_7470015380,Tacoma,WA,Duplex,2,,,
1905,1910,485562.07,PC_7470020090,Tacoma,WA,Duplex,2,,,
1906,1907,609057.01,PC_7470020100,Tacoma,WA,Duplex,2,,,
1907,1977,586361.21,PC_7470020280,Tacoma,WA,Duplex,2,,,
1908,1972,737240.28,PC_7470023410,Tacoma,WA,Triplex,3,,,
1909,1926,688225.89,PC_7470023420,Tacoma,WA,Fourplex,4,,,
1910,1925,569952.05,PC_7470024010,Tacoma,WA,Duplex,2,,,
1911,1905,617048.48,PC_7470024521,Tacoma,WA,Triplex,3,,,
1912,1925,544379.33,PC_7470024640,Tacoma,WA,Triplex,3,,,
1913,1974,710602.02,PC_7470025341,Tacoma,WA,Triplex,3,,,
1914,1973,492061.80,PC_7470025342,Tacoma,WA,Duplex,2,,,
1915,1973,518060.74,PC_7470025343,Tacoma,WA,Duplex,2,,,
1916,1918,618753.33,PC_7470025360,Tacoma,WA,Duplex,2,,,
1917,1905,543633.46,PC_7470025380,Tacoma,WA,Duplex,2,,,
1918,1910,568566.86,PC_7470025800,Tacoma,WA,Duplex,2,,,
1919,1908,445711.24,PC_7470025810,Tacoma,WA,Duplex,2,,,
1920,1918,753755.99,PC_7470031290,Tacoma,WA,Duplex,2,,,
1921,1915,603090.04,PC_7470031373,Tacoma,WA,Duplex,2,,,
1922,1900,531060.20,PC_7470031580,Tacoma,WA,Duplex,2,,,
1923,1926,593500.27,PC_7470031660,Tacoma,WA,Triplex,3,,,
1924,1920,610015.98,PC_7470031670,Tacoma,WA,Duplex,2,,,
1925,1900,621736.81,PC_7470032400,Tacoma,WA,Duplex,2,,,
1926,1914,535109.22,PC_7470032430,Tacoma,WA,Duplex,2,,,
1927,2021,1711880.66,PC_7470032440,Tacoma,WA,Apartment 5-8 Units,6,,,
1928,1903,445817.79,PC_7470032520,Tacoma,WA,Duplex,2,,,
1929,1906,462759.72,PC_7470032530,Tacoma,WA,Duplex,2,,,
1930,1914,1085242.41,PC_7470032920,Tacoma,WA,Triplex,3,,,
1931,1907,452956.85,PC_7470032990,Tacoma,WA,Duplex,2,,,
1932,1900,345125.20,PC_7470033120,Tacoma,WA,Triplex,3,,,
1933,1903,476611.61,PC_7470033480,Tacoma,WA,Duplex,2,,,
1934,1902,452743.74,PC_7470033580,Tacoma,WA,Duplex,2,,,
1935,1954,461054.87,PC_7470034250,Tacoma,WA,Duplex,2,,,
1936,1950,1124667.02,PC_7470034270,Tacoma,WA,Apartment 5-8 Units,6,,,
1937,1900,436334.58,PC_7470034400,Tacoma,WA,Duplex,2,,,
1938,1905,620671.28,PC_7470034500,Tacoma,WA,Triplex,3,,,
1939,1910,446030.90,PC_7470034560,Tacoma,WA,Duplex,2,,,
1940,1910,491955.25,PC_7470035030,Tacoma,WA,Duplex,2,,,
1941,1950,654022.38,PC_7475010890,Tacoma,WA,Duplex,2,,,
1942,1918,671390.52,PC_7475012330,Tacoma,WA,Duplex,2,,,
1943,1908,595950.99,PC_7475013060,Tacoma,WA,Duplex,2,,,
1944,1907,970484.82,PC_7475015250,Tacoma,WA,Triplex,3,,,
1945,1909,901225.36,PC_7475016970,Tacoma,WA,Fourplex,4,,,
1946,1915,639104.95,PC_7475020251,Tacoma,WA,Duplex,2,,,
1947,1947,837826.32,PC_7475020740,Tacoma,WA,Duplex,2,,,
1948,1925,555141.18,PC_7475021850,Tacoma,WA,Duplex,2,,,
1949,1973,695471.50,PC_7475021961,Tacoma,WA,Duplex,2,,,
1950,1945,600213.11,PC_7475022010,Tacoma,WA,Duplex,2,,,
1951,1951,951198.72,PC_7475023360,Tacoma,WA,Duplex,2,,,
1952,1931,697815.66,PC_7475023530,Tacoma,WA,Triplex,3,,,
1953,1952,670111.88,PC_7475024660,Tacoma,WA,Duplex,2,,,
1954,1948,1219712.31,PC_7475026440,Tacoma,WA,Fourplex,4,,,
1955,1951,646030.90,PC_7475027460,Tacoma,WA,Duplex,2,,,
1956,1905,762173.68,PC_7475027532,Tacoma,WA,Duplex,2,,,
1957,1902,641981.89,PC_7475033470,Tacoma,WA,Duplex,2,,,
1958,1951,708897.18,PC_7475034650,Tacoma,WA,Duplex,2,,,
1959,1944,572189.66,PC_7475035110,Tacoma,WA,Duplex,2,,,
1960,1943,572083.11,PC_7475035170,Tacoma,WA,Duplex,2,,,
1961,1942,550559.40,PC_7475035780,Tacoma,WA,Duplex,2,,,
1962,1951,528822.59,PC_7505000222,Tacoma,WA,Duplex,2,,,
1963,1985,637506.66,PC_7515000142,Tacoma,WA,Duplex,2,,,
1964,1985,637506.66,PC_7515000143,Tacoma,WA,Duplex,2,,,
1965,1985,711667.55,PC_7515000144,Tacoma,WA,Duplex,2,,,
1966,1986,737559.94,PC_7515000145,Tacoma,WA,Duplex,2,,,
1967,1988,629515.18,PC_7515000146,Tacoma,WA,Duplex,2,,,
1968,1981,612999.47,PC_7515000147,Tacoma,WA,Duplex,2,,,
1969,1981,626638.25,PC_7515000218,Tacoma,WA,Duplex,2,,,
1970,1981,623441.66,PC_7515000219,Tacoma,WA,Duplex,2,,,
1971,1965,355993.61,PC_7610000060,Tacoma,WA,Fourplex,4,,,
1972,2019,852850.29,PC_7610000073,Tacoma,WA,Duplex,2,,,
1973,1938,684709.64,PC_7645000140,Tacoma,WA,Duplex,2,,,
1974,1914,660522.11,PC_7645000220,Tacoma,WA,Triplex,3,,,
1975,1965,997762.39,PC_7645000290,Tacoma,WA,Apartment 5-8 Units,8,,,
1976,1910,470751.20,PC_7685000280,Tacoma,WA,Duplex,2,,,
1977,1913,467661.16,PC_7685000520,Tacoma,WA,Duplex,2,,,
1978,1903,515610.02,PC_7685000530,Tacoma,WA,Duplex,2,,,
1979,1979,564517.85,PC_7685000681,Tacoma,WA,Duplex,2,,,
1980,1979,598827.92,PC_7685000740,Tacoma,WA,Duplex,2,,,
1981,1908,284603.09,PC_7685001520,Tacoma,WA,Duplex,2,,,
1982,1984,530527.44,PC_7685001561,Tacoma,WA,Duplex,2,,,
1983,1905,526798.08,PC_7685001580,Tacoma,WA,Duplex,2,,,
1984,1909,544912.09,PC_7685001630,Tacoma,WA,Duplex,2,,,
1985,1900,523068.73,PC_7685001650,Tacoma,WA,Duplex,2,,,
1986,1909,562599.89,PC_7685001800,Tacoma,WA,Triplex,3,,,
1987,1943,531806.07,PC_7685002300,Tacoma,WA,Duplex,2,,,
1988,1955,512626.53,PC_7685002610,Tacoma,WA,Duplex,2,,,
1989,1910,515716.57,PC_7685002790,Tacoma,WA,Duplex,2,,,
1990,1910,518806.61,PC_7685002890,Tacoma,WA,Duplex,2,,,
1991,1910,467448.06,PC_7685003200,Tacoma,WA,Duplex,2,,,
1992,1971,579648.38,PC_7685004250,Tacoma,WA,Duplex,2,,,
1993,1905,541289.29,PC_7685005571,Tacoma,WA,Duplex,2,,,
1994,1917,454235.48,PC_7685006200,Tacoma,WA,Duplex,2,,,
1995,1904,487160.36,PC_7685006430,Tacoma,WA,Duplex,2,,,
1996,1903,478529.57,PC_7685006900,Tacoma,WA,Duplex,2,,,
1997,1941,509110.28,PC_7685006950,Tacoma,WA,Triplex,3,,,
1998,1972,492061.80,PC_7770001310,Tacoma,WA,Duplex,2,,,
1999,1972,509536.49,PC_7770001320,Tacoma,WA,Duplex,2,,,
2000,1925,427703.78,PC_7770001820,Tacoma,WA,Duplex,2,,,
2001,1959,597123.07,PC_7770100720,Tacoma,WA,Duplex,2,,,
2002,1967,444432.61,PC_7770101280,Tacoma,WA,Duplex,2,,,
2003,2008,1856366.54,PC_7785000131,Tacoma,WA,Fourplex,4,,,
2004,1911,677144.38,PC_7785000250,Tacoma,WA,Apartment 5-8 Units,5,,,
2005,1910,347043.15,PC_7785000272,Tacoma,WA,Duplex,2,,,
2006,2022,638572.19,PC_7785000901,Tacoma,WA,Duplex,2,,,
2007,1900,652530.63,PC_7785000902,Tacoma,WA,Duplex,2,,,
2008,1900,413106.02,PC_7785000910,Tacoma,WA,Duplex,2,,,
2009,1906,518913.16,PC_7785001080,Tacoma,WA,Duplex,2,,,
2010,1928,495578.05,PC_7785001462,Tacoma,WA,Duplex,2,,,
2011,1900,557485.35,PC_7785001492,Tacoma,WA,Fourplex,4,,,
2012,1976,517847.63,PC_7785001572,Tacoma,WA,Duplex,2,,,
2013,1963,581140.12,PC_7785001770,Tacoma,WA,Duplex,2,,,
2014,1915,458817.26,PC_7785001800,Tacoma,WA,Duplex,2,,,
2015,1900,601385.19,PC_7785003370,Tacoma,WA,Duplex,2,,,
2016,1906,468513.59,PC_7785003810,Tacoma,WA,Duplex,2,,,
2017,1921,437932.87,PC_7785003920,Tacoma,WA,Duplex,2,,,
2018,1947,511880.66,PC_7785004010,Tacoma,WA,Duplex,2,,,
2019,1910,455407.57,PC_7785004080,Tacoma,WA,Duplex,2,,,
2020,1950,505594.03,PC_7785004362,Tacoma,WA,Duplex,2,,,
2021,1920,817794.35,PC_7785005000,Tacoma,WA,Apartment 5-8 Units,6,,,
2022,1906,419286.09,PC_7785005030,Tacoma,WA,Duplex,2,,,
2023,1986,637080.45,PC_7785005050,Tacoma,WA,Duplex,2,,,
2024,1969,890889.72,PC_7785005150,Tacoma,WA,Fourplex,4,,,
2025,1928,375812.47,PC_7785005350,Tacoma,WA,Duplex,2,,,
2026,1919,420671.28,PC_7785005580,Tacoma,WA,Duplex,2,,,
2027,1905,477996.80,PC_7785006020,Tacoma,WA,Duplex,2,,,
2028,1910,463825.25,PC_7785006210,Tacoma,WA,Duplex,2,,,
2029,1902,648375.07,PC_7785006543,Tacoma,WA,Triplex,3,,,
2030,1970,547149.71,PC_7785006670,Tacoma,WA,Duplex,2,,,
2031,1963,373681.41,PC_7785006690,Tacoma,WA,Duplex,2,,,
2032,1907,544912.09,PC_7785006710,Tacoma,WA,Triplex,3,,,
2033,1950,618753.33,PC_7785006830,Tacoma,WA,Apartment 5-8 Units,5,,,
2034,1916,410122.54,PC_7785007020,Tacoma,WA,Duplex,2,,,
2035,1951,574001.07,PC_7795001010,Tacoma,WA,Duplex,2,,,
2036,1916,343953.12,PC_7800000400,Tacoma,WA,Duplex,2,,,
2037,2006,1151092.17,PC_7805000010,Tacoma,WA,Triplex,3,,,
2038,1939,481193.39,PC_7815000615,Tacoma,WA,Duplex,2,,,
2039,1963,711241.34,PC_7850000523,Tacoma,WA,Apartment 5-8 Units,6,,,
2040,2004,972615.88,PC_7850000701,Tacoma,WA,Fourplex,4,,,
2041,2022,1437932.87,PC_7850000721,Tacoma,WA,Fourplex,4,,,
2042,2020,1785615.34,PC_7850100032,Tacoma,WA,Apartment 5-8 Units,8,,,
2043,1984,527224.29,PC_7920000081,Tacoma,WA,Duplex,2,,,
2044,1949,631752.80,PC_7935200080,Tacoma,WA,Triplex,3,,,
2045,1952,442301.55,PC_7950000060,Tacoma,WA,Duplex,2,,,
2046,1923,759829.52,PC_7955000910,Tacoma,WA,Triplex,3,,,
2047,1975,501331.91,PC_8050000053,Tacoma,WA,Duplex,2,,,
2048,1975,531273.31,PC_8050000870,Tacoma,WA,Duplex,2,,,
2049,1910,1262866.28,PC_8910000060,Tacoma,WA,Duplex,2,,,
2050,1910,944485.88,PC_8910000070,Tacoma,WA,Duplex,2,,,
2051,1905,944698.99,PC_8910000300,Tacoma,WA,Duplex,2,,,
2052,1910,843686.73,PC_8910000330,Tacoma,WA,Duplex,2,,,
2053,1909,1150772.51,PC_8910000350,Tacoma,WA,Duplex,2,,,
2054,2018,2046350.56,PC_8910000430,Tacoma,WA,Fourplex,4,,,
2055,1906,673628.13,PC_8910000450,Tacoma,WA,Duplex,2,,,
2056,1977,1624507.19,PC_8910000723,Tacoma,WA,Apartment 5-8 Units,6,,,
2057,1960,1140117.21,PC_8910000740,Tacoma,WA,Apartment 5-8 Units,8,,,
2058,1924,734256.79,PC_8910000790,Tacoma,WA,Triplex,3,,,
2059,1890,978156.63,PC_8910001552,Tacoma,WA,Duplex,2,,,
2060,1977,562173.68,PC_8935010130,Tacoma,WA,Duplex,2,,,
2061,1964,588705.38,PC_8935010460,Tacoma,WA,Duplex,2,,,
2062,1974,586041.56,PC_8935010473,Tacoma,WA,Duplex,2,,,
2063,1906,441555.67,PC_8935010590,Tacoma,WA,Duplex,2,,,
2064,1900,595524.77,PC_8935010630,Tacoma,WA,Triplex,3,,,
2065,1963,519659.03,PC_8935010640,Tacoma,WA,Duplex,2,,,
2066,1925,585721.90,PC_8935010810,Tacoma,WA,Triplex,3,,,
2067,1977,491635.59,PC_8935010870,Tacoma,WA,Duplex,2,,,
2068,1979,761214.70,PC_8935010950,Tacoma,WA,Triplex,3,,,
2069,1961,475759.19,PC_8935011200,Tacoma,WA,Duplex,2,,,
2070,1942,400639.32,PC_8935011220,Tacoma,WA,Duplex,2,,,
2071,1965,477037.83,PC_8935011350,Tacoma,WA,Duplex,2,,,
2072,1977,515077.25,PC_8935011870,Tacoma,WA,Duplex,2,,,
2073,1976,537346.83,PC_8935011961,Tacoma,WA,Duplex,2,,,
2074,1967,549387.32,PC_8935012150,Tacoma,WA,Duplex,2,,,
2075,1972,1101758.12,PC_8935012261,Tacoma,WA,Apartment 5-8 Units,8,,,
2076,1968,573468.30,PC_8935012290,Tacoma,WA,Duplex,2,,,
2077,1980,733084.71,PC_8935012390,Tacoma,WA,Triplex,3,,,
2078,1979,596057.54,PC_8935012443,Tacoma,WA,Triplex,3,,,
2079,1955,440596.70,PC_8935012480,Tacoma,WA,Duplex,2,,,
2080,1965,424187.53,PC_8935012490,Tacoma,WA,Duplex,2,,,
2081,1977,496430.47,PC_8935013070,Tacoma,WA,Duplex,2,,,
2082,1940,499094.30,PC_8935013330,Tacoma,WA,Duplex,2,,,
2083,1900,353010.12,PC_8935013430,Tacoma,WA,Duplex,2,,,
2084,1910,414384.66,PC_8935013540,Tacoma,WA,Duplex,2,,,
2085,1917,415450.19,PC_8935013630,Tacoma,WA,Duplex,2,,,
2086,1970,605221.10,PC_8935013820,Tacoma,WA,Duplex,2,,,
2087,1977,715823.12,PC_8935013880,Tacoma,WA,Triplex,3,,,
2088,1976,515503.46,PC_8935014000,Tacoma,WA,Duplex,2,,,
2089,1966,576345.23,PC_8935014180,Tacoma,WA,Duplex,2,,,
2090,1968,714224.83,PC_8935014521,Tacoma,WA,Triplex,3,,,
2091,1973,548428.34,PC_8935014540,Tacoma,WA,Duplex,2,,,
2092,1950,485988.28,PC_8935014570,Tacoma,WA,Duplex,2,,,
2093,1970,729142.25,PC_8935014660,Tacoma,WA,Triplex,3,,,
2094,1905,470111.88,PC_8935015060,Tacoma,WA,Duplex,2,,,
2095,1920,587320.19,PC_8935015150,Tacoma,WA,Duplex,2,,,
2096,1916,503676.08,PC_8935015160,Tacoma,WA,Fourplex,4,,,
2097,1909,486414.49,PC_8935015170,Tacoma,WA,Duplex,2,,,
2098,1964,928289.82,PC_8935015180,Tacoma,WA,Apartment 5-8 Units,7,,,
2099,1890,472029.83,PC_8935015450,Tacoma,WA,Duplex,2,,,
2100,1925,547895.58,PC_8935015480,Tacoma,WA,Duplex,2,,,
2101,1959,576771.44,PC_8935015570,Tacoma,WA,Duplex,2,,,
2102,1908,718806.61,PC_8935015640,Tacoma,WA,Apartment 5-8 Units,7,,,
2103,1907,485455.51,PC_8935015660,Tacoma,WA,Duplex,2,,,
2104,1890,416835.38,PC_8935015680,Tacoma,WA,Fourplex,4,,,
2105,1972,522322.86,PC_8935015810,Tacoma,WA,Duplex,2,,,
2106,1905,599893.45,PC_8935016080,Tacoma,WA,Duplex,2,,,
2107,1936,620031.97,PC_8935016150,Tacoma,WA,Triplex,3,,,
2108,1978,705913.69,PC_8935016410,Tacoma,WA,Triplex,3,,,
2109,1977,559722.96,PC_8935016730,Tacoma,WA,Duplex,2,,,
2110,1943,530740.54,PC_8935016780,Tacoma,WA,Duplex,2,,,
2111,1968,503676.08,PC_8935016940,Tacoma,WA,Duplex,2,,,
2112,1972,534043.69,PC_8935016950,Tacoma,WA,Duplex,2,,,
2113,1921,573042.09,PC_8935016991,Tacoma,WA,Duplex,2,,,
2114,1905,487373.47,PC_8935017700,Tacoma,WA,Duplex,2,,,
2115,1917,453596.16,PC_8935017710,Tacoma,WA,Duplex,2,,,
2116,1918,487480.02,PC_8935017810,Tacoma,WA,Duplex,2,,,
2117,1924,638359.08,PC_8935017970,Tacoma,WA,Duplex,2,,,
2118,1910,582418.75,PC_8935018230,Tacoma,WA,Duplex,2,,,
2119,1910,704315.40,PC_8935018350,Tacoma,WA,Triplex,3,,,
2120,1901,531699.52,PC_8935018500,Tacoma,WA,Duplex,2,,,
2121,1927,573681.41,PC_8935020040,Tacoma,WA,Triplex,3,,,
2122,1951,728183.27,PC_8935021170,Tacoma,WA,Fourplex,4,,,
2123,1909,543740.01,PC_8935021190,Tacoma,WA,Triplex,3,,,
2124,2020,880767.18,PC_8935021210,Tacoma,WA,Duplex,2,,,
2125,1919,507725.09,PC_8935021220,Tacoma,WA,Duplex,2,,,
2126,1904,564624.40,PC_8935021240,Tacoma,WA,Triplex,3,,,
2127,1974,921044.22,PC_8935021250,Tacoma,WA,Fourplex,4,,,
2128,1976,862972.83,PC_8935021270,Tacoma,WA,Fourplex,4,,,
2129,1950,840703.25,PC_8935021291,Tacoma,WA,Fourplex,4,,,
2130,1900,330314.33,PC_8935021360,Tacoma,WA,Duplex,2,,,
2131,1920,505913.69,PC_8935021780,Tacoma,WA,Duplex,2,,,
2132,1946,554821.52,PC_8935021790,Tacoma,WA,Duplex,2,,,
2133,1968,677570.59,PC_8935022500,Tacoma,WA,Apartment 5-8 Units,5,,,
2134,1913,452637.19,PC_8935022560,Tacoma,WA,Fourplex,4,,,
2135,1904,482152.37,PC_8935022600,Tacoma,WA,Duplex,2,,,
2136,1921,386361.21,PC_8935022660,Tacoma,WA,Duplex,2,,,
2137,1900,833883.86,PC_8935022760,Tacoma,WA,Apartment 5-8 Units,6,,,
2138,1909,836334.58,PC_8935022880,Tacoma,WA,Fourplex,4,,,
2139,1907,774746.94,PC_8935023320,Tacoma,WA,Duplex,2,,,
2140,1938,647629.20,PC_8935023351,Tacoma,WA,Apartment 5-8 Units,6,,,
2141,1908,385615.34,PC_8935023570,Tacoma,WA,Duplex,2,,,
2142,1890,507085.78,PC_8935023850,Tacoma,WA,Duplex,2,,,
2143,1927,563985.08,PC_8935024260,Tacoma,WA,Duplex,2,,,
2144,1908,997762.39,PC_8935024350,Tacoma,WA,Apartment 5-8 Units,6,,,
2145,1900,499520.51,PC_8935024540,Tacoma,WA,Duplex,2,,,
2146,1952,522749.07,PC_8935024550,Tacoma,WA,Duplex,2,,,
2147,1900,570058.60,PC_8935024560,Tacoma,WA,Duplex,2,,,
2148,2016,597868.94,PC_8935024670,Tacoma,WA,Duplex,2,,,
2149,1909,415876.40,PC_8935024680,Tacoma,WA,Triplex,3,,,
2150,1971,763239.21,PC_8935024780,Tacoma,WA,Fourplex,4,,,
2151,1946,559936.07,PC_8935024830,Tacoma,WA,Duplex,2,,,
2152,1915,828662.76,PC_8935024840,Tacoma,WA,Fourplex,4,,,
2153,1907,491315.93,PC_8935026420,Tacoma,WA,Duplex,2,,,
2154,1960,511561.00,PC_8935026450,Tacoma,WA,Duplex,2,,,
2155,1908,451678.21,PC_8935026730,Tacoma,WA,Duplex,2,,,
2156,1900,672456.05,PC_8935027040,Tacoma,WA,Duplex,2,,,
2157,1979,502930.21,PC_8935027070,Tacoma,WA,Duplex,2,,,
2158,1984,604688.33,PC_8935027091,Tacoma,WA,Duplex,2,,,
2159,1900,561214.70,PC_8935027720,Tacoma,WA,Duplex,2,,,
2160,1920,555993.61,PC_8935027930,Tacoma,WA,Duplex,2,,,
2161,1910,384549.81,PC_8935028160,Tacoma,WA,Duplex,2,,,
2162,1951,434842.83,PC_8935028900,Tacoma,WA,Duplex,2,,,
2163,1905,497176.35,PC_8935028960,Tacoma,WA,Duplex,2,,,
2164,1900,415343.63,PC_8935029000,Tacoma,WA,Duplex,2,,,
2165,1945,1457112.41,PC_8945000130,Tacoma,WA,Duplex,2,,,
2166,1951,401278.64,PC_8965000030,Tacoma,WA,Duplex,2,,,
2167,1968,1173787.96,PC_8965000110,Tacoma,WA,Apartment 5-8 Units,8,,,
2168,1945,703036.76,PC_9005000110,Tacoma,WA,Triplex,3,,,
2169,1921,542354.82,PC_9005000120,Tacoma,WA,Duplex,2,,,
2170,1907,375919.02,PC_9011520010,Tacoma,WA,Duplex,2,,,
2171,1969,835695.26,PC_9075000131,Tacoma,WA,Duplex,2,,,
2172,1966,673734.68,PC_9075000260,Tacoma,WA,Duplex,2,,,
2173,1904,1166435.80,PC_9100000010,Tacoma,WA,Apartment 5-8 Units,8,,,
2174,1895,682791.69,PC_9100000040,Tacoma,WA,Duplex,2,,,
2175,1906,742461.37,PC_9100000050,Tacoma,WA,Triplex,3,,,
2176,1911,670964.30,PC_9100000070,Tacoma,WA,Duplex,2,,,
2177,1900,517527.97,PC_9100000170,Tacoma,WA,Duplex,2,,,
2178,1905,747469.37,PC_9100000190,Tacoma,WA,Fourplex,4,,,
2179,1908,664038.36,PC_9100000290,Tacoma,WA,Duplex,2,,,
2180,1910,697176.35,PC_9100000350,Tacoma,WA,Triplex,3,,,
2181,1910,851145.44,PC_9100000360,Tacoma,WA,Fourplex,4,,,
2182,1895,614384.66,PC_9100000410,Tacoma,WA,Duplex,2,,,
2183,1900,608098.03,PC_9100000420,Tacoma,WA,Duplex,2,,,
2184,1910,828982.42,PC_9100000560,Tacoma,WA,Triplex,3,,,
2185,1904,692381.46,PC_9100000660,Tacoma,WA,Triplex,3,,,
2186,1890,967501.33,PC_9100000671,Tacoma,WA,Fourplex,4,,,
2187,2022,1854128.93,PC_9100000903,Tacoma,WA,Fourplex,4,,,
2188,2022,914757.59,PC_9100000905,Tacoma,WA,Duplex,2,,,
2189,1955,655940.33,PC_9100000930,Tacoma,WA,Duplex,2,,,
2190,2002,743207.25,PC_9100001070,Tacoma,WA,Triplex,3,,,
2191,1915,667554.61,PC_9100200070,Tacoma,WA,Duplex,2,,,
2192,1905,655514.12,PC_9100200110,Tacoma,WA,Duplex,2,,,
2193,1968,876291.96,PC_9100200150,Tacoma,WA,Fourplex,4,,,
2194,1908,723281.83,PC_9100200190,Tacoma,WA,Triplex,3,,,
2195,1976,994033.03,PC_9100200200,Tacoma,WA,Fourplex,4,,,
2196,1914,585935.00,PC_9105001580,Tacoma,WA,Duplex,2,,,
2197,2011,2053915.82,PC_9120000161,Tacoma,WA,Apartment 5-8 Units,6,,,
2198,2011,1722855.62,PC_9120000172,Tacoma,WA,Apartment 5-8 Units,5,,,
2199,2016,1719126.27,PC_9120000210,Tacoma,WA,Apartment 5-8 Units,6,,,
2200,1968,754928.08,PC_9120000380,Tacoma,WA,Triplex,3,,,
2201,1996,497389.45,PC_9120000391,Tacoma,WA,Duplex,2,,,
2202,1968,612786.36,PC_9120000392,Tacoma,WA,Triplex,3,,,
2203,2006,1079488.55,PC_9120000450,Tacoma,WA,Duplex,2,,,
2204,1984,544272.78,PC_9120000480,Tacoma,WA,Duplex,2,,,
2205,1984,557059.14,PC_9120000493,Tacoma,WA,Duplex,2,,,
2206,1984,565689.93,PC_9120000494,Tacoma,WA,Duplex,2,,,
2207,1984,565689.93,PC_9120000496,Tacoma,WA,Duplex,2,,,
2208,1983,746936.60,PC_9120000524,Tacoma,WA,Triplex,3,,,
2209,1983,558657.43,PC_9120000526,Tacoma,WA,Duplex,2,,,
2210,1983,558657.43,PC_9120000527,Tacoma,WA,Duplex,2,,,
2211,1983,558657.43,PC_9120000528,Tacoma,WA,Duplex,2,,,
2212,1988,497069.79,PC_9120000541,Tacoma,WA,Duplex,2,,,
2213,2008,960788.49,PC_9120000561,Tacoma,WA,Fourplex,4,,,
2214,1962,504954.71,PC_9120000570,Tacoma,WA,Duplex,2,,,
2215,1977,714651.04,PC_9120000590,Tacoma,WA,Triplex,3,,,
2216,2008,370591.37,PC_9120000670,Tacoma,WA,Apartment 5-8 Units,6,,,
2217,2008,247096.43,PC_9120000680,Tacoma,WA,Apartment 5-8 Units,6,,,
2218,2008,308897.18,PC_9120000690,Tacoma,WA,Apartment 5-8 Units,6,,,
2219,2008,308897.18,PC_9120000700,Tacoma,WA,Apartment 5-8 Units,6,,,
2220,2008,306339.90,PC_9120000710,Tacoma,WA,Apartment 5-8 Units,6,,,
2221,1951,716355.89,PC_9150000200,Tacoma,WA,Duplex,2,,,
2222,1910,479914.76,PC_9170000360,Tacoma,WA,Triplex,3,,,
2223,1951,386787.43,PC_9170000480,Tacoma,WA,Duplex,2,,,
2224,1983,741822.06,PC_9215000040,Tacoma,WA,Apartment 5-8 Units,5,,,
2225,1905,500053.28,PC_9215000070,Tacoma,WA,Triplex,3,,,
2226,1920,354075.65,PC_9215000170,Tacoma,WA,Duplex,2,,,
2227,1908,1205860.42,PC_9215000380,Tacoma,WA,Fourplex,4,,,
2228,2006,1111561.00,PC_9260000197,Tacoma,WA,Triplex,3,,,
2229,2006,725945.66,PC_9260000198,Tacoma,WA,Duplex,2,,,
2230,2006,725839.10,PC_9260000199,Tacoma,WA,Duplex,2,,,
2231,2006,725839.10,PC_9260000200,Tacoma,WA,Duplex,2,,,
2232,1969,567075.12,PC_9260000201,Tacoma,WA,Triplex,3,,,
2233,2006,725839.10,PC_9260000202,Tacoma,WA,Duplex,2,,,
2234,1971,446989.88,PC_9260000203,Tacoma,WA,Duplex,2,,,
2235,2006,725839.10,PC_9260000204,Tacoma,WA,Duplex,2,,,
2236,1969,567927.54,PC_9260000211,Tacoma,WA,Triplex,3,,,
2237,1970,549813.53,PC_9260000241,Tacoma,WA,Triplex,3,,,
2238,1969,567927.54,PC_9260000251,Tacoma,WA,Triplex,3,,,
2239,1975,490143.85,PC_9260000281,Tacoma,WA,Duplex,2,,,
2240,1975,463718.70,PC_9260000291,Tacoma,WA,Duplex,2,,,
2241,1975,472669.15,PC_9260000292,Tacoma,WA,Duplex,2,,,
2242,1975,472669.15,PC_9260000293,Tacoma,WA,Duplex,2,,,
2243,1975,472669.15,PC_9260000294,Tacoma,WA,Duplex,2,,,
2244,1975,472669.15,PC_9260000295,Tacoma,WA,Duplex,2,,,
2245,2022,913478.96,PC_9260000310,Tacoma,WA,Duplex,2,,,
2246,1974,477250.93,PC_9260000320,Tacoma,WA,Duplex,2,,,
2247,1974,554608.42,PC_9260000331,Tacoma,WA,Triplex,3,,,
2248,1974,477250.93,PC_9260000332,Tacoma,WA,Duplex,2,,,
2249,1974,481939.26,PC_9260000333,Tacoma,WA,Duplex,2,,,
2250,2013,613319.13,PC_9260000451,Tacoma,WA,Duplex,2,,,
2251,2013,623974.43,PC_9260000452,Tacoma,WA,Duplex,2,,,
2252,1972,494192.86,PC_9260000641,Tacoma,WA,Duplex,2,,,
2253,1969,451891.32,PC_9260000642,Tacoma,WA,Duplex,2,,,
2254,1969,479275.44,PC_9260000693,Tacoma,WA,Duplex,2,,,
2255,1969,610335.64,PC_9260000702,Tacoma,WA,Triplex,3,,,
2256,1948,503143.31,PC_9260000720,Tacoma,WA,Duplex,2,,,
2257,1977,531379.86,PC_9260000731,Tacoma,WA,Duplex,2,,,
2258,1977,531379.86,PC_9260000732,Tacoma,WA,Duplex,2,,,
2259,1977,564198.19,PC_9260000743,Tacoma,WA,Duplex,2,,,
2260,1977,570378.26,PC_9260000744,Tacoma,WA,Duplex,2,,,
2261,1977,531379.86,PC_9260000751,Tacoma,WA,Duplex,2,,,
2262,1977,531379.86,PC_9260000752,Tacoma,WA,Duplex,2,,,
2263,1969,597336.17,PC_9260000762,Tacoma,WA,Triplex,3,,,
2264,1967,581246.67,PC_9260000770,Tacoma,WA,Triplex,3,,,
2265,1952,543420.35,PC_9260000790,Tacoma,WA,Duplex,2,,,
2266,2008,878742.67,PC_9260000810,Tacoma,WA,Duplex,2,,,
2267,1969,547469.37,PC_9260000822,Tacoma,WA,Duplex,2,,,
2268,2017,793713.37,PC_9260000823,Tacoma,WA,Duplex,2,,,
2269,2017,793713.37,PC_9260000824,Tacoma,WA,Duplex,2,,,
2270,1947,569738.95,PC_9260000830,Tacoma,WA,Duplex,2,,,
2271,1986,551624.93,PC_9260000890,Tacoma,WA,Duplex,2,,,
2272,1990,576984.55,PC_9269700010,Tacoma,WA,Triplex,3,,,
2273,1990,601704.85,PC_9269700020,Tacoma,WA,Triplex,3,,,
2274,1990,588385.72,PC_9269700030,Tacoma,WA,Triplex,3,,,
2275,1990,589557.81,PC_9269700040,Tacoma,WA,Triplex,3,,,
2276,1990,612147.04,PC_9269700050,Tacoma,WA,Triplex,3,,,
2277,1990,572935.54,PC_9269700060,Tacoma,WA,Triplex,3,,,
2278,1990,588172.62,PC_9269700070,Tacoma,WA,Triplex,3,,,
2279,1985,705807.14,PC_9269700080,Tacoma,WA,Triplex,3,,,
2280,1985,701864.68,PC_9269700090,Tacoma,WA,Triplex,3,,,
2281,1985,815876.40,PC_9269700100,Tacoma,WA,Triplex,3,,,
2282,1985,711028.24,PC_9269700110,Tacoma,WA,Triplex,3,,,
2283,1983,989557.81,PC_9290000040,Tacoma,WA,Fourplex,4,,,
2284,1967,691209.38,PC_9290000060,Tacoma,WA,Apartment 5-8 Units,5,,,
2285,1900,1190197.12,PC_9290000070,Tacoma,WA,Duplex,2,,,
2286,1890,584869.47,PC_9290000080,Tacoma,WA,Duplex,2,,,
2287,1902,505380.93,PC_9290000180,Tacoma,WA,Duplex,2,,,
2288,1908,565476.82,PC_9290000220,Tacoma,WA,Triplex,3,,,
2289,1908,618753.33,PC_9305000260,Tacoma,WA,Duplex,2,,,
2290,1975,625572.72,PC_9305000320,Tacoma,WA,Duplex,2,,,
2291,1966,600532.77,PC_9305000350,Tacoma,WA,Duplex,2,,,
2292,1900,713585.51,PC_9305000462,Tacoma,WA,Duplex,2,,,
2293,1905,752797.02,PC_9305000470,Tacoma,WA,Triplex,3,,,
2294,1900,617155.03,PC_9305000530,Tacoma,WA,Triplex,3,,,
2295,1975,506872.67,PC_9405000040,Tacoma,WA,Duplex,2,,,
2296,1911,1208204.58,PC_9405000300,Tacoma,WA,Fourplex,4,,,
2297,1920,600000.00,PC_9425000083,Tacoma,WA,Duplex,2,,,
2298,1935,392115.08,PC_9425000171,Tacoma,WA,Duplex,2,,,
2299,1911,491422.48,PC_9425000600,Tacoma,WA,Duplex,2,,,
2300,1967,469685.67,PC_9445000773,Tacoma,WA,Apartment 5-8 Units,8,,,
2301,1967,3482258.92,PC_9445000774,Tacoma,WA,Apartment 5-8 Units,8,,,
2302,1970,148002.13,PC_9445000790,Tacoma,WA,Apartment 5-8 Units,5,,,
2303,1970,222056.47,PC_9445000792,Tacoma,WA,Apartment 5-8 Units,5,,,
2304,1970,222056.47,PC_9445000816,Tacoma,WA,Apartment 5-8 Units,5,,,
2305,1970,222056.47,PC_9445000817,Tacoma,WA,Apartment 5-8 Units,5,,,
2306,1969,963132.66,PC_9470000370,Tacoma,WA,Duplex,2,,,
2307,1926,601065.53,PC_9470000650,Tacoma,WA,Duplex,2,,,
2308,2014,1016622.27,PC_9475000120,Tacoma,WA,Triplex,3,,,
2309,1950,479914.76,PC_9475000130,Tacoma,WA,Duplex,2,,,
2310,1953,447096.43,PC_9485000300,Tacoma,WA,Duplex,2,,,
2311,1977,1488439.00,PC_9485000390,Tacoma,WA,Apartment 5-8 Units,8,,,
2312,1900,550239.74,PC_9485000410,Tacoma,WA,Fourplex,4,,,
2313,1903,370058.60,PC_9485000450,Tacoma,WA,Duplex,2,,,
2314,1904,475865.74,PC_9485000540,Tacoma,WA,Duplex,2,,,
2315,1903,468726.69,PC_9485000560,Tacoma,WA,Fourplex,4,,,
2316,1908,471070.86,PC_9485000600,Tacoma,WA,Triplex,3,,,
2317,1966,1444965.37,PC_9485000640,Tacoma,WA,Apartment 5-8 Units,8,,,
2318,1908,487480.02,PC_9485000800,Tacoma,WA,Fourplex,4,,,
2319,1902,520191.80,PC_9485000960,Tacoma,WA,Duplex,2,,,
2320,1894,339584.44,PC_9485001000,Tacoma,WA,Triplex,3,,,
2321,1970,620351.62,PC_9485001080,Tacoma,WA,Apartment 5-8 Units,5,,,
2322,1902,441981.89,PC_9485001320,Tacoma,WA,Duplex,2,,,
2323,1910,563239.21,PC_9485001380,Tacoma,WA,Duplex,2,,,
2324,1962,627810.34,PC_9500000062,Tacoma,WA,Duplex,2,,,
2325,1950,454342.04,PC_9515000140,Tacoma,WA,Duplex,2,,,
2326,1976,1000639.32,PC_9515000400,Tacoma,WA,Apartment 5-8 Units,8,,,
2327,1905,854768.25,PC_9730000160,Tacoma,WA,Duplex,2,,,
2328,1904,792115.08,PC_9730000170,Tacoma,WA,Duplex,2,,,
2329,1914,783058.07,PC_9730000560,Tacoma,WA,Duplex,2,,,
2330,1925,706766.12,PC_9730000800,Tacoma,WA,Fourplex,4,,,
2331,1895,685348.96,PC_9730000910,Tacoma,WA,Duplex,2,,,
2332,1977,890356.95,PC_9795001391,Tacoma,WA,Fourplex,4,,,
2333,1977,921790.09,PC_9795001392,Tacoma,WA,Fourplex,4,,,
2334,1977,921150.77,PC_9795001393,Tacoma,WA,Fourplex,4,,,
2335,1977,921150.77,PC_9795001395,Tacoma,WA,Fourplex,4,,,
2336,1977,977091.10,PC_9795001396,Tacoma,WA,Fourplex,4,,,
2337,1977,976345.23,PC_9795001397,Tacoma,WA,Fourplex,4,,,
2338,1910,695578.05,PC_9845000100,Tacoma,WA,Duplex,2,,,
2339,1910,692274.91,PC_9845000110,Tacoma,WA,Duplex,2,,,
2340,1895,603409.70,PC_9845000400,Tacoma,WA,Duplex,2,,,
2341,1890,732765.05,PC_9845000450,Tacoma,WA,Triplex,3,,,
