unit_id,property_id,unit_number,beds,adjusted_rent,baths,base_rent
1,1,1,2,1971.00,1.0,1971.00
2,1,2,1,1605.00,1.0,1605.00
3,1,3,1,1605.00,1.0,1605.00
4,2,1,3,2773.00,2.0,2773.00
5,2,2,2,1971.00,2.0,1971.00
6,3,1,2,1971.00,1.0,1971.00
7,3,2,2,1971.00,1.0,1971.00
8,4,1,2,1971.00,1.0,1971.00
9,4,2,2,1971.00,1.0,1971.00
10,4,3,2,1971.00,1.0,1971.00
11,5,1,2,1971.00,1.0,1971.00
12,5,2,2,1971.00,1.0,1971.00
13,6,1,3,2773.00,2.0,2773.00
14,6,2,3,2773.00,2.0,2773.00
15,7,1,3,2773.00,2.0,2773.00
16,7,2,3,2773.00,2.0,2773.00
17,8,1,2,1971.00,1.0,1971.00
18,8,2,2,1971.00,1.0,1971.00
19,9,1,2,1971.00,1.0,1971.00
20,9,2,1,1605.00,1.0,1605.00
21,10,1,1,1605.00,,1605.00
22,10,2,1,1605.00,,1605.00
23,10,3,1,1605.00,,1605.00
24,10,4,1,1605.00,,1605.00
25,10,5,1,1605.00,,1605.00
26,10,6,1,1605.00,,1605.00
27,10,7,1,1605.00,,1605.00
28,10,8,1,1605.00,,1605.00
29,11,1,2,1971.00,1.5,1971.00
30,11,2,2,1971.00,1.5,1971.00
31,12,1,2,1971.00,1.5,1971.00
32,12,2,2,1971.00,1.5,1971.00
33,13,1,3,2773.00,1.25,2773.00
34,13,2,3,2773.00,1.25,2773.00
35,14,1,2,1971.00,1.0,1971.00
36,14,2,1,1605.00,1.0,1605.00
37,15,1,1,1605.00,,1605.00
38,15,2,1,1605.00,,1605.00
39,15,3,1,1605.00,,1605.00
40,15,4,1,1605.00,,1605.00
41,15,5,1,1605.00,,1605.00
42,15,6,1,1605.00,,1605.00
43,16,1,1,1605.00,,1605.00
44,16,2,1,1605.00,,1605.00
45,16,3,1,1605.00,,1605.00
46,16,4,1,1605.00,,1605.00
47,16,5,1,1605.00,,1605.00
48,16,6,1,1605.00,,1605.00
49,17,1,1,1605.00,,1605.00
50,17,2,1,1605.00,,1605.00
51,17,3,1,1605.00,,1605.00
52,17,4,1,1605.00,,1605.00
53,17,5,1,1605.00,,1605.00
54,17,6,1,1605.00,,1605.00
55,18,1,2,1971.00,1.75,1971.00
56,18,2,2,1971.00,1.75,1971.00
57,19,1,2,1971.00,1.75,1971.00
58,19,2,2,1971.00,1.75,1971.00
59,20,1,2,1971.00,1.0,1971.00
60,20,2,2,1971.00,1.0,1971.00
61,21,1,2,1971.00,1.0,1971.00
62,21,2,2,1971.00,1.0,1971.00
63,22,1,2,1971.00,1.5,1971.00
64,22,2,2,1971.00,1.5,1971.00
65,23,1,4,3102.00,2.0,3102.00
66,23,2,4,3102.00,2.0,3102.00
67,24,1,3,2773.00,2.5,2773.00
68,24,2,3,2773.00,2.5,2773.00
69,25,1,3,2773.00,1.0,2773.00
70,25,2,3,2773.00,1.0,2773.00
71,26,1,3,2773.00,2.25,2773.00
72,26,2,3,2773.00,2.25,2773.00
73,27,1,2,1971.00,1.0,1971.00
74,27,2,2,1971.00,1.0,1971.00
75,27,3,2,1971.00,1.0,1971.00
76,28,1,3,2773.00,2.25,2773.00
77,28,2,3,2773.00,2.25,2773.00
78,28,3,3,2773.00,2.25,2773.00
79,29,1,2,1971.00,1.0,1971.00
80,29,2,2,1971.00,1.0,1971.00
81,30,1,2,1971.00,1.0,1971.00
82,30,2,2,1971.00,1.0,1971.00
83,31,1,2,1971.00,1.0,1971.00
84,31,2,2,1971.00,1.0,1971.00
85,32,1,2,1971.00,1.0,1971.00
86,32,2,2,1971.00,1.0,1971.00
87,33,1,2,1971.00,1.0,1971.00
88,33,2,2,1971.00,1.0,1971.00
89,34,1,3,2773.00,1.0,2773.00
90,34,2,3,2773.00,1.0,2773.00
91,35,1,3,2773.00,1.5,2773.00
92,35,2,3,2773.00,1.5,2773.00
93,36,1,2,1971.00,1.0,1971.00
94,36,2,2,1971.00,1.0,1971.00
95,36,3,2,1971.00,1.0,1971.00
96,37,1,2,1971.00,1.0,1971.00
97,37,2,2,1971.00,1.0,1971.00
98,38,1,2,1971.00,1.0,1971.00
99,38,2,2,1971.00,1.0,1971.00
100,39,1,4,3102.00,2.75,3102.00
101,39,2,4,3102.00,2.75,3102.00
102,40,1,2,1971.00,1.0,1971.00
103,40,2,2,1971.00,1.0,1971.00
104,40,3,2,1971.00,1.0,1971.00
105,41,1,2,1971.00,1.0,1971.00
106,41,2,2,1971.00,1.0,1971.00
107,41,3,2,1971.00,1.0,1971.00
108,41,4,2,1971.00,1.0,1971.00
109,42,1,2,1971.00,1.0,1971.00
110,42,2,2,1971.00,1.0,1971.00
111,43,1,2,1971.00,1.0,1971.00
112,43,2,2,1971.00,1.0,1971.00
113,44,1,2,1971.00,1.0,1971.00
114,44,2,2,1971.00,1.0,1971.00
115,44,3,2,1971.00,1.0,1971.00
116,45,1,2,1971.00,1.0,1971.00
117,45,2,2,1971.00,1.0,1971.00
118,45,3,2,1971.00,1.0,1971.00
119,46,1,2,1971.00,1.0,1971.00
120,46,2,2,1971.00,1.0,1971.00
121,46,3,2,1971.00,1.0,1971.00
122,47,1,2,1971.00,1.0,1971.00
123,47,2,2,1971.00,1.0,1971.00
124,47,3,2,1971.00,1.0,1971.00
125,48,1,2,1971.00,1.0,1971.00
126,48,2,2,1971.00,1.0,1971.00
127,48,3,2,1971.00,1.0,1971.00
128,49,1,2,1971.00,1.0,1971.00
129,49,2,2,1971.00,1.0,1971.00
130,49,3,2,1971.00,1.0,1971.00
131,50,1,6,4033.00,5.0,4033.00
132,50,2,6,4033.00,5.0,4033.00
133,51,1,1,1605.00,1.0,1605.00
134,51,2,1,1605.00,1.0,1605.00
135,52,1,1,1605.00,1.0,1605.00
136,52,2,1,1605.00,1.0,1605.00
137,53,1,1,1605.00,1.0,1605.00
138,53,2,1,1605.00,1.0,1605.00
139,54,1,2,1971.00,1.0,1971.00
140,54,2,2,1971.00,1.0,1971.00
141,54,3,2,1971.00,1.0,1971.00
142,55,1,2,1971.00,1.0,1971.00
143,55,2,2,1971.00,1.0,1971.00
144,55,3,2,1971.00,1.0,1971.00
145,56,1,2,1971.00,1.0,1971.00
146,56,2,2,1971.00,1.0,1971.00
147,56,3,2,1971.00,1.0,1971.00
148,57,1,3,2773.00,2.25,2773.00
149,57,2,3,2773.00,2.25,2773.00
150,58,1,2,1971.00,1.5,1971.00
151,58,2,2,1971.00,1.5,1971.00
152,58,3,2,1971.00,1.5,1971.00
153,59,1,2,1971.00,1.5,1971.00
154,59,2,2,1971.00,1.5,1971.00
155,59,3,2,1971.00,1.5,1971.00
156,60,1,2,1971.00,1.5,1971.00
157,60,2,2,1971.00,1.5,1971.00
158,60,3,2,1971.00,1.5,1971.00
159,61,1,2,1971.00,1.5,1971.00
160,61,2,2,1971.00,1.5,1971.00
161,61,3,2,1971.00,1.5,1971.00
162,62,1,3,2773.00,2.25,2773.00
163,62,2,3,2773.00,2.25,2773.00
164,62,3,3,2773.00,2.25,2773.00
165,63,1,2,1971.00,1.0,1971.00
166,63,2,2,1971.00,1.0,1971.00
167,63,3,2,1971.00,1.0,1971.00
168,63,4,2,1971.00,1.0,1971.00
169,64,1,2,1971.00,1.0,1971.00
170,64,2,2,1971.00,1.0,1971.00
171,64,3,2,1971.00,1.0,1971.00
172,64,4,2,1971.00,1.0,1971.00
173,65,1,2,1971.00,1.0,1971.00
174,65,2,2,1971.00,1.0,1971.00
175,65,3,2,1971.00,1.0,1971.00
176,65,4,2,1971.00,1.0,1971.00
177,66,1,2,1971.00,1.0,1971.00
178,66,2,2,1971.00,1.0,1971.00
179,66,3,2,1971.00,1.0,1971.00
180,66,4,2,1971.00,1.0,1971.00
181,67,1,2,1971.00,1.0,1971.00
182,67,2,2,1971.00,1.0,1971.00
183,67,3,2,1971.00,1.0,1971.00
184,67,4,2,1971.00,1.0,1971.00
185,68,1,2,1971.00,1.0,1971.00
186,68,2,2,1971.00,1.0,1971.00
187,68,3,2,1971.00,1.0,1971.00
188,68,4,2,1971.00,1.0,1971.00
189,69,1,2,1971.00,1.0,1971.00
190,69,2,2,1971.00,1.0,1971.00
191,69,3,2,1971.00,1.0,1971.00
192,69,4,2,1971.00,1.0,1971.00
193,70,1,3,2773.00,2.0,2773.00
194,70,2,3,2773.00,2.0,2773.00
195,71,1,3,2773.00,2.0,2773.00
196,71,2,3,2773.00,2.0,2773.00
197,72,1,3,2773.00,2.0,2773.00
198,72,2,3,2773.00,2.0,2773.00
199,73,1,3,2773.00,2.0,2773.00
200,73,2,3,2773.00,2.0,2773.00
201,74,1,2,1971.00,1.25,1971.00
202,74,2,1,1605.00,1.25,1605.00
203,75,1,5,3567.00,3.0,3567.00
204,75,2,5,3567.00,3.0,3567.00
205,76,1,2,1971.00,1.5,1971.00
206,76,2,2,1971.00,1.5,1971.00
207,77,1,3,2773.00,2.5,2773.00
208,77,2,3,2773.00,2.5,2773.00
209,77,3,3,2773.00,2.5,2773.00
210,78,1,2,1971.00,1.0,1971.00
211,78,2,2,1971.00,1.0,1971.00
212,78,3,2,1971.00,1.0,1971.00
213,79,1,2,1971.00,1.0,1971.00
214,79,2,2,1971.00,1.0,1971.00
215,79,3,2,1971.00,1.0,1971.00
216,80,1,2,1971.00,1.5,1971.00
217,80,2,2,1971.00,1.5,1971.00
218,80,3,2,1971.00,1.5,1971.00
219,81,1,2,1971.00,1.5,1971.00
220,81,2,2,1971.00,1.5,1971.00
221,81,3,2,1971.00,1.5,1971.00
222,82,1,2,1971.00,1.5,1971.00
223,82,2,2,1971.00,1.5,1971.00
224,82,3,2,1971.00,1.5,1971.00
225,83,1,2,1971.00,1.0,1971.00
226,83,2,2,1971.00,1.0,1971.00
227,84,1,3,2773.00,2.5,2773.00
228,84,2,3,2773.00,2.5,2773.00
229,85,1,3,2773.00,2.5,2773.00
230,85,2,3,2773.00,2.5,2773.00
231,86,1,3,2773.00,2.5,2773.00
232,86,2,3,2773.00,2.5,2773.00
233,87,1,3,2773.00,2.5,2773.00
234,87,2,3,2773.00,2.5,2773.00
235,88,1,2,1971.00,1.5,1971.00
236,88,2,2,1971.00,1.5,1971.00
237,88,3,2,1971.00,1.5,1971.00
238,89,1,2,1971.00,1.5,1971.00
239,89,2,2,1971.00,1.5,1971.00
240,90,1,1,1605.00,,1605.00
241,90,2,1,1605.00,,1605.00
242,90,3,1,1605.00,,1605.00
243,90,4,1,1605.00,,1605.00
244,90,5,1,1605.00,,1605.00
245,90,6,1,1605.00,,1605.00
246,90,7,1,1605.00,,1605.00
247,90,8,1,1605.00,,1605.00
248,91,1,2,1971.00,1.0,1971.00
249,91,2,1,1605.00,1.0,1605.00
250,91,3,1,1605.00,1.0,1605.00
251,92,1,2,1971.00,1.0,1971.00
252,92,2,2,1971.00,1.0,1971.00
253,93,1,2,1971.00,1.5,1971.00
254,93,2,2,1971.00,1.5,1971.00
255,93,3,2,1971.00,1.5,1971.00
256,93,4,2,1971.00,1.5,1971.00
257,94,1,2,1971.00,1.5,1971.00
258,94,2,2,1971.00,1.5,1971.00
259,94,3,2,1971.00,1.5,1971.00
260,94,4,2,1971.00,1.5,1971.00
261,95,1,3,2773.00,1.25,2773.00
262,95,2,2,1971.00,1.25,1971.00
263,96,1,2,1971.00,1.0,1971.00
264,96,2,1,1605.00,1.0,1605.00
265,97,1,3,2773.00,2.5,2773.00
266,97,2,3,2773.00,2.5,2773.00
267,98,1,1,1605.00,1.0,1605.00
268,98,2,1,1605.00,1.0,1605.00
269,99,1,2,1971.00,1.0,1971.00
270,99,2,1,1605.00,1.0,1605.00
271,100,1,2,1971.00,1.5,1971.00
272,100,2,2,1971.00,1.5,1971.00
273,101,1,2,1971.00,1.0,1971.00
274,101,2,2,1971.00,1.0,1971.00
275,102,1,1,1605.00,,1605.00
276,102,2,1,1605.00,,1605.00
277,102,3,1,1605.00,,1605.00
278,102,4,1,1605.00,,1605.00
279,102,5,1,1605.00,,1605.00
280,102,6,1,1605.00,,1605.00
281,103,1,2,1971.00,1.0,1971.00
282,103,2,1,1605.00,1.0,1605.00
283,104,1,2,1971.00,1.0,1971.00
284,104,2,2,1971.00,1.0,1971.00
285,105,1,3,2773.00,2.0,2773.00
286,105,2,3,2773.00,2.0,2773.00
287,106,1,2,1971.00,1.0,1971.00
288,106,2,2,1971.00,1.0,1971.00
289,107,1,2,1971.00,1.0,1971.00
290,107,2,2,1971.00,1.0,1971.00
291,108,1,3,2773.00,1.0,2773.00
292,108,2,3,2773.00,1.0,2773.00
293,108,3,3,2773.00,1.0,2773.00
294,108,4,3,2773.00,1.0,2773.00
295,108,5,2,1971.00,1.0,1971.00
296,108,6,2,1971.00,1.0,1971.00
297,109,1,1,1605.00,1.0,1605.00
298,109,2,1,1605.00,1.0,1605.00
299,110,1,2,1971.00,1.0,1971.00
300,110,2,2,1971.00,1.0,1971.00
301,110,3,2,1971.00,1.0,1971.00
302,110,4,2,1971.00,1.0,1971.00
303,111,1,2,1971.00,1.0,1971.00
304,111,2,2,1971.00,1.0,1971.00
305,111,3,2,1971.00,1.0,1971.00
306,112,1,2,1971.00,1.0,1971.00
307,112,2,2,1971.00,1.0,1971.00
308,112,3,2,1971.00,1.0,1971.00
309,112,4,2,1971.00,1.0,1971.00
310,113,1,2,1971.00,1.0,1971.00
311,113,2,2,1971.00,1.0,1971.00
312,113,3,2,1971.00,1.0,1971.00
313,114,1,2,1971.00,1.0,1971.00
314,114,2,2,1971.00,1.0,1971.00
315,114,3,2,1971.00,1.0,1971.00
316,114,4,2,1971.00,1.0,1971.00
317,115,1,1,1605.00,1.0,1605.00
318,115,2,1,1605.00,1.0,1605.00
319,115,3,1,1605.00,1.0,1605.00
320,116,1,2,1971.00,1.0,1971.00
321,116,2,2,1971.00,1.0,1971.00
322,117,1,2,1971.00,1.0,1971.00
323,117,2,2,1971.00,1.0,1971.00
324,118,1,2,1971.00,1.0,1971.00
325,118,2,1,1605.00,1.0,1605.00
326,119,1,2,1971.00,1.5,1971.00
327,119,2,2,1971.00,1.5,1971.00
328,120,1,1,1605.00,1.25,1605.00
329,120,2,1,1605.00,1.25,1605.00
330,120,3,1,1605.00,1.25,1605.00
331,121,1,2,1971.00,1.25,1971.00
332,121,2,2,1971.00,1.25,1971.00
333,122,1,3,2773.00,1.0,2773.00
334,122,2,2,1971.00,1.0,1971.00
335,123,1,2,1971.00,1.0,1971.00
336,123,2,2,1971.00,1.0,1971.00
337,124,1,2,1971.00,1.0,1971.00
338,124,2,1,1605.00,1.0,1605.00
339,125,1,1,1605.00,1.0,1605.00
340,125,2,1,1605.00,1.0,1605.00
341,126,1,2,1971.00,1.25,1971.00
342,126,2,2,1971.00,1.25,1971.00
343,126,3,2,1971.00,1.25,1971.00
344,126,4,1,1605.00,1.25,1605.00
345,126,5,1,1605.00,1.25,1605.00
346,127,1,1,1605.00,1.0,1605.00
347,127,2,1,1605.00,1.0,1605.00
348,128,1,2,1971.00,1.0,1971.00
349,128,2,2,1971.00,1.0,1971.00
350,129,1,2,1971.00,1.0,1971.00
351,129,2,2,1971.00,1.0,1971.00
352,130,1,3,2773.00,1.5,2773.00
353,130,2,3,2773.00,1.5,2773.00
354,131,1,2,1971.00,1.0,1971.00
355,131,2,2,1971.00,1.0,1971.00
356,132,1,2,1971.00,1.0,1971.00
357,132,2,2,1971.00,1.0,1971.00
358,133,1,2,1971.00,1.0,1971.00
359,133,2,2,1971.00,1.0,1971.00
360,134,1,2,1971.00,1.0,1971.00
361,134,2,2,1971.00,1.0,1971.00
362,135,1,4,3102.00,2.0,3102.00
363,135,2,4,3102.00,2.0,3102.00
364,136,1,2,1971.00,1.5,1971.00
365,136,2,2,1971.00,1.5,1971.00
366,136,3,2,1971.00,1.5,1971.00
367,137,1,3,2773.00,1.5,2773.00
368,137,2,3,2773.00,1.5,2773.00
369,137,3,2,1971.00,1.5,1971.00
370,138,1,2,1971.00,1.0,1971.00
371,138,2,2,1971.00,1.0,1971.00
372,138,3,2,1971.00,1.0,1971.00
373,139,1,2,1971.00,1.0,1971.00
374,139,2,2,1971.00,1.0,1971.00
375,139,3,2,1971.00,1.0,1971.00
376,140,1,3,2773.00,1.0,2773.00
377,140,2,2,1971.00,1.0,1971.00
378,141,1,1,1605.00,,1605.00
379,141,2,1,1605.00,,1605.00
380,141,3,1,1605.00,,1605.00
381,141,4,1,1605.00,,1605.00
382,141,5,1,1605.00,,1605.00
383,141,6,1,1605.00,,1605.00
384,141,7,1,1605.00,,1605.00
385,141,8,1,1605.00,,1605.00
386,142,1,1,1605.00,,1605.00
387,142,2,1,1605.00,,1605.00
388,142,3,1,1605.00,,1605.00
389,142,4,1,1605.00,,1605.00
390,142,5,1,1605.00,,1605.00
391,143,1,3,2773.00,2.0,2773.00
392,143,2,3,2773.00,2.0,2773.00
393,144,1,2,1971.00,1.25,1971.00
394,144,2,2,1971.00,1.25,1971.00
395,145,1,3,2773.00,1.5,2773.00
396,145,2,2,1971.00,1.5,1971.00
397,146,1,2,1971.00,2.5,1971.00
398,146,2,2,1971.00,2.5,1971.00
399,146,3,2,1971.00,2.5,1971.00
400,146,4,2,1971.00,2.5,1971.00
401,147,1,3,2773.00,1.25,2773.00
402,147,2,3,2773.00,1.25,2773.00
403,147,3,2,1971.00,1.25,1971.00
404,148,1,2,1971.00,1.0,1971.00
405,148,2,2,1971.00,1.0,1971.00
406,149,1,2,1971.00,1.0,1971.00
407,149,2,2,1971.00,1.0,1971.00
408,149,3,2,1971.00,1.0,1971.00
409,150,1,2,1971.00,1.0,1971.00
410,150,2,2,1971.00,1.0,1971.00
411,150,3,2,1971.00,1.0,1971.00
412,151,1,2,1971.00,1.0,1971.00
413,151,2,2,1971.00,1.0,1971.00
414,152,1,3,2773.00,1.0,2773.00
415,152,2,3,2773.00,1.0,2773.00
416,153,1,3,2773.00,1.0,2773.00
417,153,2,3,2773.00,1.0,2773.00
418,154,1,2,1971.00,1.75,1971.00
419,154,2,2,1971.00,1.75,1971.00
420,154,3,2,1971.00,1.75,1971.00
421,154,4,2,1971.00,1.75,1971.00
422,155,1,2,1971.00,1.75,1971.00
423,155,2,2,1971.00,1.75,1971.00
424,155,3,2,1971.00,1.75,1971.00
425,155,4,2,1971.00,1.75,1971.00
426,156,1,2,1971.00,1.75,1971.00
427,156,2,2,1971.00,1.75,1971.00
428,156,3,2,1971.00,1.75,1971.00
429,156,4,2,1971.00,1.75,1971.00
430,157,1,2,1971.00,1.75,1971.00
431,157,2,2,1971.00,1.75,1971.00
432,157,3,2,1971.00,1.75,1971.00
433,157,4,2,1971.00,1.75,1971.00
434,158,1,3,2773.00,1.5,2773.00
435,158,2,2,1971.00,1.5,1971.00
436,159,1,3,2773.00,1.5,2773.00
437,159,2,2,1971.00,1.5,1971.00
438,160,1,4,3102.00,1.5,3102.00
439,160,2,4,3102.00,1.5,3102.00
440,161,1,2,1971.00,1.0,1971.00
441,161,2,2,1971.00,1.0,1971.00
442,162,1,2,1971.00,1.0,1971.00
443,162,2,2,1971.00,1.0,1971.00
444,162,3,1,1605.00,1.0,1605.00
445,163,1,1,1605.00,1.25,1605.00
446,163,2,1,1605.00,1.25,1605.00
447,164,1,2,1971.00,1.0,1971.00
448,164,2,2,1971.00,1.0,1971.00
449,165,1,2,1971.00,1.0,1971.00
450,165,2,2,1971.00,1.0,1971.00
451,165,3,1,1605.00,1.0,1605.00
452,166,1,2,1971.00,1.0,1971.00
453,166,2,2,1971.00,1.0,1971.00
454,167,1,3,2773.00,2.0,2773.00
455,167,2,3,2773.00,2.0,2773.00
456,168,1,1,1605.00,1.0,1605.00
457,168,2,1,1605.00,1.0,1605.00
458,168,3,1,1605.00,1.0,1605.00
459,168,4,1,1605.00,1.0,1605.00
460,168,5,1,1605.00,1.0,1605.00
461,168,6,1,1605.00,1.0,1605.00
462,168,7,1,1605.00,1.0,1605.00
463,169,1,1,1605.00,,1605.00
464,169,2,1,1605.00,,1605.00
465,169,3,1,1605.00,,1605.00
466,169,4,1,1605.00,,1605.00
467,169,5,1,1605.00,,1605.00
468,169,6,1,1605.00,,1605.00
469,170,1,2,1971.00,1.0,1971.00
470,170,2,2,1971.00,1.0,1971.00
471,170,3,2,1971.00,1.0,1971.00
472,171,1,1,1605.00,,1605.00
473,171,2,1,1605.00,,1605.00
474,171,3,1,1605.00,,1605.00
475,171,4,1,1605.00,,1605.00
476,171,5,1,1605.00,,1605.00
477,171,6,1,1605.00,,1605.00
478,171,7,1,1605.00,,1605.00
479,172,1,2,1971.00,1.0,1971.00
480,172,2,1,1605.00,1.0,1605.00
481,172,3,1,1605.00,1.0,1605.00
482,172,4,1,1605.00,1.0,1605.00
483,173,1,1,1605.00,,1605.00
484,173,2,1,1605.00,,1605.00
485,173,3,1,1605.00,,1605.00
486,173,4,1,1605.00,,1605.00
487,174,1,1,1605.00,,1605.00
488,174,2,1,1605.00,,1605.00
489,174,3,1,1605.00,,1605.00
490,174,4,1,1605.00,,1605.00
491,174,5,1,1605.00,,1605.00
492,174,6,1,1605.00,,1605.00
493,174,7,1,1605.00,,1605.00
494,174,8,1,1605.00,,1605.00
495,175,1,1,1605.00,,1605.00
496,175,2,1,1605.00,,1605.00
497,175,3,1,1605.00,,1605.00
498,175,4,1,1605.00,,1605.00
499,176,1,2,1971.00,2.0,1971.00
500,176,2,2,1971.00,2.0,1971.00
501,176,3,2,1971.00,2.0,1971.00
502,176,4,2,1971.00,2.0,1971.00
503,177,1,2,1971.00,1.0,1971.00
504,177,2,2,1971.00,1.0,1971.00
505,177,3,1,1605.00,1.0,1605.00
506,177,4,1,1605.00,1.0,1605.00
507,178,1,2,1971.00,1.0,1971.00
508,178,2,2,1971.00,1.0,1971.00
509,179,1,1,1605.00,,1605.00
510,179,2,1,1605.00,,1605.00
511,179,3,1,1605.00,,1605.00
512,179,4,1,1605.00,,1605.00
513,179,5,1,1605.00,,1605.00
514,179,6,1,1605.00,,1605.00
515,180,1,2,1971.00,1.0,1971.00
516,180,2,2,1971.00,1.0,1971.00
517,180,3,1,1605.00,1.0,1605.00
518,181,1,1,1605.00,,1605.00
519,181,2,1,1605.00,,1605.00
520,181,3,1,1605.00,,1605.00
521,181,4,1,1605.00,,1605.00
522,181,5,1,1605.00,,1605.00
523,181,6,1,1605.00,,1605.00
524,181,7,1,1605.00,,1605.00
525,181,8,1,1605.00,,1605.00
526,182,1,2,1971.00,1.5,1971.00
527,182,2,2,1971.00,1.5,1971.00
528,182,3,1,1605.00,1.5,1605.00
529,182,4,1,1605.00,1.5,1605.00
530,183,1,3,2773.00,1.0,2773.00
531,183,2,2,1971.00,1.0,1971.00
532,184,1,1,1605.00,1.0,1605.00
533,184,2,1,1605.00,1.0,1605.00
534,184,3,1,1605.00,1.0,1605.00
535,184,4,1,1605.00,1.0,1605.00
536,184,5,1,1605.00,1.0,1605.00
537,184,6,1,1605.00,1.0,1605.00
538,184,7,1,1605.00,1.0,1605.00
539,184,8,1,1605.00,1.0,1605.00
540,185,1,3,2773.00,1.25,2773.00
541,185,2,3,2773.00,1.25,2773.00
542,186,1,1,1605.00,,1605.00
543,186,2,1,1605.00,,1605.00
544,186,3,1,1605.00,,1605.00
545,186,4,1,1605.00,,1605.00
546,187,1,1,1605.00,,1605.00
547,187,2,1,1605.00,,1605.00
548,187,3,1,1605.00,,1605.00
549,187,4,1,1605.00,,1605.00
550,187,5,1,1605.00,,1605.00
551,187,6,1,1605.00,,1605.00
552,188,1,1,1605.00,,1605.00
553,188,2,1,1605.00,,1605.00
554,188,3,1,1605.00,,1605.00
555,188,4,1,1605.00,,1605.00
556,188,5,1,1605.00,,1605.00
557,188,6,1,1605.00,,1605.00
558,188,7,1,1605.00,,1605.00
559,189,1,2,1971.00,1.0,1971.00
560,189,2,2,1971.00,1.0,1971.00
561,190,1,2,1971.00,1.25,1971.00
562,190,2,1,1605.00,1.25,1605.00
563,191,1,2,1971.00,1.0,1971.00
564,191,2,2,1971.00,1.0,1971.00
565,192,1,2,1971.00,1.0,1971.00
566,192,2,2,1971.00,1.0,1971.00
567,193,1,2,1971.00,1.0,1971.00
568,193,2,2,1971.00,1.0,1971.00
569,194,1,3,2773.00,1.0,2773.00
570,194,2,2,1971.00,1.0,1971.00
571,195,1,1,1605.00,,1605.00
572,195,2,1,1605.00,,1605.00
573,195,3,1,1605.00,,1605.00
574,195,4,1,1605.00,,1605.00
575,195,5,1,1605.00,,1605.00
576,195,6,1,1605.00,,1605.00
577,196,1,2,1971.00,1.0,1971.00
578,196,2,2,1971.00,1.0,1971.00
579,197,1,2,1971.00,1.0,1971.00
580,197,2,1,1605.00,1.0,1605.00
581,197,3,1,1605.00,1.0,1605.00
582,198,1,1,1605.00,1.0,1605.00
583,198,2,1,1605.00,1.0,1605.00
584,199,1,1,1605.00,1.0,1605.00
585,199,2,1,1605.00,1.0,1605.00
586,200,1,1,1605.00,,1605.00
587,200,2,1,1605.00,,1605.00
588,200,3,1,1605.00,,1605.00
589,200,4,1,1605.00,,1605.00
590,200,5,1,1605.00,,1605.00
591,201,1,1,1605.00,,1605.00
592,201,2,1,1605.00,,1605.00
593,201,3,1,1605.00,,1605.00
594,201,4,1,1605.00,,1605.00
595,202,1,1,1605.00,1.0,1605.00
596,202,2,1,1605.00,1.0,1605.00
597,203,1,1,1605.00,,1605.00
598,203,2,1,1605.00,,1605.00
599,203,3,1,1605.00,,1605.00
600,203,4,1,1605.00,,1605.00
601,203,5,1,1605.00,,1605.00
602,203,6,1,1605.00,,1605.00
603,204,1,1,1605.00,,1605.00
604,204,2,1,1605.00,,1605.00
605,204,3,1,1605.00,,1605.00
606,204,4,1,1605.00,,1605.00
607,204,5,1,1605.00,,1605.00
608,204,6,1,1605.00,,1605.00
609,204,7,1,1605.00,,1605.00
610,205,1,1,1605.00,1.0,1605.00
611,205,2,1,1605.00,1.0,1605.00
612,205,3,1,1605.00,1.0,1605.00
613,205,4,1,1605.00,1.0,1605.00
614,206,1,3,2773.00,1.75,2773.00
615,206,2,3,2773.00,1.75,2773.00
616,206,3,3,2773.00,1.75,2773.00
617,206,4,2,1971.00,1.75,1971.00
618,207,1,2,1971.00,1.0,1971.00
619,207,2,2,1971.00,1.0,1971.00
620,208,1,1,1605.00,1.0,1605.00
621,208,2,1,1605.00,1.0,1605.00
622,208,3,1,1605.00,1.0,1605.00
623,209,1,2,1971.00,1.0,1971.00
624,209,2,2,1971.00,1.0,1971.00
625,210,1,4,3102.00,1.75,3102.00
626,210,2,4,3102.00,1.75,3102.00
627,211,1,2,1971.00,1.0,1971.00
628,211,2,2,1971.00,1.0,1971.00
629,211,3,1,1605.00,1.0,1605.00
630,211,4,1,1605.00,1.0,1605.00
631,212,1,3,2773.00,1.5,2773.00
632,212,2,3,2773.00,1.5,2773.00
633,213,1,2,1971.00,1.0,1971.00
634,213,2,2,1971.00,1.0,1971.00
635,214,1,2,1971.00,1.0,1971.00
636,214,2,2,1971.00,1.0,1971.00
637,215,1,2,1971.00,1.0,1971.00
638,215,2,1,1605.00,1.0,1605.00
639,216,1,1,1605.00,1.0,1605.00
640,216,2,1,1605.00,1.0,1605.00
641,216,3,1,1605.00,1.0,1605.00
642,217,1,2,1971.00,1.0,1971.00
643,217,2,1,1605.00,1.0,1605.00
644,218,1,1,1605.00,1.0,1605.00
645,218,2,1,1605.00,1.0,1605.00
646,219,1,2,1971.00,1.0,1971.00
647,219,2,1,1605.00,1.0,1605.00
648,219,3,1,1605.00,1.0,1605.00
649,219,4,1,1605.00,1.0,1605.00
650,220,1,3,2773.00,1.0,2773.00
651,220,2,2,1971.00,1.0,1971.00
652,221,1,5,3567.00,3.0,3567.00
653,221,2,5,3567.00,3.0,3567.00
654,222,1,2,1971.00,1.0,1971.00
655,222,2,2,1971.00,1.0,1971.00
656,223,1,1,1605.00,1.0,1605.00
657,223,2,1,1605.00,1.0,1605.00
658,223,3,1,1605.00,1.0,1605.00
659,224,1,2,1971.00,1.0,1971.00
660,224,2,2,1971.00,1.0,1971.00
661,225,1,2,1971.00,1.0,1971.00
662,225,2,2,1971.00,1.0,1971.00
663,226,1,3,2773.00,1.5,2773.00
664,226,2,3,2773.00,1.5,2773.00
665,227,1,2,1971.00,1.0,1971.00
666,227,2,2,1971.00,1.0,1971.00
667,227,3,1,1605.00,1.0,1605.00
668,227,4,1,1605.00,1.0,1605.00
669,228,1,2,1971.00,1.0,1971.00
670,228,2,2,1971.00,1.0,1971.00
671,228,3,1,1605.00,1.0,1605.00
672,229,1,2,1971.00,1.0,1971.00
673,229,2,2,1971.00,1.0,1971.00
674,230,1,1,1605.00,1.0,1605.00
675,230,2,1,1605.00,1.0,1605.00
676,230,3,1,1605.00,1.0,1605.00
677,231,1,2,1971.00,1.0,1971.00
678,231,2,1,1605.00,1.0,1605.00
679,232,1,2,1971.00,1.0,1971.00
680,232,2,1,1605.00,1.0,1605.00
681,233,1,3,2773.00,1.0,2773.00
682,233,2,2,1971.00,1.0,1971.00
683,234,1,1,1605.00,1.0,1605.00
684,234,2,1,1605.00,1.0,1605.00
685,235,1,2,1971.00,1.0,1971.00
686,235,2,2,1971.00,1.0,1971.00
687,235,3,2,1971.00,1.0,1971.00
688,235,4,2,1971.00,1.0,1971.00
689,236,1,2,1971.00,1.0,1971.00
690,236,2,2,1971.00,1.0,1971.00
691,236,3,1,1605.00,1.0,1605.00
692,237,1,1,1605.00,,1605.00
693,237,2,1,1605.00,,1605.00
694,237,3,1,1605.00,,1605.00
695,237,4,1,1605.00,,1605.00
696,237,5,1,1605.00,,1605.00
697,237,6,1,1605.00,,1605.00
698,238,1,3,2773.00,1.5,2773.00
699,238,2,2,1971.00,1.5,1971.00
700,239,1,2,1971.00,1.25,1971.00
701,239,2,1,1605.00,1.25,1605.00
702,239,3,1,1605.00,1.25,1605.00
703,240,1,1,1605.00,1.0,1605.00
704,240,2,1,1605.00,1.0,1605.00
705,240,3,1,1605.00,1.0,1605.00
706,240,4,1,1605.00,1.0,1605.00
707,241,1,1,1605.00,,1605.00
708,241,2,1,1605.00,,1605.00
709,241,3,1,1605.00,,1605.00
710,241,4,1,1605.00,,1605.00
711,241,5,1,1605.00,,1605.00
712,241,6,1,1605.00,,1605.00
713,241,7,1,1605.00,,1605.00
714,241,8,1,1605.00,,1605.00
715,242,1,2,1971.00,1.5,1971.00
716,242,2,1,1605.00,1.5,1605.00
717,243,1,2,1971.00,1.0,1971.00
718,243,2,2,1971.00,1.0,1971.00
719,244,1,3,2773.00,1.0,2773.00
720,244,2,2,1971.00,1.0,1971.00
721,244,3,2,1971.00,1.0,1971.00
722,245,1,2,1971.00,1.0,1971.00
723,245,2,2,1971.00,1.0,1971.00
724,246,1,1,1605.00,1.0,1605.00
725,246,2,1,1605.00,1.0,1605.00
726,247,1,2,1971.00,1.0,1971.00
727,247,2,2,1971.00,1.0,1971.00
728,247,3,1,1605.00,1.0,1605.00
729,247,4,1,1605.00,1.0,1605.00
730,248,1,2,1971.00,1.0,1971.00
731,248,2,1,1605.00,1.0,1605.00
732,249,1,2,1971.00,1.0,1971.00
733,249,2,2,1971.00,1.0,1971.00
734,250,1,2,1971.00,1.0,1971.00
735,250,2,2,1971.00,1.0,1971.00
736,250,3,1,1605.00,1.0,1605.00
737,251,1,3,2773.00,1.25,2773.00
738,251,2,3,2773.00,1.25,2773.00
739,252,1,2,1971.00,1.0,1971.00
740,252,2,1,1605.00,1.0,1605.00
741,253,1,2,1971.00,1.0,1971.00
742,253,2,2,1971.00,1.0,1971.00
743,253,3,2,1971.00,1.0,1971.00
744,253,4,2,1971.00,1.0,1971.00
745,254,1,2,1971.00,1.0,1971.00
746,254,2,2,1971.00,1.0,1971.00
747,255,1,2,1971.00,1.0,1971.00
748,255,2,2,1971.00,1.0,1971.00
749,256,1,1,1605.00,1.0,1605.00
750,256,2,1,1605.00,1.0,1605.00
751,256,3,1,1605.00,1.0,1605.00
752,257,1,1,1605.00,,1605.00
753,257,2,1,1605.00,,1605.00
754,257,3,1,1605.00,,1605.00
755,257,4,1,1605.00,,1605.00
756,257,5,1,1605.00,,1605.00
757,258,1,3,2773.00,1.0,2773.00
758,258,2,3,2773.00,1.0,2773.00
759,259,1,3,2773.00,1.5,2773.00
760,259,2,3,2773.00,1.5,2773.00
761,259,3,3,2773.00,1.5,2773.00
762,260,1,3,2773.00,1.0,2773.00
763,260,2,3,2773.00,1.0,2773.00
764,260,3,3,2773.00,1.0,2773.00
765,261,1,2,1971.00,1.0,1971.00
766,261,2,2,1971.00,1.0,1971.00
767,261,3,2,1971.00,1.0,1971.00
768,262,1,2,1971.00,1.0,1971.00
769,262,2,2,1971.00,1.0,1971.00
770,262,3,2,1971.00,1.0,1971.00
771,263,1,2,1971.00,1.0,1971.00
772,263,2,1,1605.00,1.0,1605.00
773,264,1,2,1971.00,1.0,1971.00
774,264,2,2,1971.00,1.0,1971.00
775,264,3,1,1605.00,1.0,1605.00
776,264,4,1,1605.00,1.0,1605.00
777,265,1,2,1971.00,1.0,1971.00
778,265,2,2,1971.00,1.0,1971.00
779,266,1,2,1971.00,1.0,1971.00
780,266,2,1,1605.00,1.0,1605.00
781,266,3,1,1605.00,1.0,1605.00
782,267,1,1,1605.00,,1605.00
783,267,2,1,1605.00,,1605.00
784,267,3,1,1605.00,,1605.00
785,267,4,1,1605.00,,1605.00
786,267,5,1,1605.00,,1605.00
787,267,6,1,1605.00,,1605.00
788,268,1,1,1605.00,,1605.00
789,268,2,1,1605.00,,1605.00
790,268,3,1,1605.00,,1605.00
791,268,4,1,1605.00,,1605.00
792,269,1,1,1605.00,,1605.00
793,269,2,1,1605.00,,1605.00
794,269,3,1,1605.00,,1605.00
795,269,4,1,1605.00,,1605.00
796,269,5,1,1605.00,,1605.00
797,269,6,1,1605.00,,1605.00
798,269,7,1,1605.00,,1605.00
799,269,8,1,1605.00,,1605.00
800,270,1,1,1605.00,,1605.00
801,270,2,1,1605.00,,1605.00
802,270,3,1,1605.00,,1605.00
803,270,4,1,1605.00,,1605.00
804,270,5,1,1605.00,,1605.00
805,270,6,1,1605.00,,1605.00
806,270,7,1,1605.00,,1605.00
807,270,8,1,1605.00,,1605.00
808,271,1,2,1971.00,1.0,1971.00
809,271,2,2,1971.00,1.0,1971.00
810,272,1,4,3102.00,2.0,3102.00
811,272,2,4,3102.00,2.0,3102.00
812,273,1,2,1971.00,1.0,1971.00
813,273,2,2,1971.00,1.0,1971.00
814,273,3,2,1971.00,1.0,1971.00
815,273,4,1,1605.00,1.0,1605.00
816,274,1,1,1605.00,,1605.00
817,274,2,1,1605.00,,1605.00
818,274,3,1,1605.00,,1605.00
819,274,4,1,1605.00,,1605.00
820,274,5,1,1605.00,,1605.00
821,274,6,1,1605.00,,1605.00
822,274,7,1,1605.00,,1605.00
823,275,1,3,2773.00,1.5,2773.00
824,275,2,2,1971.00,1.5,1971.00
825,276,1,1,1605.00,,1605.00
826,276,2,1,1605.00,,1605.00
827,276,3,1,1605.00,,1605.00
828,276,4,1,1605.00,,1605.00
829,276,5,1,1605.00,,1605.00
830,276,6,1,1605.00,,1605.00
831,276,7,1,1605.00,,1605.00
832,277,1,1,1605.00,,1605.00
833,277,2,1,1605.00,,1605.00
834,277,3,1,1605.00,,1605.00
835,277,4,1,1605.00,,1605.00
836,277,5,1,1605.00,,1605.00
837,277,6,1,1605.00,,1605.00
838,277,7,1,1605.00,,1605.00
839,277,8,1,1605.00,,1605.00
840,278,1,2,1971.00,1.0,1971.00
841,278,2,1,1605.00,1.0,1605.00
842,279,1,3,2773.00,1.0,2773.00
843,279,2,2,1971.00,1.0,1971.00
844,280,1,2,1971.00,1.0,1971.00
845,280,2,2,1971.00,1.0,1971.00
846,281,1,2,1971.00,1.0,1971.00
847,281,2,1,1605.00,1.0,1605.00
848,282,1,1,1605.00,1.0,1605.00
849,282,2,1,1605.00,1.0,1605.00
850,283,1,3,2773.00,1.0,2773.00
851,283,2,2,1971.00,1.0,1971.00
852,284,1,2,1971.00,1.0,1971.00
853,284,2,2,1971.00,1.0,1971.00
854,285,1,2,1971.00,1.25,1971.00
855,285,2,2,1971.00,1.25,1971.00
856,285,3,1,1605.00,1.25,1605.00
857,285,4,1,1605.00,1.25,1605.00
858,286,1,2,1971.00,1.25,1971.00
859,286,2,2,1971.00,1.25,1971.00
860,286,3,2,1971.00,1.25,1971.00
861,286,4,2,1971.00,1.25,1971.00
862,287,1,4,3102.00,1.0,3102.00
863,287,2,4,3102.00,1.0,3102.00
864,288,1,2,1971.00,1.0,1971.00
865,288,2,2,1971.00,1.0,1971.00
866,288,3,1,1605.00,1.0,1605.00
867,289,1,1,1605.00,1.0,1605.00
868,289,2,1,1605.00,1.0,1605.00
869,290,1,3,2773.00,2.0,2773.00
870,290,2,3,2773.00,2.0,2773.00
871,291,1,1,1605.00,1.0,1605.00
872,291,2,1,1605.00,1.0,1605.00
873,292,1,1,1605.00,1.0,1605.00
874,292,2,1,1605.00,1.0,1605.00
875,293,1,1,1605.00,,1605.00
876,293,2,1,1605.00,,1605.00
877,293,3,1,1605.00,,1605.00
878,293,4,1,1605.00,,1605.00
879,293,5,1,1605.00,,1605.00
880,293,6,1,1605.00,,1605.00
881,293,7,1,1605.00,,1605.00
882,293,8,1,1605.00,,1605.00
883,294,1,2,1971.00,1.0,1971.00
884,294,2,2,1971.00,1.0,1971.00
885,294,3,2,1971.00,1.0,1971.00
886,294,4,2,1971.00,1.0,1971.00
887,295,1,2,1971.00,1.0,1971.00
888,295,2,2,1971.00,1.0,1971.00
889,296,1,1,1605.00,,1605.00
890,296,2,1,1605.00,,1605.00
891,296,3,1,1605.00,,1605.00
892,296,4,1,1605.00,,1605.00
893,296,5,1,1605.00,,1605.00
894,296,6,1,1605.00,,1605.00
895,297,1,4,3102.00,2.0,3102.00
896,297,2,4,3102.00,2.0,3102.00
897,298,1,3,2773.00,1.25,2773.00
898,298,2,2,1971.00,1.25,1971.00
899,299,1,3,2773.00,1.5,2773.00
900,299,2,3,2773.00,1.5,2773.00
901,300,1,1,1605.00,1.0,1605.00
902,300,2,1,1605.00,1.0,1605.00
903,300,3,1,1605.00,1.0,1605.00
904,300,4,1,1605.00,1.0,1605.00
905,301,1,2,1971.00,1.0,1971.00
906,301,2,2,1971.00,1.0,1971.00
907,301,3,1,1605.00,1.0,1605.00
908,301,4,1,1605.00,1.0,1605.00
909,302,1,1,1605.00,1.0,1605.00
910,302,2,1,1605.00,1.0,1605.00
911,303,1,3,2773.00,1.5,2773.00
912,303,2,3,2773.00,1.5,2773.00
913,303,3,3,2773.00,1.5,2773.00
914,303,4,2,1971.00,1.5,1971.00
915,304,1,1,1605.00,1.0,1605.00
916,304,2,1,1605.00,1.0,1605.00
917,304,3,1,1605.00,1.0,1605.00
918,304,4,1,1605.00,1.0,1605.00
919,305,1,2,1971.00,1.0,1971.00
920,305,2,2,1971.00,1.0,1971.00
921,306,1,1,1605.00,1.0,1605.00
922,306,2,1,1605.00,1.0,1605.00
923,307,1,2,1971.00,1.0,1971.00
924,307,2,2,1971.00,1.0,1971.00
925,308,1,2,1971.00,1.0,1971.00
926,308,2,1,1605.00,1.0,1605.00
927,309,1,2,1971.00,1.0,1971.00
928,309,2,2,1971.00,1.0,1971.00
929,310,1,2,1971.00,1.5,1971.00
930,310,2,1,1605.00,1.5,1605.00
931,311,1,3,2773.00,1.0,2773.00
932,311,2,2,1971.00,1.0,1971.00
933,312,1,3,2773.00,1.0,2773.00
934,312,2,3,2773.00,1.0,2773.00
935,313,1,2,1971.00,1.0,1971.00
936,313,2,1,1605.00,1.0,1605.00
937,314,1,3,2773.00,2.5,2773.00
938,314,2,3,2773.00,2.5,2773.00
939,315,1,3,2773.00,2.5,2773.00
940,315,2,3,2773.00,2.5,2773.00
941,316,1,1,1605.00,,1605.00
942,316,2,1,1605.00,,1605.00
943,316,3,1,1605.00,,1605.00
944,316,4,1,1605.00,,1605.00
945,316,5,1,1605.00,,1605.00
946,316,6,1,1605.00,,1605.00
947,316,7,1,1605.00,,1605.00
948,316,8,1,1605.00,,1605.00
949,317,1,2,1971.00,2.5,1971.00
950,317,2,2,1971.00,2.5,1971.00
951,318,1,2,1971.00,2.5,1971.00
952,318,2,2,1971.00,2.5,1971.00
953,319,1,1,1605.00,1.0,1605.00
954,319,2,1,1605.00,1.0,1605.00
955,319,3,1,1605.00,1.0,1605.00
956,319,4,1,1605.00,1.0,1605.00
957,320,1,1,1605.00,,1605.00
958,320,2,1,1605.00,,1605.00
959,320,3,1,1605.00,,1605.00
960,320,4,1,1605.00,,1605.00
961,320,5,1,1605.00,,1605.00
962,320,6,1,1605.00,,1605.00
963,320,7,1,1605.00,,1605.00
964,321,1,2,1971.00,1.0,1971.00
965,321,2,1,1605.00,1.0,1605.00
966,321,3,1,1605.00,1.0,1605.00
967,322,1,2,1971.00,1.0,1971.00
968,322,2,1,1605.00,1.0,1605.00
969,323,1,2,1971.00,1.0,1971.00
970,323,2,1,1605.00,1.0,1605.00
971,324,1,2,1971.00,1.0,1971.00
972,324,2,2,1971.00,1.0,1971.00
973,325,1,2,1971.00,1.0,1971.00
974,325,2,2,1971.00,1.0,1971.00
975,326,1,2,1971.00,1.0,1971.00
976,326,2,2,1971.00,1.0,1971.00
977,326,3,1,1605.00,1.0,1605.00
978,327,1,2,1971.00,1.5,1971.00
979,327,2,1,1605.00,1.5,1605.00
980,328,1,3,2773.00,1.5,2773.00
981,328,2,2,1971.00,1.5,1971.00
982,329,1,3,2773.00,1.0,2773.00
983,329,2,2,1971.00,1.0,1971.00
984,330,1,2,1971.00,1.0,1971.00
985,330,2,2,1971.00,1.0,1971.00
986,331,1,3,2773.00,1.0,2773.00
987,331,2,3,2773.00,1.0,2773.00
988,331,3,2,1971.00,1.0,1971.00
989,332,1,1,1605.00,1.0,1605.00
990,332,2,1,1605.00,1.0,1605.00
991,333,1,1,1605.00,1.0,1605.00
992,333,2,1,1605.00,1.0,1605.00
993,334,1,2,1971.00,1.25,1971.00
994,334,2,2,1971.00,1.25,1971.00
995,334,3,1,1605.00,1.25,1605.00
996,334,4,1,1605.00,1.25,1605.00
997,335,1,2,1971.00,1.0,1971.00
998,335,2,2,1971.00,1.0,1971.00
999,335,3,1,1605.00,1.0,1605.00
1000,335,4,1,1605.00,1.0,1605.00
1001,336,1,2,1971.00,1.0,1971.00
1002,336,2,2,1971.00,1.0,1971.00
1003,337,1,2,1971.00,1.0,1971.00
1004,337,2,2,1971.00,1.0,1971.00
1005,338,1,2,1971.00,1.5,1971.00
1006,338,2,1,1605.00,1.5,1605.00
1007,339,1,3,2773.00,1.75,2773.00
1008,339,2,3,2773.00,1.75,2773.00
1009,339,3,2,1971.00,1.75,1971.00
1010,340,1,2,1971.00,1.0,1971.00
1011,340,2,2,1971.00,1.0,1971.00
1012,341,1,2,1971.00,1.0,1971.00
1013,341,2,1,1605.00,1.0,1605.00
1014,341,3,1,1605.00,1.0,1605.00
1015,342,1,1,1605.00,1.0,1605.00
1016,342,2,1,1605.00,1.0,1605.00
1017,342,3,1,1605.00,1.0,1605.00
1018,343,1,1,1605.00,,1605.00
1019,343,2,1,1605.00,,1605.00
1020,343,3,1,1605.00,,1605.00
1021,343,4,1,1605.00,,1605.00
1022,343,5,1,1605.00,,1605.00
1023,343,6,1,1605.00,,1605.00
1024,344,1,2,1971.00,1.0,1971.00
1025,344,2,2,1971.00,1.0,1971.00
1026,345,1,1,1605.00,,1605.00
1027,345,2,1,1605.00,,1605.00
1028,345,3,1,1605.00,,1605.00
1029,345,4,1,1605.00,,1605.00
1030,345,5,1,1605.00,,1605.00
1031,346,1,1,1605.00,,1605.00
1032,346,2,1,1605.00,,1605.00
1033,346,3,1,1605.00,,1605.00
1034,346,4,1,1605.00,,1605.00
1035,346,5,1,1605.00,,1605.00
1036,347,1,2,1971.00,1.0,1971.00
1037,347,2,2,1971.00,1.0,1971.00
1038,348,1,2,1971.00,1.0,1971.00
1039,348,2,2,1971.00,1.0,1971.00
1040,348,3,2,1971.00,1.0,1971.00
1041,348,4,2,1971.00,1.0,1971.00
1042,349,1,2,1971.00,1.0,1971.00
1043,349,2,1,1605.00,1.0,1605.00
1044,349,3,1,1605.00,1.0,1605.00
1045,350,1,1,1605.00,,1605.00
1046,350,2,1,1605.00,,1605.00
1047,350,3,1,1605.00,,1605.00
1048,351,1,1,1605.00,,1605.00
1049,351,2,1,1605.00,,1605.00
1050,352,1,1,1605.00,,1605.00
1051,352,2,1,1605.00,,1605.00
1052,353,1,2,1971.00,1.0,1971.00
1053,353,2,1,1605.00,1.0,1605.00
1054,353,3,1,1605.00,1.0,1605.00
1055,354,1,1,1605.00,,1605.00
1056,354,2,1,1605.00,,1605.00
1057,354,3,1,1605.00,,1605.00
1058,354,4,1,1605.00,,1605.00
1059,354,5,1,1605.00,,1605.00
1060,354,6,1,1605.00,,1605.00
1061,355,1,2,1971.00,1.0,1971.00
1062,355,2,2,1971.00,1.0,1971.00
1063,355,3,1,1605.00,1.0,1605.00
1064,355,4,1,1605.00,1.0,1605.00
1065,356,1,3,2773.00,1.25,2773.00
1066,356,2,2,1971.00,1.25,1971.00
1067,356,3,2,1971.00,1.25,1971.00
1068,357,1,2,1971.00,1.0,1971.00
1069,357,2,1,1605.00,1.0,1605.00
1070,358,1,1,1605.00,,1605.00
1071,358,2,1,1605.00,,1605.00
1072,358,3,1,1605.00,,1605.00
1073,358,4,1,1605.00,,1605.00
1074,358,5,1,1605.00,,1605.00
1075,358,6,1,1605.00,,1605.00
1076,358,7,1,1605.00,,1605.00
1077,358,8,1,1605.00,,1605.00
1078,359,1,2,1971.00,1.5,1971.00
1079,359,2,1,1605.00,1.5,1605.00
1080,360,1,2,1971.00,1.0,1971.00
1081,360,2,2,1971.00,1.0,1971.00
1082,361,1,2,1971.00,1.0,1971.00
1083,361,2,1,1605.00,1.0,1605.00
1084,361,3,1,1605.00,1.0,1605.00
1085,361,4,1,1605.00,1.0,1605.00
1086,362,1,2,1971.00,1.75,1971.00
1087,362,2,2,1971.00,1.75,1971.00
1088,362,3,1,1605.00,1.75,1605.00
1089,363,1,2,1971.00,1.5,1971.00
1090,363,2,2,1971.00,1.5,1971.00
1091,363,3,2,1971.00,1.5,1971.00
1092,364,1,1,1605.00,1.0,1605.00
1093,364,2,1,1605.00,1.0,1605.00
1094,365,1,2,1971.00,1.0,1971.00
1095,365,2,2,1971.00,1.0,1971.00
1096,366,1,2,1971.00,1.0,1971.00
1097,366,2,2,1971.00,1.0,1971.00
1098,367,1,4,3102.00,2.5,3102.00
1099,367,2,4,3102.00,2.5,3102.00
1100,368,1,1,1605.00,1.0,1605.00
1101,368,2,1,1605.00,1.0,1605.00
1102,369,1,1,1605.00,1.0,1605.00
1103,369,2,1,1605.00,1.0,1605.00
1104,370,1,2,1971.00,1.25,1971.00
1105,370,2,2,1971.00,1.25,1971.00
1106,370,3,1,1605.00,1.25,1605.00
1107,371,1,2,1971.00,1.0,1971.00
1108,371,2,2,1971.00,1.0,1971.00
1109,371,3,2,1971.00,1.0,1971.00
1110,372,1,2,1971.00,1.0,1971.00
1111,372,2,2,1971.00,1.0,1971.00
1112,372,3,2,1971.00,1.0,1971.00
1113,372,4,2,1971.00,1.0,1971.00
1114,373,1,2,1971.00,1.0,1971.00
1115,373,2,2,1971.00,1.0,1971.00
1116,374,1,1,1605.00,1.0,1605.00
1117,374,2,1,1605.00,1.0,1605.00
1118,374,3,1,1605.00,1.0,1605.00
1119,374,4,1,1605.00,1.0,1605.00
1120,375,1,2,1971.00,1.0,1971.00
1121,375,2,1,1605.00,1.0,1605.00
1122,375,3,1,1605.00,1.0,1605.00
1123,376,1,2,1971.00,1.0,1971.00
1124,376,2,2,1971.00,1.0,1971.00
1125,376,3,2,1971.00,1.0,1971.00
1126,376,4,2,1971.00,1.0,1971.00
1127,377,1,2,1971.00,1.0,1971.00
1128,377,2,1,1605.00,1.0,1605.00
1129,378,1,2,1971.00,1.0,1971.00
1130,378,2,1,1605.00,1.0,1605.00
1131,379,1,3,2773.00,2.0,2773.00
1132,379,2,2,1971.00,2.0,1971.00
1133,380,1,2,1971.00,1.0,1971.00
1134,380,2,2,1971.00,1.0,1971.00
1135,381,1,2,1971.00,1.0,1971.00
1136,381,2,2,1971.00,1.0,1971.00
1137,382,1,2,1971.00,1.0,1971.00
1138,382,2,2,1971.00,1.0,1971.00
1139,383,1,3,2773.00,1.5,2773.00
1140,383,2,2,1971.00,1.5,1971.00
1141,384,1,2,1971.00,1.75,1971.00
1142,384,2,1,1605.00,1.75,1605.00
1143,385,1,2,1971.00,1.0,1971.00
1144,385,2,1,1605.00,1.0,1605.00
1145,386,1,3,2773.00,1.0,2773.00
1146,386,2,2,1971.00,1.0,1971.00
1147,386,3,2,1971.00,1.0,1971.00
1148,386,4,2,1971.00,1.0,1971.00
1149,387,1,1,1605.00,,1605.00
1150,387,2,1,1605.00,,1605.00
1151,387,3,1,1605.00,,1605.00
1152,387,4,1,1605.00,,1605.00
1153,387,5,1,1605.00,,1605.00
1154,388,1,2,1971.00,1.0,1971.00
1155,388,2,2,1971.00,1.0,1971.00
1156,388,3,2,1971.00,1.0,1971.00
1157,388,4,2,1971.00,1.0,1971.00
1158,389,1,2,1971.00,1.0,1971.00
1159,389,2,2,1971.00,1.0,1971.00
1160,389,3,2,1971.00,1.0,1971.00
1161,389,4,2,1971.00,1.0,1971.00
1162,390,1,1,1605.00,1.0,1605.00
1163,390,2,1,1605.00,1.0,1605.00
1164,390,3,1,1605.00,1.0,1605.00
1165,390,4,1,1605.00,1.0,1605.00
1166,391,1,1,1605.00,1.0,1605.00
1167,391,2,1,1605.00,1.0,1605.00
1168,391,3,1,1605.00,1.0,1605.00
1169,392,1,1,1605.00,,1605.00
1170,392,2,1,1605.00,,1605.00
1171,392,3,1,1605.00,,1605.00
1172,392,4,1,1605.00,,1605.00
1173,392,5,1,1605.00,,1605.00
1174,392,6,1,1605.00,,1605.00
1175,393,1,1,1605.00,1.0,1605.00
1176,393,2,1,1605.00,1.0,1605.00
1177,394,1,6,4033.00,3.0,4033.00
1178,394,2,6,4033.00,3.0,4033.00
1179,395,1,3,2773.00,1.0,2773.00
1180,395,2,3,2773.00,1.0,2773.00
1181,396,1,2,1971.00,1.0,1971.00
1182,396,2,2,1971.00,1.0,1971.00
1183,397,1,2,1971.00,1.0,1971.00
1184,397,2,2,1971.00,1.0,1971.00
1185,397,3,1,1605.00,1.0,1605.00
1186,397,4,1,1605.00,1.0,1605.00
1187,398,1,2,1971.00,1.0,1971.00
1188,398,2,1,1605.00,1.0,1605.00
1189,399,1,3,2773.00,1.0,2773.00
1190,399,2,2,1971.00,1.0,1971.00
1191,400,1,2,1971.00,1.0,1971.00
1192,400,2,2,1971.00,1.0,1971.00
1193,401,1,2,1971.00,1.0,1971.00
1194,401,2,1,1605.00,1.0,1605.00
1195,402,1,2,1971.00,1.0,1971.00
1196,402,2,2,1971.00,1.0,1971.00
1197,402,3,2,1971.00,1.0,1971.00
1198,402,4,2,1971.00,1.0,1971.00
1199,403,1,2,1971.00,1.0,1971.00
1200,403,2,2,1971.00,1.0,1971.00
1201,403,3,2,1971.00,1.0,1971.00
1202,403,4,2,1971.00,1.0,1971.00
1203,404,1,2,1971.00,1.0,1971.00
1204,404,2,2,1971.00,1.0,1971.00
1205,405,1,2,1971.00,1.0,1971.00
1206,405,2,2,1971.00,1.0,1971.00
1207,406,1,3,2773.00,1.0,2773.00
1208,406,2,3,2773.00,1.0,2773.00
1209,407,1,1,1605.00,1.0,1605.00
1210,407,2,1,1605.00,1.0,1605.00
1211,407,3,1,1605.00,1.0,1605.00
1212,407,4,1,1605.00,1.0,1605.00
1213,408,1,1,1605.00,1.0,1605.00
1214,408,2,1,1605.00,1.0,1605.00
1215,408,3,1,1605.00,1.0,1605.00
1216,408,4,1,1605.00,1.0,1605.00
1217,409,1,1,1605.00,1.0,1605.00
1218,409,2,1,1605.00,1.0,1605.00
1219,409,3,1,1605.00,1.0,1605.00
1220,409,4,1,1605.00,1.0,1605.00
1221,410,1,1,1605.00,,1605.00
1222,410,2,1,1605.00,,1605.00
1223,410,3,1,1605.00,,1605.00
1224,410,4,1,1605.00,,1605.00
1225,410,5,1,1605.00,,1605.00
1226,410,6,1,1605.00,,1605.00
1227,411,1,2,1971.00,1.0,1971.00
1228,411,2,2,1971.00,1.0,1971.00
1229,412,1,1,1605.00,1.0,1605.00
1230,412,2,1,1605.00,1.0,1605.00
1231,413,1,1,1605.00,,1605.00
1232,413,2,1,1605.00,,1605.00
1233,413,3,1,1605.00,,1605.00
1234,413,4,1,1605.00,,1605.00
1235,413,5,1,1605.00,,1605.00
1236,413,6,1,1605.00,,1605.00
1237,413,7,1,1605.00,,1605.00
1238,414,1,2,1971.00,1.0,1971.00
1239,414,2,2,1971.00,1.0,1971.00
1240,415,1,5,3567.00,4.5,3567.00
1241,415,2,4,3102.00,4.5,3102.00
1242,416,1,5,3567.00,4.5,3567.00
1243,416,2,4,3102.00,4.5,3102.00
1244,417,1,2,1971.00,1.0,1971.00
1245,417,2,2,1971.00,1.0,1971.00
1246,417,3,2,1971.00,1.0,1971.00
1247,417,4,2,1971.00,1.0,1971.00
1248,418,1,2,1971.00,1.0,1971.00
1249,418,2,2,1971.00,1.0,1971.00
1250,419,1,2,1971.00,1.0,1971.00
1251,419,2,2,1971.00,1.0,1971.00
1252,420,1,5,3567.00,2.0,3567.00
1253,420,2,5,3567.00,2.0,3567.00
1254,421,1,2,1971.00,1.0,1971.00
1255,421,2,2,1971.00,1.0,1971.00
1256,422,1,2,1971.00,1.0,1971.00
1257,422,2,1,1605.00,1.0,1605.00
1258,423,1,3,2773.00,1.5,2773.00
1259,423,2,2,1971.00,1.5,1971.00
1260,424,1,2,1971.00,1.0,1971.00
1261,424,2,1,1605.00,1.0,1605.00
1262,425,1,3,2773.00,1.5,2773.00
1263,425,2,2,1971.00,1.5,1971.00
1264,426,1,2,1971.00,1.0,1971.00
1265,426,2,1,1605.00,1.0,1605.00
1266,426,3,1,1605.00,1.0,1605.00
1267,427,1,2,1971.00,1.5,1971.00
1268,427,2,2,1971.00,1.5,1971.00
1269,428,1,2,1971.00,1.5,1971.00
1270,428,2,2,1971.00,1.5,1971.00
1271,428,3,2,1971.00,1.5,1971.00
1272,428,4,2,1971.00,1.5,1971.00
1273,429,1,3,2773.00,1.0,2773.00
1274,429,2,3,2773.00,1.0,2773.00
1275,429,3,2,1971.00,1.0,1971.00
1276,430,1,1,1605.00,,1605.00
1277,430,2,1,1605.00,,1605.00
1278,430,3,1,1605.00,,1605.00
1279,430,4,1,1605.00,,1605.00
1280,430,5,1,1605.00,,1605.00
1281,430,6,1,1605.00,,1605.00
1282,430,7,1,1605.00,,1605.00
1283,431,1,2,1971.00,1.0,1971.00
1284,431,2,2,1971.00,1.0,1971.00
1285,431,3,2,1971.00,1.0,1971.00
1286,431,4,2,1971.00,1.0,1971.00
1287,432,1,4,3102.00,1.5,3102.00
1288,432,2,4,3102.00,1.5,3102.00
1289,433,1,2,1971.00,1.0,1971.00
1290,433,2,2,1971.00,1.0,1971.00
1291,434,1,2,1971.00,1.0,1971.00
1292,434,2,2,1971.00,1.0,1971.00
1293,435,1,2,1971.00,1.0,1971.00
1294,435,2,2,1971.00,1.0,1971.00
1295,436,1,2,1971.00,1.5,1971.00
1296,436,2,2,1971.00,1.5,1971.00
1297,437,1,3,2773.00,1.75,2773.00
1298,437,2,2,1971.00,1.75,1971.00
1299,438,1,2,1971.00,1.0,1971.00
1300,438,2,1,1605.00,1.0,1605.00
1301,439,1,2,1971.00,1.0,1971.00
1302,439,2,2,1971.00,1.0,1971.00
1303,440,1,3,2773.00,1.0,2773.00
1304,440,2,2,1971.00,1.0,1971.00
1305,441,1,4,3102.00,1.25,3102.00
1306,441,2,4,3102.00,1.25,3102.00
1307,441,3,4,3102.00,1.25,3102.00
1308,442,1,2,1971.00,1.0,1971.00
1309,442,2,2,1971.00,1.0,1971.00
1310,443,1,2,1971.00,1.0,1971.00
1311,443,2,2,1971.00,1.0,1971.00
1312,443,3,2,1971.00,1.0,1971.00
1313,443,4,1,1605.00,1.0,1605.00
1314,444,1,2,1971.00,1.0,1971.00
1315,444,2,2,1971.00,1.0,1971.00
1316,444,3,2,1971.00,1.0,1971.00
1317,444,4,1,1605.00,1.0,1605.00
1318,445,1,2,1971.00,1.0,1971.00
1319,445,2,2,1971.00,1.0,1971.00
1320,445,3,2,1971.00,1.0,1971.00
1321,446,1,2,1971.00,1.0,1971.00
1322,446,2,2,1971.00,1.0,1971.00
1323,447,1,2,1971.00,1.0,1971.00
1324,447,2,1,1605.00,1.0,1605.00
1325,448,1,3,2773.00,1.5,2773.00
1326,448,2,3,2773.00,1.5,2773.00
1327,449,1,3,2773.00,1.0,2773.00
1328,449,2,2,1971.00,1.0,1971.00
1329,450,1,1,1605.00,1.0,1605.00
1330,450,2,1,1605.00,1.0,1605.00
1331,450,3,1,1605.00,1.0,1605.00
1332,451,1,2,1971.00,1.0,1971.00
1333,451,2,2,1971.00,1.0,1971.00
1334,451,3,2,1971.00,1.0,1971.00
1335,451,4,2,1971.00,1.0,1971.00
1336,452,1,2,1971.00,1.0,1971.00
1337,452,2,2,1971.00,1.0,1971.00
1338,452,3,2,1971.00,1.0,1971.00
1339,452,4,2,1971.00,1.0,1971.00
1340,453,1,2,1971.00,1.0,1971.00
1341,453,2,2,1971.00,1.0,1971.00
1342,453,3,2,1971.00,1.0,1971.00
1343,453,4,2,1971.00,1.0,1971.00
1344,454,1,2,1971.00,1.0,1971.00
1345,454,2,2,1971.00,1.0,1971.00
1346,455,1,2,1971.00,1.0,1971.00
1347,455,2,2,1971.00,1.0,1971.00
1348,456,1,3,2773.00,1.0,2773.00
1349,456,2,3,2773.00,1.0,2773.00
1350,457,1,2,1971.00,1.0,1971.00
1351,457,2,1,1605.00,1.0,1605.00
1352,458,1,3,2773.00,1.0,2773.00
1353,458,2,3,2773.00,1.0,2773.00
1354,459,1,2,1971.00,1.0,1971.00
1355,459,2,2,1971.00,1.0,1971.00
1356,460,1,3,2773.00,2.5,2773.00
1357,460,2,3,2773.00,2.5,2773.00
1358,461,1,2,1971.00,1.0,1971.00
1359,461,2,2,1971.00,1.0,1971.00
1360,461,3,2,1971.00,1.0,1971.00
1361,461,4,2,1971.00,1.0,1971.00
1362,462,1,2,1971.00,1.0,1971.00
1363,462,2,2,1971.00,1.0,1971.00
1364,462,3,2,1971.00,1.0,1971.00
1365,462,4,2,1971.00,1.0,1971.00
1366,463,1,2,1971.00,1.0,1971.00
1367,463,2,2,1971.00,1.0,1971.00
1368,463,3,2,1971.00,1.0,1971.00
1369,463,4,2,1971.00,1.0,1971.00
1370,464,1,2,1971.00,1.0,1971.00
1371,464,2,2,1971.00,1.0,1971.00
1372,465,1,1,1605.00,,1605.00
1373,465,2,1,1605.00,,1605.00
1374,465,3,1,1605.00,,1605.00
1375,465,4,1,1605.00,,1605.00
1376,465,5,1,1605.00,,1605.00
1377,465,6,1,1605.00,,1605.00
1378,466,1,1,1605.00,,1605.00
1379,466,2,1,1605.00,,1605.00
1380,466,3,1,1605.00,,1605.00
1381,466,4,1,1605.00,,1605.00
1382,466,5,1,1605.00,,1605.00
1383,466,6,1,1605.00,,1605.00
1384,467,1,2,1971.00,1.0,1971.00
1385,467,2,2,1971.00,1.0,1971.00
1386,467,3,2,1971.00,1.0,1971.00
1387,467,4,2,1971.00,1.0,1971.00
1388,468,1,3,2773.00,3.0,2773.00
1389,468,2,3,2773.00,3.0,2773.00
1390,469,1,1,1605.00,,1605.00
1391,469,2,1,1605.00,,1605.00
1392,469,3,1,1605.00,,1605.00
1393,469,4,1,1605.00,,1605.00
1394,469,5,1,1605.00,,1605.00
1395,470,1,1,1605.00,,1605.00
1396,470,2,1,1605.00,,1605.00
1397,470,3,1,1605.00,,1605.00
1398,470,4,1,1605.00,,1605.00
1399,470,5,1,1605.00,,1605.00
1400,470,6,1,1605.00,,1605.00
1401,470,7,1,1605.00,,1605.00
1402,470,8,1,1605.00,,1605.00
1403,471,1,2,1971.00,1.0,1971.00
1404,471,2,2,1971.00,1.0,1971.00
1405,472,1,2,1971.00,3.5,1971.00
1406,472,2,2,1971.00,3.5,1971.00
1407,473,1,3,2773.00,1.0,2773.00
1408,473,2,3,2773.00,1.0,2773.00
1409,473,3,2,1971.00,1.0,1971.00
1410,474,1,2,1971.00,1.0,1971.00
1411,474,2,1,1605.00,1.0,1605.00
1412,475,1,3,2773.00,2.0,2773.00
1413,475,2,2,1971.00,2.0,1971.00
1414,476,1,1,1605.00,,1605.00
1415,476,2,1,1605.00,,1605.00
1416,476,3,1,1605.00,,1605.00
1417,476,4,1,1605.00,,1605.00
1418,476,5,1,1605.00,,1605.00
1419,476,6,1,1605.00,,1605.00
1420,476,7,1,1605.00,,1605.00
1421,477,1,1,1605.00,,1605.00
1422,477,2,1,1605.00,,1605.00
1423,477,3,1,1605.00,,1605.00
1424,477,4,1,1605.00,,1605.00
1425,477,5,1,1605.00,,1605.00
1426,477,6,1,1605.00,,1605.00
1427,478,1,2,1971.00,1.5,1971.00
1428,478,2,1,1605.00,1.5,1605.00
1429,479,1,2,1971.00,1.25,1971.00
1430,479,2,1,1605.00,1.25,1605.00
1431,479,3,1,1605.00,1.25,1605.00
1432,479,4,1,1605.00,1.25,1605.00
1433,480,1,3,2773.00,1.25,2773.00
1434,480,2,2,1971.00,1.25,1971.00
1435,480,3,2,1971.00,1.25,1971.00
1436,480,4,2,1971.00,1.25,1971.00
1437,481,1,2,1971.00,1.0,1971.00
1438,481,2,2,1971.00,1.0,1971.00
1439,481,3,1,1605.00,1.0,1605.00
1440,481,4,1,1605.00,1.0,1605.00
1441,482,1,3,2773.00,1.0,2773.00
1442,482,2,2,1971.00,1.0,1971.00
1443,482,3,2,1971.00,1.0,1971.00
1444,482,4,2,1971.00,1.0,1971.00
1445,483,1,2,1971.00,1.5,1971.00
1446,483,2,2,1971.00,1.5,1971.00
1447,484,1,2,1971.00,1.25,1971.00
1448,484,2,1,1605.00,1.25,1605.00
1449,485,1,2,1971.00,1.0,1971.00
1450,485,2,1,1605.00,1.0,1605.00
1451,486,1,2,1971.00,1.0,1971.00
1452,486,2,1,1605.00,1.0,1605.00
1453,487,1,1,1605.00,,1605.00
1454,487,2,1,1605.00,,1605.00
1455,487,3,1,1605.00,,1605.00
1456,487,4,1,1605.00,,1605.00
1457,487,5,1,1605.00,,1605.00
1458,487,6,1,1605.00,,1605.00
1459,487,7,1,1605.00,,1605.00
1460,488,1,3,2773.00,1.5,2773.00
1461,488,2,2,1971.00,1.5,1971.00
1462,489,1,1,1605.00,,1605.00
1463,489,2,1,1605.00,,1605.00
1464,489,3,1,1605.00,,1605.00
1465,489,4,1,1605.00,,1605.00
1466,489,5,1,1605.00,,1605.00
1467,489,6,1,1605.00,,1605.00
1468,489,7,1,1605.00,,1605.00
1469,489,8,1,1605.00,,1605.00
1470,490,1,3,2773.00,2.25,2773.00
1471,490,2,3,2773.00,2.25,2773.00
1472,491,1,2,1971.00,1.0,1971.00
1473,491,2,1,1605.00,1.0,1605.00
1474,491,3,1,1605.00,1.0,1605.00
1475,491,4,1,1605.00,1.0,1605.00
1476,491,5,1,1605.00,1.0,1605.00
1477,491,6,1,1605.00,1.0,1605.00
1478,492,1,2,1971.00,1.0,1971.00
1479,492,2,2,1971.00,1.0,1971.00
1480,493,1,2,1971.00,1.25,1971.00
1481,493,2,1,1605.00,1.25,1605.00
1482,493,3,1,1605.00,1.25,1605.00
1483,494,1,3,2773.00,3.0,2773.00
1484,494,2,3,2773.00,3.0,2773.00
1485,495,1,1,1605.00,1.0,1605.00
1486,495,2,1,1605.00,1.0,1605.00
1487,495,3,1,1605.00,1.0,1605.00
1488,495,4,1,1605.00,1.0,1605.00
1489,496,1,4,3102.00,3.25,3102.00
1490,496,2,4,3102.00,3.25,3102.00
1491,496,3,4,3102.00,3.25,3102.00
1492,497,1,2,1971.00,1.25,1971.00
1493,497,2,2,1971.00,1.25,1971.00
1494,497,3,2,1971.00,1.25,1971.00
1495,497,4,1,1605.00,1.25,1605.00
1496,498,1,1,1605.00,,1605.00
1497,498,2,1,1605.00,,1605.00
1498,498,3,1,1605.00,,1605.00
1499,498,4,1,1605.00,,1605.00
1500,498,5,1,1605.00,,1605.00
1501,498,6,1,1605.00,,1605.00
1502,498,7,1,1605.00,,1605.00
1503,498,8,1,1605.00,,1605.00
1504,499,1,3,2773.00,1.75,2773.00
1505,499,2,2,1971.00,1.75,1971.00
1506,499,3,2,1971.00,1.75,1971.00
1507,499,4,2,1971.00,1.75,1971.00
1508,500,1,1,1605.00,,1605.00
1509,500,2,1,1605.00,,1605.00
1510,500,3,1,1605.00,,1605.00
1511,500,4,1,1605.00,,1605.00
1512,500,5,1,1605.00,,1605.00
1513,500,6,1,1605.00,,1605.00
1514,500,7,1,1605.00,,1605.00
1515,500,8,1,1605.00,,1605.00
1516,501,1,1,1605.00,,1605.00
1517,501,2,1,1605.00,,1605.00
1518,501,3,1,1605.00,,1605.00
1519,501,4,1,1605.00,,1605.00
1520,501,5,1,1605.00,,1605.00
1521,501,6,1,1605.00,,1605.00
1522,501,7,1,1605.00,,1605.00
1523,501,8,1,1605.00,,1605.00
1524,502,1,2,1971.00,1.0,1971.00
1525,502,2,1,1605.00,1.0,1605.00
1526,502,3,1,1605.00,1.0,1605.00
1527,502,4,1,1605.00,1.0,1605.00
1528,503,1,2,1971.00,1.0,1971.00
1529,503,2,2,1971.00,1.0,1971.00
1530,503,3,1,1605.00,1.0,1605.00
1531,504,1,2,1971.00,1.0,1971.00
1532,504,2,2,1971.00,1.0,1971.00
1533,504,3,1,1605.00,1.0,1605.00
1534,504,4,1,1605.00,1.0,1605.00
1535,505,1,2,1971.00,1.0,1971.00
1536,505,2,2,1971.00,1.0,1971.00
1537,505,3,2,1971.00,1.0,1971.00
1538,505,4,1,1605.00,1.0,1605.00
1539,505,5,1,1605.00,1.0,1605.00
1540,505,6,1,1605.00,1.0,1605.00
1541,505,7,1,1605.00,1.0,1605.00
1542,506,1,2,1971.00,1.5,1971.00
1543,506,2,2,1971.00,1.5,1971.00
1544,507,1,2,1971.00,1.25,1971.00
1545,507,2,1,1605.00,1.25,1605.00
1546,507,3,1,1605.00,1.25,1605.00
1547,508,1,3,2773.00,1.0,2773.00
1548,508,2,2,1971.00,1.0,1971.00
1549,509,1,3,2773.00,1.5,2773.00
1550,509,2,3,2773.00,1.5,2773.00
1551,509,3,3,2773.00,1.5,2773.00
1552,509,4,3,2773.00,1.5,2773.00
1553,510,1,2,1971.00,1.0,1971.00
1554,510,2,2,1971.00,1.0,1971.00
1555,511,1,2,1971.00,1.0,1971.00
1556,511,2,2,1971.00,1.0,1971.00
1557,511,3,1,1605.00,1.0,1605.00
1558,511,4,1,1605.00,1.0,1605.00
1559,512,1,2,1971.00,1.0,1971.00
1560,512,2,2,1971.00,1.0,1971.00
1561,512,3,1,1605.00,1.0,1605.00
1562,513,1,1,1605.00,1.0,1605.00
1563,513,2,1,1605.00,1.0,1605.00
1564,513,3,1,1605.00,1.0,1605.00
1565,513,4,1,1605.00,1.0,1605.00
1566,514,1,2,1971.00,1.0,1971.00
1567,514,2,2,1971.00,1.0,1971.00
1568,514,3,2,1971.00,1.0,1971.00
1569,514,4,2,1971.00,1.0,1971.00
1570,515,1,1,1605.00,1.0,1605.00
1571,515,2,1,1605.00,1.0,1605.00
1572,515,3,1,1605.00,1.0,1605.00
1573,515,4,1,1605.00,1.0,1605.00
1574,516,1,2,1971.00,1.0,1971.00
1575,516,2,1,1605.00,1.0,1605.00
1576,517,1,2,1971.00,1.25,1971.00
1577,517,2,1,1605.00,1.25,1605.00
1578,518,1,2,1971.00,1.5,1971.00
1579,518,2,2,1971.00,1.5,1971.00
1580,518,3,1,1605.00,1.5,1605.00
1581,518,4,1,1605.00,1.5,1605.00
1582,519,1,2,1971.00,1.0,1971.00
1583,519,2,1,1605.00,1.0,1605.00
1584,519,3,1,1605.00,1.0,1605.00
1585,519,4,1,1605.00,1.0,1605.00
1586,520,1,2,1971.00,1.25,1971.00
1587,520,2,2,1971.00,1.25,1971.00
1588,520,3,2,1971.00,1.25,1971.00
1589,520,4,1,1605.00,1.25,1605.00
1590,521,1,3,2773.00,1.5,2773.00
1591,521,2,2,1971.00,1.5,1971.00
1592,521,3,2,1971.00,1.5,1971.00
1593,522,1,2,1971.00,2.0,1971.00
1594,522,2,2,1971.00,2.0,1971.00
1595,522,3,1,1605.00,2.0,1605.00
1596,522,4,1,1605.00,2.0,1605.00
1597,523,1,5,3567.00,1.5,3567.00
1598,523,2,4,3102.00,1.5,3102.00
1599,524,1,2,1971.00,1.5,1971.00
1600,524,2,2,1971.00,1.5,1971.00
1601,524,3,1,1605.00,1.5,1605.00
1602,524,4,1,1605.00,1.5,1605.00
1603,525,1,2,1971.00,1.25,1971.00
1604,525,2,1,1605.00,1.25,1605.00
1605,525,3,1,1605.00,1.25,1605.00
1606,526,1,2,1971.00,1.0,1971.00
1607,526,2,1,1605.00,1.0,1605.00
1608,527,1,2,1971.00,1.0,1971.00
1609,527,2,1,1605.00,1.0,1605.00
1610,527,3,1,1605.00,1.0,1605.00
1611,527,4,1,1605.00,1.0,1605.00
1612,528,1,2,1971.00,1.5,1971.00
1613,528,2,2,1971.00,1.5,1971.00
1614,528,3,1,1605.00,1.5,1605.00
1615,528,4,1,1605.00,1.5,1605.00
1616,529,1,2,1971.00,1.5,1971.00
1617,529,2,2,1971.00,1.5,1971.00
1618,529,3,1,1605.00,1.5,1605.00
1619,529,4,1,1605.00,1.5,1605.00
1620,530,1,1,1605.00,1.25,1605.00
1621,530,2,1,1605.00,1.25,1605.00
1622,530,3,1,1605.00,1.25,1605.00
1623,530,4,1,1605.00,1.25,1605.00
1624,531,1,2,1971.00,1.25,1971.00
1625,531,2,1,1605.00,1.25,1605.00
1626,531,3,1,1605.00,1.25,1605.00
1627,532,1,2,1971.00,1.0,1971.00
1628,532,2,2,1971.00,1.0,1971.00
1629,532,3,1,1605.00,1.0,1605.00
1630,533,1,2,1971.00,1.5,1971.00
1631,533,2,2,1971.00,1.5,1971.00
1632,533,3,1,1605.00,1.5,1605.00
1633,533,4,1,1605.00,1.5,1605.00
1634,534,1,2,1971.00,1.25,1971.00
1635,534,2,1,1605.00,1.25,1605.00
1636,534,3,1,1605.00,1.25,1605.00
1637,534,4,1,1605.00,1.25,1605.00
1638,535,1,3,2773.00,1.5,2773.00
1639,535,2,2,1971.00,1.5,1971.00
1640,536,1,2,1971.00,1.0,1971.00
1641,536,2,1,1605.00,1.0,1605.00
1642,537,1,1,1605.00,1.0,1605.00
1643,537,2,1,1605.00,1.0,1605.00
1644,538,1,3,2773.00,1.0,2773.00
1645,538,2,3,2773.00,1.0,2773.00
1646,538,3,2,1971.00,1.0,1971.00
1647,539,1,2,1971.00,1.0,1971.00
1648,539,2,2,1971.00,1.0,1971.00
1649,539,3,2,1971.00,1.0,1971.00
1650,539,4,2,1971.00,1.0,1971.00
1651,540,1,3,2773.00,1.5,2773.00
1652,540,2,2,1971.00,1.5,1971.00
1653,541,1,2,1971.00,1.0,1971.00
1654,541,2,1,1605.00,1.0,1605.00
1655,541,3,1,1605.00,1.0,1605.00
1656,542,1,2,1971.00,1.25,1971.00
1657,542,2,1,1605.00,1.25,1605.00
1658,542,3,1,1605.00,1.25,1605.00
1659,542,4,1,1605.00,1.25,1605.00
1660,543,1,1,1605.00,,1605.00
1661,543,2,1,1605.00,,1605.00
1662,543,3,1,1605.00,,1605.00
1663,543,4,1,1605.00,,1605.00
1664,543,5,1,1605.00,,1605.00
1665,543,6,1,1605.00,,1605.00
1666,544,1,2,1971.00,1.0,1971.00
1667,544,2,2,1971.00,1.0,1971.00
1668,544,3,2,1971.00,1.0,1971.00
1669,544,4,1,1605.00,1.0,1605.00
1670,545,1,2,1971.00,1.0,1971.00
1671,545,2,2,1971.00,1.0,1971.00
1672,546,1,2,1971.00,1.5,1971.00
1673,546,2,2,1971.00,1.5,1971.00
1674,546,3,2,1971.00,1.5,1971.00
1675,546,4,2,1971.00,1.5,1971.00
1676,547,1,2,1971.00,1.0,1971.00
1677,547,2,1,1605.00,1.0,1605.00
1678,547,3,1,1605.00,1.0,1605.00
1679,548,1,1,1605.00,1.0,1605.00
1680,548,2,1,1605.00,1.0,1605.00
1681,548,3,1,1605.00,1.0,1605.00
1682,548,4,1,1605.00,1.0,1605.00
1683,549,1,2,1971.00,1.0,1971.00
1684,549,2,1,1605.00,1.0,1605.00
1685,549,3,1,1605.00,1.0,1605.00
1686,549,4,1,1605.00,1.0,1605.00
1687,550,1,2,1971.00,1.25,1971.00
1688,550,2,1,1605.00,1.25,1605.00
1689,550,3,1,1605.00,1.25,1605.00
1690,550,4,1,1605.00,1.25,1605.00
1691,551,1,1,1605.00,1.0,1605.00
1692,551,2,1,1605.00,1.0,1605.00
1693,551,3,1,1605.00,1.0,1605.00
1694,551,4,1,1605.00,1.0,1605.00
1695,552,1,2,1971.00,1.5,1971.00
1696,552,2,2,1971.00,1.5,1971.00
1697,552,3,2,1971.00,1.5,1971.00
1698,552,4,2,1971.00,1.5,1971.00
1699,553,1,2,1971.00,1.0,1971.00
1700,553,2,2,1971.00,1.0,1971.00
1701,553,3,2,1971.00,1.0,1971.00
1702,553,4,2,1971.00,1.0,1971.00
1703,554,1,1,1605.00,1.5,1605.00
1704,554,2,1,1605.00,1.5,1605.00
1705,554,3,1,1605.00,1.5,1605.00
1706,554,4,1,1605.00,1.5,1605.00
1707,555,1,2,1971.00,1.25,1971.00
1708,555,2,1,1605.00,1.25,1605.00
1709,555,3,1,1605.00,1.25,1605.00
1710,556,1,2,1971.00,1.25,1971.00
1711,556,2,1,1605.00,1.25,1605.00
1712,556,3,1,1605.00,1.25,1605.00
1713,556,4,1,1605.00,1.25,1605.00
1714,557,1,2,1971.00,1.5,1971.00
1715,557,2,2,1971.00,1.5,1971.00
1716,557,3,2,1971.00,1.5,1971.00
1717,557,4,2,1971.00,1.5,1971.00
1718,558,1,2,1971.00,1.0,1971.00
1719,558,2,2,1971.00,1.0,1971.00
1720,558,3,2,1971.00,1.0,1971.00
1721,559,1,1,1605.00,1.0,1605.00
1722,559,2,1,1605.00,1.0,1605.00
1723,559,3,1,1605.00,1.0,1605.00
1724,560,1,1,1605.00,1.0,1605.00
1725,560,2,1,1605.00,1.0,1605.00
1726,560,3,1,1605.00,1.0,1605.00
1727,560,4,1,1605.00,1.0,1605.00
1728,561,1,2,1971.00,1.0,1971.00
1729,561,2,1,1605.00,1.0,1605.00
1730,561,3,1,1605.00,1.0,1605.00
1731,561,4,1,1605.00,1.0,1605.00
1732,562,1,3,2773.00,2.0,2773.00
1733,562,2,3,2773.00,2.0,2773.00
1734,562,3,2,1971.00,2.0,1971.00
1735,562,4,2,1971.00,2.0,1971.00
1736,563,1,2,1971.00,1.75,1971.00
1737,563,2,2,1971.00,1.75,1971.00
1738,563,3,2,1971.00,1.75,1971.00
1739,563,4,1,1605.00,1.75,1605.00
1740,564,1,2,1971.00,2.25,1971.00
1741,564,2,2,1971.00,2.25,1971.00
1742,565,1,2,1971.00,1.5,1971.00
1743,565,2,1,1605.00,1.5,1605.00
1744,566,1,2,1971.00,1.0,1971.00
1745,566,2,2,1971.00,1.0,1971.00
1746,566,3,2,1971.00,1.0,1971.00
1747,566,4,2,1971.00,1.0,1971.00
1748,567,1,1,1605.00,,1605.00
1749,567,2,1,1605.00,,1605.00
1750,567,3,1,1605.00,,1605.00
1751,567,4,1,1605.00,,1605.00
1752,567,5,1,1605.00,,1605.00
1753,567,6,1,1605.00,,1605.00
1754,567,7,1,1605.00,,1605.00
1755,567,8,1,1605.00,,1605.00
1756,568,1,1,1605.00,,1605.00
1757,568,2,1,1605.00,,1605.00
1758,568,3,1,1605.00,,1605.00
1759,568,4,1,1605.00,,1605.00
1760,568,5,1,1605.00,,1605.00
1761,569,1,2,1971.00,1.0,1971.00
1762,569,2,1,1605.00,1.0,1605.00
1763,569,3,1,1605.00,1.0,1605.00
1764,569,4,1,1605.00,1.0,1605.00
1765,570,1,2,1971.00,1.0,1971.00
1766,570,2,1,1605.00,1.0,1605.00
1767,570,3,1,1605.00,1.0,1605.00
1768,570,4,1,1605.00,1.0,1605.00
1769,571,1,3,2773.00,1.5,2773.00
1770,571,2,3,2773.00,1.5,2773.00
1771,572,1,2,1971.00,1.0,1971.00
1772,572,2,1,1605.00,1.0,1605.00
1773,573,1,2,1971.00,1.0,1971.00
1774,573,2,1,1605.00,1.0,1605.00
1775,573,3,1,1605.00,1.0,1605.00
1776,573,4,1,1605.00,1.0,1605.00
1777,574,1,2,1971.00,1.0,1971.00
1778,574,2,2,1971.00,1.0,1971.00
1779,574,3,1,1605.00,1.0,1605.00
1780,575,1,2,1971.00,1.0,1971.00
1781,575,2,2,1971.00,1.0,1971.00
1782,575,3,1,1605.00,1.0,1605.00
1783,575,4,1,1605.00,1.0,1605.00
1784,576,1,1,1605.00,1.0,1605.00
1785,576,2,1,1605.00,1.0,1605.00
1786,577,1,2,1971.00,1.0,1971.00
1787,577,2,1,1605.00,1.0,1605.00
1788,578,1,2,1971.00,1.0,1971.00
1789,578,2,2,1971.00,1.0,1971.00
1790,578,3,2,1971.00,1.0,1971.00
1791,579,1,2,1971.00,1.0,1971.00
1792,579,2,2,1971.00,1.0,1971.00
1793,579,3,2,1971.00,1.0,1971.00
1794,580,1,2,1971.00,1.5,1971.00
1795,580,2,2,1971.00,1.5,1971.00
1796,580,3,2,1971.00,1.5,1971.00
1797,580,4,2,1971.00,1.5,1971.00
1798,581,1,1,1605.00,1.0,1605.00
1799,581,2,1,1605.00,1.0,1605.00
1800,581,3,1,1605.00,1.0,1605.00
1801,581,4,1,1605.00,1.0,1605.00
1802,582,1,2,1971.00,1.0,1971.00
1803,582,2,2,1971.00,1.0,1971.00
1804,583,1,1,1605.00,1.0,1605.00
1805,583,2,1,1605.00,1.0,1605.00
1806,583,3,1,1605.00,1.0,1605.00
1807,583,4,1,1605.00,1.0,1605.00
1808,584,1,2,1971.00,1.5,1971.00
1809,584,2,2,1971.00,1.5,1971.00
1810,584,3,1,1605.00,1.5,1605.00
1811,584,4,1,1605.00,1.5,1605.00
1812,585,1,2,1971.00,1.0,1971.00
1813,585,2,2,1971.00,1.0,1971.00
1814,585,3,1,1605.00,1.0,1605.00
1815,585,4,1,1605.00,1.0,1605.00
1816,586,1,2,1971.00,1.25,1971.00
1817,586,2,2,1971.00,1.25,1971.00
1818,586,3,2,1971.00,1.25,1971.00
1819,586,4,1,1605.00,1.25,1605.00
1820,587,1,1,1605.00,,1605.00
1821,587,2,1,1605.00,,1605.00
1822,587,3,1,1605.00,,1605.00
1823,587,4,1,1605.00,,1605.00
1824,587,5,1,1605.00,,1605.00
1825,587,6,1,1605.00,,1605.00
1826,588,1,2,1971.00,1.0,1971.00
1827,588,2,2,1971.00,1.0,1971.00
1828,588,3,1,1605.00,1.0,1605.00
1829,589,1,1,1605.00,1.0,1605.00
1830,589,2,1,1605.00,1.0,1605.00
1831,590,1,1,1605.00,1.0,1605.00
1832,590,2,1,1605.00,1.0,1605.00
1833,590,3,1,1605.00,1.0,1605.00
1834,591,1,2,1971.00,1.75,1971.00
1835,591,2,2,1971.00,1.75,1971.00
1836,591,3,1,1605.00,1.75,1605.00
1837,592,1,1,1605.00,1.0,1605.00
1838,592,2,1,1605.00,1.0,1605.00
1839,592,3,1,1605.00,1.0,1605.00
1840,592,4,1,1605.00,1.0,1605.00
1841,592,5,1,1605.00,1.0,1605.00
1842,592,6,1,1605.00,1.0,1605.00
1843,593,1,1,1605.00,1.0,1605.00
1844,593,2,1,1605.00,1.0,1605.00
1845,593,3,1,1605.00,1.0,1605.00
1846,594,1,2,1971.00,1.0,1971.00
1847,594,2,1,1605.00,1.0,1605.00
1848,595,1,3,2773.00,2.5,2773.00
1849,595,2,2,1971.00,2.5,1971.00
1850,596,1,1,1605.00,1.0,1605.00
1851,596,2,1,1605.00,1.0,1605.00
1852,596,3,1,1605.00,1.0,1605.00
1853,597,1,1,1605.00,,1605.00
1854,597,2,1,1605.00,,1605.00
1855,597,3,1,1605.00,,1605.00
1856,597,4,1,1605.00,,1605.00
1857,597,5,1,1605.00,,1605.00
1858,597,6,1,1605.00,,1605.00
1859,597,7,1,1605.00,,1605.00
1860,597,8,1,1605.00,,1605.00
1861,598,1,3,2773.00,1.75,2773.00
1862,598,2,3,2773.00,1.75,2773.00
1863,599,1,2,1971.00,1.5,1971.00
1864,599,2,1,1605.00,1.5,1605.00
1865,600,1,1,1605.00,,1605.00
1866,600,2,1,1605.00,,1605.00
1867,600,3,1,1605.00,,1605.00
1868,600,4,1,1605.00,,1605.00
1869,600,5,1,1605.00,,1605.00
1870,600,6,1,1605.00,,1605.00
1871,600,7,1,1605.00,,1605.00
1872,600,8,1,1605.00,,1605.00
1873,601,1,3,2773.00,1.0,2773.00
1874,601,2,3,2773.00,1.0,2773.00
1875,601,3,2,1971.00,1.0,1971.00
1876,602,1,2,1971.00,1.0,1971.00
1877,602,2,1,1605.00,1.0,1605.00
1878,602,3,1,1605.00,1.0,1605.00
1879,602,4,1,1605.00,1.0,1605.00
1880,602,5,1,1605.00,1.0,1605.00
1881,602,6,1,1605.00,1.0,1605.00
1882,602,7,1,1605.00,1.0,1605.00
1883,602,8,1,1605.00,1.0,1605.00
1884,603,1,1,1605.00,,1605.00
1885,603,2,1,1605.00,,1605.00
1886,603,3,1,1605.00,,1605.00
1887,603,4,1,1605.00,,1605.00
1888,603,5,1,1605.00,,1605.00
1889,603,6,1,1605.00,,1605.00
1890,603,7,1,1605.00,,1605.00
1891,603,8,1,1605.00,,1605.00
1892,604,1,2,1971.00,1.0,1971.00
1893,604,2,2,1971.00,1.0,1971.00
1894,605,1,2,1971.00,1.5,1971.00
1895,605,2,2,1971.00,1.5,1971.00
1896,606,1,1,1605.00,1.0,1605.00
1897,606,2,1,1605.00,1.0,1605.00
1898,607,1,2,1971.00,1.0,1971.00
1899,607,2,2,1971.00,1.0,1971.00
1900,607,3,2,1971.00,1.0,1971.00
1901,607,4,2,1971.00,1.0,1971.00
1902,608,1,1,1605.00,,1605.00
1903,608,2,1,1605.00,,1605.00
1904,608,3,1,1605.00,,1605.00
1905,608,4,1,1605.00,,1605.00
1906,608,5,1,1605.00,,1605.00
1907,609,1,2,1971.00,1.0,1971.00
1908,609,2,1,1605.00,1.0,1605.00
1909,609,3,1,1605.00,1.0,1605.00
1910,610,1,1,1605.00,,1605.00
1911,610,2,1,1605.00,,1605.00
1912,610,3,1,1605.00,,1605.00
1913,610,4,1,1605.00,,1605.00
1914,610,5,1,1605.00,,1605.00
1915,610,6,1,1605.00,,1605.00
1916,611,1,2,1971.00,1.0,1971.00
1917,611,2,2,1971.00,1.0,1971.00
1918,611,3,1,1605.00,1.0,1605.00
1919,611,4,1,1605.00,1.0,1605.00
1920,612,1,2,1971.00,1.0,1971.00
1921,612,2,2,1971.00,1.0,1971.00
1922,613,1,2,1971.00,1.75,1971.00
1923,613,2,2,1971.00,1.75,1971.00
1924,613,3,2,1971.00,1.75,1971.00
1925,613,4,1,1605.00,1.75,1605.00
1926,614,1,3,2773.00,1.0,2773.00
1927,614,2,2,1971.00,1.0,1971.00
1928,615,1,3,2773.00,1.0,2773.00
1929,615,2,2,1971.00,1.0,1971.00
1930,616,1,1,1605.00,,1605.00
1931,616,2,1,1605.00,,1605.00
1932,616,3,1,1605.00,,1605.00
1933,616,4,1,1605.00,,1605.00
1934,616,5,1,1605.00,,1605.00
1935,616,6,1,1605.00,,1605.00
1936,616,7,1,1605.00,,1605.00
1937,616,8,1,1605.00,,1605.00
1938,617,1,2,1971.00,1.0,1971.00
1939,617,2,1,1605.00,1.0,1605.00
1940,617,3,1,1605.00,1.0,1605.00
1941,618,1,2,1971.00,1.0,1971.00
1942,618,2,1,1605.00,1.0,1605.00
1943,618,3,1,1605.00,1.0,1605.00
1944,618,4,1,1605.00,1.0,1605.00
1945,619,1,2,1971.00,2.0,1971.00
1946,619,2,2,1971.00,2.0,1971.00
1947,619,3,2,1971.00,2.0,1971.00
1948,619,4,2,1971.00,2.0,1971.00
1949,620,1,1,1605.00,,1605.00
1950,620,2,1,1605.00,,1605.00
1951,620,3,1,1605.00,,1605.00
1952,620,4,1,1605.00,,1605.00
1953,620,5,1,1605.00,,1605.00
1954,620,6,1,1605.00,,1605.00
1955,620,7,1,1605.00,,1605.00
1956,620,8,1,1605.00,,1605.00
1957,621,1,2,1971.00,1.0,1971.00
1958,621,2,1,1605.00,1.0,1605.00
1959,622,1,2,1971.00,1.0,1971.00
1960,622,2,2,1971.00,1.0,1971.00
1961,623,1,1,1605.00,1.0,1605.00
1962,623,2,1,1605.00,1.0,1605.00
1963,623,3,1,1605.00,1.0,1605.00
1964,624,1,3,2773.00,1.5,2773.00
1965,624,2,2,1971.00,1.5,1971.00
1966,625,1,2,1971.00,1.0,1971.00
1967,625,2,1,1605.00,1.0,1605.00
1968,626,1,2,1971.00,1.5,1971.00
1969,626,2,2,1971.00,1.5,1971.00
1970,627,1,2,1971.00,1.0,1971.00
1971,627,2,2,1971.00,1.0,1971.00
1972,628,1,2,1971.00,1.5,1971.00
1973,628,2,2,1971.00,1.5,1971.00
1974,629,1,2,1971.00,1.5,1971.00
1975,629,2,2,1971.00,1.5,1971.00
1976,629,3,2,1971.00,1.5,1971.00
1977,629,4,1,1605.00,1.5,1605.00
1978,630,1,2,1971.00,1.0,1971.00
1979,630,2,2,1971.00,1.0,1971.00
1980,631,1,1,1605.00,1.0,1605.00
1981,631,2,1,1605.00,1.0,1605.00
1982,631,3,1,1605.00,1.0,1605.00
1983,632,1,4,3102.00,2.75,3102.00
1984,632,2,4,3102.00,2.75,3102.00
1985,633,1,3,2773.00,1.0,2773.00
1986,633,2,2,1971.00,1.0,1971.00
1987,633,3,2,1971.00,1.0,1971.00
1988,634,1,3,2773.00,1.5,2773.00
1989,634,2,3,2773.00,1.5,2773.00
1990,635,1,3,2773.00,1.0,2773.00
1991,635,2,2,1971.00,1.0,1971.00
1992,636,1,1,1605.00,,1605.00
1993,636,2,1,1605.00,,1605.00
1994,636,3,1,1605.00,,1605.00
1995,636,4,1,1605.00,,1605.00
1996,636,5,1,1605.00,,1605.00
1997,636,6,1,1605.00,,1605.00
1998,637,1,2,1971.00,1.0,1971.00
1999,637,2,2,1971.00,1.0,1971.00
2000,637,3,2,1971.00,1.0,1971.00
2001,637,4,2,1971.00,1.0,1971.00
2002,638,1,2,1971.00,1.0,1971.00
2003,638,2,2,1971.00,1.0,1971.00
2004,638,3,1,1605.00,1.0,1605.00
2005,638,4,1,1605.00,1.0,1605.00
2006,638,5,1,1605.00,1.0,1605.00
2007,639,1,2,1971.00,1.0,1971.00
2008,639,2,1,1605.00,1.0,1605.00
2009,640,1,2,1971.00,1.0,1971.00
2010,640,2,2,1971.00,1.0,1971.00
2011,641,1,2,1971.00,1.0,1971.00
2012,641,2,2,1971.00,1.0,1971.00
2013,642,1,2,1971.00,1.0,1971.00
2014,642,2,2,1971.00,1.0,1971.00
2015,643,1,4,3102.00,1.25,3102.00
2016,643,2,3,2773.00,1.25,2773.00
2017,644,1,2,1971.00,2.0,1971.00
2018,644,2,2,1971.00,2.0,1971.00
2019,645,1,1,1605.00,,1605.00
2020,645,2,1,1605.00,,1605.00
2021,645,3,1,1605.00,,1605.00
2022,645,4,1,1605.00,,1605.00
2023,645,5,1,1605.00,,1605.00
2024,645,6,1,1605.00,,1605.00
2025,646,1,1,1605.00,,1605.00
2026,646,2,1,1605.00,,1605.00
2027,646,3,1,1605.00,,1605.00
2028,646,4,1,1605.00,,1605.00
2029,646,5,1,1605.00,,1605.00
2030,646,6,1,1605.00,,1605.00
2031,646,7,1,1605.00,,1605.00
2032,647,1,2,1971.00,1.0,1971.00
2033,647,2,1,1605.00,1.0,1605.00
2034,647,3,1,1605.00,1.0,1605.00
2035,647,4,1,1605.00,1.0,1605.00
2036,648,1,2,1971.00,1.5,1971.00
2037,648,2,2,1971.00,1.5,1971.00
2038,649,1,2,1971.00,1.0,1971.00
2039,649,2,2,1971.00,1.0,1971.00
2040,649,3,2,1971.00,1.0,1971.00
2041,649,4,1,1605.00,1.0,1605.00
2042,650,1,1,1605.00,,1605.00
2043,650,2,1,1605.00,,1605.00
2044,650,3,1,1605.00,,1605.00
2045,650,4,1,1605.00,,1605.00
2046,650,5,1,1605.00,,1605.00
2047,650,6,1,1605.00,,1605.00
2048,651,1,3,2773.00,1.5,2773.00
2049,651,2,2,1971.00,1.5,1971.00
2050,652,1,1,1605.00,,1605.00
2051,652,2,1,1605.00,,1605.00
2052,652,3,1,1605.00,,1605.00
2053,652,4,1,1605.00,,1605.00
2054,652,5,1,1605.00,,1605.00
2055,653,1,2,1971.00,1.0,1971.00
2056,653,2,1,1605.00,1.0,1605.00
2057,653,3,1,1605.00,1.0,1605.00
2058,654,1,2,1971.00,1.5,1971.00
2059,654,2,1,1605.00,1.5,1605.00
2060,655,1,2,1971.00,1.0,1971.00
2061,655,2,1,1605.00,1.0,1605.00
2062,655,3,1,1605.00,1.0,1605.00
2063,655,4,1,1605.00,1.0,1605.00
2064,656,1,3,2773.00,1.5,2773.00
2065,656,2,2,1971.00,1.5,1971.00
2066,656,3,2,1971.00,1.5,1971.00
2067,656,4,2,1971.00,1.5,1971.00
2068,657,1,1,1605.00,1.0,1605.00
2069,657,2,1,1605.00,1.0,1605.00
2070,657,3,1,1605.00,1.0,1605.00
2071,657,4,1,1605.00,1.0,1605.00
2072,658,1,1,1605.00,1.0,1605.00
2073,658,2,1,1605.00,1.0,1605.00
2074,659,1,2,1971.00,1.0,1971.00
2075,659,2,1,1605.00,1.0,1605.00
2076,659,3,1,1605.00,1.0,1605.00
2077,659,4,1,1605.00,1.0,1605.00
2078,660,1,1,1605.00,,1605.00
2079,660,2,1,1605.00,,1605.00
2080,660,3,1,1605.00,,1605.00
2081,660,4,1,1605.00,,1605.00
2082,660,5,1,1605.00,,1605.00
2083,660,6,1,1605.00,,1605.00
2084,660,7,1,1605.00,,1605.00
2085,660,8,1,1605.00,,1605.00
2086,661,1,2,1971.00,1.0,1971.00
2087,661,2,2,1971.00,1.0,1971.00
2088,661,3,1,1605.00,1.0,1605.00
2089,661,4,1,1605.00,1.0,1605.00
2090,662,1,2,1971.00,1.0,1971.00
2091,662,2,1,1605.00,1.0,1605.00
2092,663,1,2,1971.00,1.0,1971.00
2093,663,2,2,1971.00,1.0,1971.00
2094,664,1,1,1605.00,,1605.00
2095,664,2,1,1605.00,,1605.00
2096,664,3,1,1605.00,,1605.00
2097,664,4,1,1605.00,,1605.00
2098,664,5,1,1605.00,,1605.00
2099,664,6,1,1605.00,,1605.00
2100,664,7,1,1605.00,,1605.00
2101,664,8,1,1605.00,,1605.00
2102,665,1,1,1605.00,,1605.00
2103,665,2,1,1605.00,,1605.00
2104,665,3,1,1605.00,,1605.00
2105,665,4,1,1605.00,,1605.00
2106,665,5,1,1605.00,,1605.00
2107,665,6,1,1605.00,,1605.00
2108,665,7,1,1605.00,,1605.00
2109,665,8,1,1605.00,,1605.00
2110,666,1,2,1971.00,1.0,1971.00
2111,666,2,2,1971.00,1.0,1971.00
2112,667,1,1,1605.00,1.0,1605.00
2113,667,2,1,1605.00,1.0,1605.00
2114,668,1,1,1605.00,1.0,1605.00
2115,668,2,1,1605.00,1.0,1605.00
2116,669,1,3,2773.00,2.25,2773.00
2117,669,2,3,2773.00,2.25,2773.00
2118,670,1,2,1971.00,1.0,1971.00
2119,670,2,1,1605.00,1.0,1605.00
2120,671,1,2,1971.00,1.0,1971.00
2121,671,2,1,1605.00,1.0,1605.00
2122,672,1,1,1605.00,1.0,1605.00
2123,672,2,1,1605.00,1.0,1605.00
2124,672,3,1,1605.00,1.0,1605.00
2125,672,4,1,1605.00,1.0,1605.00
2126,673,1,2,1971.00,1.0,1971.00
2127,673,2,2,1971.00,1.0,1971.00
2128,674,1,1,1605.00,1.25,1605.00
2129,674,2,1,1605.00,1.25,1605.00
2130,675,1,1,1605.00,,1605.00
2131,675,2,1,1605.00,,1605.00
2132,675,3,1,1605.00,,1605.00
2133,675,4,1,1605.00,,1605.00
2134,675,5,1,1605.00,,1605.00
2135,675,6,1,1605.00,,1605.00
2136,675,7,1,1605.00,,1605.00
2137,675,8,1,1605.00,,1605.00
2138,676,1,1,1605.00,,1605.00
2139,676,2,1,1605.00,,1605.00
2140,676,3,1,1605.00,,1605.00
2141,676,4,1,1605.00,,1605.00
2142,676,5,1,1605.00,,1605.00
2143,676,6,1,1605.00,,1605.00
2144,677,1,1,1605.00,,1605.00
2145,677,2,1,1605.00,,1605.00
2146,677,3,1,1605.00,,1605.00
2147,677,4,1,1605.00,,1605.00
2148,677,5,1,1605.00,,1605.00
2149,678,1,2,1971.00,1.0,1971.00
2150,678,2,2,1971.00,1.0,1971.00
2151,679,1,1,1605.00,1.0,1605.00
2152,679,2,1,1605.00,1.0,1605.00
2153,679,3,1,1605.00,1.0,1605.00
2154,679,4,1,1605.00,1.0,1605.00
2155,680,1,2,1971.00,1.0,1971.00
2156,680,2,1,1605.00,1.0,1605.00
2157,680,3,1,1605.00,1.0,1605.00
2158,681,1,1,1605.00,,1605.00
2159,681,2,1,1605.00,,1605.00
2160,681,3,1,1605.00,,1605.00
2161,681,4,1,1605.00,,1605.00
2162,681,5,1,1605.00,,1605.00
2163,681,6,1,1605.00,,1605.00
2164,681,7,1,1605.00,,1605.00
2165,681,8,1,1605.00,,1605.00
2166,682,1,2,1971.00,1.25,1971.00
2167,682,2,1,1605.00,1.25,1605.00
2168,683,1,1,1605.00,,1605.00
2169,683,2,1,1605.00,,1605.00
2170,683,3,1,1605.00,,1605.00
2171,683,4,1,1605.00,,1605.00
2172,683,5,1,1605.00,,1605.00
2173,683,6,1,1605.00,,1605.00
2174,683,7,1,1605.00,,1605.00
2175,684,1,1,1605.00,1.0,1605.00
2176,684,2,1,1605.00,1.0,1605.00
2177,685,1,2,1971.00,1.0,1971.00
2178,685,2,2,1971.00,1.0,1971.00
2179,686,1,2,1971.00,1.0,1971.00
2180,686,2,2,1971.00,1.0,1971.00
2181,686,3,1,1605.00,1.0,1605.00
2182,687,1,2,1971.00,1.0,1971.00
2183,687,2,2,1971.00,1.0,1971.00
2184,687,3,1,1605.00,1.0,1605.00
2185,688,1,2,1971.00,1.0,1971.00
2186,688,2,2,1971.00,1.0,1971.00
2187,688,3,1,1605.00,1.0,1605.00
2188,689,1,2,1971.00,1.5,1971.00
2189,689,2,2,1971.00,1.5,1971.00
2190,690,1,3,2773.00,1.0,2773.00
2191,690,2,2,1971.00,1.0,1971.00
2192,690,3,2,1971.00,1.0,1971.00
2193,691,1,1,1605.00,,1605.00
2194,691,2,1,1605.00,,1605.00
2195,691,3,1,1605.00,,1605.00
2196,691,4,1,1605.00,,1605.00
2197,691,5,1,1605.00,,1605.00
2198,691,6,1,1605.00,,1605.00
2199,691,7,1,1605.00,,1605.00
2200,692,1,3,2773.00,1.0,2773.00
2201,692,2,2,1971.00,1.0,1971.00
2202,693,1,2,1971.00,1.0,1971.00
2203,693,2,2,1971.00,1.0,1971.00
2204,694,1,1,1605.00,1.0,1605.00
2205,694,2,1,1605.00,1.0,1605.00
2206,695,1,1,1605.00,,1605.00
2207,695,2,1,1605.00,,1605.00
2208,695,3,1,1605.00,,1605.00
2209,695,4,1,1605.00,,1605.00
2210,695,5,1,1605.00,,1605.00
2211,695,6,1,1605.00,,1605.00
2212,696,1,1,1605.00,,1605.00
2213,696,2,1,1605.00,,1605.00
2214,696,3,1,1605.00,,1605.00
2215,696,4,1,1605.00,,1605.00
2216,696,5,1,1605.00,,1605.00
2217,696,6,1,1605.00,,1605.00
2218,696,7,1,1605.00,,1605.00
2219,696,8,1,1605.00,,1605.00
2220,697,1,1,1605.00,,1605.00
2221,697,2,1,1605.00,,1605.00
2222,697,3,1,1605.00,,1605.00
2223,697,4,1,1605.00,,1605.00
2224,697,5,1,1605.00,,1605.00
2225,697,6,1,1605.00,,1605.00
2226,697,7,1,1605.00,,1605.00
2227,697,8,1,1605.00,,1605.00
2228,698,1,2,1971.00,1.0,1971.00
2229,698,2,2,1971.00,1.0,1971.00
2230,698,3,2,1971.00,1.0,1971.00
2231,698,4,2,1971.00,1.0,1971.00
2232,699,1,8,4963.00,7.5,4963.00
2233,699,2,7,4498.00,7.5,4498.00
2234,700,1,1,1605.00,1.0,1605.00
2235,700,2,1,1605.00,1.0,1605.00
2236,701,1,3,2773.00,1.5,2773.00
2237,701,2,2,1971.00,1.5,1971.00
2238,702,1,3,2773.00,2.0,2773.00
2239,702,2,3,2773.00,2.0,2773.00
2240,703,1,3,2773.00,1.5,2773.00
2241,703,2,2,1971.00,1.5,1971.00
2242,704,1,2,1971.00,1.0,1971.00
2243,704,2,2,1971.00,1.0,1971.00
2244,704,3,1,1605.00,1.0,1605.00
2245,705,1,3,2773.00,1.0,2773.00
2246,705,2,2,1971.00,1.0,1971.00
2247,706,1,2,1971.00,1.0,1971.00
2248,706,2,1,1605.00,1.0,1605.00
2249,707,1,2,1971.00,1.0,1971.00
2250,707,2,2,1971.00,1.0,1971.00
2251,708,1,2,1971.00,1.0,1971.00
2252,708,2,2,1971.00,1.0,1971.00
2253,708,3,2,1971.00,1.0,1971.00
2254,708,4,2,1971.00,1.0,1971.00
2255,709,1,2,1971.00,1.0,1971.00
2256,709,2,2,1971.00,1.0,1971.00
2257,709,3,1,1605.00,1.0,1605.00
2258,709,4,1,1605.00,1.0,1605.00
2259,710,1,2,1971.00,1.25,1971.00
2260,710,2,2,1971.00,1.25,1971.00
2261,710,3,1,1605.00,1.25,1605.00
2262,711,1,1,1605.00,,1605.00
2263,711,2,1,1605.00,,1605.00
2264,711,3,1,1605.00,,1605.00
2265,711,4,1,1605.00,,1605.00
2266,711,5,1,1605.00,,1605.00
2267,711,6,1,1605.00,,1605.00
2268,711,7,1,1605.00,,1605.00
2269,711,8,1,1605.00,,1605.00
2270,712,1,2,1971.00,1.0,1971.00
2271,712,2,2,1971.00,1.0,1971.00
2272,713,1,2,1971.00,1.0,1971.00
2273,713,2,2,1971.00,1.0,1971.00
2274,713,3,2,1971.00,1.0,1971.00
2275,713,4,2,1971.00,1.0,1971.00
2276,714,1,2,1971.00,1.0,1971.00
2277,714,2,2,1971.00,1.0,1971.00
2278,715,1,2,1971.00,1.5,1971.00
2279,715,2,2,1971.00,1.5,1971.00
2280,715,3,2,1971.00,1.5,1971.00
2281,715,4,2,1971.00,1.5,1971.00
2282,716,1,2,1971.00,1.5,1971.00
2283,716,2,2,1971.00,1.5,1971.00
2284,716,3,2,1971.00,1.5,1971.00
2285,716,4,2,1971.00,1.5,1971.00
2286,717,1,2,1971.00,1.0,1971.00
2287,717,2,2,1971.00,1.0,1971.00
2288,717,3,2,1971.00,1.0,1971.00
2289,717,4,2,1971.00,1.0,1971.00
2290,718,1,2,1971.00,1.0,1971.00
2291,718,2,2,1971.00,1.0,1971.00
2292,718,3,2,1971.00,1.0,1971.00
2293,718,4,2,1971.00,1.0,1971.00
2294,719,1,2,1971.00,1.0,1971.00
2295,719,2,2,1971.00,1.0,1971.00
2296,719,3,2,1971.00,1.0,1971.00
2297,720,1,1,1605.00,1.0,1605.00
2298,720,2,1,1605.00,1.0,1605.00
2299,720,3,1,1605.00,1.0,1605.00
2300,721,1,2,1971.00,1.0,1971.00
2301,721,2,2,1971.00,1.0,1971.00
2302,722,1,2,1971.00,1.0,1971.00
2303,722,2,2,1971.00,1.0,1971.00
2304,722,3,2,1971.00,1.0,1971.00
2305,722,4,2,1971.00,1.0,1971.00
2306,723,1,2,1971.00,1.0,1971.00
2307,723,2,1,1605.00,1.0,1605.00
2308,724,1,2,1971.00,1.0,1971.00
2309,724,2,1,1605.00,1.0,1605.00
2310,725,1,3,2773.00,1.0,2773.00
2311,725,2,2,1971.00,1.0,1971.00
2312,726,1,1,1605.00,,1605.00
2313,726,2,1,1605.00,,1605.00
2314,726,3,1,1605.00,,1605.00
2315,726,4,1,1605.00,,1605.00
2316,726,5,1,1605.00,,1605.00
2317,726,6,1,1605.00,,1605.00
2318,726,7,1,1605.00,,1605.00
2319,726,8,1,1605.00,,1605.00
2320,727,1,2,1971.00,1.0,1971.00
2321,727,2,2,1971.00,1.0,1971.00
2322,727,3,2,1971.00,1.0,1971.00
2323,727,4,2,1971.00,1.0,1971.00
2324,728,1,2,1971.00,1.0,1971.00
2325,728,2,2,1971.00,1.0,1971.00
2326,728,3,2,1971.00,1.0,1971.00
2327,728,4,2,1971.00,1.0,1971.00
2328,729,1,2,1971.00,1.0,1971.00
2329,729,2,2,1971.00,1.0,1971.00
2330,730,1,3,2773.00,1.5,2773.00
2331,730,2,2,1971.00,1.5,1971.00
2332,731,1,1,1605.00,1.0,1605.00
2333,731,2,1,1605.00,1.0,1605.00
2334,731,3,1,1605.00,1.0,1605.00
2335,731,4,1,1605.00,1.0,1605.00
2336,731,5,1,1605.00,1.0,1605.00
2337,731,6,1,1605.00,1.0,1605.00
2338,732,1,2,1971.00,1.25,1971.00
2339,732,2,2,1971.00,1.25,1971.00
2340,732,3,1,1605.00,1.25,1605.00
2341,733,1,2,1971.00,1.0,1971.00
2342,733,2,2,1971.00,1.0,1971.00
2343,733,3,2,1971.00,1.0,1971.00
2344,733,4,2,1971.00,1.0,1971.00
2345,734,1,1,1605.00,1.0,1605.00
2346,734,2,1,1605.00,1.0,1605.00
2347,735,1,1,1605.00,,1605.00
2348,735,2,1,1605.00,,1605.00
2349,735,3,1,1605.00,,1605.00
2350,735,4,1,1605.00,,1605.00
2351,735,5,1,1605.00,,1605.00
2352,735,6,1,1605.00,,1605.00
2353,735,7,1,1605.00,,1605.00
2354,735,8,1,1605.00,,1605.00
2355,736,1,2,1971.00,1.0,1971.00
2356,736,2,2,1971.00,1.0,1971.00
2357,737,1,2,1971.00,1.5,1971.00
2358,737,2,1,1605.00,1.5,1605.00
2359,738,1,1,1605.00,,1605.00
2360,738,2,1,1605.00,,1605.00
2361,738,3,1,1605.00,,1605.00
2362,738,4,1,1605.00,,1605.00
2363,738,5,1,1605.00,,1605.00
2364,738,6,1,1605.00,,1605.00
2365,739,1,2,1971.00,1.0,1971.00
2366,739,2,1,1605.00,1.0,1605.00
2367,740,1,2,1971.00,1.5,1971.00
2368,740,2,2,1971.00,1.5,1971.00
2369,740,3,2,1971.00,1.5,1971.00
2370,740,4,2,1971.00,1.5,1971.00
2371,741,1,2,1971.00,1.0,1971.00
2372,741,2,2,1971.00,1.0,1971.00
2373,742,1,2,1971.00,1.5,1971.00
2374,742,2,2,1971.00,1.5,1971.00
2375,743,1,2,1971.00,1.0,1971.00
2376,743,2,1,1605.00,1.0,1605.00
2377,744,1,2,1971.00,1.25,1971.00
2378,744,2,2,1971.00,1.25,1971.00
2379,744,3,2,1971.00,1.25,1971.00
2380,744,4,2,1971.00,1.25,1971.00
2381,745,1,2,1971.00,1.0,1971.00
2382,745,2,2,1971.00,1.0,1971.00
2383,745,3,2,1971.00,1.0,1971.00
2384,745,4,2,1971.00,1.0,1971.00
2385,746,1,1,1605.00,1.0,1605.00
2386,746,2,1,1605.00,1.0,1605.00
2387,746,3,1,1605.00,1.0,1605.00
2388,746,4,1,1605.00,1.0,1605.00
2389,746,5,1,1605.00,1.0,1605.00
2390,747,1,2,1971.00,1.0,1971.00
2391,747,2,1,1605.00,1.0,1605.00
2392,747,3,1,1605.00,1.0,1605.00
2393,747,4,1,1605.00,1.0,1605.00
2394,748,1,2,1971.00,1.0,1971.00
2395,748,2,1,1605.00,1.0,1605.00
2396,749,1,1,1605.00,,1605.00
2397,749,2,1,1605.00,,1605.00
2398,749,3,1,1605.00,,1605.00
2399,749,4,1,1605.00,,1605.00
2400,749,5,1,1605.00,,1605.00
2401,749,6,1,1605.00,,1605.00
2402,749,7,1,1605.00,,1605.00
2403,749,8,1,1605.00,,1605.00
2404,750,1,1,1605.00,,1605.00
2405,750,2,1,1605.00,,1605.00
2406,750,3,1,1605.00,,1605.00
2407,750,4,1,1605.00,,1605.00
2408,750,5,1,1605.00,,1605.00
2409,750,6,1,1605.00,,1605.00
2410,750,7,1,1605.00,,1605.00
2411,751,1,2,1971.00,1.75,1971.00
2412,751,2,2,1971.00,1.75,1971.00
2413,751,3,1,1605.00,1.75,1605.00
2414,751,4,1,1605.00,1.75,1605.00
2415,752,1,3,2773.00,1.0,2773.00
2416,752,2,3,2773.00,1.0,2773.00
2417,752,3,2,1971.00,1.0,1971.00
2418,753,1,2,1971.00,1.5,1971.00
2419,753,2,2,1971.00,1.5,1971.00
2420,754,1,2,1971.00,1.0,1971.00
2421,754,2,2,1971.00,1.0,1971.00
2422,755,1,2,1971.00,1.5,1971.00
2423,755,2,2,1971.00,1.5,1971.00
2424,756,1,2,1971.00,1.0,1971.00
2425,756,2,2,1971.00,1.0,1971.00
2426,757,1,2,1971.00,1.0,1971.00
2427,757,2,2,1971.00,1.0,1971.00
2428,758,1,2,1971.00,1.0,1971.00
2429,758,2,2,1971.00,1.0,1971.00
2430,759,1,2,1971.00,1.0,1971.00
2431,759,2,2,1971.00,1.0,1971.00
2432,760,1,2,1971.00,1.0,1971.00
2433,760,2,2,1971.00,1.0,1971.00
2434,761,1,2,1971.00,1.5,1971.00
2435,761,2,2,1971.00,1.5,1971.00
2436,761,3,2,1971.00,1.5,1971.00
2437,762,1,2,1971.00,1.0,1971.00
2438,762,2,2,1971.00,1.0,1971.00
2439,763,1,3,2773.00,1.5,2773.00
2440,763,2,2,1971.00,1.5,1971.00
2441,764,1,3,2773.00,2.0,2773.00
2442,764,2,3,2773.00,2.0,2773.00
2443,765,1,3,2773.00,1.0,2773.00
2444,765,2,2,1971.00,1.0,1971.00
2445,766,1,2,1971.00,1.0,1971.00
2446,766,2,2,1971.00,1.0,1971.00
2447,767,1,1,1605.00,1.0,1605.00
2448,767,2,1,1605.00,1.0,1605.00
2449,768,1,2,1971.00,1.0,1971.00
2450,768,2,2,1971.00,1.0,1971.00
2451,769,1,2,1971.00,1.0,1971.00
2452,769,2,1,1605.00,1.0,1605.00
2453,769,3,1,1605.00,1.0,1605.00
2454,770,1,2,1971.00,1.0,1971.00
2455,770,2,2,1971.00,1.0,1971.00
2456,771,1,2,1971.00,1.0,1971.00
2457,771,2,2,1971.00,1.0,1971.00
2458,772,1,3,2773.00,1.0,2773.00
2459,772,2,2,1971.00,1.0,1971.00
2460,773,1,2,1971.00,1.0,1971.00
2461,773,2,2,1971.00,1.0,1971.00
2462,773,3,2,1971.00,1.0,1971.00
2463,773,4,2,1971.00,1.0,1971.00
2464,774,1,2,1971.00,1.0,1971.00
2465,774,2,2,1971.00,1.0,1971.00
2466,774,3,2,1971.00,1.0,1971.00
2467,774,4,2,1971.00,1.0,1971.00
2468,775,1,1,1605.00,1.0,1605.00
2469,775,2,1,1605.00,1.0,1605.00
2470,776,1,2,1971.00,1.0,1971.00
2471,776,2,2,1971.00,1.0,1971.00
2472,777,1,2,1971.00,1.0,1971.00
2473,777,2,2,1971.00,1.0,1971.00
2474,777,3,2,1971.00,1.0,1971.00
2475,778,1,2,1971.00,1.0,1971.00
2476,778,2,2,1971.00,1.0,1971.00
2477,779,1,2,1971.00,1.0,1971.00
2478,779,2,2,1971.00,1.0,1971.00
2479,779,3,2,1971.00,1.0,1971.00
2480,780,1,2,1971.00,1.0,1971.00
2481,780,2,2,1971.00,1.0,1971.00
2482,781,1,1,1605.00,,1605.00
2483,781,2,1,1605.00,,1605.00
2484,781,3,1,1605.00,,1605.00
2485,781,4,1,1605.00,,1605.00
2486,781,5,1,1605.00,,1605.00
2487,781,6,1,1605.00,,1605.00
2488,781,7,1,1605.00,,1605.00
2489,781,8,1,1605.00,,1605.00
2490,782,1,3,2773.00,1.25,2773.00
2491,782,2,2,1971.00,1.25,1971.00
2492,782,3,2,1971.00,1.25,1971.00
2493,783,1,3,2773.00,1.5,2773.00
2494,783,2,2,1971.00,1.5,1971.00
2495,784,1,2,1971.00,1.5,1971.00
2496,784,2,2,1971.00,1.5,1971.00
2497,785,1,2,1971.00,1.0,1971.00
2498,785,2,1,1605.00,1.0,1605.00
2499,786,1,2,1971.00,1.5,1971.00
2500,786,2,2,1971.00,1.5,1971.00
2501,786,3,2,1971.00,1.5,1971.00
2502,787,1,3,2773.00,1.75,2773.00
2503,787,2,2,1971.00,1.75,1971.00
2504,787,3,2,1971.00,1.75,1971.00
2505,787,4,2,1971.00,1.75,1971.00
2506,788,1,2,1971.00,1.0,1971.00
2507,788,2,2,1971.00,1.0,1971.00
2508,789,1,2,1971.00,1.0,1971.00
2509,789,2,1,1605.00,1.0,1605.00
2510,789,3,1,1605.00,1.0,1605.00
2511,790,1,2,1971.00,1.0,1971.00
2512,790,2,1,1605.00,1.0,1605.00
2513,791,1,2,1971.00,1.0,1971.00
2514,791,2,1,1605.00,1.0,1605.00
2515,792,1,3,2773.00,1.0,2773.00
2516,792,2,2,1971.00,1.0,1971.00
2517,793,1,2,1971.00,1.0,1971.00
2518,793,2,2,1971.00,1.0,1971.00
2519,794,1,2,1971.00,1.0,1971.00
2520,794,2,2,1971.00,1.0,1971.00
2521,795,1,2,1971.00,1.75,1971.00
2522,795,2,2,1971.00,1.75,1971.00
2523,795,3,2,1971.00,1.75,1971.00
2524,796,1,2,1971.00,1.5,1971.00
2525,796,2,2,1971.00,1.5,1971.00
2526,797,1,3,2773.00,1.5,2773.00
2527,797,2,3,2773.00,1.5,2773.00
2528,798,1,2,1971.00,1.0,1971.00
2529,798,2,2,1971.00,1.0,1971.00
2530,798,3,2,1971.00,1.0,1971.00
2531,799,1,2,1971.00,1.0,1971.00
2532,799,2,1,1605.00,1.0,1605.00
2533,800,1,1,1605.00,1.0,1605.00
2534,800,2,1,1605.00,1.0,1605.00
2535,801,1,2,1971.00,1.0,1971.00
2536,801,2,2,1971.00,1.0,1971.00
2537,802,1,2,1971.00,1.0,1971.00
2538,802,2,1,1605.00,1.0,1605.00
2539,803,1,2,1971.00,1.0,1971.00
2540,803,2,2,1971.00,1.0,1971.00
2541,804,1,2,1971.00,1.0,1971.00
2542,804,2,2,1971.00,1.0,1971.00
2543,805,1,2,1971.00,1.0,1971.00
2544,805,2,2,1971.00,1.0,1971.00
2545,806,1,3,2773.00,1.0,2773.00
2546,806,2,3,2773.00,1.0,2773.00
2547,807,1,2,1971.00,1.0,1971.00
2548,807,2,1,1605.00,1.0,1605.00
2549,808,1,3,2773.00,1.25,2773.00
2550,808,2,2,1971.00,1.25,1971.00
2551,809,1,2,1971.00,1.0,1971.00
2552,809,2,1,1605.00,1.0,1605.00
2553,810,1,2,1971.00,1.0,1971.00
2554,810,2,2,1971.00,1.0,1971.00
2555,810,3,1,1605.00,1.0,1605.00
2556,810,4,1,1605.00,1.0,1605.00
2557,811,1,2,1971.00,1.0,1971.00
2558,811,2,2,1971.00,1.0,1971.00
2559,812,1,2,1971.00,1.0,1971.00
2560,812,2,1,1605.00,1.0,1605.00
2561,813,1,2,1971.00,1.0,1971.00
2562,813,2,1,1605.00,1.0,1605.00
2563,814,1,2,1971.00,1.0,1971.00
2564,814,2,1,1605.00,1.0,1605.00
2565,815,1,3,2773.00,1.0,2773.00
2566,815,2,3,2773.00,1.0,2773.00
2567,816,1,2,1971.00,1.0,1971.00
2568,816,2,1,1605.00,1.0,1605.00
2569,816,3,1,1605.00,1.0,1605.00
2570,816,4,1,1605.00,1.0,1605.00
2571,817,1,2,1971.00,1.0,1971.00
2572,817,2,2,1971.00,1.0,1971.00
2573,818,1,2,1971.00,1.0,1971.00
2574,818,2,2,1971.00,1.0,1971.00
2575,819,1,2,1971.00,1.0,1971.00
2576,819,2,1,1605.00,1.0,1605.00
2577,820,1,4,3102.00,1.5,3102.00
2578,820,2,4,3102.00,1.5,3102.00
2579,821,1,2,1971.00,1.0,1971.00
2580,821,2,1,1605.00,1.0,1605.00
2581,822,1,2,1971.00,1.0,1971.00
2582,822,2,1,1605.00,1.0,1605.00
2583,823,1,2,1971.00,1.0,1971.00
2584,823,2,2,1971.00,1.0,1971.00
2585,824,1,2,1971.00,1.0,1971.00
2586,824,2,2,1971.00,1.0,1971.00
2587,825,1,2,1971.00,1.5,1971.00
2588,825,2,2,1971.00,1.5,1971.00
2589,826,1,1,1605.00,,1605.00
2590,826,2,1,1605.00,,1605.00
2591,826,3,1,1605.00,,1605.00
2592,826,4,1,1605.00,,1605.00
2593,826,5,1,1605.00,,1605.00
2594,826,6,1,1605.00,,1605.00
2595,826,7,1,1605.00,,1605.00
2596,826,8,1,1605.00,,1605.00
2597,827,1,2,1971.00,1.5,1971.00
2598,827,2,2,1971.00,1.5,1971.00
2599,828,1,2,1971.00,1.5,1971.00
2600,828,2,2,1971.00,1.5,1971.00
2601,829,1,2,1971.00,1.0,1971.00
2602,829,2,2,1971.00,1.0,1971.00
2603,830,1,2,1971.00,1.0,1971.00
2604,830,2,2,1971.00,1.0,1971.00
2605,830,3,2,1971.00,1.0,1971.00
2606,831,1,2,1971.00,1.0,1971.00
2607,831,2,1,1605.00,1.0,1605.00
2608,832,1,2,1971.00,1.25,1971.00
2609,832,2,2,1971.00,1.25,1971.00
2610,832,3,2,1971.00,1.25,1971.00
2611,833,1,2,1971.00,1.0,1971.00
2612,833,2,2,1971.00,1.0,1971.00
2613,833,3,1,1605.00,1.0,1605.00
2614,833,4,1,1605.00,1.0,1605.00
2615,834,1,2,1971.00,1.0,1971.00
2616,834,2,2,1971.00,1.0,1971.00
2617,834,3,1,1605.00,1.0,1605.00
2618,834,4,1,1605.00,1.0,1605.00
2619,835,1,3,2773.00,2.5,2773.00
2620,835,2,3,2773.00,2.5,2773.00
2621,836,1,2,1971.00,1.5,1971.00
2622,836,2,1,1605.00,1.5,1605.00
2623,837,1,1,1605.00,1.0,1605.00
2624,837,2,1,1605.00,1.0,1605.00
2625,838,1,2,1971.00,1.0,1971.00
2626,838,2,2,1971.00,1.0,1971.00
2627,839,1,2,1971.00,1.0,1971.00
2628,839,2,1,1605.00,1.0,1605.00
2629,839,3,1,1605.00,1.0,1605.00
2630,840,1,2,1971.00,1.0,1971.00
2631,840,2,2,1971.00,1.0,1971.00
2632,840,3,2,1971.00,1.0,1971.00
2633,840,4,1,1605.00,1.0,1605.00
2634,841,1,2,1971.00,1.0,1971.00
2635,841,2,1,1605.00,1.0,1605.00
2636,841,3,1,1605.00,1.0,1605.00
2637,841,4,1,1605.00,1.0,1605.00
2638,842,1,2,1971.00,1.0,1971.00
2639,842,2,2,1971.00,1.0,1971.00
2640,843,1,1,1605.00,1.0,1605.00
2641,843,2,1,1605.00,1.0,1605.00
2642,844,1,4,3102.00,1.5,3102.00
2643,844,2,3,2773.00,1.5,2773.00
2644,845,1,3,2773.00,1.0,2773.00
2645,845,2,2,1971.00,1.0,1971.00
2646,845,3,2,1971.00,1.0,1971.00
2647,846,1,1,1605.00,1.0,1605.00
2648,846,2,1,1605.00,1.0,1605.00
2649,846,3,1,1605.00,1.0,1605.00
2650,846,4,1,1605.00,1.0,1605.00
2651,846,5,1,1605.00,1.0,1605.00
2652,847,1,3,2773.00,1.0,2773.00
2653,847,2,2,1971.00,1.0,1971.00
2654,848,1,2,1971.00,1.0,1971.00
2655,848,2,2,1971.00,1.0,1971.00
2656,849,1,2,1971.00,1.0,1971.00
2657,849,2,2,1971.00,1.0,1971.00
2658,850,1,2,1971.00,1.0,1971.00
2659,850,2,1,1605.00,1.0,1605.00
2660,851,1,2,1971.00,1.0,1971.00
2661,851,2,2,1971.00,1.0,1971.00
2662,852,1,2,1971.00,1.0,1971.00
2663,852,2,1,1605.00,1.0,1605.00
2664,852,3,1,1605.00,1.0,1605.00
2665,853,1,2,1971.00,1.0,1971.00
2666,853,2,2,1971.00,1.0,1971.00
2667,854,1,2,1971.00,1.0,1971.00
2668,854,2,2,1971.00,1.0,1971.00
2669,854,3,1,1605.00,1.0,1605.00
2670,854,4,1,1605.00,1.0,1605.00
2671,855,1,2,1971.00,1.0,1971.00
2672,855,2,2,1971.00,1.0,1971.00
2673,856,1,2,1971.00,1.0,1971.00
2674,856,2,2,1971.00,1.0,1971.00
2675,857,1,2,1971.00,1.0,1971.00
2676,857,2,2,1971.00,1.0,1971.00
2677,858,1,2,1971.00,1.0,1971.00
2678,858,2,2,1971.00,1.0,1971.00
2679,858,3,1,1605.00,1.0,1605.00
2680,859,1,2,1971.00,1.5,1971.00
2681,859,2,1,1605.00,1.5,1605.00
2682,860,1,2,1971.00,1.0,1971.00
2683,860,2,2,1971.00,1.0,1971.00
2684,861,1,3,2773.00,1.0,2773.00
2685,861,2,2,1971.00,1.0,1971.00
2686,862,1,3,2773.00,1.0,2773.00
2687,862,2,3,2773.00,1.0,2773.00
2688,863,1,3,2773.00,1.0,2773.00
2689,863,2,2,1971.00,1.0,1971.00
2690,863,3,2,1971.00,1.0,1971.00
2691,863,4,2,1971.00,1.0,1971.00
2692,864,1,2,1971.00,1.25,1971.00
2693,864,2,2,1971.00,1.25,1971.00
2694,864,3,2,1971.00,1.25,1971.00
2695,864,4,2,1971.00,1.25,1971.00
2696,865,1,3,2773.00,1.0,2773.00
2697,865,2,2,1971.00,1.0,1971.00
2698,866,1,1,1605.00,,1605.00
2699,866,2,1,1605.00,,1605.00
2700,866,3,1,1605.00,,1605.00
2701,866,4,1,1605.00,,1605.00
2702,866,5,1,1605.00,,1605.00
2703,867,1,2,1971.00,1.0,1971.00
2704,867,2,2,1971.00,1.0,1971.00
2705,867,3,1,1605.00,1.0,1605.00
2706,868,1,2,1971.00,1.0,1971.00
2707,868,2,2,1971.00,1.0,1971.00
2708,869,1,2,1971.00,1.0,1971.00
2709,869,2,1,1605.00,1.0,1605.00
2710,869,3,1,1605.00,1.0,1605.00
2711,870,1,2,1971.00,1.0,1971.00
2712,870,2,1,1605.00,1.0,1605.00
2713,871,1,1,1605.00,,1605.00
2714,871,2,1,1605.00,,1605.00
2715,871,3,1,1605.00,,1605.00
2716,871,4,1,1605.00,,1605.00
2717,871,5,1,1605.00,,1605.00
2718,872,1,2,1971.00,1.0,1971.00
2719,872,2,2,1971.00,1.0,1971.00
2720,873,1,2,1971.00,1.0,1971.00
2721,873,2,2,1971.00,1.0,1971.00
2722,874,1,2,1971.00,1.0,1971.00
2723,874,2,2,1971.00,1.0,1971.00
2724,875,1,1,1605.00,1.0,1605.00
2725,875,2,1,1605.00,1.0,1605.00
2726,876,1,3,2773.00,1.25,2773.00
2727,876,2,2,1971.00,1.25,1971.00
2728,877,1,2,1971.00,1.0,1971.00
2729,877,2,2,1971.00,1.0,1971.00
2730,877,3,2,1971.00,1.0,1971.00
2731,877,4,2,1971.00,1.0,1971.00
2732,878,1,2,1971.00,1.0,1971.00
2733,878,2,2,1971.00,1.0,1971.00
2734,878,3,2,1971.00,1.0,1971.00
2735,878,4,2,1971.00,1.0,1971.00
2736,879,1,2,1971.00,1.0,1971.00
2737,879,2,2,1971.00,1.0,1971.00
2738,880,1,2,1971.00,1.0,1971.00
2739,880,2,2,1971.00,1.0,1971.00
2740,881,1,2,1971.00,1.0,1971.00
2741,881,2,2,1971.00,1.0,1971.00
2742,881,3,2,1971.00,1.0,1971.00
2743,881,4,2,1971.00,1.0,1971.00
2744,882,1,2,1971.00,1.0,1971.00
2745,882,2,2,1971.00,1.0,1971.00
2746,882,3,2,1971.00,1.0,1971.00
2747,882,4,2,1971.00,1.0,1971.00
2748,883,1,2,1971.00,1.0,1971.00
2749,883,2,2,1971.00,1.0,1971.00
2750,883,3,2,1971.00,1.0,1971.00
2751,883,4,2,1971.00,1.0,1971.00
2752,884,1,4,3102.00,2.25,3102.00
2753,884,2,4,3102.00,2.25,3102.00
2754,885,1,3,2773.00,1.75,2773.00
2755,885,2,3,2773.00,1.75,2773.00
2756,886,1,1,1605.00,,1605.00
2757,886,2,1,1605.00,,1605.00
2758,886,3,1,1605.00,,1605.00
2759,886,4,1,1605.00,,1605.00
2760,886,5,1,1605.00,,1605.00
2761,886,6,1,1605.00,,1605.00
2762,886,7,1,1605.00,,1605.00
2763,886,8,1,1605.00,,1605.00
2764,887,1,1,1605.00,,1605.00
2765,887,2,1,1605.00,,1605.00
2766,887,3,1,1605.00,,1605.00
2767,887,4,1,1605.00,,1605.00
2768,887,5,1,1605.00,,1605.00
2769,887,6,1,1605.00,,1605.00
2770,887,7,1,1605.00,,1605.00
2771,887,8,1,1605.00,,1605.00
2772,888,1,2,1971.00,1.0,1971.00
2773,888,2,2,1971.00,1.0,1971.00
2774,888,3,2,1971.00,1.0,1971.00
2775,888,4,2,1971.00,1.0,1971.00
2776,889,1,2,1971.00,1.0,1971.00
2777,889,2,2,1971.00,1.0,1971.00
2778,889,3,2,1971.00,1.0,1971.00
2779,889,4,2,1971.00,1.0,1971.00
2780,890,1,2,1971.00,1.0,1971.00
2781,890,2,2,1971.00,1.0,1971.00
2782,890,3,2,1971.00,1.0,1971.00
2783,890,4,2,1971.00,1.0,1971.00
2784,891,1,2,1971.00,1.0,1971.00
2785,891,2,2,1971.00,1.0,1971.00
2786,892,1,3,2773.00,2.5,2773.00
2787,892,2,3,2773.00,2.5,2773.00
2788,893,1,3,2773.00,2.5,2773.00
2789,893,2,3,2773.00,2.5,2773.00
2790,894,1,1,1605.00,,1605.00
2791,894,2,1,1605.00,,1605.00
2792,894,3,1,1605.00,,1605.00
2793,894,4,1,1605.00,,1605.00
2794,894,5,1,1605.00,,1605.00
2795,894,6,1,1605.00,,1605.00
2796,894,7,1,1605.00,,1605.00
2797,894,8,1,1605.00,,1605.00
2798,895,1,1,1605.00,1.0,1605.00
2799,895,2,1,1605.00,1.0,1605.00
2800,896,1,1,1605.00,,1605.00
2801,896,2,1,1605.00,,1605.00
2802,896,3,1,1605.00,,1605.00
2803,896,4,1,1605.00,,1605.00
2804,896,5,1,1605.00,,1605.00
2805,896,6,1,1605.00,,1605.00
2806,896,7,1,1605.00,,1605.00
2807,897,1,2,1971.00,1.0,1971.00
2808,897,2,2,1971.00,1.0,1971.00
2809,897,3,2,1971.00,1.0,1971.00
2810,897,4,2,1971.00,1.0,1971.00
2811,898,1,2,1971.00,1.0,1971.00
2812,898,2,2,1971.00,1.0,1971.00
2813,898,3,1,1605.00,1.0,1605.00
2814,898,4,1,1605.00,1.0,1605.00
2815,899,1,2,1971.00,1.0,1971.00
2816,899,2,2,1971.00,1.0,1971.00
2817,899,3,1,1605.00,1.0,1605.00
2818,899,4,1,1605.00,1.0,1605.00
2819,900,1,2,1971.00,1.0,1971.00
2820,900,2,2,1971.00,1.0,1971.00
2821,900,3,2,1971.00,1.0,1971.00
2822,901,1,1,1605.00,1.0,1605.00
2823,901,2,1,1605.00,1.0,1605.00
2824,901,3,1,1605.00,1.0,1605.00
2825,902,1,2,1971.00,1.0,1971.00
2826,902,2,2,1971.00,1.0,1971.00
2827,902,3,2,1971.00,1.0,1971.00
2828,902,4,2,1971.00,1.0,1971.00
2829,903,1,2,1971.00,1.0,1971.00
2830,903,2,2,1971.00,1.0,1971.00
2831,903,3,2,1971.00,1.0,1971.00
2832,903,4,2,1971.00,1.0,1971.00
2833,904,1,3,2773.00,1.5,2773.00
2834,904,2,3,2773.00,1.5,2773.00
2835,905,1,2,1971.00,1.0,1971.00
2836,905,2,2,1971.00,1.0,1971.00
2837,905,3,2,1971.00,1.0,1971.00
2838,905,4,2,1971.00,1.0,1971.00
2839,906,1,2,1971.00,1.25,1971.00
2840,906,2,1,1605.00,1.25,1605.00
2841,906,3,1,1605.00,1.25,1605.00
2842,906,4,1,1605.00,1.25,1605.00
2843,906,5,1,1605.00,1.25,1605.00
2844,907,1,1,1605.00,,1605.00
2845,907,2,1,1605.00,,1605.00
2846,907,3,1,1605.00,,1605.00
2847,907,4,1,1605.00,,1605.00
2848,907,5,1,1605.00,,1605.00
2849,907,6,1,1605.00,,1605.00
2850,908,1,2,1971.00,1.0,1971.00
2851,908,2,2,1971.00,1.0,1971.00
2852,908,3,2,1971.00,1.0,1971.00
2853,908,4,2,1971.00,1.0,1971.00
2854,909,1,3,2773.00,2.5,2773.00
2855,909,2,3,2773.00,2.5,2773.00
2856,910,1,3,2773.00,2.5,2773.00
2857,910,2,3,2773.00,2.5,2773.00
2858,911,1,3,2773.00,2.5,2773.00
2859,911,2,3,2773.00,2.5,2773.00
2860,912,1,8,4963.00,5.0,4963.00
2861,912,2,7,4498.00,5.0,4498.00
2862,913,1,2,1971.00,2.25,1971.00
2863,913,2,2,1971.00,2.25,1971.00
2864,913,3,2,1971.00,2.25,1971.00
2865,913,4,2,1971.00,2.25,1971.00
2866,913,5,2,1971.00,2.25,1971.00
2867,913,6,2,1971.00,2.25,1971.00
2868,913,7,2,1971.00,2.25,1971.00
2869,914,1,4,3102.00,2.0,3102.00
2870,914,2,4,3102.00,2.0,3102.00
2871,915,1,2,1971.00,1.5,1971.00
2872,915,2,2,1971.00,1.5,1971.00
2873,915,3,2,1971.00,1.5,1971.00
2874,915,4,2,1971.00,1.5,1971.00
2875,916,1,1,1605.00,,1605.00
2876,916,2,1,1605.00,,1605.00
2877,916,3,1,1605.00,,1605.00
2878,916,4,1,1605.00,,1605.00
2879,916,5,1,1605.00,,1605.00
2880,916,6,1,1605.00,,1605.00
2881,916,7,1,1605.00,,1605.00
2882,917,1,1,1605.00,,1605.00
2883,917,2,1,1605.00,,1605.00
2884,917,3,1,1605.00,,1605.00
2885,917,4,1,1605.00,,1605.00
2886,917,5,1,1605.00,,1605.00
2887,917,6,1,1605.00,,1605.00
2888,917,7,1,1605.00,,1605.00
2889,918,1,2,1971.00,1.0,1971.00
2890,918,2,2,1971.00,1.0,1971.00
2891,919,1,2,1971.00,1.0,1971.00
2892,919,2,2,1971.00,1.0,1971.00
2893,920,1,1,1605.00,,1605.00
2894,920,2,1,1605.00,,1605.00
2895,920,3,1,1605.00,,1605.00
2896,920,4,1,1605.00,,1605.00
2897,920,5,1,1605.00,,1605.00
2898,920,6,1,1605.00,,1605.00
2899,921,1,1,1605.00,,1605.00
2900,921,2,1,1605.00,,1605.00
2901,921,3,1,1605.00,,1605.00
2902,921,4,1,1605.00,,1605.00
2903,921,5,1,1605.00,,1605.00
2904,921,6,1,1605.00,,1605.00
2905,922,1,1,1605.00,,1605.00
2906,922,2,1,1605.00,,1605.00
2907,922,3,1,1605.00,,1605.00
2908,922,4,1,1605.00,,1605.00
2909,922,5,1,1605.00,,1605.00
2910,922,6,1,1605.00,,1605.00
2911,922,7,1,1605.00,,1605.00
2912,922,8,1,1605.00,,1605.00
2913,923,1,2,1971.00,1.5,1971.00
2914,923,2,2,1971.00,1.5,1971.00
2915,924,1,2,1971.00,1.0,1971.00
2916,924,2,2,1971.00,1.0,1971.00
2917,925,1,2,1971.00,1.0,1971.00
2918,925,2,2,1971.00,1.0,1971.00
2919,926,1,4,3102.00,2.0,3102.00
2920,926,2,4,3102.00,2.0,3102.00
2921,927,1,2,1971.00,1.0,1971.00
2922,927,2,2,1971.00,1.0,1971.00
2923,928,1,2,1971.00,1.0,1971.00
2924,928,2,2,1971.00,1.0,1971.00
2925,929,1,3,2773.00,2.5,2773.00
2926,929,2,3,2773.00,2.5,2773.00
2927,930,1,3,2773.00,2.5,2773.00
2928,930,2,3,2773.00,2.5,2773.00
2929,931,1,3,2773.00,2.5,2773.00
2930,931,2,3,2773.00,2.5,2773.00
2931,932,1,3,2773.00,2.5,2773.00
2932,932,2,3,2773.00,2.5,2773.00
2933,933,1,3,2773.00,1.25,2773.00
2934,933,2,2,1971.00,1.25,1971.00
2935,933,3,2,1971.00,1.25,1971.00
2936,934,1,8,4963.00,7.5,4963.00
2937,934,2,8,4963.00,7.5,4963.00
2938,935,1,3,2773.00,2.0,2773.00
2939,935,2,3,2773.00,2.0,2773.00
2940,936,1,2,1971.00,1.0,1971.00
2941,936,2,1,1605.00,1.0,1605.00
2942,936,3,1,1605.00,1.0,1605.00
2943,937,1,2,1971.00,2.25,1971.00
2944,937,2,2,1971.00,2.25,1971.00
2945,937,3,2,1971.00,2.25,1971.00
2946,937,4,2,1971.00,2.25,1971.00
2947,937,5,2,1971.00,2.25,1971.00
2948,937,6,2,1971.00,2.25,1971.00
2949,937,7,2,1971.00,2.25,1971.00
2950,938,1,2,1971.00,1.0,1971.00
2951,938,2,2,1971.00,1.0,1971.00
2952,939,1,2,1971.00,1.0,1971.00
2953,939,2,2,1971.00,1.0,1971.00
2954,940,1,3,2773.00,1.0,2773.00
2955,940,2,3,2773.00,1.0,2773.00
2956,941,1,2,1971.00,1.0,1971.00
2957,941,2,2,1971.00,1.0,1971.00
2958,942,1,1,1605.00,,1605.00
2959,942,2,1,1605.00,,1605.00
2960,942,3,1,1605.00,,1605.00
2961,942,4,1,1605.00,,1605.00
2962,942,5,1,1605.00,,1605.00
2963,942,6,1,1605.00,,1605.00
2964,942,7,1,1605.00,,1605.00
2965,942,8,1,1605.00,,1605.00
2966,943,1,2,1971.00,1.0,1971.00
2967,943,2,1,1605.00,1.0,1605.00
2968,944,1,2,1971.00,1.0,1971.00
2969,944,2,2,1971.00,1.0,1971.00
2970,945,1,2,1971.00,1.0,1971.00
2971,945,2,2,1971.00,1.0,1971.00
2972,946,1,2,1971.00,1.0,1971.00
2973,946,2,2,1971.00,1.0,1971.00
2974,947,1,2,1971.00,1.0,1971.00
2975,947,2,2,1971.00,1.0,1971.00
2976,948,1,4,3102.00,2.0,3102.00
2977,948,2,4,3102.00,2.0,3102.00
2978,949,1,3,2773.00,2.5,2773.00
2979,949,2,3,2773.00,2.5,2773.00
2980,950,1,2,1971.00,2.0,1971.00
2981,950,2,2,1971.00,2.0,1971.00
2982,951,1,2,1971.00,1.0,1971.00
2983,951,2,2,1971.00,1.0,1971.00
2984,952,1,1,1605.00,,1605.00
2985,952,2,1,1605.00,,1605.00
2986,952,3,1,1605.00,,1605.00
2987,952,4,1,1605.00,,1605.00
2988,952,5,1,1605.00,,1605.00
2989,952,6,1,1605.00,,1605.00
2990,953,1,3,2773.00,1.5,2773.00
2991,953,2,3,2773.00,1.5,2773.00
2992,954,1,4,3102.00,2.0,3102.00
2993,954,2,4,3102.00,2.0,3102.00
2994,955,1,2,1971.00,1.0,1971.00
2995,955,2,2,1971.00,1.0,1971.00
2996,956,1,2,1971.00,1.5,1971.00
2997,956,2,2,1971.00,1.5,1971.00
2998,956,3,2,1971.00,1.5,1971.00
2999,956,4,2,1971.00,1.5,1971.00
3000,956,5,1,1605.00,1.5,1605.00
3001,956,6,1,1605.00,1.5,1605.00
3002,956,7,1,1605.00,1.5,1605.00
3003,956,8,1,1605.00,1.5,1605.00
3004,957,1,3,2773.00,3.0,2773.00
3005,957,2,3,2773.00,3.0,2773.00
3006,958,1,3,2773.00,3.0,2773.00
3007,958,2,3,2773.00,3.0,2773.00
3008,959,1,3,2773.00,1.0,2773.00
3009,959,2,3,2773.00,1.0,2773.00
3010,960,1,6,4033.00,4.0,4033.00
3011,960,2,6,4033.00,4.0,4033.00
3012,961,1,2,1971.00,1.0,1971.00
3013,961,2,2,1971.00,1.0,1971.00
3014,961,3,2,1971.00,1.0,1971.00
3015,961,4,2,1971.00,1.0,1971.00
3016,962,1,2,1971.00,1.5,1971.00
3017,962,2,2,1971.00,1.5,1971.00
3018,962,3,2,1971.00,1.5,1971.00
3019,962,4,2,1971.00,1.5,1971.00
3020,962,5,2,1971.00,1.5,1971.00
3021,962,6,2,1971.00,1.5,1971.00
3022,963,1,2,1971.00,1.0,1971.00
3023,963,2,2,1971.00,1.0,1971.00
3024,964,1,2,1971.00,1.0,1971.00
3025,964,2,2,1971.00,1.0,1971.00
3026,965,1,2,1971.00,1.0,1971.00
3027,965,2,2,1971.00,1.0,1971.00
3028,966,1,3,2773.00,1.75,2773.00
3029,966,2,3,2773.00,1.75,2773.00
3030,967,1,3,2773.00,1.75,2773.00
3031,967,2,3,2773.00,1.75,2773.00
3032,968,1,3,2773.00,1.75,2773.00
3033,968,2,3,2773.00,1.75,2773.00
3034,969,1,3,2773.00,1.75,2773.00
3035,969,2,3,2773.00,1.75,2773.00
3036,970,1,6,4033.00,5.0,4033.00
3037,970,2,6,4033.00,5.0,4033.00
3038,971,1,6,4033.00,3.5,4033.00
3039,971,2,6,4033.00,3.5,4033.00
3040,972,1,6,4033.00,3.5,4033.00
3041,972,2,6,4033.00,3.5,4033.00
3042,973,1,6,4033.00,3.5,4033.00
3043,973,2,6,4033.00,3.5,4033.00
3044,974,1,3,2773.00,1.0,2773.00
3045,974,2,3,2773.00,1.0,2773.00
3046,974,3,3,2773.00,1.0,2773.00
3047,974,4,3,2773.00,1.0,2773.00
3048,975,1,1,1605.00,1.0,1605.00
3049,975,2,1,1605.00,1.0,1605.00
3050,975,3,1,1605.00,1.0,1605.00
3051,975,4,1,1605.00,1.0,1605.00
3052,976,1,2,1971.00,1.5,1971.00
3053,976,2,2,1971.00,1.5,1971.00
3054,977,1,1,1605.00,,1605.00
3055,977,2,1,1605.00,,1605.00
3056,977,3,1,1605.00,,1605.00
3057,977,4,1,1605.00,,1605.00
3058,977,5,1,1605.00,,1605.00
3059,978,1,3,2773.00,2.5,2773.00
3060,978,2,3,2773.00,2.5,2773.00
3061,979,1,2,1971.00,1.0,1971.00
3062,979,2,2,1971.00,1.0,1971.00
3063,979,3,2,1971.00,1.0,1971.00
3064,979,4,2,1971.00,1.0,1971.00
3065,980,1,3,2773.00,2.5,2773.00
3066,980,2,3,2773.00,2.5,2773.00
3067,981,1,1,1605.00,,1605.00
3068,981,2,1,1605.00,,1605.00
3069,981,3,1,1605.00,,1605.00
3070,981,4,1,1605.00,,1605.00
3071,981,5,1,1605.00,,1605.00
3072,981,6,1,1605.00,,1605.00
3073,981,7,1,1605.00,,1605.00
3074,981,8,1,1605.00,,1605.00
3075,982,1,3,2773.00,2.5,2773.00
3076,982,2,3,2773.00,2.5,2773.00
3077,983,1,2,1971.00,1.0,1971.00
3078,983,2,2,1971.00,1.0,1971.00
3079,983,3,2,1971.00,1.0,1971.00
3080,984,1,2,1971.00,1.0,1971.00
3081,984,2,2,1971.00,1.0,1971.00
3082,985,1,2,1971.00,1.0,1971.00
3083,985,2,2,1971.00,1.0,1971.00
3084,985,3,2,1971.00,1.0,1971.00
3085,985,4,2,1971.00,1.0,1971.00
3086,986,1,2,1971.00,1.0,1971.00
3087,986,2,2,1971.00,1.0,1971.00
3088,986,3,2,1971.00,1.0,1971.00
3089,986,4,2,1971.00,1.0,1971.00
3090,987,1,2,1971.00,1.0,1971.00
3091,987,2,2,1971.00,1.0,1971.00
3092,988,1,2,1971.00,2.0,1971.00
3093,988,2,2,1971.00,2.0,1971.00
3094,989,1,2,1971.00,1.0,1971.00
3095,989,2,2,1971.00,1.0,1971.00
3096,990,1,2,1971.00,1.0,1971.00
3097,990,2,2,1971.00,1.0,1971.00
3098,990,3,2,1971.00,1.0,1971.00
3099,991,1,2,1971.00,1.0,1971.00
3100,991,2,2,1971.00,1.0,1971.00
3101,992,1,2,1971.00,1.0,1971.00
3102,992,2,2,1971.00,1.0,1971.00
3103,993,1,2,1971.00,1.0,1971.00
3104,993,2,2,1971.00,1.0,1971.00
3105,994,1,2,1971.00,1.75,1971.00
3106,994,2,2,1971.00,1.75,1971.00
3107,994,3,2,1971.00,1.75,1971.00
3108,995,1,2,1971.00,1.0,1971.00
3109,995,2,2,1971.00,1.0,1971.00
3110,995,3,1,1605.00,1.0,1605.00
3111,996,1,2,1971.00,1.0,1971.00
3112,996,2,2,1971.00,1.0,1971.00
3113,997,1,3,2773.00,1.0,2773.00
3114,997,2,3,2773.00,1.0,2773.00
3115,998,1,3,2773.00,1.0,2773.00
3116,998,2,3,2773.00,1.0,2773.00
3117,999,1,2,1971.00,1.0,1971.00
3118,999,2,2,1971.00,1.0,1971.00
3119,1000,1,2,1971.00,1.0,1971.00
3120,1000,2,2,1971.00,1.0,1971.00
3121,1001,1,1,1605.00,,1605.00
3122,1001,2,1,1605.00,,1605.00
3123,1001,3,1,1605.00,,1605.00
3124,1001,4,1,1605.00,,1605.00
3125,1001,5,1,1605.00,,1605.00
3126,1001,6,1,1605.00,,1605.00
3127,1002,1,2,1971.00,1.0,1971.00
3128,1002,2,1,1605.00,1.0,1605.00
3129,1002,3,1,1605.00,1.0,1605.00
3130,1003,1,3,2773.00,1.0,2773.00
3131,1003,2,3,2773.00,1.0,2773.00
3132,1004,1,2,1971.00,1.0,1971.00
3133,1004,2,2,1971.00,1.0,1971.00
3134,1004,3,2,1971.00,1.0,1971.00
3135,1004,4,2,1971.00,1.0,1971.00
3136,1005,1,2,1971.00,1.0,1971.00
3137,1005,2,2,1971.00,1.0,1971.00
3138,1005,3,2,1971.00,1.0,1971.00
3139,1005,4,2,1971.00,1.0,1971.00
3140,1006,1,2,1971.00,1.0,1971.00
3141,1006,2,2,1971.00,1.0,1971.00
3142,1006,3,2,1971.00,1.0,1971.00
3143,1006,4,2,1971.00,1.0,1971.00
3144,1007,1,2,1971.00,1.0,1971.00
3145,1007,2,2,1971.00,1.0,1971.00
3146,1007,3,2,1971.00,1.0,1971.00
3147,1007,4,2,1971.00,1.0,1971.00
3148,1008,1,2,1971.00,1.0,1971.00
3149,1008,2,2,1971.00,1.0,1971.00
3150,1008,3,2,1971.00,1.0,1971.00
3151,1008,4,2,1971.00,1.0,1971.00
3152,1009,1,2,1971.00,1.0,1971.00
3153,1009,2,2,1971.00,1.0,1971.00
3154,1009,3,2,1971.00,1.0,1971.00
3155,1009,4,2,1971.00,1.0,1971.00
3156,1010,1,2,1971.00,1.0,1971.00
3157,1010,2,2,1971.00,1.0,1971.00
3158,1010,3,2,1971.00,1.0,1971.00
3159,1010,4,2,1971.00,1.0,1971.00
3160,1011,1,2,1971.00,1.0,1971.00
3161,1011,2,2,1971.00,1.0,1971.00
3162,1011,3,2,1971.00,1.0,1971.00
3163,1011,4,2,1971.00,1.0,1971.00
3164,1012,1,1,1605.00,,1605.00
3165,1012,2,1,1605.00,,1605.00
3166,1012,3,1,1605.00,,1605.00
3167,1012,4,1,1605.00,,1605.00
3168,1012,5,1,1605.00,,1605.00
3169,1012,6,1,1605.00,,1605.00
3170,1012,7,1,1605.00,,1605.00
3171,1012,8,1,1605.00,,1605.00
3172,1013,1,1,1605.00,,1605.00
3173,1013,2,1,1605.00,,1605.00
3174,1013,3,1,1605.00,,1605.00
3175,1013,4,1,1605.00,,1605.00
3176,1013,5,1,1605.00,,1605.00
3177,1013,6,1,1605.00,,1605.00
3178,1013,7,1,1605.00,,1605.00
3179,1013,8,1,1605.00,,1605.00
3180,1014,1,1,1605.00,1.0,1605.00
3181,1014,2,1,1605.00,1.0,1605.00
3182,1015,1,2,1971.00,1.0,1971.00
3183,1015,2,2,1971.00,1.0,1971.00
3184,1016,1,3,2773.00,1.0,2773.00
3185,1016,2,3,2773.00,1.0,2773.00
3186,1017,1,2,1971.00,1.0,1971.00
3187,1017,2,2,1971.00,1.0,1971.00
3188,1018,1,1,1605.00,1.0,1605.00
3189,1018,2,1,1605.00,1.0,1605.00
3190,1018,3,1,1605.00,1.0,1605.00
3191,1019,1,3,2773.00,2.75,2773.00
3192,1019,2,3,2773.00,2.75,2773.00
3193,1019,3,3,2773.00,2.75,2773.00
3194,1019,4,3,2773.00,2.75,2773.00
3195,1020,1,3,2773.00,2.75,2773.00
3196,1020,2,3,2773.00,2.75,2773.00
3197,1020,3,3,2773.00,2.75,2773.00
3198,1020,4,3,2773.00,2.75,2773.00
3199,1021,1,2,1971.00,1.0,1971.00
3200,1021,2,2,1971.00,1.0,1971.00
3201,1021,3,2,1971.00,1.0,1971.00
3202,1021,4,2,1971.00,1.0,1971.00
3203,1022,1,1,1605.00,,1605.00
3204,1022,2,1,1605.00,,1605.00
3205,1022,3,1,1605.00,,1605.00
3206,1022,4,1,1605.00,,1605.00
3207,1022,5,1,1605.00,,1605.00
3208,1022,6,1,1605.00,,1605.00
3209,1022,7,1,1605.00,,1605.00
3210,1022,8,1,1605.00,,1605.00
3211,1023,1,2,1971.00,1.0,1971.00
3212,1023,2,2,1971.00,1.0,1971.00
3213,1024,1,3,2773.00,1.5,2773.00
3214,1024,2,2,1971.00,1.5,1971.00
3215,1025,1,2,1971.00,1.0,1971.00
3216,1025,2,1,1605.00,1.0,1605.00
3217,1026,1,2,1971.00,1.0,1971.00
3218,1026,2,2,1971.00,1.0,1971.00
3219,1027,1,2,1971.00,1.0,1971.00
3220,1027,2,1,1605.00,1.0,1605.00
3221,1028,1,3,2773.00,1.0,2773.00
3222,1028,2,2,1971.00,1.0,1971.00
3223,1029,1,1,1605.00,1.0,1605.00
3224,1029,2,1,1605.00,1.0,1605.00
3225,1029,3,1,1605.00,1.0,1605.00
3226,1030,1,1,1605.00,,1605.00
3227,1030,2,1,1605.00,,1605.00
3228,1030,3,1,1605.00,,1605.00
3229,1030,4,1,1605.00,,1605.00
3230,1030,5,1,1605.00,,1605.00
3231,1030,6,1,1605.00,,1605.00
3232,1030,7,1,1605.00,,1605.00
3233,1030,8,1,1605.00,,1605.00
3234,1031,1,1,1605.00,1.0,1605.00
3235,1031,2,1,1605.00,1.0,1605.00
3236,1032,1,2,1971.00,1.0,1971.00
3237,1032,2,2,1971.00,1.0,1971.00
3238,1032,3,2,1971.00,1.0,1971.00
3239,1032,4,2,1971.00,1.0,1971.00
3240,1033,1,2,1971.00,1.25,1971.00
3241,1033,2,2,1971.00,1.25,1971.00
3242,1033,3,2,1971.00,1.25,1971.00
3243,1034,1,2,1971.00,1.0,1971.00
3244,1034,2,2,1971.00,1.0,1971.00
3245,1035,1,2,1971.00,1.5,1971.00
3246,1035,2,1,1605.00,1.5,1605.00
3247,1036,1,2,1971.00,1.5,1971.00
3248,1036,2,2,1971.00,1.5,1971.00
3249,1037,1,2,1971.00,1.0,1971.00
3250,1037,2,1,1605.00,1.0,1605.00
3251,1038,1,3,2773.00,1.75,2773.00
3252,1038,2,3,2773.00,1.75,2773.00
3253,1039,1,1,1605.00,1.0,1605.00
3254,1039,2,1,1605.00,1.0,1605.00
3255,1040,1,2,1971.00,1.5,1971.00
3256,1040,2,1,1605.00,1.5,1605.00
3257,1041,1,2,1971.00,1.0,1971.00
3258,1041,2,1,1605.00,1.0,1605.00
3259,1042,1,1,1605.00,,1605.00
3260,1042,2,1,1605.00,,1605.00
3261,1042,3,1,1605.00,,1605.00
3262,1042,4,1,1605.00,,1605.00
3263,1042,5,1,1605.00,,1605.00
3264,1042,6,1,1605.00,,1605.00
3265,1042,7,1,1605.00,,1605.00
3266,1042,8,1,1605.00,,1605.00
3267,1043,1,2,1971.00,1.0,1971.00
3268,1043,2,2,1971.00,1.0,1971.00
3269,1044,1,1,1605.00,1.0,1605.00
3270,1044,2,1,1605.00,1.0,1605.00
3271,1045,1,3,2773.00,1.5,2773.00
3272,1045,2,3,2773.00,1.5,2773.00
3273,1046,1,2,1971.00,1.0,1971.00
3274,1046,2,1,1605.00,1.0,1605.00
3275,1046,3,1,1605.00,1.0,1605.00
3276,1047,1,1,1605.00,,1605.00
3277,1047,2,1,1605.00,,1605.00
3278,1047,3,1,1605.00,,1605.00
3279,1047,4,1,1605.00,,1605.00
3280,1047,5,1,1605.00,,1605.00
3281,1047,6,1,1605.00,,1605.00
3282,1048,1,1,1605.00,1.0,1605.00
3283,1048,2,1,1605.00,1.0,1605.00
3284,1049,1,3,2773.00,2.0,2773.00
3285,1049,2,2,1971.00,2.0,1971.00
3286,1050,1,3,2773.00,1.75,2773.00
3287,1050,2,2,1971.00,1.75,1971.00
3288,1051,1,2,1971.00,1.0,1971.00
3289,1051,2,1,1605.00,1.0,1605.00
3290,1052,1,1,1605.00,1.25,1605.00
3291,1052,2,1,1605.00,1.25,1605.00
3292,1053,1,1,1605.00,1.0,1605.00
3293,1053,2,1,1605.00,1.0,1605.00
3294,1053,3,1,1605.00,1.0,1605.00
3295,1053,4,1,1605.00,1.0,1605.00
3296,1054,1,2,1971.00,2.0,1971.00
3297,1054,2,2,1971.00,2.0,1971.00
3298,1055,1,2,1971.00,1.0,1971.00
3299,1055,2,1,1605.00,1.0,1605.00
3300,1056,1,1,1605.00,1.0,1605.00
3301,1056,2,1,1605.00,1.0,1605.00
3302,1056,3,1,1605.00,1.0,1605.00
3303,1056,4,1,1605.00,1.0,1605.00
3304,1057,1,3,2773.00,1.0,2773.00
3305,1057,2,2,1971.00,1.0,1971.00
3306,1058,1,2,1971.00,1.0,1971.00
3307,1058,2,2,1971.00,1.0,1971.00
3308,1059,1,2,1971.00,1.0,1971.00
3309,1059,2,1,1605.00,1.0,1605.00
3310,1060,1,2,1971.00,1.25,1971.00
3311,1060,2,2,1971.00,1.25,1971.00
3312,1061,1,2,1971.00,1.0,1971.00
3313,1061,2,2,1971.00,1.0,1971.00
3314,1062,1,2,1971.00,1.5,1971.00
3315,1062,2,2,1971.00,1.5,1971.00
3316,1063,1,2,1971.00,1.0,1971.00
3317,1063,2,2,1971.00,1.0,1971.00
3318,1064,1,4,3102.00,2.5,3102.00
3319,1064,2,4,3102.00,2.5,3102.00
3320,1065,1,2,1971.00,1.0,1971.00
3321,1065,2,2,1971.00,1.0,1971.00
3322,1066,1,1,1605.00,1.0,1605.00
3323,1066,2,1,1605.00,1.0,1605.00
3324,1066,3,1,1605.00,1.0,1605.00
3325,1066,4,1,1605.00,1.0,1605.00
3326,1067,1,2,1971.00,1.0,1971.00
3327,1067,2,2,1971.00,1.0,1971.00
3328,1068,1,1,1605.00,1.0,1605.00
3329,1068,2,1,1605.00,1.0,1605.00
3330,1068,3,1,1605.00,1.0,1605.00
3331,1069,1,2,1971.00,1.0,1971.00
3332,1069,2,1,1605.00,1.0,1605.00
3333,1070,1,2,1971.00,1.0,1971.00
3334,1070,2,2,1971.00,1.0,1971.00
3335,1071,1,2,1971.00,1.0,1971.00
3336,1071,2,2,1971.00,1.0,1971.00
3337,1072,1,2,1971.00,1.0,1971.00
3338,1072,2,2,1971.00,1.0,1971.00
3339,1073,1,2,1971.00,1.0,1971.00
3340,1073,2,2,1971.00,1.0,1971.00
3341,1074,1,2,1971.00,1.0,1971.00
3342,1074,2,2,1971.00,1.0,1971.00
3343,1075,1,2,1971.00,1.0,1971.00
3344,1075,2,1,1605.00,1.0,1605.00
3345,1076,1,2,1971.00,1.0,1971.00
3346,1076,2,2,1971.00,1.0,1971.00
3347,1077,1,2,1971.00,1.0,1971.00
3348,1077,2,1,1605.00,1.0,1605.00
3349,1077,3,1,1605.00,1.0,1605.00
3350,1078,1,1,1605.00,1.0,1605.00
3351,1078,2,1,1605.00,1.0,1605.00
3352,1079,1,2,1971.00,1.0,1971.00
3353,1079,2,1,1605.00,1.0,1605.00
3354,1080,1,2,1971.00,1.0,1971.00
3355,1080,2,1,1605.00,1.0,1605.00
3356,1081,1,3,2773.00,2.0,2773.00
3357,1081,2,3,2773.00,2.0,2773.00
3358,1082,1,2,1971.00,1.0,1971.00
3359,1082,2,2,1971.00,1.0,1971.00
3360,1083,1,2,1971.00,1.0,1971.00
3361,1083,2,1,1605.00,1.0,1605.00
3362,1084,1,2,1971.00,1.25,1971.00
3363,1084,2,2,1971.00,1.25,1971.00
3364,1085,1,1,1605.00,,1605.00
3365,1085,2,1,1605.00,,1605.00
3366,1085,3,1,1605.00,,1605.00
3367,1085,4,1,1605.00,,1605.00
3368,1085,5,1,1605.00,,1605.00
3369,1086,1,2,1971.00,1.0,1971.00
3370,1086,2,1,1605.00,1.0,1605.00
3371,1087,1,2,1971.00,1.0,1971.00
3372,1087,2,2,1971.00,1.0,1971.00
3373,1088,1,2,1971.00,1.0,1971.00
3374,1088,2,2,1971.00,1.0,1971.00
3375,1089,1,3,2773.00,1.0,2773.00
3376,1089,2,2,1971.00,1.0,1971.00
3377,1090,1,1,1605.00,1.0,1605.00
3378,1090,2,1,1605.00,1.0,1605.00
3379,1091,1,2,1971.00,1.0,1971.00
3380,1091,2,2,1971.00,1.0,1971.00
3381,1091,3,2,1971.00,1.0,1971.00
3382,1091,4,2,1971.00,1.0,1971.00
3383,1092,1,2,1971.00,1.0,1971.00
3384,1092,2,2,1971.00,1.0,1971.00
3385,1093,1,3,2773.00,1.0,2773.00
3386,1093,2,2,1971.00,1.0,1971.00
3387,1094,1,2,1971.00,1.0,1971.00
3388,1094,2,2,1971.00,1.0,1971.00
3389,1095,1,2,1971.00,1.0,1971.00
3390,1095,2,2,1971.00,1.0,1971.00
3391,1096,1,2,1971.00,1.5,1971.00
3392,1096,2,2,1971.00,1.5,1971.00
3393,1097,1,2,1971.00,1.0,1971.00
3394,1097,2,1,1605.00,1.0,1605.00
3395,1097,3,1,1605.00,1.0,1605.00
3396,1098,1,2,1971.00,1.0,1971.00
3397,1098,2,2,1971.00,1.0,1971.00
3398,1099,1,1,1605.00,,1605.00
3399,1099,2,1,1605.00,,1605.00
3400,1099,3,1,1605.00,,1605.00
3401,1099,4,1,1605.00,,1605.00
3402,1099,5,1,1605.00,,1605.00
3403,1099,6,1,1605.00,,1605.00
3404,1099,7,1,1605.00,,1605.00
3405,1099,8,1,1605.00,,1605.00
3406,1100,1,2,1971.00,1.0,1971.00
3407,1100,2,1,1605.00,1.0,1605.00
3408,1101,1,4,3102.00,2.0,3102.00
3409,1101,2,4,3102.00,2.0,3102.00
3410,1102,1,2,1971.00,1.0,1971.00
3411,1102,2,1,1605.00,1.0,1605.00
3412,1103,1,1,1605.00,1.0,1605.00
3413,1103,2,1,1605.00,1.0,1605.00
3414,1103,3,1,1605.00,1.0,1605.00
3415,1103,4,1,1605.00,1.0,1605.00
3416,1104,1,1,1605.00,1.0,1605.00
3417,1104,2,1,1605.00,1.0,1605.00
3418,1105,1,2,1971.00,1.0,1971.00
3419,1105,2,2,1971.00,1.0,1971.00
3420,1106,1,4,3102.00,2.25,3102.00
3421,1106,2,3,2773.00,2.25,2773.00
3422,1107,1,1,1605.00,,1605.00
3423,1107,2,1,1605.00,,1605.00
3424,1107,3,1,1605.00,,1605.00
3425,1107,4,1,1605.00,,1605.00
3426,1107,5,1,1605.00,,1605.00
3427,1108,1,2,1971.00,1.0,1971.00
3428,1108,2,2,1971.00,1.0,1971.00
3429,1108,3,2,1971.00,1.0,1971.00
3430,1108,4,2,1971.00,1.0,1971.00
3431,1109,1,2,1971.00,1.0,1971.00
3432,1109,2,2,1971.00,1.0,1971.00
3433,1110,1,1,1605.00,1.0,1605.00
3434,1110,2,1,1605.00,1.0,1605.00
3435,1111,1,2,1971.00,1.5,1971.00
3436,1111,2,2,1971.00,1.5,1971.00
3437,1112,1,2,1971.00,1.0,1971.00
3438,1112,2,1,1605.00,1.0,1605.00
3439,1112,3,1,1605.00,1.0,1605.00
3440,1113,1,3,2773.00,1.5,2773.00
3441,1113,2,3,2773.00,1.5,2773.00
3442,1114,1,2,1971.00,1.0,1971.00
3443,1114,2,2,1971.00,1.0,1971.00
3444,1115,1,2,1971.00,1.0,1971.00
3445,1115,2,2,1971.00,1.0,1971.00
3446,1116,1,2,1971.00,1.5,1971.00
3447,1116,2,2,1971.00,1.5,1971.00
3448,1117,1,2,1971.00,1.0,1971.00
3449,1117,2,2,1971.00,1.0,1971.00
3450,1117,3,1,1605.00,1.0,1605.00
3451,1117,4,1,1605.00,1.0,1605.00
3452,1117,5,1,1605.00,1.0,1605.00
3453,1118,1,2,1971.00,1.0,1971.00
3454,1118,2,1,1605.00,1.0,1605.00
3455,1119,1,2,1971.00,1.0,1971.00
3456,1119,2,2,1971.00,1.0,1971.00
3457,1120,1,2,1971.00,1.0,1971.00
3458,1120,2,1,1605.00,1.0,1605.00
3459,1121,1,3,2773.00,1.5,2773.00
3460,1121,2,3,2773.00,1.5,2773.00
3461,1122,1,2,1971.00,1.25,1971.00
3462,1122,2,1,1605.00,1.25,1605.00
3463,1122,3,1,1605.00,1.25,1605.00
3464,1123,1,2,1971.00,1.0,1971.00
3465,1123,2,2,1971.00,1.0,1971.00
3466,1124,1,2,1971.00,1.0,1971.00
3467,1124,2,2,1971.00,1.0,1971.00
3468,1125,1,2,1971.00,1.5,1971.00
3469,1125,2,2,1971.00,1.5,1971.00
3470,1125,3,2,1971.00,1.5,1971.00
3471,1125,4,2,1971.00,1.5,1971.00
3472,1125,5,2,1971.00,1.5,1971.00
3473,1126,1,3,2773.00,1.75,2773.00
3474,1126,2,2,1971.00,1.75,1971.00
3475,1127,1,2,1971.00,1.0,1971.00
3476,1127,2,2,1971.00,1.0,1971.00
3477,1127,3,2,1971.00,1.0,1971.00
3478,1128,1,2,1971.00,1.0,1971.00
3479,1128,2,1,1605.00,1.0,1605.00
3480,1129,1,5,3567.00,3.0,3567.00
3481,1129,2,4,3102.00,3.0,3102.00
3482,1130,1,5,3567.00,3.0,3567.00
3483,1130,2,4,3102.00,3.0,3102.00
3484,1131,1,2,1971.00,1.0,1971.00
3485,1131,2,1,1605.00,1.0,1605.00
3486,1132,1,4,3102.00,1.5,3102.00
3487,1132,2,4,3102.00,1.5,3102.00
3488,1133,1,2,1971.00,1.5,1971.00
3489,1133,2,2,1971.00,1.5,1971.00
3490,1133,3,2,1971.00,1.5,1971.00
3491,1133,4,2,1971.00,1.5,1971.00
3492,1133,5,1,1605.00,1.5,1605.00
3493,1133,6,1,1605.00,1.5,1605.00
3494,1133,7,1,1605.00,1.5,1605.00
3495,1133,8,1,1605.00,1.5,1605.00
3496,1134,1,3,2773.00,2.5,2773.00
3497,1134,2,3,2773.00,2.5,2773.00
3498,1135,1,3,2773.00,1.75,2773.00
3499,1135,2,3,2773.00,1.75,2773.00
3500,1136,1,2,1971.00,1.0,1971.00
3501,1136,2,2,1971.00,1.0,1971.00
3502,1137,1,3,2773.00,1.5,2773.00
3503,1137,2,2,1971.00,1.5,1971.00
3504,1138,1,2,1971.00,1.0,1971.00
3505,1138,2,2,1971.00,1.0,1971.00
3506,1139,1,2,1971.00,1.0,1971.00
3507,1139,2,2,1971.00,1.0,1971.00
3508,1140,1,2,1971.00,1.5,1971.00
3509,1140,2,2,1971.00,1.5,1971.00
3510,1141,1,2,1971.00,1.0,1971.00
3511,1141,2,1,1605.00,1.0,1605.00
3512,1142,1,1,1605.00,1.0,1605.00
3513,1142,2,1,1605.00,1.0,1605.00
3514,1142,3,1,1605.00,1.0,1605.00
3515,1142,4,1,1605.00,1.0,1605.00
3516,1143,1,3,2773.00,1.5,2773.00
3517,1143,2,3,2773.00,1.5,2773.00
3518,1144,1,2,1971.00,1.5,1971.00
3519,1144,2,2,1971.00,1.5,1971.00
3520,1145,1,2,1971.00,1.75,1971.00
3521,1145,2,2,1971.00,1.75,1971.00
3522,1146,1,2,1971.00,2.75,1971.00
3523,1146,2,2,1971.00,2.75,1971.00
3524,1147,1,3,2773.00,2.0,2773.00
3525,1147,2,3,2773.00,2.0,2773.00
3526,1148,1,2,1971.00,1.0,1971.00
3527,1148,2,1,1605.00,1.0,1605.00
3528,1149,1,3,2773.00,1.5,2773.00
3529,1149,2,3,2773.00,1.5,2773.00
3530,1150,1,1,1605.00,,1605.00
3531,1150,2,1,1605.00,,1605.00
3532,1150,3,1,1605.00,,1605.00
3533,1150,4,1,1605.00,,1605.00
3534,1150,5,1,1605.00,,1605.00
3535,1150,6,1,1605.00,,1605.00
3536,1150,7,1,1605.00,,1605.00
3537,1150,8,1,1605.00,,1605.00
3538,1151,1,3,2773.00,1.0,2773.00
3539,1151,2,2,1971.00,1.0,1971.00
3540,1152,1,1,1605.00,1.0,1605.00
3541,1152,2,1,1605.00,1.0,1605.00
3542,1153,1,3,2773.00,2.0,2773.00
3543,1153,2,3,2773.00,2.0,2773.00
3544,1154,1,2,1971.00,1.0,1971.00
3545,1154,2,1,1605.00,1.0,1605.00
3546,1155,1,2,1971.00,1.25,1971.00
3547,1155,2,2,1971.00,1.25,1971.00
3548,1156,1,2,1971.00,2.0,1971.00
3549,1156,2,2,1971.00,2.0,1971.00
3550,1156,3,2,1971.00,2.0,1971.00
3551,1156,4,2,1971.00,2.0,1971.00
3552,1157,1,2,1971.00,1.5,1971.00
3553,1157,2,2,1971.00,1.5,1971.00
3554,1158,1,1,1605.00,,1605.00
3555,1158,2,1,1605.00,,1605.00
3556,1158,3,1,1605.00,,1605.00
3557,1158,4,1,1605.00,,1605.00
3558,1158,5,1,1605.00,,1605.00
3559,1158,6,1,1605.00,,1605.00
3560,1159,1,1,1605.00,,1605.00
3561,1159,2,1,1605.00,,1605.00
3562,1159,3,1,1605.00,,1605.00
3563,1159,4,1,1605.00,,1605.00
3564,1159,5,1,1605.00,,1605.00
3565,1159,6,1,1605.00,,1605.00
3566,1159,7,1,1605.00,,1605.00
3567,1159,8,1,1605.00,,1605.00
3568,1160,1,2,1971.00,2.25,1971.00
3569,1160,2,2,1971.00,2.25,1971.00
3570,1161,1,2,1971.00,1.5,1971.00
3571,1161,2,2,1971.00,1.5,1971.00
3572,1162,1,2,1971.00,1.5,1971.00
3573,1162,2,2,1971.00,1.5,1971.00
3574,1163,1,2,1971.00,1.0,1971.00
3575,1163,2,2,1971.00,1.0,1971.00
3576,1164,1,2,1971.00,1.0,1971.00
3577,1164,2,2,1971.00,1.0,1971.00
3578,1165,1,2,1971.00,1.0,1971.00
3579,1165,2,2,1971.00,1.0,1971.00
3580,1166,1,1,1605.00,1.0,1605.00
3581,1166,2,1,1605.00,1.0,1605.00
3582,1167,1,2,1971.00,1.0,1971.00
3583,1167,2,2,1971.00,1.0,1971.00
3584,1168,1,2,1971.00,1.0,1971.00
3585,1168,2,2,1971.00,1.0,1971.00
3586,1169,1,2,1971.00,1.0,1971.00
3587,1169,2,2,1971.00,1.0,1971.00
3588,1170,1,2,1971.00,1.0,1971.00
3589,1170,2,2,1971.00,1.0,1971.00
3590,1171,1,2,1971.00,1.0,1971.00
3591,1171,2,2,1971.00,1.0,1971.00
3592,1172,1,2,1971.00,1.0,1971.00
3593,1172,2,2,1971.00,1.0,1971.00
3594,1172,3,2,1971.00,1.0,1971.00
3595,1172,4,2,1971.00,1.0,1971.00
3596,1173,1,2,1971.00,1.0,1971.00
3597,1173,2,2,1971.00,1.0,1971.00
3598,1173,3,2,1971.00,1.0,1971.00
3599,1173,4,2,1971.00,1.0,1971.00
3600,1174,1,2,1971.00,1.0,1971.00
3601,1174,2,2,1971.00,1.0,1971.00
3602,1174,3,2,1971.00,1.0,1971.00
3603,1174,4,2,1971.00,1.0,1971.00
3604,1175,1,2,1971.00,1.0,1971.00
3605,1175,2,2,1971.00,1.0,1971.00
3606,1175,3,2,1971.00,1.0,1971.00
3607,1175,4,2,1971.00,1.0,1971.00
3608,1176,1,1,1605.00,1.0,1605.00
3609,1176,2,1,1605.00,1.0,1605.00
3610,1176,3,1,1605.00,1.0,1605.00
3611,1176,4,1,1605.00,1.0,1605.00
3612,1177,1,2,1971.00,1.0,1971.00
3613,1177,2,2,1971.00,1.0,1971.00
3614,1177,3,2,1971.00,1.0,1971.00
3615,1177,4,2,1971.00,1.0,1971.00
3616,1178,1,2,1971.00,1.0,1971.00
3617,1178,2,2,1971.00,1.0,1971.00
3618,1178,3,2,1971.00,1.0,1971.00
3619,1178,4,2,1971.00,1.0,1971.00
3620,1179,1,2,1971.00,1.0,1971.00
3621,1179,2,2,1971.00,1.0,1971.00
3622,1179,3,2,1971.00,1.0,1971.00
3623,1179,4,2,1971.00,1.0,1971.00
3624,1180,1,2,1971.00,1.0,1971.00
3625,1180,2,2,1971.00,1.0,1971.00
3626,1180,3,2,1971.00,1.0,1971.00
3627,1180,4,2,1971.00,1.0,1971.00
3628,1181,1,1,1605.00,,1605.00
3629,1181,2,1,1605.00,,1605.00
3630,1181,3,1,1605.00,,1605.00
3631,1181,4,1,1605.00,,1605.00
3632,1181,5,1,1605.00,,1605.00
3633,1181,6,1,1605.00,,1605.00
3634,1181,7,1,1605.00,,1605.00
3635,1181,8,1,1605.00,,1605.00
3636,1182,1,2,1971.00,1.0,1971.00
3637,1182,2,2,1971.00,1.0,1971.00
3638,1183,1,1,1605.00,1.0,1605.00
3639,1183,2,1,1605.00,1.0,1605.00
3640,1183,3,1,1605.00,1.0,1605.00
3641,1184,1,1,1605.00,,1605.00
3642,1184,2,1,1605.00,,1605.00
3643,1184,3,1,1605.00,,1605.00
3644,1184,4,1,1605.00,,1605.00
3645,1184,5,1,1605.00,,1605.00
3646,1184,6,1,1605.00,,1605.00
3647,1185,1,1,1605.00,,1605.00
3648,1185,2,1,1605.00,,1605.00
3649,1185,3,1,1605.00,,1605.00
3650,1186,1,2,1971.00,1.0,1971.00
3651,1186,2,1,1605.00,1.0,1605.00
3652,1187,1,2,1971.00,1.0,1971.00
3653,1187,2,2,1971.00,1.0,1971.00
3654,1188,1,1,1605.00,1.0,1605.00
3655,1188,2,1,1605.00,1.0,1605.00
3656,1189,1,2,1971.00,1.5,1971.00
3657,1189,2,2,1971.00,1.5,1971.00
3658,1190,1,1,1605.00,1.0,1605.00
3659,1190,2,1,1605.00,1.0,1605.00
3660,1190,3,1,1605.00,1.0,1605.00
3661,1191,1,3,2773.00,1.5,2773.00
3662,1191,2,3,2773.00,1.5,2773.00
3663,1192,1,2,1971.00,1.0,1971.00
3664,1192,2,2,1971.00,1.0,1971.00
3665,1193,1,3,2773.00,1.0,2773.00
3666,1193,2,3,2773.00,1.0,2773.00
3667,1194,1,2,1971.00,1.0,1971.00
3668,1194,2,1,1605.00,1.0,1605.00
3669,1195,1,2,1971.00,1.0,1971.00
3670,1195,2,1,1605.00,1.0,1605.00
3671,1196,1,2,1971.00,1.0,1971.00
3672,1196,2,2,1971.00,1.0,1971.00
3673,1197,1,2,1971.00,1.0,1971.00
3674,1197,2,2,1971.00,1.0,1971.00
3675,1197,3,2,1971.00,1.0,1971.00
3676,1197,4,2,1971.00,1.0,1971.00
3677,1198,1,2,1971.00,1.0,1971.00
3678,1198,2,2,1971.00,1.0,1971.00
3679,1199,1,2,1971.00,1.0,1971.00
3680,1199,2,2,1971.00,1.0,1971.00
3681,1200,1,2,1971.00,1.0,1971.00
3682,1200,2,2,1971.00,1.0,1971.00
3683,1201,1,2,1971.00,1.0,1971.00
3684,1201,2,2,1971.00,1.0,1971.00
3685,1202,1,2,1971.00,1.0,1971.00
3686,1202,2,2,1971.00,1.0,1971.00
3687,1203,1,2,1971.00,1.0,1971.00
3688,1203,2,2,1971.00,1.0,1971.00
3689,1203,3,2,1971.00,1.0,1971.00
3690,1204,1,3,2773.00,3.0,2773.00
3691,1204,2,3,2773.00,3.0,2773.00
3692,1205,1,2,1971.00,1.0,1971.00
3693,1205,2,2,1971.00,1.0,1971.00
3694,1206,1,2,1971.00,1.0,1971.00
3695,1206,2,2,1971.00,1.0,1971.00
3696,1207,1,3,2773.00,1.25,2773.00
3697,1207,2,3,2773.00,1.25,2773.00
3698,1207,3,2,1971.00,1.25,1971.00
3699,1208,1,2,1971.00,1.5,1971.00
3700,1208,2,2,1971.00,1.5,1971.00
3701,1209,1,2,1971.00,1.0,1971.00
3702,1209,2,2,1971.00,1.0,1971.00
3703,1209,3,2,1971.00,1.0,1971.00
3704,1210,1,2,1971.00,1.0,1971.00
3705,1210,2,2,1971.00,1.0,1971.00
3706,1211,1,1,1605.00,1.0,1605.00
3707,1211,2,1,1605.00,1.0,1605.00
3708,1212,1,2,1971.00,1.0,1971.00
3709,1212,2,2,1971.00,1.0,1971.00
3710,1212,3,1,1605.00,1.0,1605.00
3711,1213,1,2,1971.00,1.0,1971.00
3712,1213,2,2,1971.00,1.0,1971.00
3713,1213,3,1,1605.00,1.0,1605.00
3714,1214,1,1,1605.00,1.0,1605.00
3715,1214,2,1,1605.00,1.0,1605.00
3716,1215,1,2,1971.00,1.5,1971.00
3717,1215,2,2,1971.00,1.5,1971.00
3718,1216,1,2,1971.00,1.5,1971.00
3719,1216,2,2,1971.00,1.5,1971.00
3720,1217,1,2,1971.00,1.0,1971.00
3721,1217,2,2,1971.00,1.0,1971.00
3722,1217,3,2,1971.00,1.0,1971.00
3723,1218,1,2,1971.00,1.0,1971.00
3724,1218,2,2,1971.00,1.0,1971.00
3725,1218,3,2,1971.00,1.0,1971.00
3726,1219,1,2,1971.00,1.0,1971.00
3727,1219,2,2,1971.00,1.0,1971.00
3728,1220,1,2,1971.00,1.0,1971.00
3729,1220,2,2,1971.00,1.0,1971.00
3730,1220,3,2,1971.00,1.0,1971.00
3731,1221,1,2,1971.00,1.0,1971.00
3732,1221,2,2,1971.00,1.0,1971.00
3733,1221,3,2,1971.00,1.0,1971.00
3734,1222,1,2,1971.00,1.0,1971.00
3735,1222,2,1,1605.00,1.0,1605.00
3736,1223,1,2,1971.00,1.0,1971.00
3737,1223,2,1,1605.00,1.0,1605.00
3738,1224,1,2,1971.00,1.0,1971.00
3739,1224,2,2,1971.00,1.0,1971.00
3740,1224,3,2,1971.00,1.0,1971.00
3741,1225,1,2,1971.00,1.0,1971.00
3742,1225,2,2,1971.00,1.0,1971.00
3743,1225,3,2,1971.00,1.0,1971.00
3744,1226,1,2,1971.00,1.0,1971.00
3745,1226,2,2,1971.00,1.0,1971.00
3746,1227,1,2,1971.00,1.0,1971.00
3747,1227,2,2,1971.00,1.0,1971.00
3748,1227,3,2,1971.00,1.0,1971.00
3749,1228,1,2,1971.00,1.0,1971.00
3750,1228,2,2,1971.00,1.0,1971.00
3751,1229,1,1,1605.00,1.0,1605.00
3752,1229,2,1,1605.00,1.0,1605.00
3753,1230,1,1,1605.00,1.0,1605.00
3754,1230,2,1,1605.00,1.0,1605.00
3755,1230,3,1,1605.00,1.0,1605.00
3756,1231,1,2,1971.00,1.0,1971.00
3757,1231,2,1,1605.00,1.0,1605.00
3758,1232,1,2,1971.00,1.5,1971.00
3759,1232,2,2,1971.00,1.5,1971.00
3760,1233,1,2,1971.00,2.5,1971.00
3761,1233,2,2,1971.00,2.5,1971.00
3762,1234,1,1,1605.00,1.0,1605.00
3763,1234,2,1,1605.00,1.0,1605.00
3764,1235,1,2,1971.00,1.0,1971.00
3765,1235,2,1,1605.00,1.0,1605.00
3766,1235,3,1,1605.00,1.0,1605.00
3767,1236,1,2,1971.00,1.0,1971.00
3768,1236,2,2,1971.00,1.0,1971.00
3769,1236,3,2,1971.00,1.0,1971.00
3770,1236,4,2,1971.00,1.0,1971.00
3771,1237,1,2,1971.00,1.0,1971.00
3772,1237,2,2,1971.00,1.0,1971.00
3773,1237,3,2,1971.00,1.0,1971.00
3774,1237,4,2,1971.00,1.0,1971.00
3775,1238,1,3,2773.00,1.75,2773.00
3776,1238,2,3,2773.00,1.75,2773.00
3777,1238,3,3,2773.00,1.75,2773.00
3778,1238,4,3,2773.00,1.75,2773.00
3779,1239,1,2,1971.00,1.0,1971.00
3780,1239,2,2,1971.00,1.0,1971.00
3781,1239,3,2,1971.00,1.0,1971.00
3782,1239,4,2,1971.00,1.0,1971.00
3783,1240,1,2,1971.00,1.0,1971.00
3784,1240,2,2,1971.00,1.0,1971.00
3785,1240,3,2,1971.00,1.0,1971.00
3786,1240,4,2,1971.00,1.0,1971.00
3787,1241,1,3,2773.00,1.0,2773.00
3788,1241,2,3,2773.00,1.0,2773.00
3789,1241,3,3,2773.00,1.0,2773.00
3790,1241,4,3,2773.00,1.0,2773.00
3791,1242,1,2,1971.00,1.0,1971.00
3792,1242,2,2,1971.00,1.0,1971.00
3793,1242,3,2,1971.00,1.0,1971.00
3794,1242,4,2,1971.00,1.0,1971.00
3795,1243,1,3,2773.00,2.0,2773.00
3796,1243,2,3,2773.00,2.0,2773.00
3797,1243,3,3,2773.00,2.0,2773.00
3798,1243,4,3,2773.00,2.0,2773.00
3799,1244,1,1,1605.00,,1605.00
3800,1244,2,1,1605.00,,1605.00
3801,1244,3,1,1605.00,,1605.00
3802,1245,1,4,3102.00,2.0,3102.00
3803,1245,2,4,3102.00,2.0,3102.00
3804,1246,1,4,3102.00,2.0,3102.00
3805,1246,2,4,3102.00,2.0,3102.00
3806,1247,1,4,3102.00,2.0,3102.00
3807,1247,2,4,3102.00,2.0,3102.00
3808,1248,1,2,1971.00,1.0,1971.00
3809,1248,2,2,1971.00,1.0,1971.00
3810,1248,3,2,1971.00,1.0,1971.00
3811,1248,4,2,1971.00,1.0,1971.00
3812,1249,1,3,2773.00,1.5,2773.00
3813,1249,2,3,2773.00,1.5,2773.00
3814,1250,1,3,2773.00,1.5,2773.00
3815,1250,2,3,2773.00,1.5,2773.00
3816,1251,1,3,2773.00,1.5,2773.00
3817,1251,2,3,2773.00,1.5,2773.00
3818,1252,1,3,2773.00,1.5,2773.00
3819,1252,2,3,2773.00,1.5,2773.00
3820,1253,1,2,1971.00,1.5,1971.00
3821,1253,2,2,1971.00,1.5,1971.00
3822,1254,1,3,2773.00,1.5,2773.00
3823,1254,2,3,2773.00,1.5,2773.00
3824,1255,1,4,3102.00,2.0,3102.00
3825,1255,2,4,3102.00,2.0,3102.00
3826,1256,1,2,1971.00,1.5,1971.00
3827,1256,2,2,1971.00,1.5,1971.00
3828,1257,1,2,1971.00,1.5,1971.00
3829,1257,2,2,1971.00,1.5,1971.00
3830,1258,1,3,2773.00,2.0,2773.00
3831,1258,2,3,2773.00,2.0,2773.00
3832,1259,1,3,2773.00,1.5,2773.00
3833,1259,2,3,2773.00,1.5,2773.00
3834,1260,1,3,2773.00,1.5,2773.00
3835,1260,2,3,2773.00,1.5,2773.00
3836,1261,1,3,2773.00,1.5,2773.00
3837,1261,2,3,2773.00,1.5,2773.00
3838,1262,1,3,2773.00,1.5,2773.00
3839,1262,2,3,2773.00,1.5,2773.00
3840,1263,1,4,3102.00,2.0,3102.00
3841,1263,2,4,3102.00,2.0,3102.00
3842,1264,1,4,3102.00,2.0,3102.00
3843,1264,2,4,3102.00,2.0,3102.00
3844,1265,1,2,1971.00,1.5,1971.00
3845,1265,2,2,1971.00,1.5,1971.00
3846,1266,1,2,1971.00,1.5,1971.00
3847,1266,2,2,1971.00,1.5,1971.00
3848,1267,1,3,2773.00,1.5,2773.00
3849,1267,2,3,2773.00,1.5,2773.00
3850,1268,1,4,3102.00,2.0,3102.00
3851,1268,2,4,3102.00,2.0,3102.00
3852,1269,1,4,3102.00,2.0,3102.00
3853,1269,2,4,3102.00,2.0,3102.00
3854,1270,1,3,2773.00,1.5,2773.00
3855,1270,2,3,2773.00,1.5,2773.00
3856,1271,1,2,1971.00,1.5,1971.00
3857,1271,2,2,1971.00,1.5,1971.00
3858,1272,1,2,1971.00,1.5,1971.00
3859,1272,2,2,1971.00,1.5,1971.00
3860,1273,1,2,1971.00,1.5,1971.00
3861,1273,2,2,1971.00,1.5,1971.00
3862,1274,1,3,2773.00,1.5,2773.00
3863,1274,2,3,2773.00,1.5,2773.00
3864,1275,1,3,2773.00,1.75,2773.00
3865,1275,2,3,2773.00,1.75,2773.00
3866,1276,1,2,1971.00,1.5,1971.00
3867,1276,2,2,1971.00,1.5,1971.00
3868,1277,1,2,1971.00,1.5,1971.00
3869,1277,2,2,1971.00,1.5,1971.00
3870,1278,1,3,2773.00,1.5,2773.00
3871,1278,2,3,2773.00,1.5,2773.00
3872,1279,1,2,1971.00,1.5,1971.00
3873,1279,2,2,1971.00,1.5,1971.00
3874,1280,1,4,3102.00,2.0,3102.00
3875,1280,2,4,3102.00,2.0,3102.00
3876,1281,1,4,3102.00,2.0,3102.00
3877,1281,2,4,3102.00,2.0,3102.00
3878,1282,1,3,2773.00,1.75,2773.00
3879,1282,2,3,2773.00,1.75,2773.00
3880,1283,1,3,2773.00,1.75,2773.00
3881,1283,2,3,2773.00,1.75,2773.00
3882,1284,1,4,3102.00,2.0,3102.00
3883,1284,2,4,3102.00,2.0,3102.00
3884,1285,1,3,2773.00,1.5,2773.00
3885,1285,2,3,2773.00,1.5,2773.00
3886,1286,1,3,2773.00,1.5,2773.00
3887,1286,2,3,2773.00,1.5,2773.00
3888,1287,1,3,2773.00,1.75,2773.00
3889,1287,2,3,2773.00,1.75,2773.00
3890,1288,1,3,2773.00,1.75,2773.00
3891,1288,2,3,2773.00,1.75,2773.00
3892,1288,3,3,2773.00,1.75,2773.00
3893,1289,1,3,2773.00,1.5,2773.00
3894,1289,2,3,2773.00,1.5,2773.00
3895,1290,1,3,2773.00,1.5,2773.00
3896,1290,2,3,2773.00,1.5,2773.00
3897,1291,1,2,1971.00,1.5,1971.00
3898,1291,2,2,1971.00,1.5,1971.00
3899,1292,1,2,1971.00,1.5,1971.00
3900,1292,2,2,1971.00,1.5,1971.00
3901,1293,1,2,1971.00,1.0,1971.00
3902,1293,2,2,1971.00,1.0,1971.00
3903,1293,3,2,1971.00,1.0,1971.00
3904,1293,4,2,1971.00,1.0,1971.00
3905,1294,1,5,3567.00,3.5,3567.00
3906,1294,2,4,3102.00,3.5,3102.00
3907,1294,3,4,3102.00,3.5,3102.00
3908,1295,1,5,3567.00,3.5,3567.00
3909,1295,2,4,3102.00,3.5,3102.00
3910,1295,3,4,3102.00,3.5,3102.00
3911,1296,1,5,3567.00,3.5,3567.00
3912,1296,2,4,3102.00,3.5,3102.00
3913,1296,3,4,3102.00,3.5,3102.00
3914,1297,1,5,3567.00,3.5,3567.00
3915,1297,2,4,3102.00,3.5,3102.00
3916,1297,3,4,3102.00,3.5,3102.00
3917,1298,1,3,2773.00,1.5,2773.00
3918,1298,2,3,2773.00,1.5,2773.00
3919,1299,1,3,2773.00,1.5,2773.00
3920,1299,2,3,2773.00,1.5,2773.00
3921,1300,1,4,3102.00,1.5,3102.00
3922,1300,2,4,3102.00,1.5,3102.00
3923,1301,1,3,2773.00,1.75,2773.00
3924,1301,2,3,2773.00,1.75,2773.00
3925,1301,3,3,2773.00,1.75,2773.00
3926,1302,1,4,3102.00,2.0,3102.00
3927,1302,2,4,3102.00,2.0,3102.00
3928,1303,1,5,3567.00,3.5,3567.00
3929,1303,2,4,3102.00,3.5,3102.00
3930,1303,3,4,3102.00,3.5,3102.00
3931,1304,1,5,3567.00,3.5,3567.00
3932,1304,2,4,3102.00,3.5,3102.00
3933,1304,3,4,3102.00,3.5,3102.00
3934,1305,1,5,3567.00,3.5,3567.00
3935,1305,2,4,3102.00,3.5,3102.00
3936,1305,3,4,3102.00,3.5,3102.00
3937,1306,1,5,3567.00,3.5,3567.00
3938,1306,2,4,3102.00,3.5,3102.00
3939,1306,3,4,3102.00,3.5,3102.00
3940,1307,1,3,2773.00,1.75,2773.00
3941,1307,2,3,2773.00,1.75,2773.00
3942,1307,3,3,2773.00,1.75,2773.00
3943,1308,1,3,2773.00,1.75,2773.00
3944,1308,2,3,2773.00,1.75,2773.00
3945,1308,3,3,2773.00,1.75,2773.00
3946,1309,1,4,3102.00,2.0,3102.00
3947,1309,2,4,3102.00,2.0,3102.00
3948,1310,1,3,2773.00,1.75,2773.00
3949,1310,2,3,2773.00,1.75,2773.00
3950,1311,1,3,2773.00,1.75,2773.00
3951,1311,2,3,2773.00,1.75,2773.00
3952,1311,3,3,2773.00,1.75,2773.00
3953,1312,1,3,2773.00,1.75,2773.00
3954,1312,2,3,2773.00,1.75,2773.00
3955,1312,3,3,2773.00,1.75,2773.00
3956,1313,1,2,1971.00,1.5,1971.00
3957,1313,2,2,1971.00,1.5,1971.00
3958,1314,1,2,1971.00,1.5,1971.00
3959,1314,2,2,1971.00,1.5,1971.00
3960,1315,1,2,1971.00,1.5,1971.00
3961,1315,2,2,1971.00,1.5,1971.00
3962,1315,3,2,1971.00,1.5,1971.00
3963,1316,1,3,2773.00,1.5,2773.00
3964,1316,2,3,2773.00,1.5,2773.00
3965,1317,1,3,2773.00,1.75,2773.00
3966,1317,2,3,2773.00,1.75,2773.00
3967,1318,1,3,2773.00,1.75,2773.00
3968,1318,2,3,2773.00,1.75,2773.00
3969,1318,3,3,2773.00,1.75,2773.00
3970,1319,1,3,2773.00,1.75,2773.00
3971,1319,2,3,2773.00,1.75,2773.00
3972,1319,3,3,2773.00,1.75,2773.00
3973,1320,1,3,2773.00,1.75,2773.00
3974,1320,2,3,2773.00,1.75,2773.00
3975,1320,3,3,2773.00,1.75,2773.00
3976,1321,1,2,1971.00,1.5,1971.00
3977,1321,2,2,1971.00,1.5,1971.00
3978,1321,3,2,1971.00,1.5,1971.00
3979,1322,1,2,1971.00,1.5,1971.00
3980,1322,2,2,1971.00,1.5,1971.00
3981,1322,3,2,1971.00,1.5,1971.00
3982,1323,1,2,1971.00,1.5,1971.00
3983,1323,2,2,1971.00,1.5,1971.00
3984,1323,3,2,1971.00,1.5,1971.00
3985,1324,1,3,2773.00,1.75,2773.00
3986,1324,2,3,2773.00,1.75,2773.00
3987,1324,3,3,2773.00,1.75,2773.00
3988,1325,1,4,3102.00,2.0,3102.00
3989,1325,2,4,3102.00,2.0,3102.00
3990,1326,1,3,2773.00,2.0,2773.00
3991,1326,2,3,2773.00,2.0,2773.00
3992,1327,1,4,3102.00,2.0,3102.00
3993,1327,2,4,3102.00,2.0,3102.00
3994,1328,1,3,2773.00,1.5,2773.00
3995,1328,2,3,2773.00,1.5,2773.00
3996,1329,1,2,1971.00,2.0,1971.00
3997,1329,2,2,1971.00,2.0,1971.00
3998,1329,3,2,1971.00,2.0,1971.00
3999,1329,4,2,1971.00,2.0,1971.00
4000,1330,1,3,2773.00,1.75,2773.00
4001,1330,2,3,2773.00,1.75,2773.00
4002,1330,3,3,2773.00,1.75,2773.00
4003,1331,1,3,2773.00,1.75,2773.00
4004,1331,2,3,2773.00,1.75,2773.00
4005,1331,3,3,2773.00,1.75,2773.00
4006,1332,1,3,2773.00,1.75,2773.00
4007,1332,2,3,2773.00,1.75,2773.00
4008,1332,3,3,2773.00,1.75,2773.00
4009,1333,1,3,2773.00,1.75,2773.00
4010,1333,2,3,2773.00,1.75,2773.00
4011,1333,3,3,2773.00,1.75,2773.00
4012,1334,1,2,1971.00,2.0,1971.00
4013,1334,2,2,1971.00,2.0,1971.00
4014,1334,3,2,1971.00,2.0,1971.00
4015,1334,4,2,1971.00,2.0,1971.00
4016,1335,1,3,2773.00,1.75,2773.00
4017,1335,2,3,2773.00,1.75,2773.00
4018,1335,3,3,2773.00,1.75,2773.00
4019,1336,1,3,2773.00,1.75,2773.00
4020,1336,2,3,2773.00,1.75,2773.00
4021,1336,3,3,2773.00,1.75,2773.00
4022,1337,1,3,2773.00,1.75,2773.00
4023,1337,2,3,2773.00,1.75,2773.00
4024,1337,3,3,2773.00,1.75,2773.00
4025,1338,1,3,2773.00,1.75,2773.00
4026,1338,2,3,2773.00,1.75,2773.00
4027,1338,3,3,2773.00,1.75,2773.00
4028,1339,1,3,2773.00,1.75,2773.00
4029,1339,2,3,2773.00,1.75,2773.00
4030,1339,3,3,2773.00,1.75,2773.00
4031,1340,1,6,4033.00,3.75,4033.00
4032,1340,2,5,3567.00,3.75,3567.00
4033,1340,3,5,3567.00,3.75,3567.00
4034,1341,1,6,4033.00,3.75,4033.00
4035,1341,2,5,3567.00,3.75,3567.00
4036,1341,3,5,3567.00,3.75,3567.00
4037,1342,1,6,4033.00,3.75,4033.00
4038,1342,2,5,3567.00,3.75,3567.00
4039,1342,3,5,3567.00,3.75,3567.00
4040,1343,1,6,4033.00,3.75,4033.00
4041,1343,2,5,3567.00,3.75,3567.00
4042,1343,3,5,3567.00,3.75,3567.00
4043,1344,1,3,2773.00,2.0,2773.00
4044,1344,2,3,2773.00,2.0,2773.00
4045,1345,1,3,2773.00,1.5,2773.00
4046,1345,2,3,2773.00,1.5,2773.00
4047,1346,1,3,2773.00,1.5,2773.00
4048,1346,2,3,2773.00,1.5,2773.00
4049,1347,1,3,2773.00,1.75,2773.00
4050,1347,2,3,2773.00,1.75,2773.00
4051,1347,3,3,2773.00,1.75,2773.00
4052,1348,1,3,2773.00,1.75,2773.00
4053,1348,2,3,2773.00,1.75,2773.00
4054,1348,3,3,2773.00,1.75,2773.00
4055,1349,1,3,2773.00,1.75,2773.00
4056,1349,2,3,2773.00,1.75,2773.00
4057,1350,1,3,2773.00,2.0,2773.00
4058,1350,2,3,2773.00,2.0,2773.00
4059,1351,1,3,2773.00,1.75,2773.00
4060,1351,2,3,2773.00,1.75,2773.00
4061,1352,1,3,2773.00,1.75,2773.00
4062,1352,2,3,2773.00,1.75,2773.00
4063,1353,1,3,2773.00,2.0,2773.00
4064,1353,2,3,2773.00,2.0,2773.00
4065,1354,1,3,2773.00,2.0,2773.00
4066,1354,2,3,2773.00,2.0,2773.00
4067,1355,1,3,2773.00,1.75,2773.00
4068,1355,2,3,2773.00,1.75,2773.00
4069,1356,1,2,1971.00,1.5,1971.00
4070,1356,2,2,1971.00,1.5,1971.00
4071,1357,1,2,1971.00,1.5,1971.00
4072,1357,2,2,1971.00,1.5,1971.00
4073,1358,1,3,2773.00,1.5,2773.00
4074,1358,2,3,2773.00,1.5,2773.00
4075,1359,1,2,1971.00,1.5,1971.00
4076,1359,2,2,1971.00,1.5,1971.00
4077,1360,1,3,2773.00,1.75,2773.00
4078,1360,2,3,2773.00,1.75,2773.00
4079,1361,1,3,2773.00,1.75,2773.00
4080,1361,2,3,2773.00,1.75,2773.00
4081,1362,1,3,2773.00,1.75,2773.00
4082,1362,2,3,2773.00,1.75,2773.00
4083,1362,3,3,2773.00,1.75,2773.00
4084,1363,1,2,1971.00,2.0,1971.00
4085,1363,2,2,1971.00,2.0,1971.00
4086,1363,3,2,1971.00,2.0,1971.00
4087,1363,4,2,1971.00,2.0,1971.00
4088,1364,1,3,2773.00,2.0,2773.00
4089,1364,2,3,2773.00,2.0,2773.00
4090,1364,3,3,2773.00,2.0,2773.00
4091,1365,1,2,1971.00,1.5,1971.00
4092,1365,2,2,1971.00,1.5,1971.00
4093,1365,3,2,1971.00,1.5,1971.00
4094,1366,1,2,1971.00,1.5,1971.00
4095,1366,2,2,1971.00,1.5,1971.00
4096,1366,3,2,1971.00,1.5,1971.00
4097,1367,1,2,1971.00,1.5,1971.00
4098,1367,2,2,1971.00,1.5,1971.00
4099,1367,3,2,1971.00,1.5,1971.00
4100,1368,1,2,1971.00,1.5,1971.00
4101,1368,2,2,1971.00,1.5,1971.00
4102,1368,3,2,1971.00,1.5,1971.00
4103,1369,1,3,2773.00,1.75,2773.00
4104,1369,2,3,2773.00,1.75,2773.00
4105,1369,3,3,2773.00,1.75,2773.00
4106,1370,1,2,1971.00,2.0,1971.00
4107,1370,2,2,1971.00,2.0,1971.00
4108,1370,3,2,1971.00,2.0,1971.00
4109,1370,4,2,1971.00,2.0,1971.00
4110,1371,1,2,1971.00,1.5,1971.00
4111,1371,2,1,1605.00,1.5,1605.00
4112,1372,1,3,2773.00,1.5,2773.00
4113,1372,2,3,2773.00,1.5,2773.00
4114,1373,1,3,2773.00,1.75,2773.00
4115,1373,2,3,2773.00,1.75,2773.00
4116,1374,1,4,3102.00,2.0,3102.00
4117,1374,2,4,3102.00,2.0,3102.00
4118,1375,1,3,2773.00,2.0,2773.00
4119,1375,2,3,2773.00,2.0,2773.00
4120,1376,1,2,1971.00,1.5,1971.00
4121,1376,2,2,1971.00,1.5,1971.00
4122,1377,1,3,2773.00,1.75,2773.00
4123,1377,2,3,2773.00,1.75,2773.00
4124,1378,1,2,1971.00,1.5,1971.00
4125,1378,2,2,1971.00,1.5,1971.00
4126,1379,1,2,1971.00,1.5,1971.00
4127,1379,2,2,1971.00,1.5,1971.00
4128,1380,1,2,1971.00,1.5,1971.00
4129,1380,2,2,1971.00,1.5,1971.00
4130,1381,1,3,2773.00,1.5,2773.00
4131,1381,2,3,2773.00,1.5,2773.00
4132,1382,1,4,3102.00,2.0,3102.00
4133,1382,2,4,3102.00,2.0,3102.00
4134,1383,1,2,1971.00,2.0,1971.00
4135,1383,2,2,1971.00,2.0,1971.00
4136,1384,1,4,3102.00,2.0,3102.00
4137,1384,2,4,3102.00,2.0,3102.00
4138,1385,1,3,2773.00,1.75,2773.00
4139,1385,2,3,2773.00,1.75,2773.00
4140,1386,1,3,2773.00,1.75,2773.00
4141,1386,2,3,2773.00,1.75,2773.00
4142,1387,1,2,1971.00,2.0,1971.00
4143,1387,2,2,1971.00,2.0,1971.00
4144,1387,3,2,1971.00,2.0,1971.00
4145,1387,4,2,1971.00,2.0,1971.00
4146,1388,1,4,3102.00,2.0,3102.00
4147,1388,2,4,3102.00,2.0,3102.00
4148,1389,1,3,2773.00,1.5,2773.00
4149,1389,2,3,2773.00,1.5,2773.00
4150,1390,1,2,1971.00,1.5,1971.00
4151,1390,2,2,1971.00,1.5,1971.00
4152,1391,1,2,1971.00,1.5,1971.00
4153,1391,2,2,1971.00,1.5,1971.00
4154,1392,1,3,2773.00,1.75,2773.00
4155,1392,2,3,2773.00,1.75,2773.00
4156,1393,1,2,1971.00,1.5,1971.00
4157,1393,2,2,1971.00,1.5,1971.00
4158,1394,1,2,1971.00,1.5,1971.00
4159,1394,2,1,1605.00,1.5,1605.00
4160,1395,1,3,2773.00,1.5,2773.00
4161,1395,2,3,2773.00,1.5,2773.00
4162,1396,1,2,1971.00,1.5,1971.00
4163,1396,2,2,1971.00,1.5,1971.00
4164,1396,3,2,1971.00,1.5,1971.00
4165,1397,1,2,1971.00,1.5,1971.00
4166,1397,2,2,1971.00,1.5,1971.00
4167,1398,1,3,2773.00,1.5,2773.00
4168,1398,2,3,2773.00,1.5,2773.00
4169,1399,1,4,3102.00,2.0,3102.00
4170,1399,2,4,3102.00,2.0,3102.00
4171,1400,1,3,2773.00,1.5,2773.00
4172,1400,2,3,2773.00,1.5,2773.00
4173,1401,1,2,1971.00,1.5,1971.00
4174,1401,2,2,1971.00,1.5,1971.00
4175,1402,1,2,1971.00,1.5,1971.00
4176,1402,2,2,1971.00,1.5,1971.00
4177,1403,1,2,1971.00,1.5,1971.00
4178,1403,2,2,1971.00,1.5,1971.00
4179,1404,1,2,1971.00,1.5,1971.00
4180,1404,2,2,1971.00,1.5,1971.00
4181,1405,1,3,2773.00,1.5,2773.00
4182,1405,2,3,2773.00,1.5,2773.00
4183,1406,1,3,2773.00,1.5,2773.00
4184,1406,2,3,2773.00,1.5,2773.00
4185,1407,1,2,1971.00,1.5,1971.00
4186,1407,2,2,1971.00,1.5,1971.00
4187,1408,1,2,1971.00,1.5,1971.00
4188,1408,2,2,1971.00,1.5,1971.00
4189,1409,1,2,1971.00,1.5,1971.00
4190,1409,2,2,1971.00,1.5,1971.00
4191,1410,1,3,2773.00,2.0,2773.00
4192,1410,2,3,2773.00,2.0,2773.00
4193,1411,1,3,2773.00,1.5,2773.00
4194,1411,2,3,2773.00,1.5,2773.00
4195,1412,1,2,1971.00,1.5,1971.00
4196,1412,2,2,1971.00,1.5,1971.00
4197,1413,1,2,1971.00,1.5,1971.00
4198,1413,2,2,1971.00,1.5,1971.00
4199,1414,1,2,1971.00,1.5,1971.00
4200,1414,2,2,1971.00,1.5,1971.00
4201,1415,1,2,1971.00,1.5,1971.00
4202,1415,2,2,1971.00,1.5,1971.00
4203,1416,1,3,2773.00,2.0,2773.00
4204,1416,2,3,2773.00,2.0,2773.00
4205,1417,1,3,2773.00,2.0,2773.00
4206,1417,2,3,2773.00,2.0,2773.00
4207,1418,1,4,3102.00,2.0,3102.00
4208,1418,2,4,3102.00,2.0,3102.00
4209,1419,1,3,2773.00,1.75,2773.00
4210,1419,2,3,2773.00,1.75,2773.00
4211,1420,1,2,1971.00,1.5,1971.00
4212,1420,2,2,1971.00,1.5,1971.00
4213,1421,1,3,2773.00,2.0,2773.00
4214,1421,2,3,2773.00,2.0,2773.00
4215,1422,1,2,1971.00,1.5,1971.00
4216,1422,2,2,1971.00,1.5,1971.00
4217,1423,1,2,1971.00,1.5,1971.00
4218,1423,2,2,1971.00,1.5,1971.00
4219,1424,1,3,2773.00,2.0,2773.00
4220,1424,2,3,2773.00,2.0,2773.00
4221,1425,1,2,1971.00,2.0,1971.00
4222,1425,2,2,1971.00,2.0,1971.00
4223,1426,1,2,1971.00,1.5,1971.00
4224,1426,2,2,1971.00,1.5,1971.00
4225,1427,1,2,1971.00,1.5,1971.00
4226,1427,2,2,1971.00,1.5,1971.00
4227,1428,1,3,2773.00,1.5,2773.00
4228,1428,2,3,2773.00,1.5,2773.00
4229,1429,1,2,1971.00,1.5,1971.00
4230,1429,2,2,1971.00,1.5,1971.00
4231,1430,1,3,2773.00,2.0,2773.00
4232,1430,2,3,2773.00,2.0,2773.00
4233,1431,1,2,1971.00,1.5,1971.00
4234,1431,2,2,1971.00,1.5,1971.00
4235,1432,1,3,2773.00,1.5,2773.00
4236,1432,2,3,2773.00,1.5,2773.00
4237,1433,1,2,1971.00,1.5,1971.00
4238,1433,2,2,1971.00,1.5,1971.00
4239,1434,1,2,1971.00,1.0,1971.00
4240,1434,2,2,1971.00,1.0,1971.00
4241,1434,3,2,1971.00,1.0,1971.00
4242,1434,4,2,1971.00,1.0,1971.00
4243,1435,1,3,2773.00,1.5,2773.00
4244,1435,2,3,2773.00,1.5,2773.00
4245,1436,1,3,2773.00,1.75,2773.00
4246,1436,2,3,2773.00,1.75,2773.00
4247,1436,3,2,1971.00,1.75,1971.00
4248,1437,1,2,1971.00,1.5,1971.00
4249,1437,2,2,1971.00,1.5,1971.00
4250,1438,1,3,2773.00,1.75,2773.00
4251,1438,2,3,2773.00,1.75,2773.00
4252,1438,3,2,1971.00,1.75,1971.00
4253,1439,1,2,1971.00,1.5,1971.00
4254,1439,2,2,1971.00,1.5,1971.00
4255,1440,1,3,2773.00,1.75,2773.00
4256,1440,2,3,2773.00,1.75,2773.00
4257,1440,3,2,1971.00,1.75,1971.00
4258,1441,1,3,2773.00,1.5,2773.00
4259,1441,2,3,2773.00,1.5,2773.00
4260,1442,1,2,1971.00,1.0,1971.00
4261,1442,2,2,1971.00,1.0,1971.00
4262,1442,3,2,1971.00,1.0,1971.00
4263,1442,4,2,1971.00,1.0,1971.00
4264,1443,1,3,2773.00,1.75,2773.00
4265,1443,2,3,2773.00,1.75,2773.00
4266,1443,3,3,2773.00,1.75,2773.00
4267,1444,1,3,2773.00,1.75,2773.00
4268,1444,2,3,2773.00,1.75,2773.00
4269,1444,3,3,2773.00,1.75,2773.00
4270,1445,1,3,2773.00,1.75,2773.00
4271,1445,2,3,2773.00,1.75,2773.00
4272,1445,3,3,2773.00,1.75,2773.00
4273,1446,1,3,2773.00,1.75,2773.00
4274,1446,2,3,2773.00,1.75,2773.00
4275,1446,3,3,2773.00,1.75,2773.00
4276,1447,1,2,1971.00,2.0,1971.00
4277,1447,2,2,1971.00,2.0,1971.00
4278,1448,1,2,1971.00,2.0,1971.00
4279,1448,2,2,1971.00,2.0,1971.00
4280,1449,1,2,1971.00,2.0,1971.00
4281,1449,2,2,1971.00,2.0,1971.00
4282,1450,1,5,3567.00,3.25,3567.00
4283,1450,2,4,3102.00,3.25,3102.00
4284,1450,3,4,3102.00,3.25,3102.00
4285,1451,1,5,3567.00,3.25,3567.00
4286,1451,2,4,3102.00,3.25,3102.00
4287,1451,3,4,3102.00,3.25,3102.00
4288,1452,1,3,2773.00,1.5,2773.00
4289,1452,2,3,2773.00,1.5,2773.00
4290,1453,1,3,2773.00,1.5,2773.00
4291,1453,2,3,2773.00,1.5,2773.00
4292,1454,1,3,2773.00,1.75,2773.00
4293,1454,2,3,2773.00,1.75,2773.00
4294,1454,3,2,1971.00,1.75,1971.00
4295,1455,1,2,1971.00,1.5,1971.00
4296,1455,2,2,1971.00,1.5,1971.00
4297,1456,1,2,1971.00,1.5,1971.00
4298,1456,2,2,1971.00,1.5,1971.00
4299,1457,1,2,1971.00,1.5,1971.00
4300,1457,2,2,1971.00,1.5,1971.00
4301,1458,1,3,2773.00,1.75,2773.00
4302,1458,2,3,2773.00,1.75,2773.00
4303,1458,3,2,1971.00,1.75,1971.00
4304,1459,1,3,2773.00,1.5,2773.00
4305,1459,2,3,2773.00,1.5,2773.00
4306,1460,1,3,2773.00,1.5,2773.00
4307,1460,2,3,2773.00,1.5,2773.00
4308,1461,1,2,1971.00,1.0,1971.00
4309,1461,2,2,1971.00,1.0,1971.00
4310,1461,3,2,1971.00,1.0,1971.00
4311,1461,4,2,1971.00,1.0,1971.00
4312,1462,1,2,1971.00,1.5,1971.00
4313,1462,2,2,1971.00,1.5,1971.00
4314,1463,1,2,1971.00,1.5,1971.00
4315,1463,2,2,1971.00,1.5,1971.00
4316,1464,1,3,2773.00,1.75,2773.00
4317,1464,2,3,2773.00,1.75,2773.00
4318,1464,3,2,1971.00,1.75,1971.00
4319,1465,1,2,1971.00,1.5,1971.00
4320,1465,2,2,1971.00,1.5,1971.00
4321,1466,1,2,1971.00,1.0,1971.00
4322,1466,2,2,1971.00,1.0,1971.00
4323,1467,1,2,1971.00,1.0,1971.00
4324,1467,2,2,1971.00,1.0,1971.00
4325,1468,1,1,1605.00,1.0,1605.00
4326,1468,2,1,1605.00,1.0,1605.00
4327,1469,1,1,1605.00,1.0,1605.00
4328,1469,2,1,1605.00,1.0,1605.00
4329,1469,3,1,1605.00,1.0,1605.00
4330,1469,4,1,1605.00,1.0,1605.00
4331,1470,1,2,1971.00,1.0,1971.00
4332,1470,2,2,1971.00,1.0,1971.00
4333,1471,1,3,2773.00,1.0,2773.00
4334,1471,2,3,2773.00,1.0,2773.00
4335,1471,3,2,1971.00,1.0,1971.00
4336,1471,4,2,1971.00,1.0,1971.00
4337,1472,1,2,1971.00,1.0,1971.00
4338,1472,2,2,1971.00,1.0,1971.00
4339,1473,1,1,1605.00,1.0,1605.00
4340,1473,2,1,1605.00,1.0,1605.00
4341,1474,1,1,1605.00,1.0,1605.00
4342,1474,2,1,1605.00,1.0,1605.00
4343,1475,1,2,1971.00,1.0,1971.00
4344,1475,2,2,1971.00,1.0,1971.00
4345,1476,1,2,1971.00,1.0,1971.00
4346,1476,2,2,1971.00,1.0,1971.00
4347,1477,1,2,1971.00,1.0,1971.00
4348,1477,2,2,1971.00,1.0,1971.00
4349,1478,1,2,1971.00,1.0,1971.00
4350,1478,2,2,1971.00,1.0,1971.00
4351,1479,1,3,2773.00,1.0,2773.00
4352,1479,2,3,2773.00,1.0,2773.00
4353,1479,3,2,1971.00,1.0,1971.00
4354,1479,4,2,1971.00,1.0,1971.00
4355,1480,1,1,1605.00,1.0,1605.00
4356,1480,2,1,1605.00,1.0,1605.00
4357,1481,1,1,1605.00,1.0,1605.00
4358,1481,2,1,1605.00,1.0,1605.00
4359,1482,1,2,1971.00,1.0,1971.00
4360,1482,2,2,1971.00,1.0,1971.00
4361,1483,1,2,1971.00,1.0,1971.00
4362,1483,2,2,1971.00,1.0,1971.00
4363,1484,1,2,1971.00,1.0,1971.00
4364,1484,2,2,1971.00,1.0,1971.00
4365,1485,1,1,1605.00,1.0,1605.00
4366,1485,2,1,1605.00,1.0,1605.00
4367,1486,1,1,1605.00,1.0,1605.00
4368,1486,2,1,1605.00,1.0,1605.00
4369,1487,1,2,1971.00,1.0,1971.00
4370,1487,2,2,1971.00,1.0,1971.00
4371,1488,1,3,2773.00,1.0,2773.00
4372,1488,2,3,2773.00,1.0,2773.00
4373,1488,3,2,1971.00,1.0,1971.00
4374,1488,4,2,1971.00,1.0,1971.00
4375,1489,1,3,2773.00,2.0,2773.00
4376,1489,2,3,2773.00,2.0,2773.00
4377,1489,3,3,2773.00,2.0,2773.00
4378,1489,4,3,2773.00,2.0,2773.00
4379,1490,1,1,1605.00,1.0,1605.00
4380,1490,2,1,1605.00,1.0,1605.00
4381,1491,1,2,1971.00,1.0,1971.00
4382,1491,2,2,1971.00,1.0,1971.00
4383,1492,1,2,1971.00,1.0,1971.00
4384,1492,2,2,1971.00,1.0,1971.00
4385,1493,1,1,1605.00,1.0,1605.00
4386,1493,2,1,1605.00,1.0,1605.00
4387,1494,1,2,1971.00,1.0,1971.00
4388,1494,2,2,1971.00,1.0,1971.00
4389,1495,1,2,1971.00,1.0,1971.00
4390,1495,2,2,1971.00,1.0,1971.00
4391,1496,1,2,1971.00,1.0,1971.00
4392,1496,2,2,1971.00,1.0,1971.00
4393,1497,1,2,1971.00,1.0,1971.00
4394,1497,2,2,1971.00,1.0,1971.00
4395,1498,1,2,1971.00,1.0,1971.00
4396,1498,2,2,1971.00,1.0,1971.00
4397,1499,1,2,1971.00,1.0,1971.00
4398,1499,2,2,1971.00,1.0,1971.00
4399,1500,1,2,1971.00,1.0,1971.00
4400,1500,2,2,1971.00,1.0,1971.00
4401,1501,1,2,1971.00,1.0,1971.00
4402,1501,2,2,1971.00,1.0,1971.00
4403,1502,1,2,1971.00,1.0,1971.00
4404,1502,2,2,1971.00,1.0,1971.00
4405,1503,1,2,1971.00,1.0,1971.00
4406,1503,2,1,1605.00,1.0,1605.00
4407,1504,1,2,1971.00,1.0,1971.00
4408,1504,2,2,1971.00,1.0,1971.00
4409,1505,1,2,1971.00,1.0,1971.00
4410,1505,2,2,1971.00,1.0,1971.00
4411,1506,1,3,2773.00,1.0,2773.00
4412,1506,2,3,2773.00,1.0,2773.00
4413,1506,3,2,1971.00,1.0,1971.00
4414,1506,4,2,1971.00,1.0,1971.00
4415,1507,1,2,1971.00,2.0,1971.00
4416,1507,2,2,1971.00,2.0,1971.00
4417,1507,3,2,1971.00,2.0,1971.00
4418,1507,4,2,1971.00,2.0,1971.00
4419,1507,5,1,1605.00,2.0,1605.00
4420,1507,6,1,1605.00,2.0,1605.00
4421,1508,1,1,1605.00,1.0,1605.00
4422,1508,2,1,1605.00,1.0,1605.00
4423,1509,1,2,1971.00,1.0,1971.00
4424,1509,2,2,1971.00,1.0,1971.00
4425,1510,1,1,1605.00,1.0,1605.00
4426,1510,2,1,1605.00,1.0,1605.00
4427,1511,1,1,1605.00,,1605.00
4428,1511,2,1,1605.00,,1605.00
4429,1511,3,1,1605.00,,1605.00
4430,1511,4,1,1605.00,,1605.00
4431,1511,5,1,1605.00,,1605.00
4432,1511,6,1,1605.00,,1605.00
4433,1511,7,1,1605.00,,1605.00
4434,1511,8,1,1605.00,,1605.00
4435,1512,1,2,1971.00,1.0,1971.00
4436,1512,2,2,1971.00,1.0,1971.00
4437,1513,1,2,1971.00,1.0,1971.00
4438,1513,2,2,1971.00,1.0,1971.00
4439,1514,1,2,1971.00,1.0,1971.00
4440,1514,2,1,1605.00,1.0,1605.00
4441,1515,1,2,1971.00,1.0,1971.00
4442,1515,2,1,1605.00,1.0,1605.00
4443,1516,1,2,1971.00,1.0,1971.00
4444,1516,2,2,1971.00,1.0,1971.00
4445,1516,3,2,1971.00,1.0,1971.00
4446,1516,4,2,1971.00,1.0,1971.00
4447,1517,1,2,1971.00,1.0,1971.00
4448,1517,2,2,1971.00,1.0,1971.00
4449,1517,3,2,1971.00,1.0,1971.00
4450,1517,4,2,1971.00,1.0,1971.00
4451,1518,1,2,1971.00,1.0,1971.00
4452,1518,2,2,1971.00,1.0,1971.00
4453,1518,3,2,1971.00,1.0,1971.00
4454,1518,4,2,1971.00,1.0,1971.00
4455,1519,1,2,1971.00,1.0,1971.00
4456,1519,2,2,1971.00,1.0,1971.00
4457,1519,3,2,1971.00,1.0,1971.00
4458,1519,4,2,1971.00,1.0,1971.00
4459,1520,1,2,1971.00,1.0,1971.00
4460,1520,2,2,1971.00,1.0,1971.00
4461,1521,1,2,1971.00,1.0,1971.00
4462,1521,2,2,1971.00,1.0,1971.00
4463,1521,3,2,1971.00,1.0,1971.00
4464,1521,4,2,1971.00,1.0,1971.00
4465,1522,1,2,1971.00,1.0,1971.00
4466,1522,2,2,1971.00,1.0,1971.00
4467,1522,3,2,1971.00,1.0,1971.00
4468,1522,4,2,1971.00,1.0,1971.00
4469,1523,1,2,1971.00,1.25,1971.00
4470,1523,2,2,1971.00,1.25,1971.00
4471,1523,3,1,1605.00,1.25,1605.00
4472,1524,1,2,1971.00,1.25,1971.00
4473,1524,2,2,1971.00,1.25,1971.00
4474,1525,1,2,1971.00,1.0,1971.00
4475,1525,2,2,1971.00,1.0,1971.00
4476,1526,1,1,1605.00,1.0,1605.00
4477,1526,2,1,1605.00,1.0,1605.00
4478,1527,1,3,2773.00,1.0,2773.00
4479,1527,2,3,2773.00,1.0,2773.00
4480,1528,1,3,2773.00,1.5,2773.00
4481,1528,2,3,2773.00,1.5,2773.00
4482,1528,3,2,1971.00,1.5,1971.00
4483,1528,4,2,1971.00,1.5,1971.00
4484,1529,1,2,1971.00,1.0,1971.00
4485,1529,2,2,1971.00,1.0,1971.00
4486,1530,1,2,1971.00,1.0,1971.00
4487,1530,2,1,1605.00,1.0,1605.00
4488,1531,1,1,1605.00,1.0,1605.00
4489,1531,2,1,1605.00,1.0,1605.00
4490,1532,1,2,1971.00,1.0,1971.00
4491,1532,2,2,1971.00,1.0,1971.00
4492,1533,1,2,1971.00,1.5,1971.00
4493,1533,2,2,1971.00,1.5,1971.00
4494,1534,1,2,1971.00,1.0,1971.00
4495,1534,2,2,1971.00,1.0,1971.00
4496,1535,1,2,1971.00,1.0,1971.00
4497,1535,2,2,1971.00,1.0,1971.00
4498,1536,1,2,1971.00,1.0,1971.00
4499,1536,2,1,1605.00,1.0,1605.00
4500,1537,1,2,1971.00,1.25,1971.00
4501,1537,2,2,1971.00,1.25,1971.00
4502,1537,3,2,1971.00,1.25,1971.00
4503,1537,4,1,1605.00,1.25,1605.00
4504,1538,1,2,1971.00,1.0,1971.00
4505,1538,2,2,1971.00,1.0,1971.00
4506,1539,1,2,1971.00,1.0,1971.00
4507,1539,2,2,1971.00,1.0,1971.00
4508,1540,1,1,1605.00,1.0,1605.00
4509,1540,2,1,1605.00,1.0,1605.00
4510,1540,3,1,1605.00,1.0,1605.00
4511,1541,1,2,1971.00,1.0,1971.00
4512,1541,2,2,1971.00,1.0,1971.00
4513,1542,1,2,1971.00,1.0,1971.00
4514,1542,2,1,1605.00,1.0,1605.00
4515,1543,1,2,1971.00,1.0,1971.00
4516,1543,2,1,1605.00,1.0,1605.00
4517,1544,1,1,1605.00,,1605.00
4518,1544,2,1,1605.00,,1605.00
4519,1544,3,1,1605.00,,1605.00
4520,1544,4,1,1605.00,,1605.00
4521,1544,5,1,1605.00,,1605.00
4522,1544,6,1,1605.00,,1605.00
4523,1545,1,1,1605.00,,1605.00
4524,1545,2,1,1605.00,,1605.00
4525,1545,3,1,1605.00,,1605.00
4526,1545,4,1,1605.00,,1605.00
4527,1545,5,1,1605.00,,1605.00
4528,1545,6,1,1605.00,,1605.00
4529,1545,7,1,1605.00,,1605.00
4530,1545,8,1,1605.00,,1605.00
4531,1546,1,2,1971.00,1.0,1971.00
4532,1546,2,2,1971.00,1.0,1971.00
4533,1547,1,2,1971.00,1.0,1971.00
4534,1547,2,2,1971.00,1.0,1971.00
4535,1547,3,2,1971.00,1.0,1971.00
4536,1548,1,2,1971.00,1.5,1971.00
4537,1548,2,2,1971.00,1.5,1971.00
4538,1549,1,2,1971.00,1.0,1971.00
4539,1549,2,2,1971.00,1.0,1971.00
4540,1549,3,2,1971.00,1.0,1971.00
4541,1549,4,2,1971.00,1.0,1971.00
4542,1550,1,2,1971.00,1.5,1971.00
4543,1550,2,2,1971.00,1.5,1971.00
4544,1551,1,2,1971.00,1.5,1971.00
4545,1551,2,2,1971.00,1.5,1971.00
4546,1552,1,4,3102.00,3.0,3102.00
4547,1552,2,4,3102.00,3.0,3102.00
4548,1553,1,2,1971.00,1.0,1971.00
4549,1553,2,2,1971.00,1.0,1971.00
4550,1554,1,2,1971.00,1.0,1971.00
4551,1554,2,2,1971.00,1.0,1971.00
4552,1554,3,2,1971.00,1.0,1971.00
4553,1555,1,3,2773.00,1.0,2773.00
4554,1555,2,2,1971.00,1.0,1971.00
4555,1556,1,2,1971.00,1.5,1971.00
4556,1556,2,2,1971.00,1.5,1971.00
4557,1557,1,3,2773.00,1.0,2773.00
4558,1557,2,2,1971.00,1.0,1971.00
4559,1558,1,3,2773.00,2.0,2773.00
4560,1558,2,3,2773.00,2.0,2773.00
4561,1559,1,2,1971.00,1.0,1971.00
4562,1559,2,2,1971.00,1.0,1971.00
4563,1560,1,2,1971.00,1.0,1971.00
4564,1560,2,2,1971.00,1.0,1971.00
4565,1560,3,2,1971.00,1.0,1971.00
4566,1561,1,3,2773.00,1.5,2773.00
4567,1561,2,2,1971.00,1.5,1971.00
4568,1561,3,2,1971.00,1.5,1971.00
4569,1562,1,3,2773.00,1.5,2773.00
4570,1562,2,2,1971.00,1.5,1971.00
4571,1562,3,2,1971.00,1.5,1971.00
4572,1563,1,3,2773.00,1.0,2773.00
4573,1563,2,3,2773.00,1.0,2773.00
4574,1564,1,2,1971.00,1.0,1971.00
4575,1564,2,2,1971.00,1.0,1971.00
4576,1565,1,3,2773.00,2.25,2773.00
4577,1565,2,3,2773.00,2.25,2773.00
4578,1566,1,3,2773.00,2.25,2773.00
4579,1566,2,3,2773.00,2.25,2773.00
4580,1567,1,2,1971.00,1.0,1971.00
4581,1567,2,2,1971.00,1.0,1971.00
4582,1567,3,2,1971.00,1.0,1971.00
4583,1568,1,2,1971.00,1.0,1971.00
4584,1568,2,2,1971.00,1.0,1971.00
4585,1568,3,2,1971.00,1.0,1971.00
4586,1569,1,2,1971.00,1.0,1971.00
4587,1569,2,2,1971.00,1.0,1971.00
4588,1569,3,2,1971.00,1.0,1971.00
4589,1570,1,2,1971.00,1.0,1971.00
4590,1570,2,2,1971.00,1.0,1971.00
4591,1571,1,2,1971.00,1.0,1971.00
4592,1571,2,2,1971.00,1.0,1971.00
4593,1572,1,2,1971.00,1.0,1971.00
4594,1572,2,2,1971.00,1.0,1971.00
4595,1572,3,2,1971.00,1.0,1971.00
4596,1573,1,2,1971.00,1.5,1971.00
4597,1573,2,2,1971.00,1.5,1971.00
4598,1574,1,2,1971.00,1.0,1971.00
4599,1574,2,2,1971.00,1.0,1971.00
4600,1575,1,2,1971.00,1.0,1971.00
4601,1575,2,2,1971.00,1.0,1971.00
4602,1575,3,2,1971.00,1.0,1971.00
4603,1575,4,2,1971.00,1.0,1971.00
4604,1576,1,2,1971.00,1.0,1971.00
4605,1576,2,2,1971.00,1.0,1971.00
4606,1576,3,1,1605.00,1.0,1605.00
4607,1577,1,2,1971.00,1.0,1971.00
4608,1577,2,2,1971.00,1.0,1971.00
4609,1578,1,1,1605.00,,1605.00
4610,1578,2,1,1605.00,,1605.00
4611,1578,3,1,1605.00,,1605.00
4612,1578,4,1,1605.00,,1605.00
4613,1578,5,1,1605.00,,1605.00
4614,1578,6,1,1605.00,,1605.00
4615,1578,7,1,1605.00,,1605.00
4616,1578,8,1,1605.00,,1605.00
4617,1579,1,3,2773.00,1.0,2773.00
4618,1579,2,2,1971.00,1.0,1971.00
4619,1580,1,2,1971.00,1.25,1971.00
4620,1580,2,1,1605.00,1.25,1605.00
4621,1581,1,1,1605.00,,1605.00
4622,1581,2,1,1605.00,,1605.00
4623,1581,3,1,1605.00,,1605.00
4624,1581,4,1,1605.00,,1605.00
4625,1581,5,1,1605.00,,1605.00
4626,1581,6,1,1605.00,,1605.00
4627,1582,1,2,1971.00,1.0,1971.00
4628,1582,2,2,1971.00,1.0,1971.00
4629,1583,1,2,1971.00,1.5,1971.00
4630,1583,2,2,1971.00,1.5,1971.00
4631,1583,3,2,1971.00,1.5,1971.00
4632,1583,4,2,1971.00,1.5,1971.00
4633,1584,1,2,1971.00,1.0,1971.00
4634,1584,2,2,1971.00,1.0,1971.00
4635,1584,3,2,1971.00,1.0,1971.00
4636,1584,4,2,1971.00,1.0,1971.00
4637,1585,1,2,1971.00,1.0,1971.00
4638,1585,2,2,1971.00,1.0,1971.00
4639,1585,3,2,1971.00,1.0,1971.00
4640,1585,4,2,1971.00,1.0,1971.00
4641,1586,1,2,1971.00,1.0,1971.00
4642,1586,2,2,1971.00,1.0,1971.00
4643,1586,3,2,1971.00,1.0,1971.00
4644,1586,4,2,1971.00,1.0,1971.00
4645,1587,1,2,1971.00,1.0,1971.00
4646,1587,2,2,1971.00,1.0,1971.00
4647,1587,3,2,1971.00,1.0,1971.00
4648,1587,4,2,1971.00,1.0,1971.00
4649,1588,1,2,1971.00,1.0,1971.00
4650,1588,2,2,1971.00,1.0,1971.00
4651,1588,3,2,1971.00,1.0,1971.00
4652,1588,4,2,1971.00,1.0,1971.00
4653,1589,1,2,1971.00,1.0,1971.00
4654,1589,2,2,1971.00,1.0,1971.00
4655,1589,3,2,1971.00,1.0,1971.00
4656,1589,4,2,1971.00,1.0,1971.00
4657,1590,1,2,1971.00,1.0,1971.00
4658,1590,2,2,1971.00,1.0,1971.00
4659,1590,3,2,1971.00,1.0,1971.00
4660,1590,4,2,1971.00,1.0,1971.00
4661,1591,1,2,1971.00,1.5,1971.00
4662,1591,2,2,1971.00,1.5,1971.00
4663,1591,3,2,1971.00,1.5,1971.00
4664,1591,4,2,1971.00,1.5,1971.00
4665,1592,1,2,1971.00,1.5,1971.00
4666,1592,2,2,1971.00,1.5,1971.00
4667,1592,3,2,1971.00,1.5,1971.00
4668,1592,4,2,1971.00,1.5,1971.00
4669,1593,1,2,1971.00,1.5,1971.00
4670,1593,2,2,1971.00,1.5,1971.00
4671,1593,3,2,1971.00,1.5,1971.00
4672,1593,4,2,1971.00,1.5,1971.00
4673,1594,1,2,1971.00,1.5,1971.00
4674,1594,2,2,1971.00,1.5,1971.00
4675,1594,3,2,1971.00,1.5,1971.00
4676,1594,4,2,1971.00,1.5,1971.00
4677,1595,1,2,1971.00,1.5,1971.00
4678,1595,2,2,1971.00,1.5,1971.00
4679,1595,3,2,1971.00,1.5,1971.00
4680,1595,4,2,1971.00,1.5,1971.00
4681,1596,1,2,1971.00,1.0,1971.00
4682,1596,2,2,1971.00,1.0,1971.00
4683,1596,3,2,1971.00,1.0,1971.00
4684,1596,4,2,1971.00,1.0,1971.00
4685,1597,1,2,1971.00,1.0,1971.00
4686,1597,2,2,1971.00,1.0,1971.00
4687,1597,3,2,1971.00,1.0,1971.00
4688,1597,4,2,1971.00,1.0,1971.00
4689,1598,1,2,1971.00,1.0,1971.00
4690,1598,2,2,1971.00,1.0,1971.00
4691,1598,3,2,1971.00,1.0,1971.00
4692,1598,4,2,1971.00,1.0,1971.00
4693,1599,1,2,1971.00,1.0,1971.00
4694,1599,2,2,1971.00,1.0,1971.00
4695,1599,3,2,1971.00,1.0,1971.00
4696,1599,4,2,1971.00,1.0,1971.00
4697,1600,1,2,1971.00,1.0,1971.00
4698,1600,2,2,1971.00,1.0,1971.00
4699,1600,3,2,1971.00,1.0,1971.00
4700,1600,4,2,1971.00,1.0,1971.00
4701,1601,1,2,1971.00,1.0,1971.00
4702,1601,2,2,1971.00,1.0,1971.00
4703,1601,3,2,1971.00,1.0,1971.00
4704,1601,4,2,1971.00,1.0,1971.00
4705,1602,1,1,1605.00,,1605.00
4706,1602,2,1,1605.00,,1605.00
4707,1602,3,1,1605.00,,1605.00
4708,1602,4,1,1605.00,,1605.00
4709,1602,5,1,1605.00,,1605.00
4710,1602,6,1,1605.00,,1605.00
4711,1602,7,1,1605.00,,1605.00
4712,1602,8,1,1605.00,,1605.00
4713,1603,1,4,3102.00,2.75,3102.00
4714,1603,2,3,2773.00,2.75,2773.00
4715,1604,1,1,1605.00,1.0,1605.00
4716,1604,2,1,1605.00,1.0,1605.00
4717,1604,3,1,1605.00,1.0,1605.00
4718,1604,4,1,1605.00,1.0,1605.00
4719,1604,5,1,1605.00,1.0,1605.00
4720,1605,1,2,1971.00,1.0,1971.00
4721,1605,2,2,1971.00,1.0,1971.00
4722,1605,3,2,1971.00,1.0,1971.00
4723,1605,4,2,1971.00,1.0,1971.00
4724,1606,1,2,1971.00,1.0,1971.00
4725,1606,2,2,1971.00,1.0,1971.00
4726,1606,3,2,1971.00,1.0,1971.00
4727,1606,4,2,1971.00,1.0,1971.00
4728,1607,1,2,1971.00,1.0,1971.00
4729,1607,2,2,1971.00,1.0,1971.00
4730,1607,3,2,1971.00,1.0,1971.00
4731,1607,4,2,1971.00,1.0,1971.00
4732,1608,1,3,2773.00,1.25,2773.00
4733,1608,2,3,2773.00,1.25,2773.00
4734,1609,1,2,1971.00,1.0,1971.00
4735,1609,2,1,1605.00,1.0,1605.00
4736,1610,1,5,3567.00,2.5,3567.00
4737,1610,2,4,3102.00,2.5,3102.00
4738,1611,1,3,2773.00,1.25,2773.00
4739,1611,2,3,2773.00,1.25,2773.00
4740,1611,3,2,1971.00,1.25,1971.00
4741,1612,1,3,2773.00,1.0,2773.00
4742,1612,2,3,2773.00,1.0,2773.00
4743,1612,3,2,1971.00,1.0,1971.00
4744,1613,1,2,1971.00,1.25,1971.00
4745,1613,2,1,1605.00,1.25,1605.00
4746,1613,3,1,1605.00,1.25,1605.00
4747,1614,1,3,2773.00,2.5,2773.00
4748,1614,2,3,2773.00,2.5,2773.00
4749,1615,1,3,2773.00,2.0,2773.00
4750,1615,2,2,1971.00,2.0,1971.00
4751,1616,1,3,2773.00,1.25,2773.00
4752,1616,2,2,1971.00,1.25,1971.00
4753,1617,1,1,1605.00,,1605.00
4754,1617,2,1,1605.00,,1605.00
4755,1617,3,1,1605.00,,1605.00
4756,1617,4,1,1605.00,,1605.00
4757,1617,5,1,1605.00,,1605.00
4758,1617,6,1,1605.00,,1605.00
4759,1617,7,1,1605.00,,1605.00
4760,1617,8,1,1605.00,,1605.00
4761,1618,1,2,1971.00,1.0,1971.00
4762,1618,2,2,1971.00,1.0,1971.00
4763,1618,3,2,1971.00,1.0,1971.00
4764,1618,4,2,1971.00,1.0,1971.00
4765,1619,1,2,1971.00,1.0,1971.00
4766,1619,2,2,1971.00,1.0,1971.00
4767,1619,3,2,1971.00,1.0,1971.00
4768,1619,4,2,1971.00,1.0,1971.00
4769,1620,1,2,1971.00,1.0,1971.00
4770,1620,2,2,1971.00,1.0,1971.00
4771,1621,1,2,1971.00,1.0,1971.00
4772,1621,2,2,1971.00,1.0,1971.00
4773,1622,1,2,1971.00,1.5,1971.00
4774,1622,2,2,1971.00,1.5,1971.00
4775,1623,1,1,1605.00,,1605.00
4776,1623,2,1,1605.00,,1605.00
4777,1623,3,1,1605.00,,1605.00
4778,1623,4,1,1605.00,,1605.00
4779,1623,5,1,1605.00,,1605.00
4780,1623,6,1,1605.00,,1605.00
4781,1623,7,1,1605.00,,1605.00
4782,1623,8,1,1605.00,,1605.00
4783,1624,1,1,1605.00,1.0,1605.00
4784,1624,2,1,1605.00,1.0,1605.00
4785,1624,3,1,1605.00,1.0,1605.00
4786,1624,4,1,1605.00,1.0,1605.00
4787,1625,1,3,2773.00,1.0,2773.00
4788,1625,2,2,1971.00,1.0,1971.00
4789,1626,1,2,1971.00,1.0,1971.00
4790,1626,2,2,1971.00,1.0,1971.00
4791,1627,1,2,1971.00,1.0,1971.00
4792,1627,2,2,1971.00,1.0,1971.00
4793,1628,1,2,1971.00,1.0,1971.00
4794,1628,2,1,1605.00,1.0,1605.00
4795,1629,1,1,1605.00,,1605.00
4796,1629,2,1,1605.00,,1605.00
4797,1629,3,1,1605.00,,1605.00
4798,1629,4,1,1605.00,,1605.00
4799,1629,5,1,1605.00,,1605.00
4800,1629,6,1,1605.00,,1605.00
4801,1630,1,2,1971.00,1.0,1971.00
4802,1630,2,1,1605.00,1.0,1605.00
4803,1630,3,1,1605.00,1.0,1605.00
4804,1631,1,2,1971.00,1.75,1971.00
4805,1631,2,2,1971.00,1.75,1971.00
4806,1631,3,2,1971.00,1.75,1971.00
4807,1632,1,2,1971.00,1.0,1971.00
4808,1632,2,1,1605.00,1.0,1605.00
4809,1633,1,2,1971.00,1.0,1971.00
4810,1633,2,2,1971.00,1.0,1971.00
4811,1634,1,1,1605.00,1.0,1605.00
4812,1634,2,1,1605.00,1.0,1605.00
4813,1635,1,2,1971.00,1.0,1971.00
4814,1635,2,2,1971.00,1.0,1971.00
4815,1636,1,1,1605.00,1.0,1605.00
4816,1636,2,1,1605.00,1.0,1605.00
4817,1637,1,2,1971.00,1.0,1971.00
4818,1637,2,1,1605.00,1.0,1605.00
4819,1638,1,2,1971.00,1.0,1971.00
4820,1638,2,2,1971.00,1.0,1971.00
4821,1638,3,2,1971.00,1.0,1971.00
4822,1639,1,1,1605.00,1.25,1605.00
4823,1639,2,1,1605.00,1.25,1605.00
4824,1640,1,2,1971.00,1.0,1971.00
4825,1640,2,2,1971.00,1.0,1971.00
4826,1641,1,2,1971.00,1.0,1971.00
4827,1641,2,1,1605.00,1.0,1605.00
4828,1642,1,2,1971.00,1.0,1971.00
4829,1642,2,2,1971.00,1.0,1971.00
4830,1643,1,3,2773.00,2.5,2773.00
4831,1643,2,3,2773.00,2.5,2773.00
4832,1644,1,3,2773.00,2.5,2773.00
4833,1644,2,3,2773.00,2.5,2773.00
4834,1644,3,3,2773.00,2.5,2773.00
4835,1645,1,2,1971.00,1.0,1971.00
4836,1645,2,2,1971.00,1.0,1971.00
4837,1646,1,3,2773.00,1.0,2773.00
4838,1646,2,3,2773.00,1.0,2773.00
4839,1647,1,1,1605.00,1.0,1605.00
4840,1647,2,1,1605.00,1.0,1605.00
4841,1647,3,1,1605.00,1.0,1605.00
4842,1648,1,3,2773.00,1.0,2773.00
4843,1648,2,2,1971.00,1.0,1971.00
4844,1649,1,2,1971.00,1.0,1971.00
4845,1649,2,1,1605.00,1.0,1605.00
4846,1649,3,1,1605.00,1.0,1605.00
4847,1650,1,2,1971.00,1.0,1971.00
4848,1650,2,2,1971.00,1.0,1971.00
4849,1651,1,3,2773.00,2.0,2773.00
4850,1651,2,2,1971.00,2.0,1971.00
4851,1652,1,2,1971.00,1.0,1971.00
4852,1652,2,2,1971.00,1.0,1971.00
4853,1652,3,2,1971.00,1.0,1971.00
4854,1653,1,4,3102.00,1.75,3102.00
4855,1653,2,4,3102.00,1.75,3102.00
4856,1653,3,4,3102.00,1.75,3102.00
4857,1654,1,3,2773.00,2.0,2773.00
4858,1654,2,3,2773.00,2.0,2773.00
4859,1655,1,3,2773.00,2.0,2773.00
4860,1655,2,3,2773.00,2.0,2773.00
4861,1656,1,3,2773.00,2.0,2773.00
4862,1656,2,3,2773.00,2.0,2773.00
4863,1657,1,2,1971.00,1.5,1971.00
4864,1657,2,2,1971.00,1.5,1971.00
4865,1658,1,2,1971.00,1.0,1971.00
4866,1658,2,2,1971.00,1.0,1971.00
4867,1659,1,3,2773.00,1.5,2773.00
4868,1659,2,3,2773.00,1.5,2773.00
4869,1660,1,1,1605.00,1.0,1605.00
4870,1660,2,1,1605.00,1.0,1605.00
4871,1661,1,1,1605.00,1.0,1605.00
4872,1661,2,1,1605.00,1.0,1605.00
4873,1662,1,2,1971.00,1.0,1971.00
4874,1662,2,2,1971.00,1.0,1971.00
4875,1663,1,3,2773.00,1.0,2773.00
4876,1663,2,2,1971.00,1.0,1971.00
4877,1664,1,2,1971.00,1.0,1971.00
4878,1664,2,2,1971.00,1.0,1971.00
4879,1665,1,3,2773.00,1.75,2773.00
4880,1665,2,2,1971.00,1.75,1971.00
4881,1666,1,2,1971.00,1.0,1971.00
4882,1666,2,1,1605.00,1.0,1605.00
4883,1667,1,2,1971.00,1.0,1971.00
4884,1667,2,2,1971.00,1.0,1971.00
4885,1668,1,2,1971.00,1.0,1971.00
4886,1668,2,2,1971.00,1.0,1971.00
4887,1669,1,2,1971.00,1.0,1971.00
4888,1669,2,2,1971.00,1.0,1971.00
4889,1669,3,1,1605.00,1.0,1605.00
4890,1670,1,2,1971.00,1.0,1971.00
4891,1670,2,2,1971.00,1.0,1971.00
4892,1670,3,1,1605.00,1.0,1605.00
4893,1671,1,2,1971.00,1.0,1971.00
4894,1671,2,2,1971.00,1.0,1971.00
4895,1671,3,2,1971.00,1.0,1971.00
4896,1672,1,2,1971.00,1.0,1971.00
4897,1672,2,2,1971.00,1.0,1971.00
4898,1672,3,2,1971.00,1.0,1971.00
4899,1673,1,3,2773.00,2.5,2773.00
4900,1673,2,3,2773.00,2.5,2773.00
4901,1674,1,2,1971.00,1.0,1971.00
4902,1674,2,2,1971.00,1.0,1971.00
4903,1675,1,2,1971.00,1.0,1971.00
4904,1675,2,2,1971.00,1.0,1971.00
4905,1676,1,2,1971.00,1.0,1971.00
4906,1676,2,2,1971.00,1.0,1971.00
4907,1677,1,1,1605.00,1.0,1605.00
4908,1677,2,1,1605.00,1.0,1605.00
4909,1678,1,2,1971.00,1.0,1971.00
4910,1678,2,2,1971.00,1.0,1971.00
4911,1679,1,3,2773.00,1.0,2773.00
4912,1679,2,2,1971.00,1.0,1971.00
4913,1680,1,2,1971.00,1.0,1971.00
4914,1680,2,2,1971.00,1.0,1971.00
4915,1681,1,2,1971.00,1.0,1971.00
4916,1681,2,2,1971.00,1.0,1971.00
4917,1682,1,2,1971.00,1.0,1971.00
4918,1682,2,1,1605.00,1.0,1605.00
4919,1683,1,2,1971.00,1.0,1971.00
4920,1683,2,1,1605.00,1.0,1605.00
4921,1684,1,3,2773.00,2.5,2773.00
4922,1684,2,3,2773.00,2.5,2773.00
4923,1685,1,2,1971.00,1.0,1971.00
4924,1685,2,2,1971.00,1.0,1971.00
4925,1686,1,2,1971.00,1.0,1971.00
4926,1686,2,1,1605.00,1.0,1605.00
4927,1687,1,2,1971.00,1.0,1971.00
4928,1687,2,2,1971.00,1.0,1971.00
4929,1688,1,2,1971.00,1.0,1971.00
4930,1688,2,2,1971.00,1.0,1971.00
4931,1689,1,2,1971.00,1.0,1971.00
4932,1689,2,2,1971.00,1.0,1971.00
4933,1690,1,2,1971.00,1.0,1971.00
4934,1690,2,2,1971.00,1.0,1971.00
4935,1691,1,2,1971.00,1.5,1971.00
4936,1691,2,2,1971.00,1.5,1971.00
4937,1692,1,3,2773.00,1.0,2773.00
4938,1692,2,3,2773.00,1.0,2773.00
4939,1693,1,2,1971.00,1.0,1971.00
4940,1693,2,2,1971.00,1.0,1971.00
4941,1694,1,2,1971.00,1.0,1971.00
4942,1694,2,2,1971.00,1.0,1971.00
4943,1694,3,2,1971.00,1.0,1971.00
4944,1695,1,2,1971.00,1.0,1971.00
4945,1695,2,2,1971.00,1.0,1971.00
4946,1695,3,2,1971.00,1.0,1971.00
4947,1695,4,2,1971.00,1.0,1971.00
4948,1696,1,2,1971.00,1.0,1971.00
4949,1696,2,2,1971.00,1.0,1971.00
4950,1696,3,2,1971.00,1.0,1971.00
4951,1696,4,2,1971.00,1.0,1971.00
4952,1697,1,2,1971.00,1.0,1971.00
4953,1697,2,2,1971.00,1.0,1971.00
4954,1698,1,2,1971.00,1.0,1971.00
4955,1698,2,2,1971.00,1.0,1971.00
4956,1699,1,3,2773.00,1.0,2773.00
4957,1699,2,2,1971.00,1.0,1971.00
4958,1700,1,2,1971.00,1.0,1971.00
4959,1700,2,2,1971.00,1.0,1971.00
4960,1701,1,2,1971.00,1.0,1971.00
4961,1701,2,2,1971.00,1.0,1971.00
4962,1702,1,3,2773.00,1.25,2773.00
4963,1702,2,2,1971.00,1.25,1971.00
4964,1703,1,3,2773.00,3.0,2773.00
4965,1703,2,3,2773.00,3.0,2773.00
4966,1704,1,2,1971.00,1.5,1971.00
4967,1704,2,2,1971.00,1.5,1971.00
4968,1705,1,3,2773.00,1.25,2773.00
4969,1705,2,2,1971.00,1.25,1971.00
4970,1705,3,2,1971.00,1.25,1971.00
4971,1706,1,3,2773.00,1.0,2773.00
4972,1706,2,3,2773.00,1.0,2773.00
4973,1707,1,2,1971.00,1.0,1971.00
4974,1707,2,1,1605.00,1.0,1605.00
4975,1707,3,1,1605.00,1.0,1605.00
4976,1708,1,2,1971.00,1.0,1971.00
4977,1708,2,1,1605.00,1.0,1605.00
4978,1709,1,1,1605.00,,1605.00
4979,1709,2,1,1605.00,,1605.00
4980,1709,3,1,1605.00,,1605.00
4981,1709,4,1,1605.00,,1605.00
4982,1709,5,1,1605.00,,1605.00
4983,1710,1,2,1971.00,1.0,1971.00
4984,1710,2,2,1971.00,1.0,1971.00
4985,1710,3,2,1971.00,1.0,1971.00
4986,1710,4,2,1971.00,1.0,1971.00
4987,1711,1,1,1605.00,1.0,1605.00
4988,1711,2,1,1605.00,1.0,1605.00
4989,1712,1,2,1971.00,1.0,1971.00
4990,1712,2,1,1605.00,1.0,1605.00
4991,1713,1,2,1971.00,1.5,1971.00
4992,1713,2,2,1971.00,1.5,1971.00
4993,1714,1,2,1971.00,1.0,1971.00
4994,1714,2,2,1971.00,1.0,1971.00
4995,1714,3,2,1971.00,1.0,1971.00
4996,1714,4,2,1971.00,1.0,1971.00
4997,1715,1,2,1971.00,1.0,1971.00
4998,1715,2,2,1971.00,1.0,1971.00
4999,1715,3,2,1971.00,1.0,1971.00
5000,1715,4,2,1971.00,1.0,1971.00
5001,1716,1,2,1971.00,1.0,1971.00
5002,1716,2,2,1971.00,1.0,1971.00
5003,1716,3,2,1971.00,1.0,1971.00
5004,1716,4,2,1971.00,1.0,1971.00
5005,1717,1,2,1971.00,1.0,1971.00
5006,1717,2,2,1971.00,1.0,1971.00
5007,1717,3,2,1971.00,1.0,1971.00
5008,1717,4,2,1971.00,1.0,1971.00
5009,1718,1,2,1971.00,1.0,1971.00
5010,1718,2,2,1971.00,1.0,1971.00
5011,1718,3,2,1971.00,1.0,1971.00
5012,1718,4,2,1971.00,1.0,1971.00
5013,1719,1,2,1971.00,1.0,1971.00
5014,1719,2,2,1971.00,1.0,1971.00
5015,1719,3,2,1971.00,1.0,1971.00
5016,1719,4,2,1971.00,1.0,1971.00
5017,1720,1,2,1971.00,1.0,1971.00
5018,1720,2,2,1971.00,1.0,1971.00
5019,1720,3,2,1971.00,1.0,1971.00
5020,1720,4,2,1971.00,1.0,1971.00
5021,1721,1,2,1971.00,1.0,1971.00
5022,1721,2,2,1971.00,1.0,1971.00
5023,1721,3,2,1971.00,1.0,1971.00
5024,1721,4,2,1971.00,1.0,1971.00
5025,1722,1,2,1971.00,1.0,1971.00
5026,1722,2,2,1971.00,1.0,1971.00
5027,1722,3,2,1971.00,1.0,1971.00
5028,1722,4,2,1971.00,1.0,1971.00
5029,1723,1,2,1971.00,1.0,1971.00
5030,1723,2,2,1971.00,1.0,1971.00
5031,1723,3,2,1971.00,1.0,1971.00
5032,1723,4,2,1971.00,1.0,1971.00
5033,1724,1,2,1971.00,1.0,1971.00
5034,1724,2,2,1971.00,1.0,1971.00
5035,1724,3,2,1971.00,1.0,1971.00
5036,1724,4,2,1971.00,1.0,1971.00
5037,1725,1,2,1971.00,1.0,1971.00
5038,1725,2,2,1971.00,1.0,1971.00
5039,1725,3,2,1971.00,1.0,1971.00
5040,1725,4,2,1971.00,1.0,1971.00
5041,1726,1,2,1971.00,1.0,1971.00
5042,1726,2,2,1971.00,1.0,1971.00
5043,1726,3,2,1971.00,1.0,1971.00
5044,1726,4,2,1971.00,1.0,1971.00
5045,1727,1,2,1971.00,1.0,1971.00
5046,1727,2,2,1971.00,1.0,1971.00
5047,1727,3,2,1971.00,1.0,1971.00
5048,1727,4,2,1971.00,1.0,1971.00
5049,1728,1,2,1971.00,1.0,1971.00
5050,1728,2,2,1971.00,1.0,1971.00
5051,1728,3,2,1971.00,1.0,1971.00
5052,1728,4,2,1971.00,1.0,1971.00
5053,1729,1,2,1971.00,1.0,1971.00
5054,1729,2,2,1971.00,1.0,1971.00
5055,1729,3,2,1971.00,1.0,1971.00
5056,1729,4,2,1971.00,1.0,1971.00
5057,1730,1,2,1971.00,1.0,1971.00
5058,1730,2,2,1971.00,1.0,1971.00
5059,1730,3,2,1971.00,1.0,1971.00
5060,1730,4,2,1971.00,1.0,1971.00
5061,1731,1,2,1971.00,1.0,1971.00
5062,1731,2,2,1971.00,1.0,1971.00
5063,1731,3,2,1971.00,1.0,1971.00
5064,1731,4,2,1971.00,1.0,1971.00
5065,1732,1,2,1971.00,1.0,1971.00
5066,1732,2,2,1971.00,1.0,1971.00
5067,1732,3,2,1971.00,1.0,1971.00
5068,1732,4,2,1971.00,1.0,1971.00
5069,1733,1,2,1971.00,1.0,1971.00
5070,1733,2,2,1971.00,1.0,1971.00
5071,1733,3,2,1971.00,1.0,1971.00
5072,1733,4,2,1971.00,1.0,1971.00
5073,1734,1,2,1971.00,1.0,1971.00
5074,1734,2,2,1971.00,1.0,1971.00
5075,1734,3,2,1971.00,1.0,1971.00
5076,1734,4,2,1971.00,1.0,1971.00
5077,1735,1,2,1971.00,1.0,1971.00
5078,1735,2,2,1971.00,1.0,1971.00
5079,1735,3,2,1971.00,1.0,1971.00
5080,1735,4,2,1971.00,1.0,1971.00
5081,1736,1,2,1971.00,1.0,1971.00
5082,1736,2,2,1971.00,1.0,1971.00
5083,1736,3,2,1971.00,1.0,1971.00
5084,1736,4,2,1971.00,1.0,1971.00
5085,1737,1,2,1971.00,1.0,1971.00
5086,1737,2,2,1971.00,1.0,1971.00
5087,1737,3,2,1971.00,1.0,1971.00
5088,1737,4,2,1971.00,1.0,1971.00
5089,1738,1,2,1971.00,1.0,1971.00
5090,1738,2,2,1971.00,1.0,1971.00
5091,1738,3,2,1971.00,1.0,1971.00
5092,1738,4,2,1971.00,1.0,1971.00
5093,1739,1,2,1971.00,1.0,1971.00
5094,1739,2,2,1971.00,1.0,1971.00
5095,1739,3,2,1971.00,1.0,1971.00
5096,1739,4,2,1971.00,1.0,1971.00
5097,1740,1,2,1971.00,1.0,1971.00
5098,1740,2,2,1971.00,1.0,1971.00
5099,1740,3,2,1971.00,1.0,1971.00
5100,1740,4,2,1971.00,1.0,1971.00
5101,1741,1,2,1971.00,1.0,1971.00
5102,1741,2,2,1971.00,1.0,1971.00
5103,1741,3,2,1971.00,1.0,1971.00
5104,1741,4,2,1971.00,1.0,1971.00
5105,1742,1,2,1971.00,1.0,1971.00
5106,1742,2,2,1971.00,1.0,1971.00
5107,1742,3,2,1971.00,1.0,1971.00
5108,1742,4,2,1971.00,1.0,1971.00
5109,1743,1,2,1971.00,1.0,1971.00
5110,1743,2,2,1971.00,1.0,1971.00
5111,1743,3,2,1971.00,1.0,1971.00
5112,1743,4,2,1971.00,1.0,1971.00
5113,1744,1,2,1971.00,1.0,1971.00
5114,1744,2,2,1971.00,1.0,1971.00
5115,1744,3,2,1971.00,1.0,1971.00
5116,1744,4,2,1971.00,1.0,1971.00
5117,1745,1,2,1971.00,1.0,1971.00
5118,1745,2,2,1971.00,1.0,1971.00
5119,1745,3,2,1971.00,1.0,1971.00
5120,1745,4,2,1971.00,1.0,1971.00
5121,1746,1,2,1971.00,1.0,1971.00
5122,1746,2,2,1971.00,1.0,1971.00
5123,1746,3,2,1971.00,1.0,1971.00
5124,1746,4,2,1971.00,1.0,1971.00
5125,1747,1,2,1971.00,1.0,1971.00
5126,1747,2,2,1971.00,1.0,1971.00
5127,1747,3,2,1971.00,1.0,1971.00
5128,1747,4,2,1971.00,1.0,1971.00
5129,1748,1,2,1971.00,1.0,1971.00
5130,1748,2,2,1971.00,1.0,1971.00
5131,1748,3,2,1971.00,1.0,1971.00
5132,1748,4,2,1971.00,1.0,1971.00
5133,1749,1,2,1971.00,1.0,1971.00
5134,1749,2,2,1971.00,1.0,1971.00
5135,1749,3,2,1971.00,1.0,1971.00
5136,1749,4,2,1971.00,1.0,1971.00
5137,1750,1,2,1971.00,1.0,1971.00
5138,1750,2,2,1971.00,1.0,1971.00
5139,1750,3,2,1971.00,1.0,1971.00
5140,1750,4,2,1971.00,1.0,1971.00
5141,1751,1,2,1971.00,1.0,1971.00
5142,1751,2,2,1971.00,1.0,1971.00
5143,1751,3,2,1971.00,1.0,1971.00
5144,1751,4,2,1971.00,1.0,1971.00
5145,1752,1,2,1971.00,1.0,1971.00
5146,1752,2,2,1971.00,1.0,1971.00
5147,1752,3,2,1971.00,1.0,1971.00
5148,1752,4,2,1971.00,1.0,1971.00
5149,1753,1,2,1971.00,1.0,1971.00
5150,1753,2,2,1971.00,1.0,1971.00
5151,1753,3,2,1971.00,1.0,1971.00
5152,1753,4,2,1971.00,1.0,1971.00
5153,1754,1,2,1971.00,1.0,1971.00
5154,1754,2,2,1971.00,1.0,1971.00
5155,1754,3,2,1971.00,1.0,1971.00
5156,1754,4,2,1971.00,1.0,1971.00
5157,1755,1,2,1971.00,1.0,1971.00
5158,1755,2,2,1971.00,1.0,1971.00
5159,1755,3,2,1971.00,1.0,1971.00
5160,1755,4,2,1971.00,1.0,1971.00
5161,1756,1,2,1971.00,1.0,1971.00
5162,1756,2,2,1971.00,1.0,1971.00
5163,1756,3,2,1971.00,1.0,1971.00
5164,1756,4,2,1971.00,1.0,1971.00
5165,1757,1,2,1971.00,1.0,1971.00
5166,1757,2,2,1971.00,1.0,1971.00
5167,1757,3,2,1971.00,1.0,1971.00
5168,1757,4,2,1971.00,1.0,1971.00
5169,1758,1,2,1971.00,1.0,1971.00
5170,1758,2,2,1971.00,1.0,1971.00
5171,1758,3,2,1971.00,1.0,1971.00
5172,1758,4,2,1971.00,1.0,1971.00
5173,1759,1,2,1971.00,1.0,1971.00
5174,1759,2,2,1971.00,1.0,1971.00
5175,1759,3,2,1971.00,1.0,1971.00
5176,1759,4,2,1971.00,1.0,1971.00
5177,1760,1,2,1971.00,1.0,1971.00
5178,1760,2,2,1971.00,1.0,1971.00
5179,1760,3,2,1971.00,1.0,1971.00
5180,1760,4,2,1971.00,1.0,1971.00
5181,1761,1,2,1971.00,1.75,1971.00
5182,1761,2,2,1971.00,1.75,1971.00
5183,1761,3,2,1971.00,1.75,1971.00
5184,1761,4,2,1971.00,1.75,1971.00
5185,1762,1,2,1971.00,1.75,1971.00
5186,1762,2,2,1971.00,1.75,1971.00
5187,1762,3,2,1971.00,1.75,1971.00
5188,1762,4,2,1971.00,1.75,1971.00
5189,1763,1,2,1971.00,1.75,1971.00
5190,1763,2,2,1971.00,1.75,1971.00
5191,1763,3,2,1971.00,1.75,1971.00
5192,1763,4,2,1971.00,1.75,1971.00
5193,1764,1,2,1971.00,1.75,1971.00
5194,1764,2,2,1971.00,1.75,1971.00
5195,1764,3,2,1971.00,1.75,1971.00
5196,1764,4,2,1971.00,1.75,1971.00
5197,1765,1,2,1971.00,1.75,1971.00
5198,1765,2,2,1971.00,1.75,1971.00
5199,1765,3,2,1971.00,1.75,1971.00
5200,1765,4,2,1971.00,1.75,1971.00
5201,1766,1,2,1971.00,1.75,1971.00
5202,1766,2,2,1971.00,1.75,1971.00
5203,1766,3,2,1971.00,1.75,1971.00
5204,1766,4,2,1971.00,1.75,1971.00
5205,1767,1,2,1971.00,1.75,1971.00
5206,1767,2,2,1971.00,1.75,1971.00
5207,1767,3,2,1971.00,1.75,1971.00
5208,1767,4,2,1971.00,1.75,1971.00
5209,1768,1,2,1971.00,1.0,1971.00
5210,1768,2,2,1971.00,1.0,1971.00
5211,1768,3,2,1971.00,1.0,1971.00
5212,1768,4,2,1971.00,1.0,1971.00
5213,1769,1,2,1971.00,1.5,1971.00
5214,1769,2,2,1971.00,1.5,1971.00
5215,1770,1,2,1971.00,1.5,1971.00
5216,1770,2,2,1971.00,1.5,1971.00
5217,1771,1,3,2773.00,1.75,2773.00
5218,1771,2,3,2773.00,1.75,2773.00
5219,1772,1,2,1971.00,1.5,1971.00
5220,1772,2,2,1971.00,1.5,1971.00
5221,1773,1,2,1971.00,1.5,1971.00
5222,1773,2,2,1971.00,1.5,1971.00
5223,1774,1,2,1971.00,1.0,1971.00
5224,1774,2,1,1605.00,1.0,1605.00
5225,1775,1,2,1971.00,1.0,1971.00
5226,1775,2,1,1605.00,1.0,1605.00
5227,1776,1,2,1971.00,1.0,1971.00
5228,1776,2,2,1971.00,1.0,1971.00
5229,1777,1,2,1971.00,1.0,1971.00
5230,1777,2,2,1971.00,1.0,1971.00
5231,1777,3,2,1971.00,1.0,1971.00
5232,1778,1,2,1971.00,1.0,1971.00
5233,1778,2,2,1971.00,1.0,1971.00
5234,1779,1,2,1971.00,1.5,1971.00
5235,1779,2,2,1971.00,1.5,1971.00
5236,1780,1,5,3567.00,2.0,3567.00
5237,1780,2,5,3567.00,2.0,3567.00
5238,1781,1,2,1971.00,1.5,1971.00
5239,1781,2,1,1605.00,1.5,1605.00
5240,1782,1,2,1971.00,1.0,1971.00
5241,1782,2,1,1605.00,1.0,1605.00
5242,1783,1,3,2773.00,1.0,2773.00
5243,1783,2,3,2773.00,1.0,2773.00
5244,1783,3,2,1971.00,1.0,1971.00
5245,1783,4,2,1971.00,1.0,1971.00
5246,1784,1,3,2773.00,1.5,2773.00
5247,1784,2,3,2773.00,1.5,2773.00
5248,1785,1,2,1971.00,1.0,1971.00
5249,1785,2,1,1605.00,1.0,1605.00
5250,1786,1,1,1605.00,,1605.00
5251,1786,2,1,1605.00,,1605.00
5252,1786,3,1,1605.00,,1605.00
5253,1786,4,1,1605.00,,1605.00
5254,1786,5,1,1605.00,,1605.00
5255,1787,1,2,1971.00,1.0,1971.00
5256,1787,2,2,1971.00,1.0,1971.00
5257,1788,1,3,2773.00,1.5,2773.00
5258,1788,2,3,2773.00,1.5,2773.00
5259,1789,1,2,1971.00,1.0,1971.00
5260,1789,2,1,1605.00,1.0,1605.00
5261,1790,1,3,2773.00,1.0,2773.00
5262,1790,2,2,1971.00,1.0,1971.00
5263,1791,1,1,1605.00,1.0,1605.00
5264,1791,2,1,1605.00,1.0,1605.00
5265,1792,1,2,1971.00,1.0,1971.00
5266,1792,2,1,1605.00,1.0,1605.00
5267,1792,3,1,1605.00,1.0,1605.00
5268,1792,4,1,1605.00,1.0,1605.00
5269,1793,1,2,1971.00,1.0,1971.00
5270,1793,2,1,1605.00,1.0,1605.00
5271,1794,1,1,1605.00,1.0,1605.00
5272,1794,2,1,1605.00,1.0,1605.00
5273,1795,1,1,1605.00,1.0,1605.00
5274,1795,2,1,1605.00,1.0,1605.00
5275,1796,1,2,1971.00,2.5,1971.00
5276,1796,2,2,1971.00,2.5,1971.00
5277,1797,1,3,2773.00,1.75,2773.00
5278,1797,2,2,1971.00,1.75,1971.00
5279,1798,1,2,1971.00,1.0,1971.00
5280,1798,2,1,1605.00,1.0,1605.00
5281,1799,1,1,1605.00,,1605.00
5282,1799,2,1,1605.00,,1605.00
5283,1799,3,1,1605.00,,1605.00
5284,1799,4,1,1605.00,,1605.00
5285,1799,5,1,1605.00,,1605.00
5286,1799,6,1,1605.00,,1605.00
5287,1799,7,1,1605.00,,1605.00
5288,1799,8,1,1605.00,,1605.00
5289,1800,1,2,1971.00,1.0,1971.00
5290,1800,2,2,1971.00,1.0,1971.00
5291,1800,3,1,1605.00,1.0,1605.00
5292,1801,1,2,1971.00,1.0,1971.00
5293,1801,2,1,1605.00,1.0,1605.00
5294,1801,3,1,1605.00,1.0,1605.00
5295,1802,1,2,1971.00,1.0,1971.00
5296,1802,2,2,1971.00,1.0,1971.00
5297,1803,1,2,1971.00,1.0,1971.00
5298,1803,2,1,1605.00,1.0,1605.00
5299,1804,1,2,1971.00,1.0,1971.00
5300,1804,2,2,1971.00,1.0,1971.00
5301,1805,1,2,1971.00,1.0,1971.00
5302,1805,2,2,1971.00,1.0,1971.00
5303,1806,1,3,2773.00,1.75,2773.00
5304,1806,2,3,2773.00,1.75,2773.00
5305,1806,3,2,1971.00,1.75,1971.00
5306,1807,1,2,1971.00,1.0,1971.00
5307,1807,2,1,1605.00,1.0,1605.00
5308,1808,1,3,2773.00,1.25,2773.00
5309,1808,2,3,2773.00,1.25,2773.00
5310,1808,3,2,1971.00,1.25,1971.00
5311,1809,1,2,1971.00,1.0,1971.00
5312,1809,2,2,1971.00,1.0,1971.00
5313,1810,1,2,1971.00,1.0,1971.00
5314,1810,2,2,1971.00,1.0,1971.00
5315,1811,1,1,1605.00,1.0,1605.00
5316,1811,2,1,1605.00,1.0,1605.00
5317,1811,3,1,1605.00,1.0,1605.00
5318,1811,4,1,1605.00,1.0,1605.00
5319,1812,1,2,1971.00,1.0,1971.00
5320,1812,2,2,1971.00,1.0,1971.00
5321,1813,1,2,1971.00,1.0,1971.00
5322,1813,2,2,1971.00,1.0,1971.00
5323,1814,1,2,1971.00,1.0,1971.00
5324,1814,2,2,1971.00,1.0,1971.00
5325,1815,1,2,1971.00,1.0,1971.00
5326,1815,2,2,1971.00,1.0,1971.00
5327,1816,1,2,1971.00,1.0,1971.00
5328,1816,2,2,1971.00,1.0,1971.00
5329,1817,1,2,1971.00,1.0,1971.00
5330,1817,2,2,1971.00,1.0,1971.00
5331,1818,1,2,1971.00,1.0,1971.00
5332,1818,2,2,1971.00,1.0,1971.00
5333,1818,3,2,1971.00,1.0,1971.00
5334,1819,1,2,1971.00,1.0,1971.00
5335,1819,2,2,1971.00,1.0,1971.00
5336,1820,1,2,1971.00,1.5,1971.00
5337,1820,2,2,1971.00,1.5,1971.00
5338,1821,1,4,3102.00,2.25,3102.00
5339,1821,2,3,2773.00,2.25,2773.00
5340,1822,1,3,2773.00,1.0,2773.00
5341,1822,2,3,2773.00,1.0,2773.00
5342,1823,1,2,1971.00,1.0,1971.00
5343,1823,2,2,1971.00,1.0,1971.00
5344,1824,1,2,1971.00,1.0,1971.00
5345,1824,2,2,1971.00,1.0,1971.00
5346,1825,1,2,1971.00,1.0,1971.00
5347,1825,2,2,1971.00,1.0,1971.00
5348,1826,1,1,1605.00,1.0,1605.00
5349,1826,2,1,1605.00,1.0,1605.00
5350,1827,1,2,1971.00,1.0,1971.00
5351,1827,2,2,1971.00,1.0,1971.00
5352,1828,1,2,1971.00,1.0,1971.00
5353,1828,2,2,1971.00,1.0,1971.00
5354,1829,1,3,2773.00,1.75,2773.00
5355,1829,2,2,1971.00,1.75,1971.00
5356,1830,1,1,1605.00,,1605.00
5357,1830,2,1,1605.00,,1605.00
5358,1830,3,1,1605.00,,1605.00
5359,1830,4,1,1605.00,,1605.00
5360,1830,5,1,1605.00,,1605.00
5361,1830,6,1,1605.00,,1605.00
5362,1831,1,5,3567.00,3.0,3567.00
5363,1831,2,4,3102.00,3.0,3102.00
5364,1832,1,2,1971.00,1.0,1971.00
5365,1832,2,2,1971.00,1.0,1971.00
5366,1833,1,2,1971.00,1.0,1971.00
5367,1833,2,2,1971.00,1.0,1971.00
5368,1834,1,2,1971.00,1.0,1971.00
5369,1834,2,1,1605.00,1.0,1605.00
5370,1835,1,1,1605.00,1.0,1605.00
5371,1835,2,1,1605.00,1.0,1605.00
5372,1835,3,1,1605.00,1.0,1605.00
5373,1836,1,3,2773.00,1.0,2773.00
5374,1836,2,2,1971.00,1.0,1971.00
5375,1837,1,2,1971.00,1.0,1971.00
5376,1837,2,2,1971.00,1.0,1971.00
5377,1838,1,1,1605.00,,1605.00
5378,1838,2,1,1605.00,,1605.00
5379,1838,3,1,1605.00,,1605.00
5380,1838,4,1,1605.00,,1605.00
5381,1838,5,1,1605.00,,1605.00
5382,1838,6,1,1605.00,,1605.00
5383,1839,1,2,1971.00,1.25,1971.00
5384,1839,2,1,1605.00,1.25,1605.00
5385,1839,3,1,1605.00,1.25,1605.00
5386,1839,4,1,1605.00,1.25,1605.00
5387,1840,1,2,1971.00,1.0,1971.00
5388,1840,2,2,1971.00,1.0,1971.00
5389,1841,1,1,1605.00,1.0,1605.00
5390,1841,2,1,1605.00,1.0,1605.00
5391,1842,1,2,1971.00,1.0,1971.00
5392,1842,2,1,1605.00,1.0,1605.00
5393,1842,3,1,1605.00,1.0,1605.00
5394,1842,4,1,1605.00,1.0,1605.00
5395,1843,1,1,1605.00,,1605.00
5396,1843,2,1,1605.00,,1605.00
5397,1843,3,1,1605.00,,1605.00
5398,1843,4,1,1605.00,,1605.00
5399,1843,5,1,1605.00,,1605.00
5400,1843,6,1,1605.00,,1605.00
5401,1844,1,2,1971.00,1.0,1971.00
5402,1844,2,2,1971.00,1.0,1971.00
5403,1844,3,1,1605.00,1.0,1605.00
5404,1844,4,1,1605.00,1.0,1605.00
5405,1845,1,1,1605.00,1.5,1605.00
5406,1845,2,1,1605.00,1.5,1605.00
5407,1845,3,1,1605.00,1.5,1605.00
5408,1845,4,1,1605.00,1.5,1605.00
5409,1846,1,2,1971.00,1.5,1971.00
5410,1846,2,2,1971.00,1.5,1971.00
5411,1846,3,2,1971.00,1.5,1971.00
5412,1846,4,2,1971.00,1.5,1971.00
5413,1847,1,2,1971.00,1.5,1971.00
5414,1847,2,2,1971.00,1.5,1971.00
5415,1847,3,2,1971.00,1.5,1971.00
5416,1847,4,2,1971.00,1.5,1971.00
5417,1848,1,1,1605.00,1.5,1605.00
5418,1848,2,1,1605.00,1.5,1605.00
5419,1848,3,1,1605.00,1.5,1605.00
5420,1848,4,1,1605.00,1.5,1605.00
5421,1849,1,2,1971.00,1.0,1971.00
5422,1849,2,2,1971.00,1.0,1971.00
5423,1850,1,2,1971.00,1.0,1971.00
5424,1850,2,2,1971.00,1.0,1971.00
5425,1851,1,2,1971.00,1.0,1971.00
5426,1851,2,2,1971.00,1.0,1971.00
5427,1852,1,3,2773.00,1.0,2773.00
5428,1852,2,2,1971.00,1.0,1971.00
5429,1853,1,1,1605.00,1.0,1605.00
5430,1853,2,1,1605.00,1.0,1605.00
5431,1854,1,2,1971.00,1.0,1971.00
5432,1854,2,2,1971.00,1.0,1971.00
5433,1855,1,2,1971.00,1.0,1971.00
5434,1855,2,2,1971.00,1.0,1971.00
5435,1856,1,2,1971.00,1.0,1971.00
5436,1856,2,2,1971.00,1.0,1971.00
5437,1857,1,2,1971.00,1.0,1971.00
5438,1857,2,2,1971.00,1.0,1971.00
5439,1858,1,2,1971.00,1.0,1971.00
5440,1858,2,2,1971.00,1.0,1971.00
5441,1859,1,2,1971.00,1.0,1971.00
5442,1859,2,2,1971.00,1.0,1971.00
5443,1860,1,2,1971.00,1.0,1971.00
5444,1860,2,2,1971.00,1.0,1971.00
5445,1860,3,2,1971.00,1.0,1971.00
5446,1861,1,2,1971.00,1.0,1971.00
5447,1861,2,2,1971.00,1.0,1971.00
5448,1862,1,2,1971.00,1.0,1971.00
5449,1862,2,2,1971.00,1.0,1971.00
5450,1862,3,2,1971.00,1.0,1971.00
5451,1863,1,2,1971.00,1.0,1971.00
5452,1863,2,2,1971.00,1.0,1971.00
5453,1864,1,3,2773.00,1.0,2773.00
5454,1864,2,2,1971.00,1.0,1971.00
5455,1864,3,2,1971.00,1.0,1971.00
5456,1865,1,2,1971.00,1.0,1971.00
5457,1865,2,2,1971.00,1.0,1971.00
5458,1866,1,2,1971.00,1.0,1971.00
5459,1866,2,2,1971.00,1.0,1971.00
5460,1866,3,2,1971.00,1.0,1971.00
5461,1866,4,2,1971.00,1.0,1971.00
5462,1867,1,1,1605.00,,1605.00
5463,1867,2,1,1605.00,,1605.00
5464,1867,3,1,1605.00,,1605.00
5465,1867,4,1,1605.00,,1605.00
5466,1867,5,1,1605.00,,1605.00
5467,1867,6,1,1605.00,,1605.00
5468,1868,1,2,1971.00,1.0,1971.00
5469,1868,2,1,1605.00,1.0,1605.00
5470,1868,3,1,1605.00,1.0,1605.00
5471,1869,1,1,1605.00,,1605.00
5472,1869,2,1,1605.00,,1605.00
5473,1869,3,1,1605.00,,1605.00
5474,1869,4,1,1605.00,,1605.00
5475,1869,5,1,1605.00,,1605.00
5476,1869,6,1,1605.00,,1605.00
5477,1870,1,2,1971.00,1.0,1971.00
5478,1870,2,2,1971.00,1.0,1971.00
5479,1870,3,2,1971.00,1.0,1971.00
5480,1871,1,2,1971.00,1.0,1971.00
5481,1871,2,2,1971.00,1.0,1971.00
5482,1872,1,1,1605.00,1.0,1605.00
5483,1872,2,1,1605.00,1.0,1605.00
5484,1872,3,1,1605.00,1.0,1605.00
5485,1872,4,1,1605.00,1.0,1605.00
5486,1873,1,2,1971.00,1.0,1971.00
5487,1873,2,1,1605.00,1.0,1605.00
5488,1874,1,3,2773.00,1.75,2773.00
5489,1874,2,2,1971.00,1.75,1971.00
5490,1874,3,2,1971.00,1.75,1971.00
5491,1875,1,1,1605.00,1.0,1605.00
5492,1875,2,1,1605.00,1.0,1605.00
5493,1875,3,1,1605.00,1.0,1605.00
5494,1876,1,2,1971.00,1.0,1971.00
5495,1876,2,1,1605.00,1.0,1605.00
5496,1877,1,2,1971.00,1.0,1971.00
5497,1877,2,1,1605.00,1.0,1605.00
5498,1878,1,2,1971.00,1.0,1971.00
5499,1878,2,2,1971.00,1.0,1971.00
5500,1879,1,2,1971.00,1.0,1971.00
5501,1879,2,2,1971.00,1.0,1971.00
5502,1880,1,2,1971.00,1.0,1971.00
5503,1880,2,2,1971.00,1.0,1971.00
5504,1880,3,2,1971.00,1.0,1971.00
5505,1880,4,2,1971.00,1.0,1971.00
5506,1881,1,2,1971.00,1.0,1971.00
5507,1881,2,2,1971.00,1.0,1971.00
5508,1881,3,2,1971.00,1.0,1971.00
5509,1881,4,2,1971.00,1.0,1971.00
5510,1882,1,2,1971.00,1.0,1971.00
5511,1882,2,2,1971.00,1.0,1971.00
5512,1883,1,2,1971.00,1.0,1971.00
5513,1883,2,2,1971.00,1.0,1971.00
5514,1883,3,2,1971.00,1.0,1971.00
5515,1883,4,2,1971.00,1.0,1971.00
5516,1884,1,2,1971.00,1.0,1971.00
5517,1884,2,2,1971.00,1.0,1971.00
5518,1884,3,2,1971.00,1.0,1971.00
5519,1884,4,2,1971.00,1.0,1971.00
5520,1885,1,2,1971.00,1.0,1971.00
5521,1885,2,2,1971.00,1.0,1971.00
5522,1885,3,2,1971.00,1.0,1971.00
5523,1885,4,2,1971.00,1.0,1971.00
5524,1886,1,2,1971.00,1.0,1971.00
5525,1886,2,2,1971.00,1.0,1971.00
5526,1886,3,2,1971.00,1.0,1971.00
5527,1886,4,2,1971.00,1.0,1971.00
5528,1886,5,2,1971.00,1.0,1971.00
5529,1886,6,2,1971.00,1.0,1971.00
5530,1886,7,1,1605.00,1.0,1605.00
5531,1886,8,1,1605.00,1.0,1605.00
5532,1887,1,2,1971.00,1.0,1971.00
5533,1887,2,2,1971.00,1.0,1971.00
5534,1888,1,2,1971.00,1.0,1971.00
5535,1888,2,2,1971.00,1.0,1971.00
5536,1889,1,2,1971.00,1.0,1971.00
5537,1889,2,2,1971.00,1.0,1971.00
5538,1890,1,2,1971.00,1.0,1971.00
5539,1890,2,1,1605.00,1.0,1605.00
5540,1891,1,2,1971.00,1.5,1971.00
5541,1891,2,2,1971.00,1.5,1971.00
5542,1892,1,1,1605.00,1.0,1605.00
5543,1892,2,1,1605.00,1.0,1605.00
5544,1893,1,2,1971.00,1.0,1971.00
5545,1893,2,2,1971.00,1.0,1971.00
5546,1893,3,1,1605.00,1.0,1605.00
5547,1893,4,1,1605.00,1.0,1605.00
5548,1894,1,2,1971.00,1.0,1971.00
5549,1894,2,2,1971.00,1.0,1971.00
5550,1894,3,2,1971.00,1.0,1971.00
5551,1895,1,2,1971.00,1.0,1971.00
5552,1895,2,2,1971.00,1.0,1971.00
5553,1895,3,2,1971.00,1.0,1971.00
5554,1895,4,2,1971.00,1.0,1971.00
5555,1896,1,2,1971.00,1.0,1971.00
5556,1896,2,2,1971.00,1.0,1971.00
5557,1896,3,2,1971.00,1.0,1971.00
5558,1896,4,2,1971.00,1.0,1971.00
5559,1897,1,2,1971.00,1.0,1971.00
5560,1897,2,2,1971.00,1.0,1971.00
5561,1897,3,2,1971.00,1.0,1971.00
5562,1898,1,2,1971.00,1.0,1971.00
5563,1898,2,2,1971.00,1.0,1971.00
5564,1898,3,2,1971.00,1.0,1971.00
5565,1899,1,2,1971.00,1.0,1971.00
5566,1899,2,2,1971.00,1.0,1971.00
5567,1899,3,2,1971.00,1.0,1971.00
5568,1900,1,2,1971.00,1.25,1971.00
5569,1900,2,1,1605.00,1.25,1605.00
5570,1901,1,3,2773.00,1.0,2773.00
5571,1901,2,3,2773.00,1.0,2773.00
5572,1902,1,3,2773.00,1.0,2773.00
5573,1902,2,2,1971.00,1.0,1971.00
5574,1903,1,2,1971.00,1.0,1971.00
5575,1903,2,1,1605.00,1.0,1605.00
5576,1904,1,2,1971.00,1.0,1971.00
5577,1904,2,1,1605.00,1.0,1605.00
5578,1905,1,2,1971.00,1.0,1971.00
5579,1905,2,2,1971.00,1.0,1971.00
5580,1906,1,3,2773.00,1.5,2773.00
5581,1906,2,3,2773.00,1.5,2773.00
5582,1907,1,3,2773.00,1.25,2773.00
5583,1907,2,2,1971.00,1.25,1971.00
5584,1908,1,2,1971.00,1.0,1971.00
5585,1908,2,2,1971.00,1.0,1971.00
5586,1908,3,2,1971.00,1.0,1971.00
5587,1909,1,2,1971.00,1.25,1971.00
5588,1909,2,2,1971.00,1.25,1971.00
5589,1909,3,1,1605.00,1.25,1605.00
5590,1909,4,1,1605.00,1.25,1605.00
5591,1910,1,3,2773.00,1.0,2773.00
5592,1910,2,2,1971.00,1.0,1971.00
5593,1911,1,2,1971.00,1.25,1971.00
5594,1911,2,2,1971.00,1.25,1971.00
5595,1911,3,2,1971.00,1.25,1971.00
5596,1912,1,1,1605.00,1.0,1605.00
5597,1912,2,1,1605.00,1.0,1605.00
5598,1912,3,1,1605.00,1.0,1605.00
5599,1913,1,2,1971.00,1.0,1971.00
5600,1913,2,2,1971.00,1.0,1971.00
5601,1913,3,2,1971.00,1.0,1971.00
5602,1914,1,2,1971.00,1.0,1971.00
5603,1914,2,2,1971.00,1.0,1971.00
5604,1915,1,2,1971.00,1.0,1971.00
5605,1915,2,2,1971.00,1.0,1971.00
5606,1916,1,2,1971.00,1.5,1971.00
5607,1916,2,1,1605.00,1.5,1605.00
5608,1917,1,2,1971.00,1.5,1971.00
5609,1917,2,2,1971.00,1.5,1971.00
5610,1918,1,2,1971.00,1.0,1971.00
5611,1918,2,2,1971.00,1.0,1971.00
5612,1919,1,2,1971.00,1.0,1971.00
5613,1919,2,1,1605.00,1.0,1605.00
5614,1920,1,3,2773.00,1.5,2773.00
5615,1920,2,3,2773.00,1.5,2773.00
5616,1921,1,3,2773.00,1.0,2773.00
5617,1921,2,2,1971.00,1.0,1971.00
5618,1922,1,2,1971.00,1.0,1971.00
5619,1922,2,2,1971.00,1.0,1971.00
5620,1923,1,2,1971.00,1.0,1971.00
5621,1923,2,1,1605.00,1.0,1605.00
5622,1923,3,1,1605.00,1.0,1605.00
5623,1924,1,2,1971.00,1.5,1971.00
5624,1924,2,2,1971.00,1.5,1971.00
5625,1925,1,2,1971.00,1.5,1971.00
5626,1925,2,2,1971.00,1.5,1971.00
5627,1926,1,3,2773.00,1.5,2773.00
5628,1926,2,2,1971.00,1.5,1971.00
5629,1927,1,1,1605.00,,1605.00
5630,1927,2,1,1605.00,,1605.00
5631,1927,3,1,1605.00,,1605.00
5632,1927,4,1,1605.00,,1605.00
5633,1927,5,1,1605.00,,1605.00
5634,1927,6,1,1605.00,,1605.00
5635,1928,1,1,1605.00,1.0,1605.00
5636,1928,2,1,1605.00,1.0,1605.00
5637,1929,1,1,1605.00,1.0,1605.00
5638,1929,2,1,1605.00,1.0,1605.00
5639,1930,1,4,3102.00,1.75,3102.00
5640,1930,2,4,3102.00,1.75,3102.00
5641,1930,3,3,2773.00,1.75,2773.00
5642,1931,1,1,1605.00,1.0,1605.00
5643,1931,2,1,1605.00,1.0,1605.00
5644,1932,1,2,1971.00,1.0,1971.00
5645,1932,2,2,1971.00,1.0,1971.00
5646,1932,3,1,1605.00,1.0,1605.00
5647,1933,1,1,1605.00,1.0,1605.00
5648,1933,2,1,1605.00,1.0,1605.00
5649,1934,1,2,1971.00,1.0,1971.00
5650,1934,2,1,1605.00,1.0,1605.00
5651,1935,1,2,1971.00,1.0,1971.00
5652,1935,2,1,1605.00,1.0,1605.00
5653,1936,1,1,1605.00,,1605.00
5654,1936,2,1,1605.00,,1605.00
5655,1936,3,1,1605.00,,1605.00
5656,1936,4,1,1605.00,,1605.00
5657,1936,5,1,1605.00,,1605.00
5658,1936,6,1,1605.00,,1605.00
5659,1937,1,2,1971.00,1.0,1971.00
5660,1937,2,2,1971.00,1.0,1971.00
5661,1938,1,1,1605.00,1.0,1605.00
5662,1938,2,1,1605.00,1.0,1605.00
5663,1938,3,1,1605.00,1.0,1605.00
5664,1939,1,2,1971.00,1.0,1971.00
5665,1939,2,1,1605.00,1.0,1605.00
5666,1940,1,2,1971.00,1.0,1971.00
5667,1940,2,2,1971.00,1.0,1971.00
5668,1941,1,2,1971.00,1.0,1971.00
5669,1941,2,2,1971.00,1.0,1971.00
5670,1942,1,2,1971.00,1.0,1971.00
5671,1942,2,2,1971.00,1.0,1971.00
5672,1943,1,2,1971.00,1.5,1971.00
5673,1943,2,2,1971.00,1.5,1971.00
5674,1944,1,2,1971.00,1.0,1971.00
5675,1944,2,2,1971.00,1.0,1971.00
5676,1944,3,2,1971.00,1.0,1971.00
5677,1945,1,2,1971.00,1.25,1971.00
5678,1945,2,1,1605.00,1.25,1605.00
5679,1945,3,1,1605.00,1.25,1605.00
5680,1945,4,1,1605.00,1.25,1605.00
5681,1946,1,2,1971.00,1.0,1971.00
5682,1946,2,2,1971.00,1.0,1971.00
5683,1947,1,2,1971.00,1.5,1971.00
5684,1947,2,1,1605.00,1.5,1605.00
5685,1948,1,2,1971.00,1.0,1971.00
5686,1948,2,1,1605.00,1.0,1605.00
5687,1949,1,2,1971.00,1.0,1971.00
5688,1949,2,2,1971.00,1.0,1971.00
5689,1950,1,2,1971.00,1.0,1971.00
5690,1950,2,1,1605.00,1.0,1605.00
5691,1951,1,3,2773.00,2.5,2773.00
5692,1951,2,3,2773.00,2.5,2773.00
5693,1952,1,2,1971.00,1.0,1971.00
5694,1952,2,2,1971.00,1.0,1971.00
5695,1952,3,2,1971.00,1.0,1971.00
5696,1953,1,2,1971.00,1.0,1971.00
5697,1953,2,2,1971.00,1.0,1971.00
5698,1954,1,2,1971.00,1.0,1971.00
5699,1954,2,2,1971.00,1.0,1971.00
5700,1954,3,1,1605.00,1.0,1605.00
5701,1954,4,1,1605.00,1.0,1605.00
5702,1955,1,2,1971.00,1.0,1971.00
5703,1955,2,2,1971.00,1.0,1971.00
5704,1956,1,5,3567.00,2.0,3567.00
5705,1956,2,4,3102.00,2.0,3102.00
5706,1957,1,2,1971.00,1.25,1971.00
5707,1957,2,2,1971.00,1.25,1971.00
5708,1958,1,2,1971.00,1.0,1971.00
5709,1958,2,2,1971.00,1.0,1971.00
5710,1959,1,2,1971.00,1.0,1971.00
5711,1959,2,1,1605.00,1.0,1605.00
5712,1960,1,3,2773.00,1.5,2773.00
5713,1960,2,2,1971.00,1.5,1971.00
5714,1961,1,2,1971.00,1.0,1971.00
5715,1961,2,1,1605.00,1.0,1605.00
5716,1962,1,1,1605.00,1.0,1605.00
5717,1962,2,1,1605.00,1.0,1605.00
5718,1963,1,2,1971.00,1.5,1971.00
5719,1963,2,2,1971.00,1.5,1971.00
5720,1964,1,2,1971.00,1.5,1971.00
5721,1964,2,2,1971.00,1.5,1971.00
5722,1965,1,3,2773.00,1.75,2773.00
5723,1965,2,3,2773.00,1.75,2773.00
5724,1966,1,3,2773.00,1.75,2773.00
5725,1966,2,3,2773.00,1.75,2773.00
5726,1967,1,2,1971.00,1.75,1971.00
5727,1967,2,2,1971.00,1.75,1971.00
5728,1968,1,2,1971.00,1.75,1971.00
5729,1968,2,2,1971.00,1.75,1971.00
5730,1969,1,2,1971.00,1.0,1971.00
5731,1969,2,2,1971.00,1.0,1971.00
5732,1970,1,2,1971.00,1.0,1971.00
5733,1970,2,2,1971.00,1.0,1971.00
5734,1971,1,1,1605.00,,1605.00
5735,1971,2,1,1605.00,,1605.00
5736,1971,3,1,1605.00,,1605.00
5737,1971,4,1,1605.00,,1605.00
5738,1972,1,3,2773.00,2.0,2773.00
5739,1972,2,3,2773.00,2.0,2773.00
5740,1973,1,2,1971.00,1.0,1971.00
5741,1973,2,2,1971.00,1.0,1971.00
5742,1974,1,1,1605.00,1.0,1605.00
5743,1974,2,1,1605.00,1.0,1605.00
5744,1974,3,1,1605.00,1.0,1605.00
5745,1975,1,1,1605.00,,1605.00
5746,1975,2,1,1605.00,,1605.00
5747,1975,3,1,1605.00,,1605.00
5748,1975,4,1,1605.00,,1605.00
5749,1975,5,1,1605.00,,1605.00
5750,1975,6,1,1605.00,,1605.00
5751,1975,7,1,1605.00,,1605.00
5752,1975,8,1,1605.00,,1605.00
5753,1976,1,2,1971.00,1.0,1971.00
5754,1976,2,2,1971.00,1.0,1971.00
5755,1977,1,2,1971.00,1.0,1971.00
5756,1977,2,1,1605.00,1.0,1605.00
5757,1978,1,3,2773.00,1.0,2773.00
5758,1978,2,3,2773.00,1.0,2773.00
5759,1979,1,2,1971.00,1.0,1971.00
5760,1979,2,2,1971.00,1.0,1971.00
5761,1980,1,2,1971.00,1.0,1971.00
5762,1980,2,2,1971.00,1.0,1971.00
5763,1981,1,3,2773.00,1.0,2773.00
5764,1981,2,2,1971.00,1.0,1971.00
5765,1982,1,2,1971.00,1.0,1971.00
5766,1982,2,2,1971.00,1.0,1971.00
5767,1983,1,2,1971.00,1.0,1971.00
5768,1983,2,1,1605.00,1.0,1605.00
5769,1984,1,2,1971.00,1.0,1971.00
5770,1984,2,2,1971.00,1.0,1971.00
5771,1985,1,2,1971.00,1.0,1971.00
5772,1985,2,2,1971.00,1.0,1971.00
5773,1986,1,1,1605.00,1.25,1605.00
5774,1986,2,1,1605.00,1.25,1605.00
5775,1986,3,1,1605.00,1.25,1605.00
5776,1987,1,2,1971.00,1.0,1971.00
5777,1987,2,2,1971.00,1.0,1971.00
5778,1988,1,2,1971.00,1.0,1971.00
5779,1988,2,2,1971.00,1.0,1971.00
5780,1989,1,3,2773.00,1.5,2773.00
5781,1989,2,2,1971.00,1.5,1971.00
5782,1990,1,2,1971.00,1.0,1971.00
5783,1990,2,1,1605.00,1.0,1605.00
5784,1991,1,2,1971.00,1.0,1971.00
5785,1991,2,1,1605.00,1.0,1605.00
5786,1992,1,2,1971.00,1.0,1971.00
5787,1992,2,2,1971.00,1.0,1971.00
5788,1993,1,3,2773.00,1.5,2773.00
5789,1993,2,2,1971.00,1.5,1971.00
5790,1994,1,3,2773.00,1.0,2773.00
5791,1994,2,3,2773.00,1.0,2773.00
5792,1995,1,3,2773.00,1.0,2773.00
5793,1995,2,3,2773.00,1.0,2773.00
5794,1996,1,3,2773.00,1.0,2773.00
5795,1996,2,2,1971.00,1.0,1971.00
5796,1997,1,2,1971.00,1.0,1971.00
5797,1997,2,1,1605.00,1.0,1605.00
5798,1997,3,1,1605.00,1.0,1605.00
5799,1998,1,2,1971.00,1.0,1971.00
5800,1998,2,2,1971.00,1.0,1971.00
5801,1999,1,2,1971.00,1.0,1971.00
5802,1999,2,2,1971.00,1.0,1971.00
5803,2000,1,1,1605.00,1.0,1605.00
5804,2000,2,1,1605.00,1.0,1605.00
5805,2001,1,2,1971.00,1.5,1971.00
5806,2001,2,2,1971.00,1.5,1971.00
5807,2002,1,2,1971.00,1.0,1971.00
5808,2002,2,2,1971.00,1.0,1971.00
5809,2003,1,3,2773.00,3.5,2773.00
5810,2003,2,3,2773.00,3.5,2773.00
5811,2003,3,3,2773.00,3.5,2773.00
5812,2003,4,3,2773.00,3.5,2773.00
5813,2004,1,1,1605.00,,1605.00
5814,2004,2,1,1605.00,,1605.00
5815,2004,3,1,1605.00,,1605.00
5816,2004,4,1,1605.00,,1605.00
5817,2004,5,1,1605.00,,1605.00
5818,2005,1,2,1971.00,1.0,1971.00
5819,2005,2,2,1971.00,1.0,1971.00
5820,2006,1,2,1971.00,1.0,1971.00
5821,2006,2,2,1971.00,1.0,1971.00
5822,2007,1,2,1971.00,1.5,1971.00
5823,2007,2,2,1971.00,1.5,1971.00
5824,2008,1,2,1971.00,1.0,1971.00
5825,2008,2,1,1605.00,1.0,1605.00
5826,2009,1,2,1971.00,1.0,1971.00
5827,2009,2,1,1605.00,1.0,1605.00
5828,2010,1,3,2773.00,1.5,2773.00
5829,2010,2,3,2773.00,1.5,2773.00
5830,2011,1,1,1605.00,1.0,1605.00
5831,2011,2,1,1605.00,1.0,1605.00
5832,2011,3,1,1605.00,1.0,1605.00
5833,2011,4,1,1605.00,1.0,1605.00
5834,2012,1,2,1971.00,1.0,1971.00
5835,2012,2,2,1971.00,1.0,1971.00
5836,2013,1,2,1971.00,1.0,1971.00
5837,2013,2,2,1971.00,1.0,1971.00
5838,2014,1,2,1971.00,1.0,1971.00
5839,2014,2,2,1971.00,1.0,1971.00
5840,2015,1,3,2773.00,1.0,2773.00
5841,2015,2,2,1971.00,1.0,1971.00
5842,2016,1,3,2773.00,1.0,2773.00
5843,2016,2,2,1971.00,1.0,1971.00
5844,2017,1,2,1971.00,1.0,1971.00
5845,2017,2,2,1971.00,1.0,1971.00
5846,2018,1,2,1971.00,1.0,1971.00
5847,2018,2,2,1971.00,1.0,1971.00
5848,2019,1,2,1971.00,1.25,1971.00
5849,2019,2,1,1605.00,1.25,1605.00
5850,2020,1,2,1971.00,1.0,1971.00
5851,2020,2,2,1971.00,1.0,1971.00
5852,2021,1,1,1605.00,,1605.00
5853,2021,2,1,1605.00,,1605.00
5854,2021,3,1,1605.00,,1605.00
5855,2021,4,1,1605.00,,1605.00
5856,2021,5,1,1605.00,,1605.00
5857,2021,6,1,1605.00,,1605.00
5858,2022,1,1,1605.00,1.0,1605.00
5859,2022,2,1,1605.00,1.0,1605.00
5860,2023,1,2,1971.00,1.5,1971.00
5861,2023,2,2,1971.00,1.5,1971.00
5862,2024,1,2,1971.00,1.0,1971.00
5863,2024,2,2,1971.00,1.0,1971.00
5864,2024,3,1,1605.00,1.0,1605.00
5865,2024,4,1,1605.00,1.0,1605.00
5866,2025,1,2,1971.00,1.0,1971.00
5867,2025,2,1,1605.00,1.0,1605.00
5868,2026,1,3,2773.00,1.0,2773.00
5869,2026,2,2,1971.00,1.0,1971.00
5870,2027,1,2,1971.00,1.0,1971.00
5871,2027,2,2,1971.00,1.0,1971.00
5872,2028,1,2,1971.00,1.0,1971.00
5873,2028,2,2,1971.00,1.0,1971.00
5874,2029,1,3,2773.00,1.25,2773.00
5875,2029,2,3,2773.00,1.25,2773.00
5876,2029,3,3,2773.00,1.25,2773.00
5877,2030,1,2,1971.00,1.0,1971.00
5878,2030,2,2,1971.00,1.0,1971.00
5879,2031,1,1,1605.00,1.0,1605.00
5880,2031,2,1,1605.00,1.0,1605.00
5881,2032,1,2,1971.00,1.0,1971.00
5882,2032,2,1,1605.00,1.0,1605.00
5883,2032,3,1,1605.00,1.0,1605.00
5884,2033,1,1,1605.00,,1605.00
5885,2033,2,1,1605.00,,1605.00
5886,2033,3,1,1605.00,,1605.00
5887,2033,4,1,1605.00,,1605.00
5888,2033,5,1,1605.00,,1605.00
5889,2034,1,1,1605.00,1.0,1605.00
5890,2034,2,1,1605.00,1.0,1605.00
5891,2035,1,2,1971.00,1.0,1971.00
5892,2035,2,2,1971.00,1.0,1971.00
5893,2036,1,3,2773.00,1.5,2773.00
5894,2036,2,2,1971.00,1.5,1971.00
5895,2037,1,3,2773.00,2.5,2773.00
5896,2037,2,3,2773.00,2.5,2773.00
5897,2037,3,3,2773.00,2.5,2773.00
5898,2038,1,2,1971.00,1.0,1971.00
5899,2038,2,2,1971.00,1.0,1971.00
5900,2039,1,1,1605.00,,1605.00
5901,2039,2,1,1605.00,,1605.00
5902,2039,3,1,1605.00,,1605.00
5903,2039,4,1,1605.00,,1605.00
5904,2039,5,1,1605.00,,1605.00
5905,2039,6,1,1605.00,,1605.00
5906,2040,1,2,1971.00,1.0,1971.00
5907,2040,2,2,1971.00,1.0,1971.00
5908,2040,3,2,1971.00,1.0,1971.00
5909,2040,4,2,1971.00,1.0,1971.00
5910,2041,1,1,1605.00,1.0,1605.00
5911,2041,2,1,1605.00,1.0,1605.00
5912,2041,3,1,1605.00,1.0,1605.00
5913,2041,4,1,1605.00,1.0,1605.00
5914,2042,1,1,1605.00,,1605.00
5915,2042,2,1,1605.00,,1605.00
5916,2042,3,1,1605.00,,1605.00
5917,2042,4,1,1605.00,,1605.00
5918,2042,5,1,1605.00,,1605.00
5919,2042,6,1,1605.00,,1605.00
5920,2042,7,1,1605.00,,1605.00
5921,2042,8,1,1605.00,,1605.00
5922,2043,1,2,1971.00,1.0,1971.00
5923,2043,2,2,1971.00,1.0,1971.00
5924,2044,1,2,1971.00,1.0,1971.00
5925,2044,2,1,1605.00,1.0,1605.00
5926,2044,3,1,1605.00,1.0,1605.00
5927,2045,1,2,1971.00,1.0,1971.00
5928,2045,2,2,1971.00,1.0,1971.00
5929,2046,1,1,1605.00,1.0,1605.00
5930,2046,2,1,1605.00,1.0,1605.00
5931,2046,3,1,1605.00,1.0,1605.00
5932,2047,1,2,1971.00,1.0,1971.00
5933,2047,2,2,1971.00,1.0,1971.00
5934,2048,1,2,1971.00,1.0,1971.00
5935,2048,2,2,1971.00,1.0,1971.00
5936,2049,1,2,1971.00,2.0,1971.00
5937,2049,2,2,1971.00,2.0,1971.00
5938,2050,1,1,1605.00,1.0,1605.00
5939,2050,2,1,1605.00,1.0,1605.00
5940,2051,1,3,2773.00,1.25,2773.00
5941,2051,2,2,1971.00,1.25,1971.00
5942,2052,1,3,2773.00,1.0,2773.00
5943,2052,2,2,1971.00,1.0,1971.00
5944,2053,1,2,1971.00,1.0,1971.00
5945,2053,2,2,1971.00,1.0,1971.00
5946,2054,1,2,1971.00,1.5,1971.00
5947,2054,2,2,1971.00,1.5,1971.00
5948,2054,3,2,1971.00,1.5,1971.00
5949,2054,4,2,1971.00,1.5,1971.00
5950,2055,1,1,1605.00,1.0,1605.00
5951,2055,2,1,1605.00,1.0,1605.00
5952,2056,1,1,1605.00,,1605.00
5953,2056,2,1,1605.00,,1605.00
5954,2056,3,1,1605.00,,1605.00
5955,2056,4,1,1605.00,,1605.00
5956,2056,5,1,1605.00,,1605.00
5957,2056,6,1,1605.00,,1605.00
5958,2057,1,1,1605.00,,1605.00
5959,2057,2,1,1605.00,,1605.00
5960,2057,3,1,1605.00,,1605.00
5961,2057,4,1,1605.00,,1605.00
5962,2057,5,1,1605.00,,1605.00
5963,2057,6,1,1605.00,,1605.00
5964,2057,7,1,1605.00,,1605.00
5965,2057,8,1,1605.00,,1605.00
5966,2058,1,2,1971.00,1.0,1971.00
5967,2058,2,2,1971.00,1.0,1971.00
5968,2058,3,1,1605.00,1.0,1605.00
5969,2059,1,3,2773.00,2.5,2773.00
5970,2059,2,3,2773.00,2.5,2773.00
5971,2060,1,2,1971.00,1.0,1971.00
5972,2060,2,2,1971.00,1.0,1971.00
5973,2061,1,2,1971.00,1.0,1971.00
5974,2061,2,2,1971.00,1.0,1971.00
5975,2062,1,2,1971.00,1.0,1971.00
5976,2062,2,2,1971.00,1.0,1971.00
5977,2063,1,2,1971.00,1.0,1971.00
5978,2063,2,2,1971.00,1.0,1971.00
5979,2064,1,2,1971.00,1.0,1971.00
5980,2064,2,2,1971.00,1.0,1971.00
5981,2064,3,2,1971.00,1.0,1971.00
5982,2065,1,2,1971.00,1.0,1971.00
5983,2065,2,2,1971.00,1.0,1971.00
5984,2066,1,2,1971.00,1.0,1971.00
5985,2066,2,2,1971.00,1.0,1971.00
5986,2066,3,2,1971.00,1.0,1971.00
5987,2067,1,2,1971.00,1.5,1971.00
5988,2067,2,2,1971.00,1.5,1971.00
5989,2068,1,2,1971.00,1.0,1971.00
5990,2068,2,2,1971.00,1.0,1971.00
5991,2068,3,2,1971.00,1.0,1971.00
5992,2069,1,2,1971.00,1.0,1971.00
5993,2069,2,2,1971.00,1.0,1971.00
5994,2070,1,2,1971.00,1.0,1971.00
5995,2070,2,2,1971.00,1.0,1971.00
5996,2071,1,2,1971.00,1.0,1971.00
5997,2071,2,2,1971.00,1.0,1971.00
5998,2072,1,2,1971.00,1.0,1971.00
5999,2072,2,2,1971.00,1.0,1971.00
6000,2073,1,2,1971.00,1.0,1971.00
6001,2073,2,2,1971.00,1.0,1971.00
6002,2074,1,2,1971.00,1.0,1971.00
6003,2074,2,2,1971.00,1.0,1971.00
6004,2075,1,1,1605.00,,1605.00
6005,2075,2,1,1605.00,,1605.00
6006,2075,3,1,1605.00,,1605.00
6007,2075,4,1,1605.00,,1605.00
6008,2075,5,1,1605.00,,1605.00
6009,2075,6,1,1605.00,,1605.00
6010,2075,7,1,1605.00,,1605.00
6011,2075,8,1,1605.00,,1605.00
6012,2076,1,2,1971.00,1.0,1971.00
6013,2076,2,2,1971.00,1.0,1971.00
6014,2077,1,2,1971.00,1.5,1971.00
6015,2077,2,2,1971.00,1.5,1971.00
6016,2077,3,2,1971.00,1.5,1971.00
6017,2078,1,2,1971.00,1.0,1971.00
6018,2078,2,2,1971.00,1.0,1971.00
6019,2078,3,2,1971.00,1.0,1971.00
6020,2079,1,2,1971.00,1.0,1971.00
6021,2079,2,1,1605.00,1.0,1605.00
6022,2080,1,2,1971.00,1.0,1971.00
6023,2080,2,2,1971.00,1.0,1971.00
6024,2081,1,2,1971.00,1.0,1971.00
6025,2081,2,2,1971.00,1.0,1971.00
6026,2082,1,2,1971.00,1.0,1971.00
6027,2082,2,1,1605.00,1.0,1605.00
6028,2083,1,1,1605.00,1.0,1605.00
6029,2083,2,1,1605.00,1.0,1605.00
6030,2084,1,3,2773.00,1.0,2773.00
6031,2084,2,2,1971.00,1.0,1971.00
6032,2085,1,2,1971.00,1.0,1971.00
6033,2085,2,1,1605.00,1.0,1605.00
6034,2086,1,2,1971.00,1.0,1971.00
6035,2086,2,2,1971.00,1.0,1971.00
6036,2087,1,2,1971.00,1.0,1971.00
6037,2087,2,2,1971.00,1.0,1971.00
6038,2087,3,2,1971.00,1.0,1971.00
6039,2088,1,2,1971.00,1.0,1971.00
6040,2088,2,2,1971.00,1.0,1971.00
6041,2089,1,2,1971.00,1.0,1971.00
6042,2089,2,2,1971.00,1.0,1971.00
6043,2090,1,3,2773.00,1.0,2773.00
6044,2090,2,2,1971.00,1.0,1971.00
6045,2090,3,2,1971.00,1.0,1971.00
6046,2091,1,2,1971.00,1.5,1971.00
6047,2091,2,2,1971.00,1.5,1971.00
6048,2092,1,1,1605.00,1.0,1605.00
6049,2092,2,1,1605.00,1.0,1605.00
6050,2093,1,3,2773.00,1.0,2773.00
6051,2093,2,2,1971.00,1.0,1971.00
6052,2093,3,2,1971.00,1.0,1971.00
6053,2094,1,2,1971.00,1.0,1971.00
6054,2094,2,2,1971.00,1.0,1971.00
6055,2095,1,2,1971.00,1.5,1971.00
6056,2095,2,2,1971.00,1.5,1971.00
6057,2096,1,1,1605.00,1.0,1605.00
6058,2096,2,1,1605.00,1.0,1605.00
6059,2096,3,1,1605.00,1.0,1605.00
6060,2096,4,1,1605.00,1.0,1605.00
6061,2097,1,2,1971.00,1.0,1971.00
6062,2097,2,2,1971.00,1.0,1971.00
6063,2098,1,1,1605.00,,1605.00
6064,2098,2,1,1605.00,,1605.00
6065,2098,3,1,1605.00,,1605.00
6066,2098,4,1,1605.00,,1605.00
6067,2098,5,1,1605.00,,1605.00
6068,2098,6,1,1605.00,,1605.00
6069,2098,7,1,1605.00,,1605.00
6070,2099,1,1,1605.00,1.0,1605.00
6071,2099,2,1,1605.00,1.0,1605.00
6072,2100,1,2,1971.00,1.0,1971.00
6073,2100,2,1,1605.00,1.0,1605.00
6074,2101,1,2,1971.00,1.0,1971.00
6075,2101,2,2,1971.00,1.0,1971.00
6076,2102,1,1,1605.00,,1605.00
6077,2102,2,1,1605.00,,1605.00
6078,2102,3,1,1605.00,,1605.00
6079,2102,4,1,1605.00,,1605.00
6080,2102,5,1,1605.00,,1605.00
6081,2102,6,1,1605.00,,1605.00
6082,2102,7,1,1605.00,,1605.00
6083,2103,1,2,1971.00,1.0,1971.00
6084,2103,2,2,1971.00,1.0,1971.00
6085,2104,1,1,1605.00,1.0,1605.00
6086,2104,2,1,1605.00,1.0,1605.00
6087,2104,3,1,1605.00,1.0,1605.00
6088,2104,4,1,1605.00,1.0,1605.00
6089,2105,1,2,1971.00,1.0,1971.00
6090,2105,2,2,1971.00,1.0,1971.00
6091,2106,1,3,2773.00,1.5,2773.00
6092,2106,2,2,1971.00,1.5,1971.00
6093,2107,1,2,1971.00,1.25,1971.00
6094,2107,2,2,1971.00,1.25,1971.00
6095,2107,3,1,1605.00,1.25,1605.00
6096,2108,1,2,1971.00,1.0,1971.00
6097,2108,2,2,1971.00,1.0,1971.00
6098,2108,3,2,1971.00,1.0,1971.00
6099,2109,1,2,1971.00,1.0,1971.00
6100,2109,2,2,1971.00,1.0,1971.00
6101,2110,1,3,2773.00,1.0,2773.00
6102,2110,2,2,1971.00,1.0,1971.00
6103,2111,1,2,1971.00,1.0,1971.00
6104,2111,2,2,1971.00,1.0,1971.00
6105,2112,1,2,1971.00,1.0,1971.00
6106,2112,2,2,1971.00,1.0,1971.00
6107,2113,1,1,1605.00,1.0,1605.00
6108,2113,2,1,1605.00,1.0,1605.00
6109,2114,1,2,1971.00,1.0,1971.00
6110,2114,2,2,1971.00,1.0,1971.00
6111,2115,1,2,1971.00,1.0,1971.00
6112,2115,2,2,1971.00,1.0,1971.00
6113,2116,1,2,1971.00,1.0,1971.00
6114,2116,2,1,1605.00,1.0,1605.00
6115,2117,1,3,2773.00,1.5,2773.00
6116,2117,2,2,1971.00,1.5,1971.00
6117,2118,1,2,1971.00,1.5,1971.00
6118,2118,2,2,1971.00,1.5,1971.00
6119,2119,1,2,1971.00,1.25,1971.00
6120,2119,2,2,1971.00,1.25,1971.00
6121,2119,3,1,1605.00,1.25,1605.00
6122,2120,1,2,1971.00,1.0,1971.00
6123,2120,2,2,1971.00,1.0,1971.00
6124,2121,1,2,1971.00,1.0,1971.00
6125,2121,2,2,1971.00,1.0,1971.00
6126,2121,3,2,1971.00,1.0,1971.00
6127,2122,1,1,1605.00,1.0,1605.00
6128,2122,2,1,1605.00,1.0,1605.00
6129,2122,3,1,1605.00,1.0,1605.00
6130,2122,4,1,1605.00,1.0,1605.00
6131,2123,1,1,1605.00,1.0,1605.00
6132,2123,2,1,1605.00,1.0,1605.00
6133,2123,3,1,1605.00,1.0,1605.00
6134,2124,1,3,2773.00,3.0,2773.00
6135,2124,2,3,2773.00,3.0,2773.00
6136,2125,1,3,2773.00,1.0,2773.00
6137,2125,2,2,1971.00,1.0,1971.00
6138,2126,1,2,1971.00,1.0,1971.00
6139,2126,2,2,1971.00,1.0,1971.00
6140,2126,3,2,1971.00,1.0,1971.00
6141,2127,1,2,1971.00,1.0,1971.00
6142,2127,2,2,1971.00,1.0,1971.00
6143,2127,3,2,1971.00,1.0,1971.00
6144,2127,4,2,1971.00,1.0,1971.00
6145,2128,1,2,1971.00,1.0,1971.00
6146,2128,2,2,1971.00,1.0,1971.00
6147,2128,3,2,1971.00,1.0,1971.00
6148,2128,4,2,1971.00,1.0,1971.00
6149,2129,1,2,1971.00,1.25,1971.00
6150,2129,2,2,1971.00,1.25,1971.00
6151,2129,3,2,1971.00,1.25,1971.00
6152,2129,4,1,1605.00,1.25,1605.00
6153,2130,1,2,1971.00,1.0,1971.00
6154,2130,2,2,1971.00,1.0,1971.00
6155,2131,1,2,1971.00,1.0,1971.00
6156,2131,2,2,1971.00,1.0,1971.00
6157,2132,1,2,1971.00,1.0,1971.00
6158,2132,2,2,1971.00,1.0,1971.00
6159,2133,1,1,1605.00,,1605.00
6160,2133,2,1,1605.00,,1605.00
6161,2133,3,1,1605.00,,1605.00
6162,2133,4,1,1605.00,,1605.00
6163,2133,5,1,1605.00,,1605.00
6164,2134,1,2,1971.00,1.0,1971.00
6165,2134,2,1,1605.00,1.0,1605.00
6166,2134,3,1,1605.00,1.0,1605.00
6167,2134,4,1,1605.00,1.0,1605.00
6168,2135,1,3,2773.00,1.0,2773.00
6169,2135,2,2,1971.00,1.0,1971.00
6170,2136,1,1,1605.00,1.0,1605.00
6171,2136,2,1,1605.00,1.0,1605.00
6172,2137,1,1,1605.00,,1605.00
6173,2137,2,1,1605.00,,1605.00
6174,2137,3,1,1605.00,,1605.00
6175,2137,4,1,1605.00,,1605.00
6176,2137,5,1,1605.00,,1605.00
6177,2137,6,1,1605.00,,1605.00
6178,2138,1,2,1971.00,1.0,1971.00
6179,2138,2,2,1971.00,1.0,1971.00
6180,2138,3,2,1971.00,1.0,1971.00
6181,2138,4,2,1971.00,1.0,1971.00
6182,2139,1,3,2773.00,2.0,2773.00
6183,2139,2,3,2773.00,2.0,2773.00
6184,2140,1,1,1605.00,,1605.00
6185,2140,2,1,1605.00,,1605.00
6186,2140,3,1,1605.00,,1605.00
6187,2140,4,1,1605.00,,1605.00
6188,2140,5,1,1605.00,,1605.00
6189,2140,6,1,1605.00,,1605.00
6190,2141,1,2,1971.00,1.0,1971.00
6191,2141,2,1,1605.00,1.0,1605.00
6192,2142,1,2,1971.00,1.0,1971.00
6193,2142,2,2,1971.00,1.0,1971.00
6194,2143,1,3,2773.00,1.5,2773.00
6195,2143,2,2,1971.00,1.5,1971.00
6196,2144,1,1,1605.00,,1605.00
6197,2144,2,1,1605.00,,1605.00
6198,2144,3,1,1605.00,,1605.00
6199,2144,4,1,1605.00,,1605.00
6200,2144,5,1,1605.00,,1605.00
6201,2144,6,1,1605.00,,1605.00
6202,2145,1,2,1971.00,1.5,1971.00
6203,2145,2,1,1605.00,1.5,1605.00
6204,2146,1,2,1971.00,1.0,1971.00
6205,2146,2,1,1605.00,1.0,1605.00
6206,2147,1,3,2773.00,1.5,2773.00
6207,2147,2,3,2773.00,1.5,2773.00
6208,2148,1,2,1971.00,2.0,1971.00
6209,2148,2,2,1971.00,2.0,1971.00
6210,2149,1,1,1605.00,1.0,1605.00
6211,2149,2,1,1605.00,1.0,1605.00
6212,2149,3,1,1605.00,1.0,1605.00
6213,2150,1,2,1971.00,1.0,1971.00
6214,2150,2,2,1971.00,1.0,1971.00
6215,2150,3,2,1971.00,1.0,1971.00
6216,2150,4,2,1971.00,1.0,1971.00
6217,2151,1,3,2773.00,1.5,2773.00
6218,2151,2,3,2773.00,1.5,2773.00
6219,2152,1,1,1605.00,,1605.00
6220,2152,2,1,1605.00,,1605.00
6221,2152,3,1,1605.00,,1605.00
6222,2152,4,1,1605.00,,1605.00
6223,2153,1,2,1971.00,1.0,1971.00
6224,2153,2,2,1971.00,1.0,1971.00
6225,2154,1,2,1971.00,1.0,1971.00
6226,2154,2,1,1605.00,1.0,1605.00
6227,2155,1,2,1971.00,1.5,1971.00
6228,2155,2,2,1971.00,1.5,1971.00
6229,2156,1,3,2773.00,1.75,2773.00
6230,2156,2,3,2773.00,1.75,2773.00
6231,2157,1,2,1971.00,1.0,1971.00
6232,2157,2,2,1971.00,1.0,1971.00
6233,2158,1,2,1971.00,1.0,1971.00
6234,2158,2,2,1971.00,1.0,1971.00
6235,2159,1,3,2773.00,1.0,2773.00
6236,2159,2,3,2773.00,1.0,2773.00
6237,2160,1,3,2773.00,2.0,2773.00
6238,2160,2,2,1971.00,2.0,1971.00
6239,2161,1,2,1971.00,1.0,1971.00
6240,2161,2,1,1605.00,1.0,1605.00
6241,2162,1,2,1971.00,1.0,1971.00
6242,2162,2,1,1605.00,1.0,1605.00
6243,2163,1,3,2773.00,1.0,2773.00
6244,2163,2,2,1971.00,1.0,1971.00
6245,2164,1,2,1971.00,1.0,1971.00
6246,2164,2,1,1605.00,1.0,1605.00
6247,2165,1,2,1971.00,3.0,1971.00
6248,2165,2,2,1971.00,3.0,1971.00
6249,2166,1,1,1605.00,1.0,1605.00
6250,2166,2,1,1605.00,1.0,1605.00
6251,2167,1,1,1605.00,,1605.00
6252,2167,2,1,1605.00,,1605.00
6253,2167,3,1,1605.00,,1605.00
6254,2167,4,1,1605.00,,1605.00
6255,2167,5,1,1605.00,,1605.00
6256,2167,6,1,1605.00,,1605.00
6257,2167,7,1,1605.00,,1605.00
6258,2167,8,1,1605.00,,1605.00
6259,2168,1,2,1971.00,1.25,1971.00
6260,2168,2,1,1605.00,1.25,1605.00
6261,2168,3,1,1605.00,1.25,1605.00
6262,2169,1,3,2773.00,1.0,2773.00
6263,2169,2,2,1971.00,1.0,1971.00
6264,2170,1,2,1971.00,1.5,1971.00
6265,2170,2,2,1971.00,1.5,1971.00
6266,2171,1,3,2773.00,1.5,2773.00
6267,2171,2,3,2773.00,1.5,2773.00
6268,2172,1,2,1971.00,1.0,1971.00
6269,2172,2,2,1971.00,1.0,1971.00
6270,2173,1,1,1605.00,1.0,1605.00
6271,2173,2,1,1605.00,1.0,1605.00
6272,2173,3,1,1605.00,1.0,1605.00
6273,2173,4,1,1605.00,1.0,1605.00
6274,2173,5,1,1605.00,1.0,1605.00
6275,2173,6,1,1605.00,1.0,1605.00
6276,2173,7,1,1605.00,1.0,1605.00
6277,2173,8,1,1605.00,1.0,1605.00
6278,2174,1,2,1971.00,1.0,1971.00
6279,2174,2,1,1605.00,1.0,1605.00
6280,2175,1,2,1971.00,1.0,1971.00
6281,2175,2,1,1605.00,1.0,1605.00
6282,2175,3,1,1605.00,1.0,1605.00
6283,2176,1,2,1971.00,1.0,1971.00
6284,2176,2,1,1605.00,1.0,1605.00
6285,2177,1,2,1971.00,1.0,1971.00
6286,2177,2,1,1605.00,1.0,1605.00
6287,2178,1,2,1971.00,1.0,1971.00
6288,2178,2,1,1605.00,1.0,1605.00
6289,2178,3,1,1605.00,1.0,1605.00
6290,2178,4,1,1605.00,1.0,1605.00
6291,2179,1,3,2773.00,1.0,2773.00
6292,2179,2,2,1971.00,1.0,1971.00
6293,2180,1,2,1971.00,1.0,1971.00
6294,2180,2,2,1971.00,1.0,1971.00
6295,2180,3,1,1605.00,1.0,1605.00
6296,2181,1,3,2773.00,1.25,2773.00
6297,2181,2,2,1971.00,1.25,1971.00
6298,2181,3,2,1971.00,1.25,1971.00
6299,2181,4,2,1971.00,1.25,1971.00
6300,2182,1,2,1971.00,1.0,1971.00
6301,2182,2,2,1971.00,1.0,1971.00
6302,2183,1,2,1971.00,1.5,1971.00
6303,2183,2,1,1605.00,1.5,1605.00
6304,2184,1,2,1971.00,1.25,1971.00
6305,2184,2,1,1605.00,1.25,1605.00
6306,2184,3,1,1605.00,1.25,1605.00
6307,2185,1,2,1971.00,1.0,1971.00
6308,2185,2,1,1605.00,1.0,1605.00
6309,2185,3,1,1605.00,1.0,1605.00
6310,2186,1,2,1971.00,1.0,1971.00
6311,2186,2,1,1605.00,1.0,1605.00
6312,2186,3,1,1605.00,1.0,1605.00
6313,2186,4,1,1605.00,1.0,1605.00
6314,2187,1,3,2773.00,1.75,2773.00
6315,2187,2,3,2773.00,1.75,2773.00
6316,2187,3,3,2773.00,1.75,2773.00
6317,2187,4,3,2773.00,1.75,2773.00
6318,2188,1,3,2773.00,1.75,2773.00
6319,2188,2,3,2773.00,1.75,2773.00
6320,2189,1,3,2773.00,1.5,2773.00
6321,2189,2,2,1971.00,1.5,1971.00
6322,2190,1,3,2773.00,1.0,2773.00
6323,2190,2,3,2773.00,1.0,2773.00
6324,2190,3,3,2773.00,1.0,2773.00
6325,2191,1,3,2773.00,1.0,2773.00
6326,2191,2,2,1971.00,1.0,1971.00
6327,2192,1,2,1971.00,1.0,1971.00
6328,2192,2,1,1605.00,1.0,1605.00
6329,2193,1,2,1971.00,1.0,1971.00
6330,2193,2,2,1971.00,1.0,1971.00
6331,2193,3,2,1971.00,1.0,1971.00
6332,2193,4,1,1605.00,1.0,1605.00
6333,2194,1,2,1971.00,1.0,1971.00
6334,2194,2,1,1605.00,1.0,1605.00
6335,2194,3,1,1605.00,1.0,1605.00
6336,2195,1,2,1971.00,1.0,1971.00
6337,2195,2,2,1971.00,1.0,1971.00
6338,2195,3,2,1971.00,1.0,1971.00
6339,2195,4,2,1971.00,1.0,1971.00
6340,2196,1,2,1971.00,1.5,1971.00
6341,2196,2,1,1605.00,1.5,1605.00
6342,2197,1,1,1605.00,,1605.00
6343,2197,2,1,1605.00,,1605.00
6344,2197,3,1,1605.00,,1605.00
6345,2197,4,1,1605.00,,1605.00
6346,2197,5,1,1605.00,,1605.00
6347,2197,6,1,1605.00,,1605.00
6348,2198,1,1,1605.00,,1605.00
6349,2198,2,1,1605.00,,1605.00
6350,2198,3,1,1605.00,,1605.00
6351,2198,4,1,1605.00,,1605.00
6352,2198,5,1,1605.00,,1605.00
6353,2199,1,2,1971.00,2.25,1971.00
6354,2199,2,2,1971.00,2.25,1971.00
6355,2199,3,2,1971.00,2.25,1971.00
6356,2199,4,2,1971.00,2.25,1971.00
6357,2199,5,2,1971.00,2.25,1971.00
6358,2199,6,2,1971.00,2.25,1971.00
6359,2200,1,3,2773.00,1.0,2773.00
6360,2200,2,2,1971.00,1.0,1971.00
6361,2200,3,2,1971.00,1.0,1971.00
6362,2201,1,2,1971.00,1.0,1971.00
6363,2201,2,2,1971.00,1.0,1971.00
6364,2202,1,2,1971.00,1.0,1971.00
6365,2202,2,2,1971.00,1.0,1971.00
6366,2202,3,2,1971.00,1.0,1971.00
6367,2203,1,6,4033.00,4.0,4033.00
6368,2203,2,6,4033.00,4.0,4033.00
6369,2204,1,2,1971.00,1.5,1971.00
6370,2204,2,2,1971.00,1.5,1971.00
6371,2205,1,2,1971.00,1.5,1971.00
6372,2205,2,2,1971.00,1.5,1971.00
6373,2206,1,2,1971.00,1.5,1971.00
6374,2206,2,2,1971.00,1.5,1971.00
6375,2207,1,2,1971.00,1.5,1971.00
6376,2207,2,2,1971.00,1.5,1971.00
6377,2208,1,2,1971.00,1.0,1971.00
6378,2208,2,2,1971.00,1.0,1971.00
6379,2208,3,2,1971.00,1.0,1971.00
6380,2209,1,2,1971.00,1.5,1971.00
6381,2209,2,2,1971.00,1.5,1971.00
6382,2210,1,2,1971.00,1.5,1971.00
6383,2210,2,2,1971.00,1.5,1971.00
6384,2211,1,2,1971.00,1.5,1971.00
6385,2211,2,2,1971.00,1.5,1971.00
6386,2212,1,2,1971.00,1.5,1971.00
6387,2212,2,2,1971.00,1.5,1971.00
6388,2213,1,3,2773.00,1.0,2773.00
6389,2213,2,3,2773.00,1.0,2773.00
6390,2213,3,2,1971.00,1.0,1971.00
6391,2213,4,2,1971.00,1.0,1971.00
6392,2214,1,2,1971.00,1.0,1971.00
6393,2214,2,2,1971.00,1.0,1971.00
6394,2215,1,2,1971.00,1.0,1971.00
6395,2215,2,2,1971.00,1.0,1971.00
6396,2215,3,2,1971.00,1.0,1971.00
6397,2216,1,1,1605.00,,1605.00
6398,2216,2,1,1605.00,,1605.00
6399,2216,3,1,1605.00,,1605.00
6400,2216,4,1,1605.00,,1605.00
6401,2216,5,1,1605.00,,1605.00
6402,2216,6,1,1605.00,,1605.00
6403,2217,1,1,1605.00,,1605.00
6404,2217,2,1,1605.00,,1605.00
6405,2217,3,1,1605.00,,1605.00
6406,2217,4,1,1605.00,,1605.00
6407,2217,5,1,1605.00,,1605.00
6408,2217,6,1,1605.00,,1605.00
6409,2218,1,1,1605.00,,1605.00
6410,2218,2,1,1605.00,,1605.00
6411,2218,3,1,1605.00,,1605.00
6412,2218,4,1,1605.00,,1605.00
6413,2218,5,1,1605.00,,1605.00
6414,2218,6,1,1605.00,,1605.00
6415,2219,1,1,1605.00,,1605.00
6416,2219,2,1,1605.00,,1605.00
6417,2219,3,1,1605.00,,1605.00
6418,2219,4,1,1605.00,,1605.00
6419,2219,5,1,1605.00,,1605.00
6420,2219,6,1,1605.00,,1605.00
6421,2220,1,1,1605.00,,1605.00
6422,2220,2,1,1605.00,,1605.00
6423,2220,3,1,1605.00,,1605.00
6424,2220,4,1,1605.00,,1605.00
6425,2220,5,1,1605.00,,1605.00
6426,2220,6,1,1605.00,,1605.00
6427,2221,1,2,1971.00,1.0,1971.00
6428,2221,2,2,1971.00,1.0,1971.00
6429,2222,1,2,1971.00,1.0,1971.00
6430,2222,2,1,1605.00,1.0,1605.00
6431,2222,3,1,1605.00,1.0,1605.00
6432,2223,1,2,1971.00,1.0,1971.00
6433,2223,2,1,1605.00,1.0,1605.00
6434,2224,1,1,1605.00,,1605.00
6435,2224,2,1,1605.00,,1605.00
6436,2224,3,1,1605.00,,1605.00
6437,2224,4,1,1605.00,,1605.00
6438,2224,5,1,1605.00,,1605.00
6439,2225,1,1,1605.00,1.0,1605.00
6440,2225,2,1,1605.00,1.0,1605.00
6441,2225,3,1,1605.00,1.0,1605.00
6442,2226,1,1,1605.00,1.0,1605.00
6443,2226,2,1,1605.00,1.0,1605.00
6444,2227,1,3,2773.00,2.0,2773.00
6445,2227,2,3,2773.00,2.0,2773.00
6446,2227,3,2,1971.00,2.0,1971.00
6447,2227,4,2,1971.00,2.0,1971.00
6448,2228,1,3,2773.00,2.5,2773.00
6449,2228,2,3,2773.00,2.5,2773.00
6450,2228,3,3,2773.00,2.5,2773.00
6451,2229,1,3,2773.00,2.5,2773.00
6452,2229,2,3,2773.00,2.5,2773.00
6453,2230,1,3,2773.00,2.5,2773.00
6454,2230,2,3,2773.00,2.5,2773.00
6455,2231,1,3,2773.00,2.5,2773.00
6456,2231,2,3,2773.00,2.5,2773.00
6457,2232,1,2,1971.00,1.0,1971.00
6458,2232,2,2,1971.00,1.0,1971.00
6459,2232,3,2,1971.00,1.0,1971.00
6460,2233,1,3,2773.00,2.5,2773.00
6461,2233,2,3,2773.00,2.5,2773.00
6462,2234,1,2,1971.00,1.0,1971.00
6463,2234,2,2,1971.00,1.0,1971.00
6464,2235,1,3,2773.00,2.5,2773.00
6465,2235,2,3,2773.00,2.5,2773.00
6466,2236,1,2,1971.00,1.0,1971.00
6467,2236,2,2,1971.00,1.0,1971.00
6468,2236,3,2,1971.00,1.0,1971.00
6469,2237,1,2,1971.00,1.0,1971.00
6470,2237,2,2,1971.00,1.0,1971.00
6471,2237,3,2,1971.00,1.0,1971.00
6472,2238,1,2,1971.00,1.0,1971.00
6473,2238,2,2,1971.00,1.0,1971.00
6474,2238,3,2,1971.00,1.0,1971.00
6475,2239,1,2,1971.00,1.0,1971.00
6476,2239,2,2,1971.00,1.0,1971.00
6477,2240,1,2,1971.00,1.0,1971.00
6478,2240,2,2,1971.00,1.0,1971.00
6479,2241,1,2,1971.00,1.0,1971.00
6480,2241,2,2,1971.00,1.0,1971.00
6481,2242,1,2,1971.00,1.0,1971.00
6482,2242,2,2,1971.00,1.0,1971.00
6483,2243,1,2,1971.00,1.0,1971.00
6484,2243,2,2,1971.00,1.0,1971.00
6485,2244,1,2,1971.00,1.0,1971.00
6486,2244,2,2,1971.00,1.0,1971.00
6487,2245,1,2,1971.00,2.5,1971.00
6488,2245,2,2,1971.00,2.5,1971.00
6489,2246,1,2,1971.00,1.0,1971.00
6490,2246,2,2,1971.00,1.0,1971.00
6491,2247,1,2,1971.00,1.0,1971.00
6492,2247,2,2,1971.00,1.0,1971.00
6493,2247,3,1,1605.00,1.0,1605.00
6494,2248,1,2,1971.00,1.0,1971.00
6495,2248,2,2,1971.00,1.0,1971.00
6496,2249,1,2,1971.00,1.0,1971.00
6497,2249,2,2,1971.00,1.0,1971.00
6498,2250,1,2,1971.00,1.0,1971.00
6499,2250,2,2,1971.00,1.0,1971.00
6500,2251,1,2,1971.00,1.5,1971.00
6501,2251,2,2,1971.00,1.5,1971.00
6502,2252,1,2,1971.00,1.0,1971.00
6503,2252,2,2,1971.00,1.0,1971.00
6504,2253,1,2,1971.00,1.0,1971.00
6505,2253,2,2,1971.00,1.0,1971.00
6506,2254,1,2,1971.00,1.0,1971.00
6507,2254,2,2,1971.00,1.0,1971.00
6508,2255,1,2,1971.00,1.0,1971.00
6509,2255,2,2,1971.00,1.0,1971.00
6510,2255,3,2,1971.00,1.0,1971.00
6511,2256,1,3,2773.00,1.0,2773.00
6512,2256,2,3,2773.00,1.0,2773.00
6513,2257,1,2,1971.00,1.0,1971.00
6514,2257,2,2,1971.00,1.0,1971.00
6515,2258,1,2,1971.00,1.0,1971.00
6516,2258,2,2,1971.00,1.0,1971.00
6517,2259,1,4,3102.00,1.0,3102.00
6518,2259,2,4,3102.00,1.0,3102.00
6519,2260,1,3,2773.00,1.0,2773.00
6520,2260,2,3,2773.00,1.0,2773.00
6521,2261,1,2,1971.00,1.0,1971.00
6522,2261,2,2,1971.00,1.0,1971.00
6523,2262,1,2,1971.00,1.0,1971.00
6524,2262,2,2,1971.00,1.0,1971.00
6525,2263,1,2,1971.00,1.0,1971.00
6526,2263,2,2,1971.00,1.0,1971.00
6527,2263,3,2,1971.00,1.0,1971.00
6528,2264,1,2,1971.00,1.0,1971.00
6529,2264,2,2,1971.00,1.0,1971.00
6530,2264,3,2,1971.00,1.0,1971.00
6531,2265,1,1,1605.00,1.25,1605.00
6532,2265,2,1,1605.00,1.25,1605.00
6533,2266,1,4,3102.00,2.5,3102.00
6534,2266,2,3,2773.00,2.5,2773.00
6535,2267,1,2,1971.00,1.0,1971.00
6536,2267,2,2,1971.00,1.0,1971.00
6537,2268,1,3,2773.00,1.5,2773.00
6538,2268,2,3,2773.00,1.5,2773.00
6539,2269,1,3,2773.00,1.5,2773.00
6540,2269,2,3,2773.00,1.5,2773.00
6541,2270,1,2,1971.00,1.0,1971.00
6542,2270,2,2,1971.00,1.0,1971.00
6543,2271,1,2,1971.00,1.0,1971.00
6544,2271,2,2,1971.00,1.0,1971.00
6545,2272,1,1,1605.00,1.0,1605.00
6546,2272,2,1,1605.00,1.0,1605.00
6547,2272,3,1,1605.00,1.0,1605.00
6548,2273,1,1,1605.00,1.0,1605.00
6549,2273,2,1,1605.00,1.0,1605.00
6550,2273,3,1,1605.00,1.0,1605.00
6551,2274,1,1,1605.00,1.0,1605.00
6552,2274,2,1,1605.00,1.0,1605.00
6553,2274,3,1,1605.00,1.0,1605.00
6554,2275,1,1,1605.00,1.0,1605.00
6555,2275,2,1,1605.00,1.0,1605.00
6556,2275,3,1,1605.00,1.0,1605.00
6557,2276,1,1,1605.00,1.0,1605.00
6558,2276,2,1,1605.00,1.0,1605.00
6559,2276,3,1,1605.00,1.0,1605.00
6560,2277,1,1,1605.00,1.0,1605.00
6561,2277,2,1,1605.00,1.0,1605.00
6562,2277,3,1,1605.00,1.0,1605.00
6563,2278,1,1,1605.00,1.0,1605.00
6564,2278,2,1,1605.00,1.0,1605.00
6565,2278,3,1,1605.00,1.0,1605.00
6566,2279,1,2,1971.00,1.0,1971.00
6567,2279,2,2,1971.00,1.0,1971.00
6568,2279,3,2,1971.00,1.0,1971.00
6569,2280,1,2,1971.00,1.0,1971.00
6570,2280,2,2,1971.00,1.0,1971.00
6571,2280,3,2,1971.00,1.0,1971.00
6572,2281,1,2,1971.00,1.0,1971.00
6573,2281,2,2,1971.00,1.0,1971.00
6574,2281,3,2,1971.00,1.0,1971.00
6575,2282,1,2,1971.00,1.0,1971.00
6576,2282,2,2,1971.00,1.0,1971.00
6577,2282,3,2,1971.00,1.0,1971.00
6578,2283,1,2,1971.00,1.0,1971.00
6579,2283,2,2,1971.00,1.0,1971.00
6580,2283,3,2,1971.00,1.0,1971.00
6581,2283,4,2,1971.00,1.0,1971.00
6582,2284,1,1,1605.00,,1605.00
6583,2284,2,1,1605.00,,1605.00
6584,2284,3,1,1605.00,,1605.00
6585,2284,4,1,1605.00,,1605.00
6586,2284,5,1,1605.00,,1605.00
6587,2285,1,4,3102.00,3.5,3102.00
6588,2285,2,4,3102.00,3.5,3102.00
6589,2286,1,3,2773.00,1.5,2773.00
6590,2286,2,2,1971.00,1.5,1971.00
6591,2287,1,2,1971.00,1.0,1971.00
6592,2287,2,1,1605.00,1.0,1605.00
6593,2288,1,1,1605.00,1.0,1605.00
6594,2288,2,1,1605.00,1.0,1605.00
6595,2288,3,1,1605.00,1.0,1605.00
6596,2289,1,3,2773.00,1.5,2773.00
6597,2289,2,2,1971.00,1.5,1971.00
6598,2290,1,2,1971.00,1.0,1971.00
6599,2290,2,2,1971.00,1.0,1971.00
6600,2291,1,3,2773.00,1.0,2773.00
6601,2291,2,3,2773.00,1.0,2773.00
6602,2292,1,3,2773.00,1.5,2773.00
6603,2292,2,2,1971.00,1.5,1971.00
6604,2293,1,3,2773.00,1.25,2773.00
6605,2293,2,3,2773.00,1.25,2773.00
6606,2293,3,3,2773.00,1.25,2773.00
6607,2294,1,1,1605.00,1.0,1605.00
6608,2294,2,1,1605.00,1.0,1605.00
6609,2294,3,1,1605.00,1.0,1605.00
6610,2295,1,2,1971.00,1.0,1971.00
6611,2295,2,2,1971.00,1.0,1971.00
6612,2296,1,2,1971.00,1.0,1971.00
6613,2296,2,2,1971.00,1.0,1971.00
6614,2296,3,2,1971.00,1.0,1971.00
6615,2296,4,2,1971.00,1.0,1971.00
6616,2297,1,2,1971.00,1.0,1971.00
6617,2297,2,1,1605.00,1.0,1605.00
6618,2298,1,1,1605.00,1.0,1605.00
6619,2298,2,1,1605.00,1.0,1605.00
6620,2299,1,2,1971.00,1.0,1971.00
6621,2299,2,2,1971.00,1.0,1971.00
6622,2300,1,1,1605.00,,1605.00
6623,2300,2,1,1605.00,,1605.00
6624,2300,3,1,1605.00,,1605.00
6625,2300,4,1,1605.00,,1605.00
6626,2300,5,1,1605.00,,1605.00
6627,2300,6,1,1605.00,,1605.00
6628,2300,7,1,1605.00,,1605.00
6629,2300,8,1,1605.00,,1605.00
6630,2301,1,1,1605.00,,1605.00
6631,2301,2,1,1605.00,,1605.00
6632,2301,3,1,1605.00,,1605.00
6633,2301,4,1,1605.00,,1605.00
6634,2301,5,1,1605.00,,1605.00
6635,2301,6,1,1605.00,,1605.00
6636,2301,7,1,1605.00,,1605.00
6637,2301,8,1,1605.00,,1605.00
6638,2302,1,1,1605.00,,1605.00
6639,2302,2,1,1605.00,,1605.00
6640,2302,3,1,1605.00,,1605.00
6641,2302,4,1,1605.00,,1605.00
6642,2302,5,1,1605.00,,1605.00
6643,2303,1,1,1605.00,,1605.00
6644,2303,2,1,1605.00,,1605.00
6645,2303,3,1,1605.00,,1605.00
6646,2303,4,1,1605.00,,1605.00
6647,2303,5,1,1605.00,,1605.00
6648,2304,1,1,1605.00,,1605.00
6649,2304,2,1,1605.00,,1605.00
6650,2304,3,1,1605.00,,1605.00
6651,2304,4,1,1605.00,,1605.00
6652,2304,5,1,1605.00,,1605.00
6653,2305,1,1,1605.00,,1605.00
6654,2305,2,1,1605.00,,1605.00
6655,2305,3,1,1605.00,,1605.00
6656,2305,4,1,1605.00,,1605.00
6657,2305,5,1,1605.00,,1605.00
6658,2306,1,2,1971.00,1.0,1971.00
6659,2306,2,2,1971.00,1.0,1971.00
6660,2307,1,2,1971.00,1.0,1971.00
6661,2307,2,1,1605.00,1.0,1605.00
6662,2308,1,3,2773.00,2.5,2773.00
6663,2308,2,3,2773.00,2.5,2773.00
6664,2308,3,3,2773.00,2.5,2773.00
6665,2309,1,3,2773.00,1.75,2773.00
6666,2309,2,3,2773.00,1.75,2773.00
6667,2310,1,3,2773.00,1.0,2773.00
6668,2310,2,2,1971.00,1.0,1971.00
6669,2311,1,1,1605.00,,1605.00
6670,2311,2,1,1605.00,,1605.00
6671,2311,3,1,1605.00,,1605.00
6672,2311,4,1,1605.00,,1605.00
6673,2311,5,1,1605.00,,1605.00
6674,2311,6,1,1605.00,,1605.00
6675,2311,7,1,1605.00,,1605.00
6676,2311,8,1,1605.00,,1605.00
6677,2312,1,2,1971.00,1.0,1971.00
6678,2312,2,1,1605.00,1.0,1605.00
6679,2312,3,1,1605.00,1.0,1605.00
6680,2312,4,1,1605.00,1.0,1605.00
6681,2313,1,2,1971.00,1.0,1971.00
6682,2313,2,2,1971.00,1.0,1971.00
6683,2314,1,2,1971.00,1.0,1971.00
6684,2314,2,1,1605.00,1.0,1605.00
6685,2315,1,2,1971.00,1.0,1971.00
6686,2315,2,2,1971.00,1.0,1971.00
6687,2315,3,1,1605.00,1.0,1605.00
6688,2315,4,1,1605.00,1.0,1605.00
6689,2316,1,3,2773.00,1.0,2773.00
6690,2316,2,2,1971.00,1.0,1971.00
6691,2316,3,2,1971.00,1.0,1971.00
6692,2317,1,1,1605.00,,1605.00
6693,2317,2,1,1605.00,,1605.00
6694,2317,3,1,1605.00,,1605.00
6695,2317,4,1,1605.00,,1605.00
6696,2317,5,1,1605.00,,1605.00
6697,2317,6,1,1605.00,,1605.00
6698,2317,7,1,1605.00,,1605.00
6699,2317,8,1,1605.00,,1605.00
6700,2318,1,2,1971.00,1.25,1971.00
6701,2318,2,2,1971.00,1.25,1971.00
6702,2318,3,1,1605.00,1.25,1605.00
6703,2318,4,1,1605.00,1.25,1605.00
6704,2319,1,2,1971.00,1.5,1971.00
6705,2319,2,2,1971.00,1.5,1971.00
6706,2320,1,2,1971.00,1.0,1971.00
6707,2320,2,1,1605.00,1.0,1605.00
6708,2320,3,1,1605.00,1.0,1605.00
6709,2321,1,1,1605.00,,1605.00
6710,2321,2,1,1605.00,,1605.00
6711,2321,3,1,1605.00,,1605.00
6712,2321,4,1,1605.00,,1605.00
6713,2321,5,1,1605.00,,1605.00
6714,2322,1,2,1971.00,1.0,1971.00
6715,2322,2,1,1605.00,1.0,1605.00
6716,2323,1,2,1971.00,1.0,1971.00
6717,2323,2,2,1971.00,1.0,1971.00
6718,2324,1,3,2773.00,1.5,2773.00
6719,2324,2,2,1971.00,1.5,1971.00
6720,2325,1,2,1971.00,1.0,1971.00
6721,2325,2,2,1971.00,1.0,1971.00
6722,2326,1,1,1605.00,,1605.00
6723,2326,2,1,1605.00,,1605.00
6724,2326,3,1,1605.00,,1605.00
6725,2326,4,1,1605.00,,1605.00
6726,2326,5,1,1605.00,,1605.00
6727,2326,6,1,1605.00,,1605.00
6728,2326,7,1,1605.00,,1605.00
6729,2326,8,1,1605.00,,1605.00
6730,2327,1,2,1971.00,1.0,1971.00
6731,2327,2,1,1605.00,1.0,1605.00
6732,2328,1,2,1971.00,1.5,1971.00
6733,2328,2,1,1605.00,1.5,1605.00
6734,2329,1,2,1971.00,1.0,1971.00
6735,2329,2,2,1971.00,1.0,1971.00
6736,2330,1,2,1971.00,1.0,1971.00
6737,2330,2,2,1971.00,1.0,1971.00
6738,2330,3,1,1605.00,1.0,1605.00
6739,2330,4,1,1605.00,1.0,1605.00
6740,2331,1,2,1971.00,1.0,1971.00
6741,2331,2,1,1605.00,1.0,1605.00
6742,2332,1,3,2773.00,1.5,2773.00
6743,2332,2,3,2773.00,1.5,2773.00
6744,2332,3,3,2773.00,1.5,2773.00
6745,2332,4,3,2773.00,1.5,2773.00
6746,2333,1,3,2773.00,1.5,2773.00
6747,2333,2,3,2773.00,1.5,2773.00
6748,2333,3,3,2773.00,1.5,2773.00
6749,2333,4,3,2773.00,1.5,2773.00
6750,2334,1,3,2773.00,1.5,2773.00
6751,2334,2,3,2773.00,1.5,2773.00
6752,2334,3,3,2773.00,1.5,2773.00
6753,2334,4,3,2773.00,1.5,2773.00
6754,2335,1,3,2773.00,1.5,2773.00
6755,2335,2,3,2773.00,1.5,2773.00
6756,2335,3,3,2773.00,1.5,2773.00
6757,2335,4,3,2773.00,1.5,2773.00
6758,2336,1,3,2773.00,1.5,2773.00
6759,2336,2,3,2773.00,1.5,2773.00
6760,2336,3,3,2773.00,1.5,2773.00
6761,2336,4,3,2773.00,1.5,2773.00
6762,2337,1,3,2773.00,1.5,2773.00
6763,2337,2,3,2773.00,1.5,2773.00
6764,2337,3,3,2773.00,1.5,2773.00
6765,2337,4,3,2773.00,1.5,2773.00
6766,2338,1,2,1971.00,1.0,1971.00
6767,2338,2,2,1971.00,1.0,1971.00
6768,2339,1,2,1971.00,1.0,1971.00
6769,2339,2,2,1971.00,1.0,1971.00
6770,2340,1,2,1971.00,1.0,1971.00
6771,2340,2,1,1605.00,1.0,1605.00
6772,2341,1,1,1605.00,1.0,1605.00
6773,2341,2,1,1605.00,1.0,1605.00
6774,2341,3,1,1605.00,1.0,1605.00
