property_id,year_built,base_price,address,town,state,property_style,total_units,owned_at_start,acquisition_basis,acquisition_date
1,1950,637442.40,M_246727_916344,Salem,MA,Two-Family Residential,2,,,
2,2023,975576.04,M_246703_916314,Salem,MA,Two-Family Residential,2,,,
3,2022,964746.54,M_246683_916290,Salem,MA,Two-Family Residential,2,,,
4,2022,1012096.77,M_246659_916263,Salem,MA,Two-Family Residential,2,,,
5,2022,1005529.95,M_246663_916221,Salem,MA,Two-Family Residential,2,,,
6,1967,816705.07,M_247160_916936,Salem,MA,Two-Family Residential,2,,,
7,1962,749193.55,M_247308_917341,Salem,MA,Two-Family Residential,2,,,
8,1990,670506.91,M_247093_916895,Salem,MA,Two-Family Residential,2,,,
9,2020,1163018.43,M_246924_917147,Salem,MA,Two-Family Residential,2,,,
10,1958,823502.30,M_247017_917722,Salem,MA,Two-Family Residential,2,,,
11,1960,698271.89,M_247168_917899,Salem,MA,Two-Family Residential,2,,,
12,1927,936405.53,M_247107_918357,Salem,MA,Two-Family Residential,2,,,
13,1930,907373.27,M_247188_918466,Salem,MA,Two-Family Residential,2,,,
14,1920,622465.44,M_247221_918412,Salem,MA,Two-Family Residential,2,,,
15,1920,821428.57,M_247461_918715,Salem,MA,Two-Family Residential,2,,,
16,1905,353917.05,M_247456_918789,Salem,MA,Two-Family Residential,2,,,
17,1904,1114400.92,M_247513_918748,Salem,MA,Three-Family Residential,3,,,
18,1853,675460.83,M_247572_918910,Salem,MA,Two-Family Residential,2,,,
19,1870,443433.18,M_247625_918985,Salem,MA,Two-Family Residential,2,,,
20,1870,773156.68,M_247628_918970,Salem,MA,Two-Family Residential,2,,,
21,1870,802880.18,M_247660_918885,Salem,MA,Two-Family Residential,2,,,
22,1920,682834.10,M_247736_918899,Salem,MA,Two-Family Residential,2,,,
23,1920,819009.22,M_247721_918937,Salem,MA,Three-Family Residential,3,,,
24,1900,748502.30,M_247698_919021,Salem,MA,Two-Family Residential,2,,,
25,1964,755645.16,M_247437_918328,Salem,MA,Two-Family Residential,2,,,
26,1940,693317.97,M_247205_918359,Salem,MA,Two-Family Residential,2,,,
27,1969,817626.73,M_247918_918261,Salem,MA,Two-Family Residential,2,,,
28,1955,710023.04,M_248449_917923,Salem,MA,Two-Family Residential,2,,,
29,1929,726728.11,M_248429_917963,Salem,MA,Two-Family Residential,2,,,
30,1890,840668.20,M_248426_918157,Salem,MA,Apartments with Four to Eight Units,4,,,
31,1900,715322.58,M_248610_918172,Salem,MA,Three-Family Residential,3,,,
32,1915,722811.06,M_248620_918183,Salem,MA,Two-Family Residential,2,,,
33,1915,922465.44,M_248670_918255,Salem,MA,Three-Family Residential,3,,,
34,1940,787788.02,M_248541_917975,Salem,MA,Two-Family Residential,2,,,
35,1940,603801.84,M_248553_917984,Salem,MA,Two-Family Residential,2,,,
36,1959,630760.37,M_248630_917902,Salem,MA,Two-Family Residential,2,,,
37,1930,1010253.46,M_248574_917893,Salem,MA,Three-Family Residential,3,,,
38,1920,755069.12,M_248305_917745,Salem,MA,Two-Family Residential,2,,,
39,1920,603686.64,M_248356_917775,Salem,MA,Two-Family Residential,2,,,
40,1943,710023.04,M_248161_917944,Salem,MA,Two-Family Residential,2,,,
41,1952,703110.60,M_248040_917631,Salem,MA,Two-Family Residential,2,,,
42,1870,722004.61,M_247978_918882,Salem,MA,Two-Family Residential,2,,,
43,1967,741244.24,M_247956_918893,Salem,MA,Two-Family Residential,2,,,
44,1890,853917.05,M_247925_918886,Salem,MA,Two-Family Residential,2,,,
45,1870,757488.48,M_247911_918872,Salem,MA,Two-Family Residential,2,,,
46,1870,755414.75,M_247912_918925,Salem,MA,Two-Family Residential,2,,,
47,1900,874308.76,M_247858_918949,Salem,MA,Two-Family Residential,2,,,
48,1900,924193.55,M_247855_919008,Salem,MA,Three-Family Residential,3,,,
49,1890,661290.32,M_247862_919025,Salem,MA,Two-Family Residential,2,,,
50,1900,779723.50,M_247768_919014,Salem,MA,Two-Family Residential,2,,,
51,1910,632373.27,M_247728_919030,Salem,MA,Two-Family Residential,2,,,
52,1915,712211.98,M_247982_918981,Salem,MA,Two-Family Residential,2,,,
53,1890,893894.01,M_247980_918933,Salem,MA,Three-Family Residential,3,,,
54,1890,741935.48,M_247995_918959,Salem,MA,Two-Family Residential,2,,,
55,1870,715668.20,M_248053_918999,Salem,MA,Two-Family Residential,2,,,
56,1870,724308.76,M_248024_918932,Salem,MA,Two-Family Residential,2,,,
57,1910,874884.79,M_248044_918946,Salem,MA,Three-Family Residential,3,,,
58,1890,847004.61,M_248055_918964,Salem,MA,Three-Family Residential,3,,,
59,1850,856682.03,M_248110_918976,Salem,MA,Two-Family Residential,2,,,
60,1915,763594.47,M_248073_918814,Salem,MA,Two-Family Residential,2,,,
61,1870,645506.91,M_248204_918938,Salem,MA,Two-Family Residential,2,,,
62,1850,711290.32,M_248119_918930,Salem,MA,Two-Family Residential,2,,,
63,1850,705414.75,M_248134_918978,Salem,MA,Two-Family Residential,2,,,
64,1890,780760.37,M_248199_919019,Salem,MA,Two-Family Residential,2,,,
65,1890,714055.30,M_248210_919013,Salem,MA,Two-Family Residential,2,,,
66,1890,867281.11,M_248225_918989,Salem,MA,Three-Family Residential,3,,,
67,1870,550115.21,M_248277_919044,Salem,MA,Two-Family Residential,2,,,
68,1870,746889.40,M_248331_919016,Salem,MA,Two-Family Residential,2,,,
69,1890,739631.34,M_248319_918992,Salem,MA,Two-Family Residential,3,,,
70,1880,665668.20,M_248341_918977,Salem,MA,Two-Family Residential,2,,,
71,1853,604377.88,M_248350_918983,Salem,MA,Two-Family Residential,2,,,
72,1870,646543.78,M_248305_918905,Salem,MA,Two-Family Residential,2,,,
73,1870,494354.84,M_248292_918912,Salem,MA,Two-Family Residential,2,,,
74,1870,628686.64,M_248278_918921,Salem,MA,Two-Family Residential,2,,,
75,1890,743663.59,M_248261_918934,Salem,MA,Two-Family Residential,2,,,
76,1900,1201036.87,M_248239_918940,Salem,MA,Apartments with Four to Eight Units,4,,,
77,1870,746428.57,M_248202_918884,Salem,MA,Two-Family Residential,2,,,
78,1850,724884.79,M_248124_918772,Salem,MA,Two-Family Residential,2,,,
79,1915,794124.42,M_248138_918762,Salem,MA,Two-Family Residential,2,,,
80,1850,769930.88,M_248199_918868,Salem,MA,Two-Family Residential,2,,,
81,1961,620276.50,M_248216_918875,Salem,MA,Two-Family Residential,2,,,
82,1890,755299.54,M_248225_918888,Salem,MA,Three-Family Residential,3,,,
83,1850,651612.90,M_248269_918892,Salem,MA,Two-Family Residential,2,,,
84,1850,776382.49,M_248255_918882,Salem,MA,Two-Family Residential,2,,,
85,1850,771428.57,M_248230_918846,Salem,MA,Two-Family Residential,2,,,
86,1850,707834.10,M_248246_918825,Salem,MA,Two-Family Residential,2,,,
87,1850,692972.35,M_248276_918869,Salem,MA,Two-Family Residential,2,,,
88,1850,759562.21,M_248289_918879,Salem,MA,Two-Family Residential,2,,,
89,1850,877419.35,M_248327_918889,Salem,MA,Three-Family Residential,3,,,
90,1890,685023.04,M_248372_918870,Salem,MA,Two-Family Residential,2,,,
91,1905,715207.37,M_248412_918869,Salem,MA,Three-Family Residential,3,,,
92,1980,734331.80,M_248383_918898,Salem,MA,Two-Family Residential,2,,,
93,1800,852304.15,M_248371_918961,Salem,MA,Two-Family Residential,2,,,
94,1890,885253.46,M_248397_918939,Salem,MA,Three-Family Residential,3,,,
95,1990,1194700.46,M_248431_918925,Salem,MA,Apartments with Four to Eight Units,5,,,
96,1914,650345.62,M_248494_918856,Salem,MA,Two-Family Residential,2,,,
97,1870,959216.59,M_248471_918879,Salem,MA,Three-Family Residential,3,,,
98,1835,561405.53,M_248426_918953,Salem,MA,Two-Family Residential,2,,,
99,1700,695046.08,M_248408_918966,Salem,MA,Two-Family Residential,2,,,
100,1715,602188.94,M_248396_918969,Salem,MA,Two-Family Residential,2,,,
101,1700,817626.73,M_248387_918978,Salem,MA,Three-Family Residential,3,,,
102,1700,809216.59,M_248379_918987,Salem,MA,Two-Family Residential,2,,,
103,2021,1904608.29,M_248491_918965,Salem,MA,Apartments with Four to Eight Units,5,,,
104,1976,788018.43,M_248558_918596,Salem,MA,Two-Family Residential,2,,,
105,1890,761520.74,M_248508_918684,Salem,MA,Three-Family Residential,3,,,
106,1910,663709.68,M_248481_918648,Salem,MA,Two-Family Residential,2,,,
107,1900,717281.11,M_248411_918649,Salem,MA,Two-Family Residential,2,,,
108,1900,900115.21,M_248406_918664,Salem,MA,Three-Family Residential,3,,,
109,1900,680299.54,M_248479_918679,Salem,MA,Two-Family Residential,2,,,
110,1895,799078.34,M_248476_918692,Salem,MA,Two-Family Residential,2,,,
111,1915,930875.58,M_248451_918776,Salem,MA,Three-Family Residential,3,,,
112,1820,833410.14,M_248294_918824,Salem,MA,Two-Family Residential,2,,,
113,1900,827880.18,M_248338_918793,Salem,MA,Two-Family Residential,2,,,
114,1930,810714.29,M_248539_918487,Salem,MA,Two-Family Residential,2,,,
115,1932,891359.45,M_248548_918469,Salem,MA,Two-Family Residential,2,,,
116,1915,950691.24,M_248619_918319,Salem,MA,Two-Family Residential,2,,,
117,1900,925230.41,M_248591_918358,Salem,MA,Three-Family Residential,3,,,
118,1915,1062788.02,M_248587_918394,Salem,MA,Three-Family Residential,3,,,
119,1865,759907.83,M_248093_918735,Salem,MA,Two-Family Residential,2,,,
120,1890,661751.15,M_248110_918723,Salem,MA,Two-Family Residential,2,,,
121,1880,754723.50,M_248167_918879,Salem,MA,Two-Family Residential,2,,,
122,1915,976382.49,M_247690_919057,Salem,MA,Two-Family Residential,2,,,
123,1900,852188.94,M_247691_919070,Salem,MA,Three-Family Residential,3,,,
124,1890,641244.24,M_247728_919165,Salem,MA,Two-Family Residential,2,,,
125,1910,735829.49,M_247730_919085,Salem,MA,Two-Family Residential,2,,,
126,1910,745391.71,M_247730_919071,Salem,MA,Two-Family Residential,2,,,
127,1963,696658.99,M_247766_919095,Salem,MA,Two-Family Residential,2,,,
128,1890,715783.41,M_247773_919167,Salem,MA,Two-Family Residential,2,,,
129,1870,818778.80,M_247752_919166,Salem,MA,Apartments with Four to Eight Units,4,,,
130,1841,1303341.01,M_247763_919130,Salem,MA,Apartments with Four to Eight Units,4,,,
131,1900,872580.65,M_247842_919092,Salem,MA,Two-Family Residential,2,,,
132,1870,669009.22,M_247849_919115,Salem,MA,Two-Family Residential,2,,,
133,1890,973271.89,M_247856_919140,Salem,MA,Three-Family Residential,3,,,
134,1870,555414.75,M_247821_919205,Salem,MA,Two-Family Residential,2,,,
135,1870,428456.22,M_247805_919204,Salem,MA,Two-Family Residential,2,,,
136,1843,651152.07,M_247772_919203,Salem,MA,Two-Family Residential,2,,,
137,1870,705069.12,M_247760_919202,Salem,MA,Two-Family Residential,2,,,
138,1870,554723.50,M_247722_919200,Salem,MA,Two-Family Residential,2,,,
139,1870,577304.15,M_247771_919257,Salem,MA,Two-Family Residential,2,,,
140,1870,1052419.35,M_247787_919252,Salem,MA,Apartments with Four to Eight Units,5,,,
141,1870,613364.06,M_247803_919249,Salem,MA,Two-Family Residential,2,,,
142,1870,690092.17,M_247926_919221,Salem,MA,Two-Family Residential,2,,,
143,1910,928917.05,M_247952_919216,Salem,MA,Two-Family Residential,2,,,
144,1900,639746.54,M_247962_919213,Salem,MA,Three-Family Residential,3,,,
145,1880,834447.00,M_247897_919164,Salem,MA,Two-Family Residential,2,,,
146,1880,810714.29,M_247940_919151,Salem,MA,Two-Family Residential,2,,,
147,1880,753225.81,M_247952_919147,Salem,MA,Two-Family Residential,2,,,
148,1850,784101.38,M_248000_919156,Salem,MA,Two-Family Residential,2,,,
149,1880,898963.13,M_248002_919195,Salem,MA,Three-Family Residential,3,,,
150,1890,649423.96,M_247984_919192,Salem,MA,Two-Family Residential,2,,,
151,1890,790898.62,M_247945_919056,Salem,MA,Two-Family Residential,2,,,
152,1890,559792.63,M_247952_919069,Salem,MA,Two-Family Residential,2,,,
153,1880,617626.73,M_247958_919089,Salem,MA,Two-Family Residential,2,,,
154,1873,670737.33,M_247885_919118,Salem,MA,Two-Family Residential,2,,,
155,1890,555760.37,M_248014_919058,Salem,MA,Two-Family Residential,2,,,
156,1800,838248.85,M_248024_919046,Salem,MA,Two-Family Residential,2,,,
157,1870,933525.35,M_248047_919048,Salem,MA,Apartments with Four to Eight Units,4,,,
158,1960,810023.04,M_247996_919017,Salem,MA,Two-Family Residential,2,,,
159,1870,702534.56,M_248018_919103,Salem,MA,Two-Family Residential,2,,,
160,1870,760714.29,M_248065_919090,Salem,MA,Two-Family Residential,2,,,
161,1900,773617.51,M_248123_919055,Salem,MA,Three-Family Residential,3,,,
162,1800,731682.03,M_248175_919105,Salem,MA,Three-Family Residential,3,,,
163,2003,2068317.97,M_248051_919161,Salem,MA,Apartments with Four to Eight Units,8,,,
164,1880,603571.43,M_248042_919135,Salem,MA,Two-Family Residential,2,,,
165,1873,896198.16,M_248258_919036,Salem,MA,Three-Family Residential,3,,,
166,1880,712096.77,M_248388_919070,Salem,MA,Two-Family Residential,2,,,
167,1880,647465.44,M_248393_919082,Salem,MA,Two-Family Residential,2,,,
168,1870,706451.61,M_248368_919092,Salem,MA,Two-Family Residential,2,,,
169,1900,643433.18,M_248361_919079,Salem,MA,Two-Family Residential,2,,,
170,1900,935944.70,M_248239_919132,Salem,MA,Three-Family Residential,3,,,
171,1860,1260599.08,M_248227_919137,Salem,MA,Three-Family Residential,3,,,
172,1870,900576.04,M_248203_919153,Salem,MA,Two-Family Residential,2,,,
173,1850,719930.88,M_248182_919092,Salem,MA,Two-Family Residential,2,,,
174,1920,704608.29,M_248123_919214,Salem,MA,Three-Family Residential,3,,,
175,1890,476152.07,M_248251_919155,Salem,MA,Two-Family Residential,2,,,
176,1890,565207.37,M_248308_919101,Salem,MA,Two-Family Residential,2,,,
177,1800,1097004.61,M_248098_919244,Salem,MA,Three-Family Residential,3,,,
178,1870,774308.76,M_248062_919227,Salem,MA,Three-Family Residential,3,,,
179,1900,868087.56,M_248064_919258,Salem,MA,Three-Family Residential,3,,,
180,1860,1332142.86,M_247998_919266,Salem,MA,Apartments with Four to Eight Units,4,,,
181,1870,713594.47,M_248072_919219,Salem,MA,Three-Family Residential,2,,,
182,1870,1194470.05,M_247854_919294,Salem,MA,Apartments with Four to Eight Units,4,,,
183,1867,1249654.38,M_247906_919291,Salem,MA,Apartments with Four to Eight Units,5,,,
184,1870,530184.33,M_247924_919293,Salem,MA,Two-Family Residential,2,,,
185,1870,664400.92,M_247941_919291,Salem,MA,Two-Family Residential,2,,,
186,1820,710829.49,M_247955_919283,Salem,MA,Two-Family Residential,2,,,
187,1870,768202.76,M_248022_919343,Salem,MA,Two-Family Residential,2,,,
188,1870,890783.41,M_248024_919314,Salem,MA,Three-Family Residential,3,,,
189,1870,667741.94,M_248049_919313,Salem,MA,Two-Family Residential,2,,,
190,1870,664746.54,M_248081_919283,Salem,MA,Two-Family Residential,2,,,
191,1870,731682.03,M_248141_919256,Salem,MA,Two-Family Residential,2,,,
192,1870,771543.78,M_248080_919338,Salem,MA,Two-Family Residential,2,,,
193,1870,514976.96,M_248169_919256,Salem,MA,Two-Family Residential,2,,,
194,1870,631912.44,M_248162_919237,Salem,MA,Two-Family Residential,2,,,
195,1870,576152.07,M_248198_919224,Salem,MA,Two-Family Residential,2,,,
196,1870,738709.68,M_248210_919217,Salem,MA,Two-Family Residential,2,,,
197,1870,699769.59,M_248227_919220,Salem,MA,Two-Family Residential,2,,,
198,1870,642741.94,M_248238_919193,Salem,MA,Two-Family Residential,2,,,
199,1870,640092.17,M_248271_919180,Salem,MA,Two-Family Residential,2,,,
200,1800,455069.12,M_248287_919171,Salem,MA,Two-Family Residential,2,,,
201,1800,564516.13,M_248317_919154,Salem,MA,Two-Family Residential,2,,,
202,1900,729953.92,M_248365_919124,Salem,MA,Three-Family Residential,3,,,
203,1820,861751.15,M_248390_919115,Salem,MA,Three-Family Residential,3,,,
204,1870,1189631.34,M_248450_919572,Salem,MA,Three-Family Residential,3,,,
205,1850,864976.96,M_248403_919636,Salem,MA,Two-Family Residential,2,,,
206,1850,341244.24,M_248391_919640,Salem,MA,Two-Family Residential,2,,,
207,1850,357488.48,M_248378_919645,Salem,MA,Two-Family Residential,2,,,
208,1870,305529.95,M_248358_919655,Salem,MA,Two-Family Residential,2,,,
209,1890,544009.22,M_248338_919666,Salem,MA,Two-Family Residential,2,,,
210,1870,727649.77,M_248269_919701,Salem,MA,Two-Family Residential,2,,,
211,1890,709447.00,M_248190_919733,Salem,MA,Two-Family Residential,2,,,
212,1870,680990.78,M_248331_919705,Salem,MA,Two-Family Residential,2,,,
213,1870,779608.29,M_248463_919628,Salem,MA,Two-Family Residential,2,,,
214,1870,730645.16,M_248494_919662,Salem,MA,Two-Family Residential,2,,,
215,1870,756566.82,M_248444_919704,Salem,MA,Two-Family Residential,2,,,
216,1870,764631.34,M_248366_919739,Salem,MA,Two-Family Residential,2,,,
217,1900,695967.74,M_248353_919746,Salem,MA,Two-Family Residential,2,,,
218,1880,674539.17,M_248339_919753,Salem,MA,Two-Family Residential,2,,,
219,1880,691474.65,M_248326_919761,Salem,MA,Two-Family Residential,2,,,
220,1900,669815.67,M_248319_919806,Salem,MA,Two-Family Residential,2,,,
221,1915,683064.52,M_248328_919824,Salem,MA,Two-Family Residential,2,,,
222,1870,854838.71,M_248344_919800,Salem,MA,Two-Family Residential,2,,,
223,1870,741359.45,M_248382_919779,Salem,MA,Two-Family Residential,2,,,
224,1885,708755.76,M_248417_919777,Salem,MA,Two-Family Residential,2,,,
225,1870,807142.86,M_248446_919744,Salem,MA,Two-Family Residential,2,,,
226,1870,809101.38,M_248482_919726,Salem,MA,Two-Family Residential,2,,,
227,1870,795622.12,M_248491_919719,Salem,MA,Two-Family Residential,2,,,
228,1966,743663.59,M_248564_919713,Salem,MA,Two-Family Residential,2,,,
229,1920,794700.46,M_248553_919724,Salem,MA,Two-Family Residential,2,,,
230,1920,984562.21,M_248545_919734,Salem,MA,Two-Family Residential,2,,,
231,1890,1033294.93,M_248580_919761,Salem,MA,Three-Family Residential,3,,,
232,1910,1005645.16,M_248581_919784,Salem,MA,Three-Family Residential,3,,,
233,1910,957142.86,M_248593_919790,Salem,MA,Three-Family Residential,3,,,
234,1920,862096.77,M_248614_919784,Salem,MA,Three-Family Residential,3,,,
235,1910,905529.95,M_248629_919789,Salem,MA,Two-Family Residential,2,,,
236,1950,755069.12,M_248564_919649,Salem,MA,Two-Family Residential,2,,,
237,1890,911635.94,M_248541_919661,Salem,MA,Three-Family Residential,3,,,
238,1880,596774.19,M_248412_919385,Salem,MA,Two-Family Residential,2,,,
239,1800,617396.31,M_248620_919164,Salem,MA,Two-Family Residential,2,,,
240,1850,658064.52,M_248628_919205,Salem,MA,Two-Family Residential,2,,,
241,1850,676152.07,M_248608_919204,Salem,MA,Two-Family Residential,2,,,
242,1880,789170.51,M_248111_919208,Salem,MA,Two-Family Residential,2,,,
243,1900,926382.49,M_248569_919178,Salem,MA,Two-Family Residential,2,,,
244,1909,996198.16,M_248549_919212,Salem,MA,Three-Family Residential,3,,,
245,1880,958525.35,M_248540_919225,Salem,MA,Apartments with Four to Eight Units,4,,,
246,1850,1063479.26,M_248509_919257,Salem,MA,Three-Family Residential,3,,,
247,1850,827649.77,M_248465_919275,Salem,MA,Two-Family Residential,2,,,
248,1870,646774.19,M_247840_919182,Salem,MA,Two-Family Residential,2,,,
249,1850,650000.00,M_248619_919204,Salem,MA,Two-Family Residential,2,,,
250,1870,869700.46,M_248252_919798,Salem,MA,Two-Family Residential,2,,,
251,1890,729032.26,M_248291_919842,Salem,MA,Two-Family Residential,2,,,
252,1880,787442.40,M_248339_919867,Salem,MA,Two-Family Residential,2,,,
253,1940,718202.76,M_248449_919808,Salem,MA,Two-Family Residential,2,,,
254,1915,805529.95,M_248369_919927,Salem,MA,Two-Family Residential,2,,,
255,1885,805299.54,M_248548_919847,Salem,MA,Three-Family Residential,3,,,
256,1890,913940.09,M_248545_919862,Salem,MA,Three-Family Residential,3,,,
257,1890,679493.09,M_248534_919887,Salem,MA,Two-Family Residential,2,,,
258,1890,914746.54,M_248498_919958,Salem,MA,Two-Family Residential,2,,,
259,1890,880184.33,M_248420_920031,Salem,MA,Two-Family Residential,2,,,
260,1880,741013.82,M_248325_920016,Salem,MA,Two-Family Residential,2,,,
261,1890,924078.34,M_248265_919990,Salem,MA,Three-Family Residential,3,,,
262,1915,891013.82,M_248302_919887,Salem,MA,Two-Family Residential,2,,,
263,1900,808064.52,M_248440_920006,Salem,MA,Two-Family Residential,2,,,
264,1925,749539.17,M_248278_920086,Salem,MA,Two-Family Residential,2,,,
265,1890,1002995.39,M_248297_920088,Salem,MA,Three-Family Residential,3,,,
266,1900,590898.62,M_248329_920091,Salem,MA,Two-Family Residential,2,,,
267,1890,695967.74,M_248357_920093,Salem,MA,Three-Family Residential,3,,,
268,1890,900806.45,M_248369_920094,Salem,MA,Two-Family Residential,2,,,
269,1880,681105.99,M_248395_920095,Salem,MA,Two-Family Residential,2,,,
270,1890,1047926.27,M_248373_920160,Salem,MA,Two-Family Residential,2,,,
271,1900,855990.78,M_248340_920158,Salem,MA,Two-Family Residential,2,,,
272,1890,976843.32,M_248324_920300,Salem,MA,Three-Family Residential,3,,,
273,1890,717050.69,M_248239_920192,Salem,MA,Two-Family Residential,3,,,
274,1900,902419.35,M_248242_920344,Salem,MA,Three-Family Residential,3,,,
275,1890,1014170.51,M_248360_920237,Salem,MA,Three-Family Residential,3,,,
276,1890,842050.69,M_248372_920199,Salem,MA,Two-Family Residential,2,,,
277,1890,725576.04,M_248379_920210,Salem,MA,Two-Family Residential,2,,,
278,1900,980184.33,M_248386_920223,Salem,MA,Three-Family Residential,3,,,
279,1890,748502.30,M_248399_920234,Salem,MA,Two-Family Residential,2,,,
280,1890,789861.75,M_248494_920276,Salem,MA,Two-Family Residential,2,,,
281,1890,780990.78,M_248504_920261,Salem,MA,Three-Family Residential,3,,,
282,1890,768317.97,M_248571_920311,Salem,MA,Two-Family Residential,2,,,
283,1870,1133410.14,M_248661_920458,Salem,MA,Apartments with Four to Eight Units,4,,,
284,1880,786866.36,M_248629_920314,Salem,MA,Two-Family Residential,2,,,
285,1915,747580.65,M_248599_920278,Salem,MA,Two-Family Residential,2,,,
286,1870,907373.27,M_248588_920268,Salem,MA,Two-Family Residential,2,,,
287,1880,863709.68,M_248543_920231,Salem,MA,Three-Family Residential,3,,,
288,1890,810944.70,M_248606_920246,Salem,MA,Two-Family Residential,2,,,
289,1890,763594.47,M_248612_920198,Salem,MA,Two-Family Residential,2,,,
290,1890,926612.90,M_248453_920234,Salem,MA,Three-Family Residential,3,,,
291,1890,813364.06,M_248431_920220,Salem,MA,Two-Family Residential,2,,,
292,1890,720276.50,M_248424_920208,Salem,MA,Two-Family Residential,2,,,
293,1890,826728.11,M_248416_920196,Salem,MA,Two-Family Residential,2,,,
294,1890,911405.53,M_248401_920184,Salem,MA,Three-Family Residential,3,,,
295,1900,689631.34,M_248403_920173,Salem,MA,Two-Family Residential,2,,,
296,1925,808870.97,M_248411_920152,Salem,MA,Two-Family Residential,2,,,
297,1890,771428.57,M_248461_920209,Salem,MA,Two-Family Residential,2,,,
298,1890,787442.40,M_248511_920208,Salem,MA,Two-Family Residential,2,,,
299,1890,637442.40,M_248495_920182,Salem,MA,Two-Family Residential,2,,,
300,1890,766359.45,M_248474_920159,Salem,MA,Two-Family Residential,2,,,
301,1890,956451.61,M_248439_920124,Salem,MA,Three-Family Residential,3,,,
302,1880,923847.93,M_248470_920081,Salem,MA,Three-Family Residential,3,,,
303,1880,784101.38,M_248477_920070,Salem,MA,Two-Family Residential,2,,,
304,1875,904147.47,M_248491_920048,Salem,MA,Three-Family Residential,3,,,
305,1875,803686.64,M_248500_920033,Salem,MA,Two-Family Residential,2,,,
306,1875,869930.88,M_248537_919978,Salem,MA,Two-Family Residential,2,,,
307,1875,1004953.92,M_248542_919957,Salem,MA,Two-Family Residential,2,,,
308,1875,673732.72,M_248593_920010,Salem,MA,Two-Family Residential,2,,,
309,1890,685023.04,M_248638_920054,Salem,MA,Two-Family Residential,2,,,
310,1890,814746.54,M_248651_920067,Salem,MA,Two-Family Residential,2,,,
311,1890,741935.48,M_248666_920082,Salem,MA,Two-Family Residential,2,,,
312,1890,1030529.95,M_248683_920109,Salem,MA,Three-Family Residential,3,,,
313,1950,706682.03,M_248651_920109,Salem,MA,Two-Family Residential,2,,,
314,1861,1009331.80,M_248538_920032,Salem,MA,Two-Family Residential,2,,,
315,1915,853801.84,M_248640_920134,Salem,MA,Two-Family Residential,2,,,
316,1929,663594.47,M_248631_920140,Salem,MA,Two-Family Residential,2,,,
317,1875,859447.00,M_248617_920144,Salem,MA,Two-Family Residential,2,,,
318,1875,886405.53,M_248598_920149,Salem,MA,Two-Family Residential,2,,,
319,1890,738709.68,M_248541_920188,Salem,MA,Three-Family Residential,3,,,
320,1915,814516.13,M_248595_919957,Salem,MA,Two-Family Residential,2,,,
321,1890,819009.22,M_248559_919924,Salem,MA,Two-Family Residential,2,,,
322,1890,877880.18,M_248576_919907,Salem,MA,Two-Family Residential,2,,,
323,1890,945622.12,M_248630_919950,Salem,MA,Two-Family Residential,2,,,
324,1890,898617.51,M_248641_919959,Salem,MA,Two-Family Residential,2,,,
325,1890,923847.93,M_248638_919910,Salem,MA,Apartments with Four to Eight Units,3,,,
326,1890,735483.87,M_248629_919897,Salem,MA,Two-Family Residential,2,,,
327,1890,796774.19,M_248618_919889,Salem,MA,Three-Family Residential,3,,,
328,1870,836175.12,M_248614_919835,Salem,MA,Two-Family Residential,2,,,
329,1940,687096.77,M_249244_915396,Salem,MA,Two-Family Residential,2,,,
330,1960,702880.18,M_249342_915496,Salem,MA,Two-Family Residential,2,,,
331,1937,533179.72,M_249444_915577,Salem,MA,Two-Family Residential,2,,,
332,1962,559792.63,M_249514_915679,Salem,MA,Two-Family Residential,2,,,
333,1955,627649.77,M_249528_915666,Salem,MA,Two-Family Residential,2,,,
334,1890,767511.52,M_249396_915396,Salem,MA,Two-Family Residential,2,,,
335,1895,1200806.45,M_249372_915370,Salem,MA,Three-Family Residential,3,,,
336,1929,690783.41,M_249442_915297,Salem,MA,Two-Family Residential,2,,,
337,1930,719009.22,M_249560_916436,Salem,MA,Two-Family Residential,2,,,
338,1929,747811.06,M_249557_916472,Salem,MA,Two-Family Residential,2,,,
339,1942,874539.17,M_249578_916658,Salem,MA,Two-Family Residential,2,,,
340,1890,711520.74,M_249231_917161,Salem,MA,Two-Family Residential,2,,,
341,1913,931221.20,M_249132_917210,Salem,MA,Two-Family Residential,2,,,
342,1915,985138.25,M_249188_917294,Salem,MA,Three-Family Residential,3,,,
343,1910,966244.24,M_249212_917292,Salem,MA,Three-Family Residential,3,,,
344,1890,725460.83,M_249126_917325,Salem,MA,Two-Family Residential,2,,,
345,1888,883986.18,M_249147_917331,Salem,MA,Three-Family Residential,3,,,
346,1890,801958.53,M_249199_917351,Salem,MA,Two-Family Residential,2,,,
347,1927,792511.52,M_249170_917368,Salem,MA,Two-Family Residential,2,,,
348,1927,1089976.96,M_249075_917433,Salem,MA,Three-Family Residential,3,,,
349,1930,764631.34,M_249052_917424,Salem,MA,Two-Family Residential,2,,,
350,1930,1007488.48,M_249034_917425,Salem,MA,Two-Family Residential,2,,,
351,1961,538479.26,M_248876_917377,Salem,MA,Two-Family Residential,2,,,
352,1941,1139285.71,M_249001_917497,Salem,MA,Three-Family Residential,3,,,
353,1926,954377.88,M_249122_917513,Salem,MA,Two-Family Residential,2,,,
354,1926,843894.01,M_249137_917517,Salem,MA,Two-Family Residential,2,,,
355,1962,735944.70,M_249114_917411,Salem,MA,Two-Family Residential,2,,,
356,1895,745506.91,M_249113_917393,Salem,MA,Three-Family Residential,3,,,
357,1915,732718.89,M_249124_917400,Salem,MA,Two-Family Residential,2,,,
358,1910,720046.08,M_249179_917408,Salem,MA,Two-Family Residential,2,,,
359,1900,1164861.75,M_249179_917440,Salem,MA,Three-Family Residential,3,,,
360,1900,1029493.09,M_249183_917456,Salem,MA,Three-Family Residential,3,,,
361,1900,696428.57,M_249167_917453,Salem,MA,Two-Family Residential,2,,,
362,1895,523041.47,M_249154_917442,Salem,MA,Two-Family Residential,2,,,
363,1915,1061059.91,M_249215_917477,Salem,MA,Three-Family Residential,3,,,
364,1890,1285829.49,M_249227_917456,Salem,MA,Apartments with Four to Eight Units,4,,,
365,1940,839631.34,M_249238_917402,Salem,MA,Three-Family Residential,3,,,
366,1900,1873271.89,M_249237_917385,Salem,MA,Apartments with Four to Eight Units,4,,,
367,1890,1495506.91,M_249241_917372,Salem,MA,Apartments with Four to Eight Units,4,,,
368,1925,908294.93,M_249273_917380,Salem,MA,Three-Family Residential,3,,,
369,1914,801152.07,M_249274_917409,Salem,MA,Two-Family Residential,2,,,
370,1915,1052995.39,M_249278_917429,Salem,MA,Three-Family Residential,3,,,
371,1915,846313.36,M_249295_917444,Salem,MA,Three-Family Residential,3,,,
372,1895,902880.18,M_249309_917459,Salem,MA,Three-Family Residential,3,,,
373,1900,861520.74,M_249365_917477,Salem,MA,Three-Family Residential,3,,,
374,1900,847926.27,M_249356_917456,Salem,MA,Three-Family Residential,3,,,
375,1900,597350.23,M_249357_917435,Salem,MA,Two-Family Residential,2,,,
376,1900,863248.85,M_249328_917420,Salem,MA,Three-Family Residential,3,,,
377,1920,999769.59,M_249322_917408,Salem,MA,Two-Family Residential,2,,,
378,1890,731451.61,M_249271_917276,Salem,MA,Two-Family Residential,2,,,
379,1955,1517050.69,M_249268_917239,Salem,MA,Apartments with Four to Eight Units,4,,,
380,1910,650460.83,M_249317_917236,Salem,MA,Two-Family Residential,2,,,
381,1890,733755.76,M_249304_917196,Salem,MA,Two-Family Residential,2,,,
382,1926,802188.94,M_249176_917486,Salem,MA,Apartments with Four to Eight Units,4,,,
383,1940,742511.52,M_249478_917020,Salem,MA,Two-Family Residential,2,,,
384,1914,1071889.40,M_249515_917014,Salem,MA,Three-Family Residential,3,,,
385,1910,683410.14,M_249497_916975,Salem,MA,Two-Family Residential,2,,,
386,1915,1050921.66,M_249508_916915,Salem,MA,Three-Family Residential,3,,,
387,1910,834562.21,M_249469_916955,Salem,MA,Two-Family Residential,2,,,
388,1914,904032.26,M_249455_916970,Salem,MA,Two-Family Residential,2,,,
389,1920,563824.88,M_249380_917050,Salem,MA,Two-Family Residential,2,,,
390,1923,669354.84,M_249396_917025,Salem,MA,Two-Family Residential,2,,,
391,1900,1093663.59,M_249403_917007,Salem,MA,Three-Family Residential,3,,,
392,1930,1130184.33,M_249420_916961,Salem,MA,Apartments with Four to Eight Units,5,,,
393,1908,814170.51,M_249426_916947,Salem,MA,Two-Family Residential,2,,,
394,1917,690898.62,M_249460_916894,Salem,MA,Two-Family Residential,2,,,
395,1917,725345.62,M_249482_916875,Salem,MA,Two-Family Residential,2,,,
396,1920,898732.72,M_249519_916851,Salem,MA,Three-Family Residential,3,,,
397,1930,799884.79,M_249547_916838,Salem,MA,Two-Family Residential,2,,,
398,1927,808986.18,M_249533_916783,Salem,MA,Two-Family Residential,2,,,
399,1915,941820.28,M_249489_916798,Salem,MA,Three-Family Residential,3,,,
400,1930,799884.79,M_249475_916803,Salem,MA,Two-Family Residential,2,,,
401,1933,782949.31,M_249461_916772,Salem,MA,Two-Family Residential,2,,,
402,1920,740783.41,M_249477_916766,Salem,MA,Two-Family Residential,2,,,
403,1905,631105.99,M_249447_916829,Salem,MA,Two-Family Residential,2,,,
404,1950,739861.75,M_249414_916865,Salem,MA,Two-Family Residential,2,,,
405,1943,696889.40,M_249403_916880,Salem,MA,Two-Family Residential,2,,,
406,1929,736981.57,M_249394_916894,Salem,MA,Two-Family Residential,2,,,
407,1923,804723.50,M_249385_916908,Salem,MA,Three-Family Residential,3,,,
408,1923,648847.93,M_249378_916923,Salem,MA,Two-Family Residential,2,,,
409,1938,905990.78,M_249362_916966,Salem,MA,Two-Family Residential,2,,,
410,1934,668433.18,M_249340_916972,Salem,MA,Two-Family Residential,2,,,
411,1934,856566.82,M_249342_916986,Salem,MA,Two-Family Residential,2,,,
412,1923,772004.61,M_249344_917016,Salem,MA,Two-Family Residential,2,,,
413,1930,797235.02,M_249342_917195,Salem,MA,Two-Family Residential,2,,,
414,1930,1089631.34,M_249239_917695,Salem,MA,Three-Family Residential,3,,,
415,1952,1104493.09,M_248859_917513,Salem,MA,Two-Family Residential,2,,,
416,1921,809907.83,M_248916_917514,Salem,MA,Two-Family Residential,2,,,
417,1925,939861.75,M_248974_917519,Salem,MA,Two-Family Residential,2,,,
418,1923,904147.47,M_249020_917637,Salem,MA,Two-Family Residential,2,,,
419,1926,836751.15,M_249033_917565,Salem,MA,Two-Family Residential,2,,,
420,1900,1026497.70,M_249116_917559,Salem,MA,Three-Family Residential,3,,,
421,1900,852304.15,M_249128_917562,Salem,MA,Three-Family Residential,3,,,
422,1895,700115.21,M_249143_917597,Salem,MA,Two-Family Residential,2,,,
423,1895,1104838.71,M_249163_917725,Salem,MA,Three-Family Residential,3,,,
424,1915,932258.06,M_249165_918214,Salem,MA,Two-Family Residential,2,,,
425,1915,833755.76,M_249217_917775,Salem,MA,Two-Family Residential,2,,,
426,1925,707603.69,M_249209_917744,Salem,MA,Two-Family Residential,2,,,
427,1915,1108410.14,M_249348_917714,Salem,MA,Three-Family Residential,3,,,
428,1929,838940.09,M_249377_917705,Salem,MA,Two-Family Residential,2,,,
429,1900,979147.47,M_249295_917531,Salem,MA,Three-Family Residential,3,,,
430,1930,787096.77,M_249281_917535,Salem,MA,Two-Family Residential,2,,,
431,1915,628917.05,M_249224_917556,Salem,MA,Two-Family Residential,2,,,
432,1900,1039285.71,M_249209_917563,Salem,MA,Three-Family Residential,3,,,
433,1900,595852.53,M_249193_917559,Salem,MA,Two-Family Residential,2,,,
434,1900,1066474.65,M_249203_917546,Salem,MA,Three-Family Residential,3,,,
435,1895,756105.99,M_249204_917532,Salem,MA,Two-Family Residential,2,,,
436,1894,766820.28,M_249311_917490,Salem,MA,Two-Family Residential,2,,,
437,1894,674193.55,M_249329_917513,Salem,MA,Two-Family Residential,2,,,
438,1955,701036.87,M_249369_917618,Salem,MA,Two-Family Residential,2,,,
439,1915,946543.78,M_249374_917630,Salem,MA,Three-Family Residential,3,,,
440,1948,820391.71,M_249355_917658,Salem,MA,Two-Family Residential,2,,,
441,1920,818548.39,M_249326_917667,Salem,MA,Two-Family Residential,2,,,
442,1900,932603.69,M_249285_917680,Salem,MA,Three-Family Residential,3,,,
443,1910,782949.31,M_249253_917691,Salem,MA,Two-Family Residential,2,,,
444,1920,744124.42,M_249260_917660,Salem,MA,Two-Family Residential,2,,,
445,1915,1066359.45,M_249200_917646,Salem,MA,Three-Family Residential,3,,,
446,1930,579723.50,M_249205_917631,Salem,MA,Two-Family Residential,2,,,
447,1915,691359.45,M_249218_917598,Salem,MA,Two-Family Residential,2,,,
448,1900,757949.31,M_249269_917581,Salem,MA,Two-Family Residential,2,,,
449,1915,740207.37,M_249229_917526,Salem,MA,Two-Family Residential,2,,,
450,1928,724423.96,M_249193_918141,Salem,MA,Two-Family Residential,2,,,
451,1920,832142.86,M_248615_918456,Salem,MA,Two-Family Residential,2,,,
452,1915,1007027.65,M_248626_918410,Salem,MA,Two-Family Residential,2,,,
453,1900,858640.55,M_248641_918385,Salem,MA,Two-Family Residential,2,,,
454,1910,902188.94,M_248654_918360,Salem,MA,Two-Family Residential,2,,,
455,1910,769354.84,M_248660_918350,Salem,MA,Two-Family Residential,2,,,
456,1910,772465.44,M_248675_918323,Salem,MA,Two-Family Residential,2,,,
457,1910,792626.73,M_248682_918310,Salem,MA,Two-Family Residential,2,,,
458,1910,840898.62,M_248688_918297,Salem,MA,Two-Family Residential,2,,,
459,1910,742281.11,M_248689_918279,Salem,MA,Two-Family Residential,2,,,
460,1912,696658.99,M_248718_918313,Salem,MA,Two-Family Residential,2,,,
461,1912,831105.99,M_248719_918330,Salem,MA,Two-Family Residential,2,,,
462,1912,836866.36,M_248796_918483,Salem,MA,Three-Family Residential,3,,,
463,1890,829838.71,M_248796_918499,Salem,MA,Two-Family Residential,2,,,
464,1932,724078.34,M_248796_918518,Salem,MA,Two-Family Residential,2,,,
465,1920,789746.54,M_248829_918683,Salem,MA,Three-Family Residential,3,,,
466,1920,774769.59,M_248836_918697,Salem,MA,Two-Family Residential,2,,,
467,1926,739285.71,M_248831_918719,Salem,MA,Two-Family Residential,2,,,
468,1920,730645.16,M_248834_918733,Salem,MA,Two-Family Residential,2,,,
469,1920,1007949.31,M_248779_918745,Salem,MA,Two-Family Residential,2,,,
470,1920,654377.88,M_248800_918699,Salem,MA,Two-Family Residential,2,,,
471,1920,625691.24,M_248787_918703,Salem,MA,Two-Family Residential,2,,,
472,1920,654723.50,M_248743_918726,Salem,MA,Two-Family Residential,2,,,
473,1920,651267.28,M_248732_918742,Salem,MA,Two-Family Residential,2,,,
474,1920,601843.32,M_248750_918761,Salem,MA,Two-Family Residential,2,,,
475,1920,1107949.31,M_248758_918775,Salem,MA,Apartments with Four to Eight Units,4,,,
476,1920,567511.52,M_248679_918805,Salem,MA,Two-Family Residential,2,,,
477,1890,837903.23,M_248642_918878,Salem,MA,Three-Family Residential,3,,,
478,1870,728917.05,M_248652_918888,Salem,MA,Two-Family Residential,2,,,
479,1797,845276.50,M_248726_918926,Salem,MA,Two-Family Residential,2,,,
480,1800,830069.12,M_248801_918985,Salem,MA,Two-Family Residential,2,,,
481,1915,1269239.63,M_248727_918842,Salem,MA,Apartments with Four to Eight Units,6,,,
482,1915,804608.29,M_248771_918855,Salem,MA,Two-Family Residential,2,,,
483,1915,595852.53,M_248790_918871,Salem,MA,Two-Family Residential,2,,,
484,1850,876382.49,M_248849_918921,Salem,MA,Three-Family Residential,3,,,
485,1870,518202.76,M_248863_918931,Salem,MA,Two-Family Residential,2,,,
486,1870,585368.66,M_248882_918914,Salem,MA,Two-Family Residential,2,,,
487,1800,783179.72,M_248860_918899,Salem,MA,Two-Family Residential,2,,,
488,1800,729838.71,M_248870_918890,Salem,MA,Two-Family Residential,2,,,
489,1890,798156.68,M_248886_918869,Salem,MA,Two-Family Residential,2,,,
490,1870,720161.29,M_248918_919012,Salem,MA,Two-Family Residential,2,,,
491,1850,973502.30,M_248794_918917,Salem,MA,Two-Family Residential,2,,,
492,1790,963479.26,M_248780_918906,Salem,MA,Two-Family Residential,2,,,
493,1820,2030299.54,M_248765_918897,Salem,MA,Apartments with Four to Eight Units,5,,,
494,1870,791359.45,M_248751_918885,Salem,MA,Two-Family Residential,2,,,
495,1920,903110.60,M_248780_918821,Salem,MA,Three-Family Residential,3,,,
496,1870,1073271.89,M_248873_918851,Salem,MA,Apartments with Four to Eight Units,4,,,
497,1917,1160138.25,M_248830_918864,Salem,MA,Three-Family Residential,3,,,
498,1921,741589.86,M_248803_918841,Salem,MA,Two-Family Residential,2,,,
499,1915,923156.68,M_248963_918546,Salem,MA,Three-Family Residential,3,,,
500,1929,1018548.39,M_248953_918524,Salem,MA,Two-Family Residential,2,,,
501,1915,786405.53,M_248989_918502,Salem,MA,Two-Family Residential,2,,,
502,1915,904723.50,M_248988_918523,Salem,MA,Two-Family Residential,2,,,
503,1916,1148732.72,M_249026_918618,Salem,MA,Three-Family Residential,3,,,
504,1936,882258.06,M_248976_918572,Salem,MA,Two-Family Residential,2,,,
505,1930,984331.80,M_248941_918568,Salem,MA,Three-Family Residential,3,,,
506,1920,1083755.76,M_249021_918696,Salem,MA,Two-Family Residential,2,,,
507,1915,842511.52,M_248895_918681,Salem,MA,Two-Family Residential,2,,,
508,1915,1045046.08,M_248947_918741,Salem,MA,Two-Family Residential,2,,,
509,1915,739861.75,M_248893_918748,Salem,MA,Two-Family Residential,2,,,
510,1915,865668.20,M_248895_918733,Salem,MA,Three-Family Residential,3,,,
511,1775,1795276.50,M_248966_918852,Salem,MA,Apartments with Four to Eight Units,5,,,
512,1850,2196543.78,M_248951_918831,Salem,MA,Apartments with Four to Eight Units,6,,,
513,1800,1433410.14,M_248935_918816,Salem,MA,Three-Family Residential,3,,,
514,1818,1456451.61,M_248968_918779,Salem,MA,Apartments with Four to Eight Units,4,,,
515,1806,1978110.60,M_248980_918954,Salem,MA,Apartments with Four to Eight Units,8,,,
516,1858,1579032.26,M_249045_918901,Salem,MA,Two-Family Residential,2,,,
517,1800,2121774.19,M_249150_918947,Salem,MA,Two-Family Residential,2,,,
518,1850,1231797.24,M_249185_919043,Salem,MA,Two-Family Residential,2,,,
519,1880,1855414.75,M_249167_919039,Salem,MA,Apartments with Four to Eight Units,5,,,
520,1800,1855645.16,M_249137_919003,Salem,MA,Two-Family Residential,2,,,
521,1870,1746774.19,M_249061_918956,Salem,MA,Three-Family Residential,3,,,
522,1817,2425576.04,M_249180_918873,Salem,MA,Two-Family Residential,2,,,
523,1828,2156797.24,M_249114_918848,Salem,MA,Two-Family Residential,2,,,
524,1915,1286290.32,M_249058_918692,Salem,MA,Three-Family Residential,4,,,
525,1915,927188.94,M_249069_918704,Salem,MA,Two-Family Residential,2,,,
526,1915,808755.76,M_249081_918704,Salem,MA,Three-Family Residential,3,,,
527,1916,1252880.18,M_249138_918754,Salem,MA,Three-Family Residential,3,,,
528,1850,1168317.97,M_249158_918759,Salem,MA,Apartments with Four to Eight Units,4,,,
529,1915,770852.53,M_249072_918589,Salem,MA,Three-Family Residential,3,,,
530,1932,754147.47,M_249052_918587,Salem,MA,Two-Family Residential,2,,,
531,1930,1042857.14,M_249230_918486,Salem,MA,Two-Family Residential,2,,,
532,1930,921082.95,M_249265_918475,Salem,MA,Three-Family Residential,3,,,
533,1915,875576.04,M_249348_918456,Salem,MA,Apartments with Four to Eight Units,4,,,
534,1920,720391.71,M_249329_918475,Salem,MA,Two-Family Residential,2,,,
535,1914,928110.60,M_249322_918484,Salem,MA,Two-Family Residential,2,,,
536,1920,753110.60,M_249316_918493,Salem,MA,Two-Family Residential,2,,,
537,1920,756221.20,M_249310_918501,Salem,MA,Two-Family Residential,2,,,
538,1915,1115092.17,M_249285_918500,Salem,MA,Three-Family Residential,3,,,
539,1920,929493.09,M_249261_918543,Salem,MA,Two-Family Residential,2,,,
540,1920,810023.04,M_249233_918580,Salem,MA,Two-Family Residential,2,,,
541,1920,803225.81,M_249235_918598,Salem,MA,Two-Family Residential,2,,,
542,1915,765207.37,M_249199_918605,Salem,MA,Two-Family Residential,2,,,
543,1875,1254032.26,M_249200_918649,Salem,MA,Three-Family Residential,3,,,
544,1888,967050.69,M_249189_918663,Salem,MA,Two-Family Residential,2,,,
545,1920,983179.72,M_249138_918628,Salem,MA,Two-Family Residential,2,,,
546,1920,873387.10,M_249169_918589,Salem,MA,Two-Family Residential,2,,,
547,1930,857603.69,M_249186_918563,Salem,MA,Three-Family Residential,3,,,
548,1920,887211.98,M_249216_918512,Salem,MA,Two-Family Residential,2,,,
549,1938,858986.18,M_249176_918492,Salem,MA,Two-Family Residential,2,,,
550,1920,968433.18,M_249165_918508,Salem,MA,Two-Family Residential,2,,,
551,1929,641129.03,M_249121_918471,Salem,MA,Two-Family Residential,2,,,
552,1920,892972.35,M_249156_918524,Salem,MA,Two-Family Residential,2,,,
553,1920,790092.17,M_249119_918543,Salem,MA,Two-Family Residential,2,,,
554,1920,711751.15,M_249109_918537,Salem,MA,Two-Family Residential,2,,,
555,1920,914285.71,M_249100_918530,Salem,MA,Two-Family Residential,2,,,
556,1920,840437.79,M_249088_918522,Salem,MA,Two-Family Residential,2,,,
557,1915,732834.10,M_249076_918516,Salem,MA,Two-Family Residential,2,,,
558,1920,789516.13,M_249071_918560,Salem,MA,Two-Family Residential,2,,,
559,1917,803110.60,M_249106_918596,Salem,MA,Two-Family Residential,2,,,
560,1920,825115.21,M_249091_918621,Salem,MA,Two-Family Residential,2,,,
561,1915,808986.18,M_249065_918615,Salem,MA,Two-Family Residential,2,,,
562,1929,676497.70,M_249232_918236,Salem,MA,Two-Family Residential,2,,,
563,1820,1720046.08,M_249257_918972,Salem,MA,Two-Family Residential,2,,,
564,1835,2665092.17,M_249276_918990,Salem,MA,Two-Family Residential,2,,,
565,1807,2495967.74,M_249327_919010,Salem,MA,Two-Family Residential,2,,,
566,1806,1620046.08,M_249332_918918,Salem,MA,Two-Family Residential,2,,,
567,1833,1544354.84,M_249336_918947,Salem,MA,Two-Family Residential,2,,,
568,1804,1885483.87,M_249311_918936,Salem,MA,Two-Family Residential,2,,,
569,1808,1707949.31,M_249202_918716,Salem,MA,Two-Family Residential,2,,,
570,1915,818317.97,M_249300_918655,Salem,MA,Two-Family Residential,2,,,
571,1915,851958.53,M_249310_918715,Salem,MA,Two-Family Residential,2,,,
572,1915,872580.65,M_249304_918730,Salem,MA,Two-Family Residential,2,,,
573,1915,806451.61,M_249314_918559,Salem,MA,Two-Family Residential,2,,,
574,1915,722811.06,M_249327_918569,Salem,MA,Two-Family Residential,2,,,
575,1915,690783.41,M_249352_918560,Salem,MA,Two-Family Residential,2,,,
576,1920,768202.76,M_249327_918541,Salem,MA,Two-Family Residential,2,,,
577,1915,771658.99,M_249366_918542,Salem,MA,Two-Family Residential,2,,,
578,1915,919009.22,M_249347_918523,Salem,MA,Two-Family Residential,2,,,
579,1915,877764.98,M_249354_918514,Salem,MA,Two-Family Residential,2,,,
580,1915,686751.15,M_249361_918502,Salem,MA,Two-Family Residential,2,,,
581,1915,801843.32,M_249369_918491,Salem,MA,Two-Family Residential,2,,,
582,1920,1141359.45,M_249369_918583,Salem,MA,Three-Family Residential,3,,,
583,1917,1027188.94,M_249325_918628,Salem,MA,Three-Family Residential,3,,,
584,1920,1052188.94,M_249298_918602,Salem,MA,Three-Family Residential,3,,,
585,1880,881105.99,M_249486_918587,Salem,MA,Two-Family Residential,2,,,
586,1920,823617.51,M_249483_918619,Salem,MA,Two-Family Residential,2,,,
587,1920,1099308.76,M_249460_918613,Salem,MA,Apartments with Four to Eight Units,4,,,
588,1915,1079377.88,M_249477_918569,Salem,MA,Apartments with Four to Eight Units,4,,,
589,1925,914285.71,M_249434_918603,Salem,MA,Two-Family Residential,2,,,
590,1925,820276.50,M_249421_918601,Salem,MA,Two-Family Residential,2,,,
591,1925,783640.55,M_249402_918596,Salem,MA,Two-Family Residential,2,,,
592,1915,829032.26,M_249416_918561,Salem,MA,Two-Family Residential,2,,,
593,1915,828110.60,M_249436_918584,Salem,MA,Three-Family Residential,3,,,
594,1920,882258.06,M_249478_918644,Salem,MA,Two-Family Residential,2,,,
595,1915,925691.24,M_249475_918656,Salem,MA,Apartments with Four to Eight Units,4,,,
596,1915,762557.60,M_249475_918668,Salem,MA,Two-Family Residential,2,,,
597,1926,765668.20,M_249454_918670,Salem,MA,Two-Family Residential,2,,,
598,1915,761175.12,M_249426_918663,Salem,MA,Two-Family Residential,2,,,
599,1915,751497.70,M_249412_918661,Salem,MA,Two-Family Residential,2,,,
600,1915,808064.52,M_249398_918658,Salem,MA,Two-Family Residential,2,,,
601,1915,763709.68,M_249372_918652,Salem,MA,Two-Family Residential,2,,,
602,1915,894585.25,M_249384_918636,Salem,MA,Three-Family Residential,3,,,
603,1915,851958.53,M_249403_918633,Salem,MA,Two-Family Residential,2,,,
604,1915,761520.74,M_249432_918639,Salem,MA,Two-Family Residential,2,,,
605,1915,897004.61,M_249445_918642,Salem,MA,Two-Family Residential,2,,,
606,1915,1745967.74,M_249465_918706,Salem,MA,Apartments with Four to Eight Units,4,,,
607,1915,1002880.18,M_249459_918730,Salem,MA,Two-Family Residential,2,,,
608,1915,991244.24,M_249425_918728,Salem,MA,Two-Family Residential,2,,,
609,1915,830184.33,M_249401_918720,Salem,MA,Two-Family Residential,2,,,
610,1915,764516.13,M_249357_918694,Salem,MA,Two-Family Residential,2,,,
611,1930,1097926.27,M_249413_918697,Salem,MA,Apartments with Four to Eight Units,4,,,
612,1915,1577649.77,M_249431_918704,Salem,MA,Apartments with Four to Eight Units,6,,,
613,1914,884331.80,M_249444_918707,Salem,MA,Three-Family Residential,3,,,
614,1915,1126958.53,M_249448_918772,Salem,MA,Three-Family Residential,3,,,
615,1870,921428.57,M_249328_918751,Salem,MA,Two-Family Residential,2,,,
616,1870,785829.49,M_249335_918738,Salem,MA,Two-Family Residential,2,,,
617,1915,1140322.58,M_249347_918748,Salem,MA,Three-Family Residential,3,,,
618,1915,1025576.04,M_249360_918751,Salem,MA,Two-Family Residential,2,,,
619,1915,866589.86,M_249373_918754,Salem,MA,Two-Family Residential,2,,,
620,1915,717396.31,M_249386_918757,Salem,MA,Two-Family Residential,2,,,
621,1915,1005645.16,M_249413_918763,Salem,MA,Two-Family Residential,2,,,
622,1915,759562.21,M_249428_918767,Salem,MA,Two-Family Residential,2,,,
623,1790,1161059.91,M_249416_918955,Salem,MA,Two-Family Residential,2,,,
624,1827,1430760.37,M_249385_918962,Salem,MA,Two-Family Residential,2,,,
625,1834,1273271.89,M_249405_918923,Salem,MA,Two-Family Residential,2,,,
626,1771,1392281.11,M_249462_918879,Salem,MA,Three-Family Residential,3,,,
627,1850,967857.14,M_249481_918892,Salem,MA,Apartments with Four to Eight Units,4,,,
628,1870,879838.71,M_249511_918880,Salem,MA,Apartments with Four to Eight Units,4,,,
629,1870,629608.29,M_249511_918900,Salem,MA,Two-Family Residential,2,,,
630,1870,1150345.62,M_249542_918887,Salem,MA,Apartments with Four to Eight Units,4,,,
631,1830,886866.36,M_249555_918888,Salem,MA,Apartments with Four to Eight Units,4,,,
632,1830,752880.18,M_249567_918888,Salem,MA,Three-Family Residential,3,,,
633,1900,636175.12,M_249531_918894,Salem,MA,Two-Family Residential,2,,,
634,1870,1861866.36,M_249554_918860,Salem,MA,Apartments with Four to Eight Units,8,,,
635,1895,841474.65,M_249493_918835,Salem,MA,Three-Family Residential,3,,,
636,1850,976612.90,M_249474_918825,Salem,MA,Two-Family Residential,2,,,
637,1915,788364.06,M_249487_918788,Salem,MA,Two-Family Residential,2,,,
638,1915,573041.47,M_249484_918775,Salem,MA,Two-Family Residential,2,,,
639,1920,705645.16,M_249494_918739,Salem,MA,Two-Family Residential,2,,,
640,1915,737327.19,M_249493_918728,Salem,MA,Two-Family Residential,2,,,
641,1900,701497.70,M_249495_918718,Salem,MA,Two-Family Residential,2,,,
642,1915,1531566.82,M_249515_918738,Salem,MA,Apartments with Four to Eight Units,6,,,
643,1920,771774.19,M_249529_918748,Salem,MA,Two-Family Residential,2,,,
644,1915,691244.24,M_249516_918799,Salem,MA,Two-Family Residential,2,,,
645,1914,926612.90,M_249522_918823,Salem,MA,Three-Family Residential,3,,,
646,1915,884447.00,M_249513_918679,Salem,MA,Two-Family Residential,2,,,
647,1915,870161.29,M_249516_918664,Salem,MA,Two-Family Residential,2,,,
648,1914,868548.39,M_249513_918651,Salem,MA,Two-Family Residential,2,,,
649,1915,937672.81,M_249539_918664,Salem,MA,Three-Family Residential,3,,,
650,1915,781797.24,M_249555_918665,Salem,MA,Two-Family Residential,2,,,
651,1915,665437.79,M_249571_918667,Salem,MA,Three-Family Residential,3,,,
652,1915,1220161.29,M_249573_918726,Salem,MA,Apartments with Four to Eight Units,5,,,
653,1915,977188.94,M_249551_918722,Salem,MA,Three-Family Residential,3,,,
654,1915,1052995.39,M_249537_918711,Salem,MA,Three-Family Residential,3,,,
655,1915,2198847.93,M_249524_918701,Salem,MA,Apartments with Four to Eight Units,8,,,
656,1870,653456.22,M_249517_918629,Salem,MA,Two-Family Residential,2,,,
657,1890,914976.96,M_249529_918605,Salem,MA,Apartments with Four to Eight Units,4,,,
658,1870,907258.06,M_249546_918591,Salem,MA,Two-Family Residential,2,,,
659,1870,686866.36,M_249559_918600,Salem,MA,Two-Family Residential,2,,,
660,1915,1178571.43,M_249564_918624,Salem,MA,Apartments with Four to Eight Units,4,,,
661,1920,862442.40,M_249565_918639,Salem,MA,Three-Family Residential,3,,,
662,1920,790322.58,M_249546_918623,Salem,MA,Two-Family Residential,2,,,
663,1915,841013.82,M_249531_918627,Salem,MA,Two-Family Residential,2,,,
664,1895,614746.54,M_249520_918618,Salem,MA,Two-Family Residential,2,,,
665,1850,780069.12,M_248716_919206,Salem,MA,Two-Family Residential,2,,,
666,1800,557488.48,M_248676_919214,Salem,MA,Two-Family Residential,2,,,
667,1800,653686.64,M_248684_919201,Salem,MA,Two-Family Residential,2,,,
668,1820,702073.73,M_248692_919188,Salem,MA,Two-Family Residential,2,,,
669,1850,634792.63,M_248735_919158,Salem,MA,Two-Family Residential,2,,,
670,1900,667050.69,M_248749_919231,Salem,MA,Two-Family Residential,2,,,
671,1900,653341.01,M_248755_919220,Salem,MA,Two-Family Residential,2,,,
672,1870,698617.51,M_249186_919626,Salem,MA,Two-Family Residential,2,,,
673,1900,768894.01,M_249171_919616,Salem,MA,Two-Family Residential,2,,,
674,1900,788479.26,M_249201_919582,Salem,MA,Three-Family Residential,3,,,
675,1870,701497.70,M_249152_919601,Salem,MA,Two-Family Residential,2,,,
676,1870,889631.34,M_249140_919592,Salem,MA,Two-Family Residential,2,,,
677,1890,891359.45,M_249127_919583,Salem,MA,Three-Family Residential,3,,,
678,1870,834101.38,M_249088_919522,Salem,MA,Two-Family Residential,2,,,
679,1902,676728.11,M_249036_919495,Salem,MA,Two-Family Residential,2,,,
680,1915,804953.92,M_249008_919497,Salem,MA,Three-Family Residential,3,,,
681,1915,905299.54,M_248996_919487,Salem,MA,Three-Family Residential,3,,,
682,1915,1070622.12,M_248983_919483,Salem,MA,Three-Family Residential,3,,,
683,1850,477304.15,M_248826_919376,Salem,MA,Two-Family Residential,2,,,
684,1900,1152764.98,M_248803_919358,Salem,MA,Apartments with Four to Eight Units,6,,,
685,1850,663364.06,M_248749_919302,Salem,MA,Apartments with Four to Eight Units,4,,,
686,1850,1079838.71,M_248838_919432,Salem,MA,Apartments with Four to Eight Units,5,,,
687,1880,650921.66,M_248857_919434,Salem,MA,Two-Family Residential,2,,,
688,1800,684447.00,M_248865_919453,Salem,MA,Two-Family Residential,2,,,
689,1800,1246313.36,M_248854_919484,Salem,MA,Apartments with Four to Eight Units,4,,,
690,1915,609331.80,M_248919_919477,Salem,MA,Two-Family Residential,2,,,
691,1900,699884.79,M_248906_919485,Salem,MA,Two-Family Residential,2,,,
692,1915,815092.17,M_248878_919511,Salem,MA,Two-Family Residential,2,,,
693,1900,752073.73,M_248862_919529,Salem,MA,Two-Family Residential,2,,,
694,1880,661520.74,M_248823_919486,Salem,MA,Two-Family Residential,2,,,
695,1800,913594.47,M_248795_919465,Salem,MA,Two-Family Residential,2,,,
696,1880,674423.96,M_248805_919455,Salem,MA,Two-Family Residential,2,,,
697,1800,689400.92,M_248814_919445,Salem,MA,Two-Family Residential,2,,,
698,1800,741705.07,M_248821_919532,Salem,MA,Two-Family Residential,2,,,
699,1915,998617.51,M_248854_919551,Salem,MA,Two-Family Residential,2,,,
700,1905,917511.52,M_248838_919555,Salem,MA,Three-Family Residential,3,,,
701,1905,790783.41,M_248820_919574,Salem,MA,Two-Family Residential,2,,,
702,1905,740092.17,M_248812_919583,Salem,MA,Two-Family Residential,2,,,
703,1800,754953.92,M_248785_919541,Salem,MA,Two-Family Residential,2,,,
704,1840,1222926.27,M_249443_919185,Salem,MA,Apartments with Four to Eight Units,7,,,
705,1850,1025000.00,M_248751_919517,Salem,MA,Apartments with Four to Eight Units,4,,,
706,1915,744815.67,M_249225_919659,Salem,MA,Three-Family Residential,3,,,
707,1915,1115437.79,M_248786_919611,Salem,MA,Three-Family Residential,3,,,
708,1905,830645.16,M_248778_919619,Salem,MA,Two-Family Residential,2,,,
709,1915,794470.05,M_248779_919636,Salem,MA,Two-Family Residential,2,,,
710,1890,616589.86,M_248662_919641,Salem,MA,Two-Family Residential,2,,,
711,1900,687442.40,M_248632_919672,Salem,MA,Two-Family Residential,2,,,
712,1915,1173502.30,M_248608_919698,Salem,MA,Three-Family Residential,3,,,
713,1915,855990.78,M_248596_919672,Salem,MA,Three-Family Residential,3,,,
714,1910,813709.68,M_248619_919648,Salem,MA,Three-Family Residential,3,,,
715,1850,677419.35,M_248693_919577,Salem,MA,Two-Family Residential,2,,,
716,1870,696082.95,M_248707_919562,Salem,MA,Two-Family Residential,2,,,
717,1870,810023.04,M_248719_919549,Salem,MA,Three-Family Residential,3,,,
718,1870,725576.04,M_248731_919620,Salem,MA,Two-Family Residential,2,,,
719,1915,931336.41,M_248741_919643,Salem,MA,Apartments with Four to Eight Units,4,,,
720,1915,916474.65,M_248762_919654,Salem,MA,Three-Family Residential,3,,,
721,1915,1117972.35,M_248752_919664,Salem,MA,Three-Family Residential,3,,,
722,1910,758410.14,M_248720_919685,Salem,MA,Two-Family Residential,2,,,
723,1915,770852.53,M_248687_919722,Salem,MA,Two-Family Residential,2,,,
724,1900,870506.91,M_248670_919740,Salem,MA,Two-Family Residential,2,,,
725,1900,737903.23,M_248654_919759,Salem,MA,Two-Family Residential,2,,,
726,1915,798617.51,M_248645_919767,Salem,MA,Two-Family Residential,2,,,
727,1910,705299.54,M_248638_919722,Salem,MA,Two-Family Residential,2,,,
728,1915,713940.09,M_248648_919712,Salem,MA,Two-Family Residential,2,,,
729,1910,721658.99,M_248657_919702,Salem,MA,Two-Family Residential,2,,,
730,1900,819354.84,M_248967_919525,Salem,MA,Two-Family Residential,2,,,
731,1910,824193.55,M_248982_919537,Salem,MA,Three-Family Residential,3,,,
732,1910,727880.18,M_248963_919551,Salem,MA,Two-Family Residential,2,,,
733,1910,982258.06,M_248954_919561,Salem,MA,Two-Family Residential,2,,,
734,1910,624769.59,M_248944_919572,Salem,MA,Two-Family Residential,2,,,
735,1910,714976.96,M_248934_919584,Salem,MA,Two-Family Residential,2,,,
736,1910,745737.33,M_248925_919595,Salem,MA,Two-Family Residential,2,,,
737,1947,706221.20,M_248897_919626,Salem,MA,Two-Family Residential,2,,,
738,1940,732258.06,M_248824_919707,Salem,MA,Two-Family Residential,2,,,
739,1930,737211.98,M_248814_919718,Salem,MA,Two-Family Residential,2,,,
740,1930,752764.98,M_248804_919730,Salem,MA,Two-Family Residential,2,,,
741,1940,749193.55,M_248743_919809,Salem,MA,Two-Family Residential,2,,,
742,1946,697926.27,M_248720_919801,Salem,MA,Two-Family Residential,2,,,
743,1915,983640.55,M_248728_919762,Salem,MA,Two-Family Residential,2,,,
744,1915,731451.61,M_248748_919739,Salem,MA,Two-Family Residential,2,,,
745,1900,789516.13,M_248799_919683,Salem,MA,Three-Family Residential,3,,,
746,1915,809101.38,M_248807_919674,Salem,MA,Two-Family Residential,2,,,
747,1900,854838.71,M_248825_919654,Salem,MA,Two-Family Residential,2,,,
748,1915,969815.67,M_248843_919634,Salem,MA,Two-Family Residential,2,,,
749,1910,807027.65,M_248853_919623,Salem,MA,Three-Family Residential,3,,,
750,1915,767281.11,M_248866_919608,Salem,MA,Two-Family Residential,2,,,
751,1940,753341.01,M_248879_919593,Salem,MA,Two-Family Residential,2,,,
752,1915,760023.04,M_248889_919582,Salem,MA,Two-Family Residential,2,,,
753,1908,734447.00,M_248937_919527,Salem,MA,Two-Family Residential,2,,,
754,1952,826728.11,M_249016_919552,Salem,MA,Two-Family Residential,2,,,
755,1945,672465.44,M_249030_919562,Salem,MA,Two-Family Residential,2,,,
756,1890,851612.90,M_248986_919651,Salem,MA,Three-Family Residential,3,,,
757,1870,707027.65,M_248975_919659,Salem,MA,Two-Family Residential,2,,,
758,1850,1059447.00,M_248955_919682,Salem,MA,Two-Family Residential,2,,,
759,1850,961175.12,M_248943_919695,Salem,MA,Two-Family Residential,2,,,
760,1890,679493.09,M_248932_919708,Salem,MA,Two-Family Residential,2,,,
761,1900,762557.60,M_248914_919729,Salem,MA,Two-Family Residential,2,,,
762,1850,708179.72,M_248905_919740,Salem,MA,Two-Family Residential,2,,,
763,1870,655414.75,M_248887_919761,Salem,MA,Two-Family Residential,2,,,
764,1890,998387.10,M_248867_919784,Salem,MA,Two-Family Residential,2,,,
765,1890,640437.79,M_248843_919824,Salem,MA,Two-Family Residential,2,,,
766,1850,784447.00,M_248831_919839,Salem,MA,Two-Family Residential,2,,,
767,1945,756221.20,M_248809_919800,Salem,MA,Two-Family Residential,2,,,
768,1945,694930.88,M_248820_919788,Salem,MA,Two-Family Residential,2,,,
769,1945,709792.63,M_248829_919777,Salem,MA,Two-Family Residential,2,,,
770,1945,790898.62,M_248839_919766,Salem,MA,Two-Family Residential,2,,,
771,1945,763018.43,M_248849_919754,Salem,MA,Two-Family Residential,2,,,
772,1945,797811.06,M_248860_919742,Salem,MA,Two-Family Residential,2,,,
773,1945,683986.18,M_248869_919731,Salem,MA,Two-Family Residential,2,,,
774,1948,696313.36,M_248917_919675,Salem,MA,Two-Family Residential,2,,,
775,1948,740092.17,M_248927_919663,Salem,MA,Two-Family Residential,2,,,
776,1948,752304.15,M_248938_919652,Salem,MA,Two-Family Residential,2,,,
777,1948,690322.58,M_248948_919641,Salem,MA,Two-Family Residential,2,,,
778,1948,738824.88,M_248958_919630,Salem,MA,Two-Family Residential,2,,,
779,1948,806797.24,M_248968_919618,Salem,MA,Two-Family Residential,2,,,
780,1948,740322.58,M_248978_919606,Salem,MA,Two-Family Residential,2,,,
781,1948,732258.06,M_248988_919595,Salem,MA,Two-Family Residential,2,,,
782,1948,858755.76,M_248999_919584,Salem,MA,Two-Family Residential,3,,,
783,1948,786751.15,M_249009_919572,Salem,MA,Two-Family Residential,2,,,
784,1900,1116359.45,M_249124_919625,Salem,MA,Three-Family Residential,3,,,
785,1854,853917.05,M_249115_919637,Salem,MA,Two-Family Residential,2,,,
786,1915,855760.37,M_249099_919657,Salem,MA,Two-Family Residential,2,,,
787,1915,747465.44,M_249077_919655,Salem,MA,Two-Family Residential,2,,,
788,1915,907718.89,M_249087_919669,Salem,MA,Two-Family Residential,2,,,
789,1850,656221.20,M_249070_919673,Salem,MA,Two-Family Residential,2,,,
790,1848,1129723.50,M_249019_919731,Salem,MA,Two-Family Residential,2,,,
791,1840,858294.93,M_249009_919744,Salem,MA,Two-Family Residential,2,,,
792,1818,1241474.65,M_248980_919787,Salem,MA,Two-Family Residential,2,,,
793,1915,867165.90,M_248950_919761,Salem,MA,Two-Family Residential,2,,,
794,1915,881105.99,M_248949_919743,Salem,MA,Two-Family Residential,2,,,
795,1850,860599.08,M_249009_919686,Salem,MA,Two-Family Residential,2,,,
796,1916,766589.86,M_249045_919645,Salem,MA,Two-Family Residential,2,,,
797,1870,648963.13,M_249075_919600,Salem,MA,Two-Family Residential,2,,,
798,1870,782718.89,M_249177_919668,Salem,MA,Two-Family Residential,2,,,
799,1870,601612.90,M_249188_919679,Salem,MA,Two-Family Residential,2,,,
800,1870,1032142.86,M_249106_919796,Salem,MA,Apartments with Four to Eight Units,5,,,
801,1850,701036.87,M_249093_919803,Salem,MA,Two-Family Residential,3,,,
802,1850,708986.18,M_249082_919793,Salem,MA,Two-Family Residential,2,,,
803,1890,833986.18,M_249067_919793,Salem,MA,Two-Family Residential,2,,,
804,1890,664400.92,M_249073_919810,Salem,MA,Two-Family Residential,2,,,
805,1850,1173271.89,M_249073_919761,Salem,MA,Two-Family Residential,2,,,
806,1850,1628686.64,M_249086_919746,Salem,MA,Two-Family Residential,2,,,
807,1850,899884.79,M_249105_919725,Salem,MA,Two-Family Residential,2,,,
808,1870,1136520.74,M_249123_919705,Salem,MA,Three-Family Residential,3,,,
809,1870,893317.97,M_249142_919684,Salem,MA,Two-Family Residential,2,,,
810,1850,1058294.93,M_249152_919650,Salem,MA,Three-Family Residential,3,,,
811,1890,598041.47,M_249165_919659,Salem,MA,Two-Family Residential,2,,,
812,1900,731451.61,M_249378_919789,Salem,MA,Two-Family Residential,2,,,
813,1890,675000.00,M_249343_919808,Salem,MA,Two-Family Residential,2,,,
814,1870,1049423.96,M_249330_919797,Salem,MA,Three-Family Residential,3,,,
815,1850,695737.33,M_249266_919717,Salem,MA,Two-Family Residential,2,,,
816,1900,655875.58,M_249289_919690,Salem,MA,Two-Family Residential,2,,,
817,1963,486290.32,M_249261_919793,Salem,MA,Two-Family Residential,2,,,
818,1920,811751.15,M_249197_919787,Salem,MA,Three-Family Residential,3,,,
819,1850,1126728.11,M_249550_919317,Salem,MA,Apartments with Four to Eight Units,5,,,
820,1790,1262788.02,M_249525_919319,Salem,MA,Apartments with Four to Eight Units,4,,,
821,1836,1673963.13,M_249485_919319,Salem,MA,Apartments with Four to Eight Units,5,,,
822,1850,1189976.96,M_249466_919319,Salem,MA,Apartments with Four to Eight Units,4,,,
823,1875,1770737.33,M_249447_919319,Salem,MA,Apartments with Four to Eight Units,5,,,
824,1851,1039861.75,M_249428_919297,Salem,MA,Three-Family Residential,3,,,
825,1850,1611751.15,M_249479_919294,Salem,MA,Apartments with Four to Eight Units,7,,,
826,1920,2022350.23,M_249497_919294,Salem,MA,Apartments with Four to Eight Units,6,,,
827,1850,1003917.05,M_249515_919294,Salem,MA,Apartments with Four to Eight Units,4,,,
828,1870,1567972.35,M_249456_919081,Salem,MA,Apartments with Four to Eight Units,6,,,
829,1800,1372926.27,M_249397_919054,Salem,MA,Apartments with Four to Eight Units,5,,,
830,1800,1509331.80,M_249359_919055,Salem,MA,Two-Family Residential,2,,,
831,1880,798847.93,M_249356_919218,Salem,MA,Apartments with Four to Eight Units,6,,,
832,1900,1348732.72,M_249379_919273,Salem,MA,Apartments with Four to Eight Units,6,,,
833,1833,1185023.04,M_249313_919248,Salem,MA,Two-Family Residential,2,,,
834,1768,1592626.73,M_249289_919240,Salem,MA,Two-Family Residential,2,,,
835,1765,1015898.62,M_249211_919193,Salem,MA,Two-Family Residential,2,,,
836,1764,1122811.06,M_249215_919177,Salem,MA,Two-Family Residential,2,,,
837,1830,1249308.76,M_249235_919099,Salem,MA,Two-Family Residential,2,,,
838,1850,875921.66,M_249186_919119,Salem,MA,Two-Family Residential,2,,,
839,1830,1339285.71,M_249178_919157,Salem,MA,Apartments with Four to Eight Units,5,,,
840,1896,1004838.71,M_249186_919170,Salem,MA,Three-Family Residential,3,,,
841,1843,1469239.63,M_249115_919120,Salem,MA,Two-Family Residential,2,,,
842,1740,1899308.76,M_249105_919071,Salem,MA,Two-Family Residential,2,,,
843,1850,2331105.99,M_249021_919065,Salem,MA,Two-Family Residential,2,,,
844,1804,1673732.72,M_248932_919086,Salem,MA,Three-Family Residential,3,,,
845,1880,797119.82,M_248925_919172,Salem,MA,Two-Family Residential,2,,,
846,1880,749423.96,M_248951_919187,Salem,MA,Two-Family Residential,2,,,
847,1880,587211.98,M_248908_919167,Salem,MA,Two-Family Residential,2,,,
848,1880,769009.22,M_248896_919154,Salem,MA,Three-Family Residential,3,,,
849,1915,675230.41,M_248894_919123,Salem,MA,Two-Family Residential,2,,,
850,1800,2718663.59,M_249036_919170,Salem,MA,Apartments with Four to Eight Units,8,,,
851,1880,1073271.89,M_249058_919141,Salem,MA,Two-Family Residential,2,,,
852,1784,1750691.24,M_249080_919153,Salem,MA,Two-Family Residential,2,,,
853,1782,870852.53,M_249064_919201,Salem,MA,Two-Family Residential,2,,,
854,1800,916589.86,M_248990_919183,Salem,MA,Two-Family Residential,2,,,
855,1783,1112672.81,M_249111_919173,Salem,MA,Two-Family Residential,2,,,
856,1890,820161.29,M_249109_919226,Salem,MA,Two-Family Residential,2,,,
857,1794,1177073.73,M_249154_919232,Salem,MA,Two-Family Residential,2,,,
858,1783,700806.45,M_249138_919251,Salem,MA,Two-Family Residential,2,,,
859,1800,872580.65,M_249092_919236,Salem,MA,Two-Family Residential,2,,,
860,1800,871082.95,M_249256_919272,Salem,MA,Two-Family Residential,2,,,
861,1800,1426152.07,M_249271_919282,Salem,MA,Apartments with Four to Eight Units,7,,,
862,1850,884331.80,M_249307_919293,Salem,MA,Two-Family Residential,2,,,
863,1900,1090322.58,M_249316_919321,Salem,MA,Two-Family Residential,2,,,
864,1800,857027.65,M_249203_919281,Salem,MA,Two-Family Residential,2,,,
865,1800,464055.30,M_249047_919248,Salem,MA,Two-Family Residential,2,,,
866,1870,912903.23,M_248758_919940,Salem,MA,Three-Family Residential,3,,,
867,1850,849308.76,M_248763_919862,Salem,MA,Two-Family Residential,2,,,
868,1880,692741.94,M_248813_919872,Salem,MA,Two-Family Residential,2,,,
869,1880,669354.84,M_248798_919887,Salem,MA,Two-Family Residential,2,,,
870,1880,682949.31,M_248789_919900,Salem,MA,Two-Family Residential,2,,,
871,1880,749308.76,M_248772_919918,Salem,MA,Two-Family Residential,2,,,
872,1920,1254723.50,M_248745_919964,Salem,MA,Apartments with Four to Eight Units,6,,,
873,1960,717857.14,M_248831_919879,Salem,MA,Two-Family Residential,2,,,
874,1870,708294.93,M_248839_919892,Salem,MA,Two-Family Residential,2,,,
875,1850,893087.56,M_248851_919897,Salem,MA,Two-Family Residential,2,,,
876,1915,757027.65,M_248866_919902,Salem,MA,Two-Family Residential,2,,,
877,1890,666589.86,M_248808_919958,Salem,MA,Two-Family Residential,2,,,
878,1870,862557.60,M_248794_919969,Salem,MA,Three-Family Residential,3,,,
879,1890,879838.71,M_248786_919946,Salem,MA,Three-Family Residential,3,,,
880,1870,614170.51,M_248695_919939,Salem,MA,Two-Family Residential,2,,,
881,1890,563709.68,M_248675_919935,Salem,MA,Two-Family Residential,2,,,
882,1890,854723.50,M_248705_919879,Salem,MA,Two-Family Residential,2,,,
883,1870,732834.10,M_248903_919807,Salem,MA,Two-Family Residential,2,,,
884,1900,761175.12,M_248924_919783,Salem,MA,Two-Family Residential,2,,,
885,1910,876152.07,M_248937_919802,Salem,MA,Two-Family Residential,2,,,
886,1890,764285.71,M_248937_919840,Salem,MA,Two-Family Residential,2,,,
887,1890,802073.73,M_248923_919846,Salem,MA,Two-Family Residential,2,,,
888,1890,765668.20,M_248911_919855,Salem,MA,Two-Family Residential,2,,,
889,1890,1049654.38,M_248885_919862,Salem,MA,Three-Family Residential,3,,,
890,1890,919470.05,M_248858_919845,Salem,MA,Two-Family Residential,2,,,
891,1806,787557.60,M_249026_919802,Salem,MA,Two-Family Residential,2,,,
892,1890,813248.85,M_249042_919817,Salem,MA,Two-Family Residential,2,,,
893,1850,739285.71,M_249053_919827,Salem,MA,Two-Family Residential,2,,,
894,1850,653225.81,M_249080_919845,Salem,MA,Two-Family Residential,2,,,
895,1890,809331.80,M_249066_919848,Salem,MA,Three-Family Residential,3,,,
896,1850,895622.12,M_249030_919863,Salem,MA,Three-Family Residential,3,,,
897,1890,1071313.36,M_249048_919880,Salem,MA,Two-Family Residential,2,,,
898,1850,603917.05,M_249028_919883,Salem,MA,Two-Family Residential,2,,,
899,1850,733640.55,M_249012_919915,Salem,MA,Two-Family Residential,3,,,
900,1850,678110.60,M_248987_919926,Salem,MA,Two-Family Residential,2,,,
901,1870,952880.18,M_248960_919889,Salem,MA,Three-Family Residential,3,,,
902,1890,812442.40,M_248969_919878,Salem,MA,Two-Family Residential,2,,,
903,1890,1395046.08,M_249003_919840,Salem,MA,Apartments with Four to Eight Units,4,,,
904,1850,311520.74,M_248906_919996,Salem,MA,Two-Family Residential,2,,,
905,1880,946543.78,M_248883_920000,Salem,MA,Three-Family Residential,3,,,
906,1890,877649.77,M_248833_920015,Salem,MA,Two-Family Residential,2,,,
907,1900,634677.42,M_248821_919998,Salem,MA,Two-Family Residential,2,,,
908,1809,870391.71,M_248839_919990,Salem,MA,Three-Family Residential,3,,,
909,1800,1131566.82,M_248873_919960,Salem,MA,Apartments with Four to Eight Units,4,,,
910,1850,684331.80,M_248894_919936,Salem,MA,Two-Family Residential,2,,,
911,1915,919930.88,M_248919_919956,Salem,MA,Apartments with Four to Eight Units,4,,,
912,1890,775921.66,M_248818_920044,Salem,MA,Two-Family Residential,2,,,
913,1870,565898.62,M_248807_920050,Salem,MA,Two-Family Residential,2,,,
914,1870,434331.80,M_248787_920063,Salem,MA,Two-Family Residential,2,,,
915,1890,913018.43,M_248737_920093,Salem,MA,Two-Family Residential,2,,,
916,1890,710599.08,M_248725_920087,Salem,MA,Two-Family Residential,2,,,
917,1890,701382.49,M_248697_920003,Salem,MA,Three-Family Residential,3,,,
918,1890,795622.12,M_248779_920180,Salem,MA,Two-Family Residential,2,,,
919,1890,881912.44,M_248677_920253,Salem,MA,Two-Family Residential,2,,,
920,1890,714746.54,M_248729_920157,Salem,MA,Two-Family Residential,2,,,
921,1890,1029953.92,M_248742_920152,Salem,MA,Three-Family Residential,3,,,
922,1890,876497.70,M_248743_920138,Salem,MA,Three-Family Residential,3,,,
923,1895,687096.77,M_248700_920343,Salem,MA,Two-Family Residential,2,,,
924,1900,1072350.23,M_248689_920365,Salem,MA,Three-Family Residential,3,,,
925,1938,754953.92,M_248654_920336,Salem,MA,Two-Family Residential,2,,,
926,1870,847119.82,M_248673_920305,Salem,MA,Three-Family Residential,3,,,
927,1890,613018.43,M_248686_920316,Salem,MA,Two-Family Residential,2,,,
928,1890,697465.44,M_248700_920322,Salem,MA,Two-Family Residential,2,,,
929,1900,765207.37,M_248722_920397,Salem,MA,Two-Family Residential,2,,,
930,1890,807258.06,M_248728_920380,Salem,MA,Two-Family Residential,2,,,
931,1900,597465.44,M_248737_920363,Salem,MA,Three-Family Residential,2,,,
932,1930,733640.55,M_248739_920344,Salem,MA,Two-Family Residential,2,,,
933,1900,929838.71,M_248752_920351,Salem,MA,Two-Family Residential,2,,,
934,1930,826958.53,M_248773_920380,Salem,MA,Two-Family Residential,2,,,
935,1930,770967.74,M_248801_920406,Salem,MA,Two-Family Residential,2,,,
936,1920,1070046.08,M_248802_920382,Salem,MA,Two-Family Residential,2,,,
937,1910,964861.75,M_248833_920392,Salem,MA,Three-Family Residential,3,,,
938,1910,716589.86,M_248831_920408,Salem,MA,Two-Family Residential,2,,,
939,1920,932949.31,M_248828_920425,Salem,MA,Two-Family Residential,2,,,
940,1920,925806.45,M_248825_920451,Salem,MA,Two-Family Residential,2,,,
941,1890,763018.43,M_248767_920306,Salem,MA,Two-Family Residential,2,,,
942,1930,869585.25,M_248813_920282,Salem,MA,Two-Family Residential,2,,,
943,1900,926036.87,M_248799_920310,Salem,MA,Two-Family Residential,2,,,
944,1920,864861.75,M_248824_920341,Salem,MA,Two-Family Residential,2,,,
945,1914,855875.58,M_248821_920165,Salem,MA,Two-Family Residential,2,,,
946,1930,1272235.02,M_248822_920139,Salem,MA,Two-Family Residential,2,,,
947,1850,1695967.74,M_248844_920106,Salem,MA,Apartments with Four to Eight Units,8,,,
948,1940,934101.38,M_248861_920084,Salem,MA,Three-Family Residential,3,,,
949,1800,973617.51,M_248878_920066,Salem,MA,Two-Family Residential,2,,,
950,1855,897811.06,M_248898_920046,Salem,MA,Two-Family Residential,2,,,
951,1900,920506.91,M_248918_920043,Salem,MA,Two-Family Residential,2,,,
952,1870,1248847.93,M_248939_920040,Salem,MA,Three-Family Residential,3,,,
953,1850,678917.05,M_248915_920068,Salem,MA,Two-Family Residential,2,,,
954,1870,1140553.00,M_248908_920082,Salem,MA,Apartments with Four to Eight Units,4,,,
955,1870,798041.47,M_248901_920096,Salem,MA,Two-Family Residential,2,,,
956,1870,926036.87,M_248880_920138,Salem,MA,Two-Family Residential,2,,,
957,1890,514631.34,M_248860_920176,Salem,MA,Two-Family Residential,2,,,
958,1890,730990.78,M_248855_920188,Salem,MA,Two-Family Residential,2,,,
959,1850,520506.91,M_248991_920001,Salem,MA,Two-Family Residential,2,,,
960,1870,551612.90,M_249003_919992,Salem,MA,Two-Family Residential,2,,,
961,1800,656797.24,M_249055_920009,Salem,MA,Two-Family Residential,2,,,
962,1850,1237442.40,M_249044_919973,Salem,MA,Three-Family Residential,3,,,
963,1900,991820.28,M_249054_919940,Salem,MA,Three-Family Residential,3,,,
964,1850,573847.93,M_249070_919916,Salem,MA,Two-Family Residential,2,,,
965,1850,822004.61,M_249087_919940,Salem,MA,Two-Family Residential,2,,,
966,1850,827073.73,M_249106_919965,Salem,MA,Two-Family Residential,2,,,
967,1870,1027304.15,M_249120_919971,Salem,MA,Two-Family Residential,2,,,
968,1870,1300115.21,M_249138_919863,Salem,MA,Apartments with Four to Eight Units,5,,,
969,1850,663364.06,M_249204_919833,Salem,MA,Two-Family Residential,2,,,
970,1880,782834.10,M_249213_919843,Salem,MA,Two-Family Residential,2,,,
971,1850,735138.25,M_249230_919856,Salem,MA,Two-Family Residential,2,,,
972,1820,872465.44,M_249148_919944,Salem,MA,Two-Family Residential,2,,,
973,1850,757718.89,M_249142_919925,Salem,MA,Two-Family Residential,2,,,
974,1820,991129.03,M_249133_919912,Salem,MA,Two-Family Residential,3,,,
975,1890,1109792.63,M_249122_919901,Salem,MA,Three-Family Residential,3,,,
976,1915,1137672.81,M_249279_919802,Salem,MA,Apartments with Four to Eight Units,4,,,
977,1900,641244.24,M_249291_919812,Salem,MA,Two-Family Residential,2,,,
978,1890,633755.76,M_249312_919833,Salem,MA,Two-Family Residential,2,,,
979,1915,800115.21,M_249327_919847,Salem,MA,Three-Family Residential,3,,,
980,1915,692626.73,M_249351_919858,Salem,MA,Two-Family Residential,2,,,
981,1850,1621198.16,M_249308_919867,Salem,MA,Apartments with Four to Eight Units,7,,,
982,1850,678341.01,M_249261_919824,Salem,MA,Two-Family Residential,2,,,
983,1870,741935.48,M_249243_919807,Salem,MA,Two-Family Residential,2,,,
984,1880,1055990.78,M_249256_919868,Salem,MA,Apartments with Four to Eight Units,4,,,
985,1880,647235.02,M_249265_919884,Salem,MA,Two-Family Residential,2,,,
986,1915,793663.59,M_249245_919902,Salem,MA,Two-Family Residential,2,,,
987,1850,1077534.56,M_249232_919914,Salem,MA,Apartments with Four to Eight Units,4,,,
988,1870,753801.84,M_249226_919954,Salem,MA,Two-Family Residential,2,,,
989,1870,784562.21,M_249223_919975,Salem,MA,Two-Family Residential,2,,,
990,1890,1025921.66,M_249215_919997,Salem,MA,Two-Family Residential,2,,,
991,1890,845622.12,M_249197_919980,Salem,MA,Two-Family Residential,2,,,
992,1870,826036.87,M_249214_919923,Salem,MA,Two-Family Residential,2,,,
993,1870,769009.22,M_249231_919891,Salem,MA,Two-Family Residential,2,,,
994,1870,741935.48,M_249244_919881,Salem,MA,Two-Family Residential,2,,,
995,1890,952995.39,M_249287_919897,Salem,MA,Apartments with Four to Eight Units,4,,,
996,1870,673847.93,M_249296_919906,Salem,MA,Two-Family Residential,3,,,
997,1890,783755.76,M_249262_919927,Salem,MA,Two-Family Residential,2,,,
998,1870,660829.49,M_249276_919913,Salem,MA,Two-Family Residential,2,,,
999,1800,576958.53,M_249154_920051,Salem,MA,Two-Family Residential,2,,,
1000,1870,1187211.98,M_249139_920068,Salem,MA,Three-Family Residential,3,,,
1001,1835,727073.73,M_249058_920109,Salem,MA,Two-Family Residential,2,,,
1002,1870,1051036.87,M_249077_920072,Salem,MA,Three-Family Residential,3,,,
1003,1870,724539.17,M_249089_920059,Salem,MA,Two-Family Residential,2,,,
1004,1870,669930.88,M_249099_920048,Salem,MA,Two-Family Residential,2,,,
1005,1842,970967.74,M_249139_919992,Salem,MA,Two-Family Residential,2,,,
1006,1860,1611635.94,M_249183_920037,Salem,MA,Apartments with Four to Eight Units,4,,,
1007,1926,938709.68,M_249200_920250,Salem,MA,Two-Family Residential,2,,,
1008,1924,861981.57,M_249151_920264,Salem,MA,Two-Family Residential,2,,,
1009,1900,802880.18,M_249130_920219,Salem,MA,Two-Family Residential,2,,,
1010,1900,912903.23,M_249121_920206,Salem,MA,Two-Family Residential,2,,,
1011,1890,907488.48,M_249117_920171,Salem,MA,Three-Family Residential,3,,,
1012,1890,775345.62,M_249146_920138,Salem,MA,Two-Family Residential,2,,,
1013,1890,821082.95,M_249196_920098,Salem,MA,Two-Family Residential,2,,,
1014,1890,1060829.49,M_249207_920085,Salem,MA,Two-Family Residential,2,,,
1015,1885,1155069.12,M_249224_920069,Salem,MA,Two-Family Residential,2,,,
1016,1851,992165.90,M_249267_920117,Salem,MA,Two-Family Residential,2,,,
1017,1920,885138.25,M_249220_920196,Salem,MA,Two-Family Residential,2,,,
1018,1850,687096.77,M_249270_919996,Salem,MA,Two-Family Residential,2,,,
1019,1850,871543.78,M_249294_920068,Salem,MA,Two-Family Residential,2,,,
1020,1900,1031451.61,M_249261_920037,Salem,MA,Two-Family Residential,2,,,
1021,1870,730990.78,M_249239_920028,Salem,MA,Two-Family Residential,2,,,
1022,1870,705184.33,M_249377_920060,Salem,MA,Two-Family Residential,2,,,
1023,1850,752880.18,M_249340_920109,Salem,MA,Two-Family Residential,2,,,
1024,1850,766129.03,M_249323_920082,Salem,MA,Two-Family Residential,2,,,
1025,1915,698041.47,M_249396_919948,Salem,MA,Two-Family Residential,2,,,
1026,1919,715553.00,M_249410_919941,Salem,MA,Two-Family Residential,2,,,
1027,1919,702304.15,M_249430_919939,Salem,MA,Two-Family Residential,2,,,
1028,1919,667626.73,M_249431_919954,Salem,MA,Two-Family Residential,2,,,
1029,1919,668663.59,M_249434_919976,Salem,MA,Two-Family Residential,2,,,
1030,1919,604953.92,M_249412_919963,Salem,MA,Two-Family Residential,2,,,
1031,1919,666129.03,M_249399_919887,Salem,MA,Two-Family Residential,2,,,
1032,1919,657949.31,M_249426_919896,Salem,MA,Two-Family Residential,2,,,
1033,1919,662672.81,M_249427_919911,Salem,MA,Two-Family Residential,2,,,
1034,1920,784331.80,M_249415_920115,Salem,MA,Two-Family Residential,2,,,
1035,1915,852995.39,M_249404_920087,Salem,MA,Two-Family Residential,2,,,
1036,1920,827419.35,M_249419_920070,Salem,MA,Two-Family Residential,2,,,
1037,1920,776612.90,M_249430_920059,Salem,MA,Two-Family Residential,2,,,
1038,1870,762557.60,M_249174_920333,Salem,MA,Two-Family Residential,2,,,
1039,1900,753801.84,M_249193_920319,Salem,MA,Two-Family Residential,2,,,
1040,1890,965783.41,M_249209_920310,Salem,MA,Three-Family Residential,3,,,
1041,1890,670852.53,M_249246_920269,Salem,MA,Two-Family Residential,2,,,
1042,1870,947235.02,M_249267_920247,Salem,MA,Two-Family Residential,2,,,
1043,1890,878571.43,M_249315_920196,Salem,MA,Two-Family Residential,2,,,
1044,1870,1295046.08,M_249391_920230,Salem,MA,Two-Family Residential,2,,,
1045,1920,755529.95,M_249393_920367,Salem,MA,Two-Family Residential,2,,,
1046,1920,700230.41,M_249372_920357,Salem,MA,Two-Family Residential,2,,,
1047,1920,976036.87,M_249451_920149,Salem,MA,Three-Family Residential,3,,,
1048,1890,674078.34,M_248772_920152,Salem,MA,Two-Family Residential,2,,,
1049,1953,745046.08,M_249643_915757,Salem,MA,Two-Family Residential,2,,,
1050,1929,1100000.00,M_249696_915803,Salem,MA,Two-Family Residential,3,,,
1051,1940,770161.29,M_249761_916107,Salem,MA,Two-Family Residential,2,,,
1052,1940,830760.37,M_249775_916119,Salem,MA,Two-Family Residential,2,,,
1053,1920,924539.17,M_249786_916165,Salem,MA,Three-Family Residential,3,,,
1054,1920,890437.79,M_249769_916180,Salem,MA,Three-Family Residential,3,,,
1055,1920,754838.71,M_249676_916282,Salem,MA,Two-Family Residential,2,,,
1056,1900,851497.70,M_249693_916321,Salem,MA,Two-Family Residential,2,,,
1057,1915,715207.37,M_249687_916336,Salem,MA,Two-Family Residential,2,,,
1058,1924,908640.55,M_249620_916391,Salem,MA,Two-Family Residential,2,,,
1059,1915,971543.78,M_249663_916484,Salem,MA,Two-Family Residential,2,,,
1060,1915,778801.84,M_249634_916480,Salem,MA,Two-Family Residential,3,,,
1061,1914,732488.48,M_249588_916475,Salem,MA,Two-Family Residential,2,,,
1062,1907,833870.97,M_249719_916527,Salem,MA,Two-Family Residential,2,,,
1063,1920,879723.50,M_249665_916660,Salem,MA,Three-Family Residential,3,,,
1064,1910,626152.07,M_249646_916711,Salem,MA,Two-Family Residential,2,,,
1065,1920,604608.29,M_249644_916751,Salem,MA,Two-Family Residential,2,,,
1066,1912,691589.86,M_249705_916710,Salem,MA,Two-Family Residential,2,,,
1067,1900,800230.41,M_249714_916680,Salem,MA,Three-Family Residential,3,,,
1068,1915,804953.92,M_249719_916665,Salem,MA,Two-Family Residential,2,,,
1069,1927,592972.35,M_249741_916624,Salem,MA,Two-Family Residential,2,,,
1070,1930,748847.93,M_249755_916439,Salem,MA,Two-Family Residential,2,,,
1071,1932,820967.74,M_249771_916370,Salem,MA,Two-Family Residential,2,,,
1072,1940,696313.36,M_249818_916373,Salem,MA,Two-Family Residential,2,,,
1073,1914,752995.39,M_249766_916283,Salem,MA,Two-Family Residential,2,,,
1074,1920,776497.70,M_249801_916241,Salem,MA,Three-Family Residential,3,,,
1075,1930,974884.79,M_249863_916170,Salem,MA,Two-Family Residential,2,,,
1076,1920,866820.28,M_249873_916159,Salem,MA,Three-Family Residential,3,,,
1077,1915,864516.13,M_249884_916199,Salem,MA,Three-Family Residential,3,,,
1078,1915,738364.06,M_249873_916211,Salem,MA,Two-Family Residential,2,,,
1079,1915,869815.67,M_249849_916236,Salem,MA,Two-Family Residential,2,,,
1080,1915,830414.75,M_249902_916249,Salem,MA,Two-Family Residential,2,,,
1081,1915,787211.98,M_249911_916238,Salem,MA,Two-Family Residential,2,,,
1082,1938,865092.17,M_249889_916365,Salem,MA,Two-Family Residential,2,,,
1083,1920,855184.33,M_250019_916693,Salem,MA,Three-Family Residential,3,,,
1084,1910,1661751.15,M_250258_916552,Salem,MA,Two-Family Residential,2,,,
1085,1874,1528110.60,M_250273_916541,Salem,MA,Two-Family Residential,2,,,
1086,1950,709447.00,M_250103_916662,Salem,MA,Two-Family Residential,2,,,
1087,1960,697695.85,M_250056_916261,Salem,MA,Two-Family Residential,2,,,
1088,1947,918317.97,M_250093_916233,Salem,MA,Two-Family Residential,2,,,
1089,1915,768087.56,M_249951_916147,Salem,MA,Two-Family Residential,2,,,
1090,1900,726497.70,M_249934_916133,Salem,MA,Two-Family Residential,2,,,
1091,1925,712903.23,M_249948_916776,Salem,MA,Two-Family Residential,2,,,
1092,1920,629147.47,M_249677_916810,Salem,MA,Two-Family Residential,2,,,
1093,1920,627419.35,M_249682_916796,Salem,MA,Two-Family Residential,2,,,
1094,1920,690437.79,M_249692_916751,Salem,MA,Three-Family Residential,3,,,
1095,1930,694354.84,M_249579_916991,Salem,MA,Two-Family Residential,2,,,
1096,1900,651267.28,M_249623_917253,Salem,MA,Two-Family Residential,2,,,
1097,1920,671658.99,M_249615_917266,Salem,MA,Two-Family Residential,2,,,
1098,1920,750691.24,M_249607_917276,Salem,MA,Two-Family Residential,2,,,
1099,1928,746313.36,M_249613_917357,Salem,MA,Two-Family Residential,2,,,
1100,1955,823156.68,M_249605_917436,Salem,MA,Two-Family Residential,2,,,
1101,1915,930529.95,M_249660_917210,Salem,MA,Three-Family Residential,3,,,
1102,1918,920967.74,M_249757_917074,Salem,MA,Apartments with Four to Eight Units,4,,,
1103,1915,1280529.95,M_249740_917108,Salem,MA,Apartments with Four to Eight Units,4,,,
1104,1942,586290.32,M_249788_917104,Salem,MA,Two-Family Residential,2,,,
1105,1929,886290.32,M_249839_917109,Salem,MA,Two-Family Residential,2,,,
1106,1925,735368.66,M_249812_917122,Salem,MA,Two-Family Residential,2,,,
1107,1920,1069470.05,M_249827_917096,Salem,MA,Three-Family Residential,3,,,
1108,1895,2316705.07,M_249961_917268,Salem,MA,Apartments with Four to Eight Units,5,,,
1109,1900,1081221.20,M_249982_917284,Salem,MA,Three-Family Residential,3,,,
1110,1895,981451.61,M_249997_917302,Salem,MA,Two-Family Residential,2,,,
1111,1895,811981.57,M_250013_917318,Salem,MA,Two-Family Residential,2,,,
1112,1895,686751.15,M_249977_917342,Salem,MA,Two-Family Residential,2,,,
1113,1900,812327.19,M_249905_917285,Salem,MA,Two-Family Residential,2,,,
1114,1920,807603.69,M_249921_917311,Salem,MA,Two-Family Residential,2,,,
1115,1910,694009.22,M_249937_917336,Salem,MA,Two-Family Residential,2,,,
1116,1920,785253.46,M_249954_917352,Salem,MA,Three-Family Residential,3,,,
1117,1920,785829.49,M_249944_917358,Salem,MA,Three-Family Residential,3,,,
1118,1907,949078.34,M_249931_917372,Salem,MA,Three-Family Residential,3,,,
1119,1915,1076267.28,M_249706_917221,Salem,MA,Three-Family Residential,3,,,
1120,1910,678341.01,M_249744_917172,Salem,MA,Two-Family Residential,2,,,
1121,1915,885829.49,M_249753_917160,Salem,MA,Two-Family Residential,2,,,
1122,1915,755529.95,M_249763_917148,Salem,MA,Two-Family Residential,2,,,
1123,1915,799884.79,M_249818_916987,Salem,MA,Two-Family Residential,2,,,
1124,1920,756566.82,M_249834_916970,Salem,MA,Three-Family Residential,3,,,
1125,1930,788133.64,M_249919_916875,Salem,MA,Two-Family Residential,2,,,
1126,1930,661981.57,M_249983_916803,Salem,MA,Two-Family Residential,2,,,
1127,1920,788594.47,M_250064_916746,Salem,MA,Two-Family Residential,2,,,
1128,1923,743548.39,M_250072_916763,Salem,MA,Two-Family Residential,2,,,
1129,1928,789746.54,M_250079_916784,Salem,MA,Two-Family Residential,2,,,
1130,1926,821082.95,M_250142_916806,Salem,MA,Two-Family Residential,2,,,
1131,1920,928686.64,M_250160_916807,Salem,MA,Two-Family Residential,2,,,
1132,1880,1058410.14,M_250202_916911,Salem,MA,Two-Family Residential,2,,,
1133,1900,841935.48,M_250183_916932,Salem,MA,Two-Family Residential,2,,,
1134,1900,864400.92,M_249901_917414,Salem,MA,Two-Family Residential,2,,,
1135,1900,955069.12,M_249896_917445,Salem,MA,Two-Family Residential,2,,,
1136,1900,1267972.35,M_249891_917477,Salem,MA,Three-Family Residential,3,,,
1137,1900,990092.17,M_249889_917492,Salem,MA,Two-Family Residential,2,,,
1138,1900,956451.61,M_249887_917507,Salem,MA,Two-Family Residential,2,,,
1139,1900,737327.19,M_249884_917523,Salem,MA,Two-Family Residential,2,,,
1140,1925,831566.82,M_249847_917510,Salem,MA,Three-Family Residential,3,,,
1141,1915,859331.80,M_249858_917488,Salem,MA,Two-Family Residential,2,,,
1142,1900,658986.18,M_249860_917473,Salem,MA,Two-Family Residential,2,,,
1143,1900,702880.18,M_249863_917457,Salem,MA,Two-Family Residential,2,,,
1144,1915,760599.08,M_249948_917404,Salem,MA,Three-Family Residential,3,,,
1145,1910,750460.83,M_249967_917400,Salem,MA,Three-Family Residential,3,,,
1146,1910,980184.33,M_249963_917469,Salem,MA,Two-Family Residential,2,,,
1147,1910,785714.29,M_249961_917484,Salem,MA,Two-Family Residential,2,,,
1148,1946,823041.47,M_249933_917500,Salem,MA,Two-Family Residential,2,,,
1149,1910,1014746.54,M_249935_917482,Salem,MA,Two-Family Residential,2,,,
1150,1910,1036290.32,M_249938_917465,Salem,MA,Two-Family Residential,2,,,
1151,1915,675806.45,M_249944_917421,Salem,MA,Two-Family Residential,2,,,
1152,1890,2285944.70,M_250024_917353,Salem,MA,Apartments with Four to Eight Units,8,,,
1153,1906,994354.84,M_250039_917409,Salem,MA,Two-Family Residential,2,,,
1154,1870,1698502.30,M_250024_917513,Salem,MA,Apartments with Four to Eight Units,7,,,
1155,1915,1037903.23,M_249997_917489,Salem,MA,Three-Family Residential,3,,,
1156,1920,983410.14,M_249999_917472,Salem,MA,Three-Family Residential,3,,,
1157,1890,1337442.40,M_250096_917489,Salem,MA,Two-Family Residential,2,,,
1158,1890,861866.36,M_250141_917428,Salem,MA,Two-Family Residential,2,,,
1159,1890,754953.92,M_250172_917423,Salem,MA,Two-Family Residential,2,,,
1160,1894,720391.71,M_250184_917480,Salem,MA,Two-Family Residential,2,,,
1161,1895,663248.85,M_250189_917466,Salem,MA,Two-Family Residential,2,,,
1162,1895,890207.37,M_250195_917454,Salem,MA,Three-Family Residential,3,,,
1163,1895,850691.24,M_250198_917428,Salem,MA,Two-Family Residential,2,,,
1164,1895,743548.39,M_250209_917437,Salem,MA,Two-Family Residential,2,,,
1165,1900,597235.02,M_250217_917466,Salem,MA,Two-Family Residential,2,,,
1166,1900,603110.60,M_250210_917480,Salem,MA,Two-Family Residential,2,,,
1167,1890,702188.94,M_250253_917479,Salem,MA,Three-Family Residential,3,,,
1168,1890,801612.90,M_250256_917456,Salem,MA,Two-Family Residential,2,,,
1169,1870,707718.89,M_250268_917461,Salem,MA,Two-Family Residential,2,,,
1170,1956,655184.33,M_250279_917425,Salem,MA,Two-Family Residential,2,,,
1171,1900,836175.12,M_250266_917415,Salem,MA,Three-Family Residential,3,,,
1172,1956,520622.12,M_250305_917425,Salem,MA,Two-Family Residential,2,,,
1173,1880,831105.99,M_250136_917364,Salem,MA,Three-Family Residential,3,,,
1174,1900,795622.12,M_250103_917355,Salem,MA,Three-Family Residential,3,,,
1175,1915,935253.46,M_250123_917326,Salem,MA,Two-Family Residential,2,,,
1176,1890,723963.13,M_250153_917330,Salem,MA,Two-Family Residential,2,,,
1177,1870,1337672.81,M_250153_917294,Salem,MA,Apartments with Four to Eight Units,5,,,
1178,1885,1004377.88,M_250161_917265,Salem,MA,Two-Family Residential,2,,,
1179,1913,1097235.02,M_250259_917293,Salem,MA,Two-Family Residential,2,,,
1180,1915,892972.35,M_250245_917164,Salem,MA,Two-Family Residential,2,,,
1181,1880,854953.92,M_250227_917108,Salem,MA,Two-Family Residential,2,,,
1182,1878,730875.58,M_250227_917087,Salem,MA,Two-Family Residential,2,,,
1183,1890,953801.84,M_250249_916980,Salem,MA,Two-Family Residential,2,,,
1184,1910,1021774.19,M_250217_917198,Salem,MA,Two-Family Residential,2,,,
1185,1915,875230.41,M_250247_917210,Salem,MA,Two-Family Residential,2,,,
1186,1920,1034562.21,M_250280_917211,Salem,MA,Two-Family Residential,2,,,
1187,1915,1244585.25,M_250295_917209,Salem,MA,Three-Family Residential,3,,,
1188,1915,1186981.57,M_250311_917207,Salem,MA,Two-Family Residential,2,,,
1189,1910,1257949.31,M_250223_917232,Salem,MA,Two-Family Residential,2,,,
1190,1920,770506.91,M_249732_917538,Salem,MA,Two-Family Residential,2,,,
1191,1915,925921.66,M_249808_917550,Salem,MA,Three-Family Residential,3,,,
1192,1915,1072695.85,M_249823_917552,Salem,MA,Apartments with Four to Eight Units,4,,,
1193,1915,757142.86,M_249871_917552,Salem,MA,Two-Family Residential,2,,,
1194,1880,857718.89,M_249888_917555,Salem,MA,Two-Family Residential,2,,,
1195,1895,730760.37,M_249874_917583,Salem,MA,Two-Family Residential,2,,,
1196,1890,698041.47,M_249880_917599,Salem,MA,Two-Family Residential,2,,,
1197,1915,741129.03,M_249849_917586,Salem,MA,Two-Family Residential,2,,,
1198,1915,972004.61,M_249833_917584,Salem,MA,Two-Family Residential,2,,,
1199,1942,592741.94,M_249818_917581,Salem,MA,Two-Family Residential,2,,,
1200,1965,785483.87,M_249803_917579,Salem,MA,Three-Family Residential,3,,,
1201,1920,686405.53,M_249743_917569,Salem,MA,Two-Family Residential,2,,,
1202,1930,760829.49,M_249726_917611,Salem,MA,Two-Family Residential,2,,,
1203,1915,820967.74,M_249740_917613,Salem,MA,Two-Family Residential,2,,,
1204,1905,852764.98,M_249755_917615,Salem,MA,Two-Family Residential,2,,,
1205,1905,567741.94,M_249787_917617,Salem,MA,Two-Family Residential,2,,,
1206,1915,907142.86,M_249817_917624,Salem,MA,Three-Family Residential,3,,,
1207,1915,837327.19,M_249840_917626,Salem,MA,Two-Family Residential,2,,,
1208,1900,837211.98,M_249871_917626,Salem,MA,Two-Family Residential,2,,,
1209,1890,679493.09,M_249845_917656,Salem,MA,Two-Family Residential,2,,,
1210,1895,792972.35,M_249830_917656,Salem,MA,Two-Family Residential,2,,,
1211,1900,786635.94,M_249797_917651,Salem,MA,Two-Family Residential,2,,,
1212,1895,878571.43,M_249782_917647,Salem,MA,Three-Family Residential,3,,,
1213,1920,956682.03,M_249766_917646,Salem,MA,Three-Family Residential,3,,,
1214,1910,763364.06,M_249736_917642,Salem,MA,Two-Family Residential,2,,,
1215,1890,616129.03,M_249707_917637,Salem,MA,Two-Family Residential,2,,,
1216,1910,678801.84,M_249692_917635,Salem,MA,Two-Family Residential,2,,,
1217,1930,1122695.85,M_249648_917628,Salem,MA,Apartments with Four to Eight Units,4,,,
1218,1915,672235.02,M_249674_917679,Salem,MA,Two-Family Residential,2,,,
1219,1958,869239.63,M_249690_917682,Salem,MA,Three-Family Residential,3,,,
1220,1910,688940.09,M_249704_917684,Salem,MA,Two-Family Residential,2,,,
1221,1920,769585.25,M_249734_917690,Salem,MA,Two-Family Residential,2,,,
1222,1894,983410.14,M_249750_917691,Salem,MA,Three-Family Residential,3,,,
1223,1870,970046.08,M_249772_917694,Salem,MA,Two-Family Residential,2,,,
1224,1900,866820.28,M_249795_917691,Salem,MA,Three-Family Residential,3,,,
1225,1900,661635.94,M_249792_917706,Salem,MA,Three-Family Residential,3,,,
1226,1900,782142.86,M_249790_917722,Salem,MA,Three-Family Residential,3,,,
1227,1920,1069124.42,M_249774_917727,Salem,MA,Three-Family Residential,3,,,
1228,1920,971543.78,M_249745_917723,Salem,MA,Two-Family Residential,2,,,
1229,1880,698732.72,M_249729_917721,Salem,MA,Two-Family Residential,2,,,
1230,1900,729838.71,M_249713_917719,Salem,MA,Two-Family Residential,2,,,
1231,1870,685253.46,M_249683_917714,Salem,MA,Two-Family Residential,2,,,
1232,1915,824884.79,M_249693_917760,Salem,MA,Two-Family Residential,2,,,
1233,1920,967396.31,M_249709_917762,Salem,MA,Three-Family Residential,3,,,
1234,1890,756221.20,M_249765_917770,Salem,MA,Two-Family Residential,2,,,
1235,1905,644815.67,M_249783_917772,Salem,MA,Two-Family Residential,2,,,
1236,1870,750230.41,M_249735_917798,Salem,MA,Two-Family Residential,2,,,
1237,1890,649078.34,M_249757_917846,Salem,MA,Two-Family Residential,2,,,
1238,1910,797235.02,M_249773_917840,Salem,MA,Two-Family Residential,2,,,
1239,1910,837327.19,M_249771_917855,Salem,MA,Two-Family Residential,3,,,
1240,1961,683410.14,M_249767_917876,Salem,MA,Two-Family Residential,2,,,
1241,1920,693433.18,M_249751_917938,Salem,MA,Two-Family Residential,2,,,
1242,1920,962557.60,M_249749_917953,Salem,MA,Three-Family Residential,3,,,
1243,1920,688364.06,M_249746_917984,Salem,MA,Two-Family Residential,2,,,
1244,1920,692396.31,M_249744_918000,Salem,MA,Two-Family Residential,2,,,
1245,1915,901958.53,M_249714_918041,Salem,MA,Three-Family Residential,3,,,
1246,1920,769815.67,M_249710_918009,Salem,MA,Two-Family Residential,2,,,
1247,1915,627419.35,M_249704_917982,Salem,MA,Two-Family Residential,2,,,
1248,1917,712327.19,M_249682_917974,Salem,MA,Two-Family Residential,2,,,
1249,1915,743663.59,M_249657_917970,Salem,MA,Three-Family Residential,3,,,
1250,1910,845622.12,M_249612_917991,Salem,MA,Three-Family Residential,3,,,
1251,1915,815898.62,M_249632_918000,Salem,MA,Three-Family Residential,3,,,
1252,1915,777304.15,M_249675_918027,Salem,MA,Two-Family Residential,2,,,
1253,1920,807603.69,M_249673_918041,Salem,MA,Two-Family Residential,2,,,
1254,1915,849769.59,M_249659_918033,Salem,MA,Three-Family Residential,3,,,
1255,1915,777419.35,M_249644_918029,Salem,MA,Two-Family Residential,2,,,
1256,1915,698617.51,M_249629_918027,Salem,MA,Two-Family Residential,2,,,
1257,1910,780645.16,M_249609_918032,Salem,MA,Three-Family Residential,3,,,
1258,1910,809216.59,M_249605_918015,Salem,MA,Three-Family Residential,3,,,
1259,1910,942511.52,M_249609_918002,Salem,MA,Three-Family Residential,3,,,
1260,1915,1129147.47,M_249626_918070,Salem,MA,Apartments with Four to Eight Units,4,,,
1261,1915,766013.82,M_249641_918072,Salem,MA,Three-Family Residential,3,,,
1262,1915,679032.26,M_249653_918073,Salem,MA,Two-Family Residential,2,,,
1263,1915,910138.25,M_249663_918075,Salem,MA,Three-Family Residential,3,,,
1264,1920,969700.46,M_249675_918076,Salem,MA,Apartments with Four to Eight Units,4,,,
1265,1920,804147.47,M_249660_918095,Salem,MA,Two-Family Residential,2,,,
1266,1915,694815.67,M_249654_918144,Salem,MA,Two-Family Residential,2,,,
1267,1912,1010714.29,M_249665_918166,Salem,MA,Three-Family Residential,3,,,
1268,1912,1244470.05,M_249653_918166,Salem,MA,Three-Family Residential,3,,,
1269,1912,1073963.13,M_249640_918164,Salem,MA,Three-Family Residential,3,,,
1270,1910,1209331.80,M_249621_918118,Salem,MA,Apartments with Four to Eight Units,4,,,
1271,1914,1225691.24,M_249699_918079,Salem,MA,Apartments with Four to Eight Units,4,,,
1272,1914,800691.24,M_249712_918081,Salem,MA,Two-Family Residential,2,,,
1273,1914,600115.21,M_249736_918080,Salem,MA,Two-Family Residential,2,,,
1274,1920,693778.80,M_249748_918082,Salem,MA,Two-Family Residential,2,,,
1275,1917,826843.32,M_249736_918110,Salem,MA,Three-Family Residential,3,,,
1276,1917,844585.25,M_249734_918122,Salem,MA,Two-Family Residential,2,,,
1277,1917,809562.21,M_249733_918135,Salem,MA,Two-Family Residential,2,,,
1278,1915,1283179.72,M_249732_918147,Salem,MA,Apartments with Four to Eight Units,6,,,
1279,1917,834907.83,M_249733_918159,Salem,MA,Two-Family Residential,2,,,
1280,1900,1284447.00,M_249725_918176,Salem,MA,Three-Family Residential,3,,,
1281,2023,1508525.35,M_249713_918169,Salem,MA,Three-Family Residential,3,,,
1282,1910,915783.41,M_249700_918171,Salem,MA,Three-Family Residential,3,,,
1283,1917,723502.30,M_249698_918150,Salem,MA,Two-Family Residential,2,,,
1284,1917,803341.01,M_249701_918138,Salem,MA,Two-Family Residential,2,,,
1285,1917,707258.06,M_249703_918126,Salem,MA,Two-Family Residential,2,,,
1286,1917,773156.68,M_249704_918114,Salem,MA,Two-Family Residential,2,,,
1287,1917,624539.17,M_249704_918102,Salem,MA,Two-Family Residential,2,,,
1288,1895,748847.93,M_249675_918214,Salem,MA,Three-Family Residential,3,,,
1289,1895,704953.92,M_249687_918215,Salem,MA,Two-Family Residential,2,,,
1290,1895,760829.49,M_249729_918231,Salem,MA,Two-Family Residential,2,,,
1291,1870,986520.74,M_249720_918263,Salem,MA,Two-Family Residential,2,,,
1292,1868,1172350.23,M_249693_918253,Salem,MA,Three-Family Residential,3,,,
1293,1890,646198.16,M_249674_918252,Salem,MA,Two-Family Residential,2,,,
1294,1914,1250000.00,M_249793_918223,Salem,MA,Apartments with Four to Eight Units,4,,,
1295,1915,1018433.18,M_249826_918225,Salem,MA,Three-Family Residential,3,,,
1296,1924,1316359.45,M_249845_918227,Salem,MA,Apartments with Four to Eight Units,5,,,
1297,1914,1267396.31,M_249863_918228,Salem,MA,Apartments with Four to Eight Units,4,,,
1298,1914,921313.36,M_249880_918230,Salem,MA,Two-Family Residential,2,,,
1299,1914,631451.61,M_249897_918223,Salem,MA,Two-Family Residential,2,,,
1300,1915,805645.16,M_249921_918225,Salem,MA,Apartments with Four to Eight Units,4,,,
1301,1915,1214285.71,M_249877_918271,Salem,MA,Three-Family Residential,3,,,
1302,1915,729493.09,M_249853_918257,Salem,MA,Two-Family Residential,2,,,
1303,1915,956336.41,M_249849_918280,Salem,MA,Three-Family Residential,3,,,
1304,1915,748156.68,M_249807_918263,Salem,MA,Two-Family Residential,2,,,
1305,1914,815553.00,M_249760_918257,Salem,MA,Two-Family Residential,2,,,
1306,1890,733525.35,M_249769_918245,Salem,MA,Two-Family Residential,2,,,
1307,1928,816820.28,M_249813_918101,Salem,MA,Three-Family Residential,3,,,
1308,1915,1059216.59,M_249831_918104,Salem,MA,Three-Family Residential,3,,,
1309,1917,917626.73,M_249816_918175,Salem,MA,Three-Family Residential,3,,,
1310,1917,910138.25,M_249805_918174,Salem,MA,Three-Family Residential,3,,,
1311,1917,802534.56,M_249793_918173,Salem,MA,Three-Family Residential,3,,,
1312,1915,1015668.20,M_249785_918123,Salem,MA,Three-Family Residential,3,,,
1313,1915,721198.16,M_249782_918098,Salem,MA,Two-Family Residential,2,,,
1314,1915,677419.35,M_249866_918099,Salem,MA,Two-Family Residential,2,,,
1315,1920,1257142.86,M_249883_918111,Salem,MA,Apartments with Four to Eight Units,4,,,
1316,1920,659562.21,M_249899_918106,Salem,MA,Two-Family Residential,2,,,
1317,1915,1462327.19,M_249920_918127,Salem,MA,Apartments with Four to Eight Units,6,,,
1318,1920,1084907.83,M_249916_918167,Salem,MA,Two-Family Residential,2,,,
1319,1917,713479.26,M_249896_918187,Salem,MA,Two-Family Residential,2,,,
1320,1917,1659907.83,M_249877_918182,Salem,MA,Apartments with Four to Eight Units,4,,,
1321,1917,841474.65,M_249863_918180,Salem,MA,Two-Family Residential,2,,,
1322,1917,1038594.47,M_249851_918179,Salem,MA,Apartments with Four to Eight Units,4,,,
1323,1920,956451.61,M_249871_918137,Salem,MA,Three-Family Residential,3,,,
1324,1914,808525.35,M_249863_918117,Salem,MA,Two-Family Residential,2,,,
1325,1917,966935.48,M_249776_918016,Salem,MA,Three-Family Residential,3,,,
1326,1914,730645.16,M_249833_918024,Salem,MA,Two-Family Residential,2,,,
1327,1920,919009.22,M_249854_918027,Salem,MA,Three-Family Residential,3,,,
1328,1915,1035714.29,M_249871_918030,Salem,MA,Apartments with Four to Eight Units,4,,,
1329,1914,709101.38,M_249889_918034,Salem,MA,Three-Family Residential,3,,,
1330,1920,813709.68,M_249914_918038,Salem,MA,Two-Family Residential,2,,,
1331,1915,1039861.75,M_249954_918037,Salem,MA,Apartments with Four to Eight Units,4,,,
1332,1915,875115.21,M_249867_918062,Salem,MA,Three-Family Residential,3,,,
1333,1914,1087211.98,M_249815_918053,Salem,MA,Three-Family Residential,3,,,
1334,1924,880299.54,M_249800_918051,Salem,MA,Three-Family Residential,3,,,
1335,1914,683410.14,M_249784_918054,Salem,MA,Two-Family Residential,2,,,
1336,1915,908870.97,M_249769_918057,Salem,MA,Apartments with Four to Eight Units,4,,,
1337,1915,775460.83,M_249771_918044,Salem,MA,Three-Family Residential,3,,,
1338,1915,748847.93,M_249781_918035,Salem,MA,Two-Family Residential,2,,,
1339,1930,776612.90,M_249797_917963,Salem,MA,Two-Family Residential,2,,,
1340,1930,714400.92,M_249801_917950,Salem,MA,Two-Family Residential,2,,,
1341,1915,731797.24,M_249796_917936,Salem,MA,Two-Family Residential,2,,,
1342,1914,665092.17,M_249798_917923,Salem,MA,Two-Family Residential,2,,,
1343,1915,787788.02,M_249800_917910,Salem,MA,Two-Family Residential,2,,,
1344,1920,666935.48,M_249802_917898,Salem,MA,Two-Family Residential,2,,,
1345,1910,1110714.29,M_249803_917885,Salem,MA,Three-Family Residential,3,,,
1346,1960,745391.71,M_249979_917610,Salem,MA,Two-Family Residential,2,,,
1347,1870,1209331.80,M_249859_917876,Salem,MA,Three-Family Residential,3,,,
1348,1870,1077073.73,M_249842_917938,Salem,MA,Three-Family Residential,3,,,
1349,1915,801728.11,M_249844_917971,Salem,MA,Two-Family Residential,2,,,
1350,1915,725921.66,M_249857_917991,Salem,MA,Two-Family Residential,2,,,
1351,1930,741474.65,M_249840_917988,Salem,MA,Two-Family Residential,2,,,
1352,1930,785944.70,M_249825_917986,Salem,MA,Two-Family Residential,2,,,
1353,1916,804723.50,M_249815_917797,Salem,MA,Two-Family Residential,2,,,
1354,1916,763824.88,M_249817_917781,Salem,MA,Two-Family Residential,2,,,
1355,1870,776152.07,M_249820_917765,Salem,MA,Three-Family Residential,3,,,
1356,1870,841705.07,M_249820_917701,Salem,MA,Three-Family Residential,3,,,
1357,1890,778341.01,M_249835_917703,Salem,MA,Three-Family Residential,3,,,
1358,1870,784101.38,M_249850_917706,Salem,MA,Two-Family Residential,2,,,
1359,1890,727073.73,M_249867_917701,Salem,MA,Two-Family Residential,2,,,
1360,1870,717511.52,M_249855_917730,Salem,MA,Two-Family Residential,2,,,
1361,1880,742165.90,M_249881_917774,Salem,MA,Two-Family Residential,2,,,
1362,1900,653917.05,M_249851_917822,Salem,MA,Two-Family Residential,2,,,
1363,1900,804953.92,M_249835_917819,Salem,MA,Two-Family Residential,2,,,
1364,1920,767626.73,M_250292_917961,Salem,MA,Two-Family Residential,2,,,
1365,1880,1300921.66,M_249953_917970,Salem,MA,Apartments with Four to Eight Units,5,,,
1366,1870,975921.66,M_249950_917988,Salem,MA,Two-Family Residential,2,,,
1367,1915,1183525.35,M_249891_917996,Salem,MA,Apartments with Four to Eight Units,4,,,
1368,1870,711520.74,M_249907_917962,Salem,MA,Two-Family Residential,2,,,
1369,1850,751958.53,M_249913_917926,Salem,MA,Two-Family Residential,2,,,
1370,1870,812096.77,M_249904_917905,Salem,MA,Two-Family Residential,2,,,
1371,1890,965898.62,M_249911_917883,Salem,MA,Three-Family Residential,3,,,
1372,1890,898847.93,M_249902_917728,Salem,MA,Two-Family Residential,2,,,
1373,1890,843548.39,M_249897_917708,Salem,MA,Two-Family Residential,3,,,
1374,1900,901497.70,M_249942_917722,Salem,MA,Two-Family Residential,2,,,
1375,1880,810368.66,M_249957_917722,Salem,MA,Two-Family Residential,2,,,
1376,1880,2222350.23,M_249980_917747,Salem,MA,Apartments with Four to Eight Units,7,,,
1377,1900,1085829.49,M_249953_917838,Salem,MA,Three-Family Residential,3,,,
1378,1900,867050.69,M_249941_917836,Salem,MA,Two-Family Residential,2,,,
1379,1900,675460.83,M_249914_917619,Salem,MA,Two-Family Residential,2,,,
1380,1900,665553.00,M_249918_917593,Salem,MA,Two-Family Residential,2,,,
1381,1900,664861.75,M_249919_917581,Salem,MA,Two-Family Residential,2,,,
1382,1920,618894.01,M_249918_917563,Salem,MA,Two-Family Residential,2,,,
1383,1910,1255069.12,M_249934_917565,Salem,MA,Three-Family Residential,3,,,
1384,1900,1158986.18,M_249944_917587,Salem,MA,Apartments with Four to Eight Units,4,,,
1385,1900,830875.58,M_249941_917605,Salem,MA,Two-Family Residential,2,,,
1386,1910,919239.63,M_249939_917620,Salem,MA,Two-Family Residential,2,,,
1387,1907,745161.29,M_249937_917637,Salem,MA,Two-Family Residential,2,,,
1388,1910,998617.51,M_249934_917653,Salem,MA,Three-Family Residential,3,,,
1389,1900,1215898.62,M_249920_917672,Salem,MA,Two-Family Residential,2,,,
1390,1910,1324769.59,M_249962_917679,Salem,MA,Three-Family Residential,3,,,
1391,1900,1084331.80,M_249972_917658,Salem,MA,Three-Family Residential,3,,,
1392,1920,939285.71,M_249976_917627,Salem,MA,Apartments with Four to Eight Units,4,,,
1393,1929,866474.65,M_249982_917590,Salem,MA,Two-Family Residential,2,,,
1394,1900,1136520.74,M_250012_917595,Salem,MA,Apartments with Four to Eight Units,5,,,
1395,1890,1474193.55,M_250009_917618,Salem,MA,Apartments with Four to Eight Units,5,,,
1396,1900,1045737.33,M_250073_917548,Salem,MA,Apartments with Four to Eight Units,4,,,
1397,1900,1118087.56,M_250076_917533,Salem,MA,Three-Family Residential,3,,,
1398,1900,1213824.88,M_250089_917520,Salem,MA,Apartments with Four to Eight Units,4,,,
1399,1900,921774.19,M_250095_917543,Salem,MA,Two-Family Residential,2,,,
1400,1930,1166013.82,M_250079_917582,Salem,MA,Three-Family Residential,3,,,
1401,1885,1067972.35,M_250124_917591,Salem,MA,Two-Family Residential,2,,,
1402,1890,1332949.31,M_250122_917657,Salem,MA,Three-Family Residential,3,,,
1403,1900,870622.12,M_250105_917700,Salem,MA,Two-Family Residential,2,,,
1404,1890,958294.93,M_250091_917698,Salem,MA,Two-Family Residential,2,,,
1405,1880,1889631.34,M_250077_917650,Salem,MA,Apartments with Four to Eight Units,8,,,
1406,1870,1230184.33,M_250051_917731,Salem,MA,Three-Family Residential,3,,,
1407,1895,748732.72,M_250101_917738,Salem,MA,Two-Family Residential,3,,,
1408,1915,1454608.29,M_250100_917783,Salem,MA,Apartments with Four to Eight Units,4,,,
1409,1915,1129723.50,M_250082_917852,Salem,MA,Three-Family Residential,3,,,
1410,1870,1069585.25,M_250055_917777,Salem,MA,Apartments with Four to Eight Units,4,,,
1411,1873,924654.38,M_250053_917755,Salem,MA,Two-Family Residential,2,,,
1412,1870,1559677.42,M_250027_917881,Salem,MA,Apartments with Four to Eight Units,4,,,
1413,1880,711059.91,M_250062_917886,Salem,MA,Two-Family Residential,2,,,
1414,1890,710599.08,M_250086_917889,Salem,MA,Two-Family Residential,2,,,
1415,1890,811059.91,M_250079_917951,Salem,MA,Two-Family Residential,2,,,
1416,1900,1009331.80,M_250074_917985,Salem,MA,Two-Family Residential,2,,,
1417,1912,649193.55,M_250073_918019,Salem,MA,Two-Family Residential,2,,,
1418,1915,1306451.61,M_250071_918035,Salem,MA,Apartments with Four to Eight Units,4,,,
1419,1915,1660714.29,M_250053_918025,Salem,MA,Apartments with Four to Eight Units,5,,,
1420,1915,904262.67,M_250036_918021,Salem,MA,Three-Family Residential,3,,,
1421,1915,1301497.70,M_250011_918015,Salem,MA,Apartments with Four to Eight Units,5,,,
1422,1915,1649769.59,M_250022_918053,Salem,MA,Apartments with Four to Eight Units,8,,,
1423,1925,2450806.45,M_250037_918070,Salem,MA,Apartments with Four to Eight Units,6,,,
1424,1915,939746.54,M_250087_918086,Salem,MA,Two-Family Residential,2,,,
1425,1915,670161.29,M_250106_918107,Salem,MA,Three-Family Residential,3,,,
1426,1915,979377.88,M_250125_918098,Salem,MA,Three-Family Residential,3,,,
1427,1920,920276.50,M_250153_918108,Salem,MA,Three-Family Residential,3,,,
1428,1920,768663.59,M_250179_918112,Salem,MA,Two-Family Residential,2,,,
1429,1915,899078.34,M_250223_918115,Salem,MA,Apartments with Four to Eight Units,4,,,
1430,1915,1080529.95,M_250215_918141,Salem,MA,Two-Family Residential,2,,,
1431,1915,1157949.31,M_250210_918155,Salem,MA,Three-Family Residential,3,,,
1432,1915,752188.94,M_250206_918169,Salem,MA,Two-Family Residential,2,,,
1433,1923,847811.06,M_250114_918140,Salem,MA,Two-Family Residential,2,,,
1434,1926,865783.41,M_250084_918132,Salem,MA,Two-Family Residential,2,,,
1435,1920,1125921.66,M_250047_918123,Salem,MA,Two-Family Residential,2,,,
1436,1915,1200460.83,M_249996_918124,Salem,MA,Three-Family Residential,3,,,
1437,1925,1119354.84,M_249999_918104,Salem,MA,Three-Family Residential,3,,,
1438,1920,781797.24,M_250001_918091,Salem,MA,Three-Family Residential,3,,,
1439,1920,799654.38,M_250059_918178,Salem,MA,Two-Family Residential,2,,,
1440,1915,772695.85,M_250074_918181,Salem,MA,Two-Family Residential,2,,,
1441,1915,974769.59,M_250089_918184,Salem,MA,Two-Family Residential,2,,,
1442,1930,823156.68,M_250119_918190,Salem,MA,Two-Family Residential,2,,,
1443,1920,904377.88,M_250137_918194,Salem,MA,Two-Family Residential,2,,,
1444,1920,950345.62,M_250090_918210,Salem,MA,Two-Family Residential,2,,,
1445,1920,885253.46,M_250035_918200,Salem,MA,Two-Family Residential,2,,,
1446,1930,987327.19,M_250001_918194,Salem,MA,Two-Family Residential,2,,,
1447,1915,977764.98,M_249979_918197,Salem,MA,Two-Family Residential,2,,,
1448,1920,857373.27,M_249981_918184,Salem,MA,Two-Family Residential,2,,,
1449,1916,1284101.38,M_249983_918170,Salem,MA,Three-Family Residential,3,,,
1450,1920,927649.77,M_249993_918231,Salem,MA,Two-Family Residential,2,,,
1451,1920,852073.73,M_250009_918233,Salem,MA,Two-Family Residential,2,,,
1452,1927,964631.34,M_250042_918237,Salem,MA,Two-Family Residential,2,,,
1453,1920,921198.16,M_250061_918240,Salem,MA,Two-Family Residential,2,,,
1454,1920,910483.87,M_250081_918242,Salem,MA,Two-Family Residential,2,,,
1455,1920,755184.33,M_250242_918172,Salem,MA,Two-Family Residential,2,,,
1456,1915,1106451.61,M_250273_918139,Salem,MA,Three-Family Residential,3,,,
1457,1920,916474.65,M_250292_918145,Salem,MA,Two-Family Residential,2,,,
1458,1920,761635.94,M_250308_918148,Salem,MA,Two-Family Residential,2,,,
1459,1920,1285944.70,M_250341_918124,Salem,MA,Three-Family Residential,3,,,
1460,1920,1260138.25,M_250420_918081,Salem,MA,Apartments with Four to Eight Units,4,,,
1461,1914,1059562.21,M_250391_918057,Salem,MA,Three-Family Residential,3,,,
1462,1915,1255760.37,M_250362_918074,Salem,MA,Three-Family Residential,3,,,
1463,1920,1008179.72,M_250338_918092,Salem,MA,Three-Family Residential,4,,,
1464,1915,966474.65,M_250342_918076,Salem,MA,Three-Family Residential,3,,,
1465,1928,1153110.60,M_250309_918031,Salem,MA,Three-Family Residential,3,,,
1466,1920,865553.00,M_250306_918047,Salem,MA,Two-Family Residential,2,,,
1467,1914,1494124.42,M_250304_918062,Salem,MA,Apartments with Four to Eight Units,4,,,
1468,1915,749193.55,M_250300_918089,Salem,MA,Two-Family Residential,2,,,
1469,1915,1254147.47,M_250260_918093,Salem,MA,Apartments with Four to Eight Units,4,,,
1470,1920,1233294.93,M_250273_918064,Salem,MA,Three-Family Residential,3,,,
1471,1920,778801.84,M_250281_918009,Salem,MA,Two-Family Residential,2,,,
1472,1920,967050.69,M_250284_917995,Salem,MA,Three-Family Residential,3,,,
1473,1920,1095622.12,M_250290_917979,Salem,MA,Three-Family Residential,3,,,
1474,1920,956797.24,M_250221_918079,Salem,MA,Two-Family Residential,2,,,
1475,1920,753571.43,M_250207_918069,Salem,MA,Two-Family Residential,2,,,
1476,1920,1160483.87,M_250184_918065,Salem,MA,Apartments with Four to Eight Units,6,,,
1477,1917,979838.71,M_250163_918059,Salem,MA,Apartments with Four to Eight Units,4,,,
1478,1917,1267396.31,M_250148_918056,Salem,MA,Apartments with Four to Eight Units,4,,,
1479,1920,911175.12,M_250135_918049,Salem,MA,Two-Family Residential,2,,,
1480,1920,759216.59,M_250123_918046,Salem,MA,Two-Family Residential,2,,,
1481,1920,847465.44,M_250105_918046,Salem,MA,Two-Family Residential,2,,,
1482,1920,960368.66,M_250112_918030,Salem,MA,Two-Family Residential,2,,,
1483,1920,1159216.59,M_250115_918014,Salem,MA,Two-Family Residential,2,,,
1484,1915,1146543.78,M_250138_918021,Salem,MA,Three-Family Residential,3,,,
1485,1915,920161.29,M_250152_918028,Salem,MA,Two-Family Residential,2,,,
1486,1920,1282718.89,M_250197_918036,Salem,MA,Apartments with Four to Eight Units,4,,,
1487,1920,785944.70,M_250227_918038,Salem,MA,Three-Family Residential,3,,,
1488,1915,918087.56,M_250143_917983,Salem,MA,Two-Family Residential,2,,,
1489,1870,868894.01,M_250118_917987,Salem,MA,Two-Family Residential,2,,,
1490,1880,655299.54,M_250148_917955,Salem,MA,Two-Family Residential,2,,,
1491,1880,780299.54,M_250163_917958,Salem,MA,Two-Family Residential,2,,,
1492,1890,713709.68,M_250239_917969,Salem,MA,Two-Family Residential,2,,,
1493,1915,1174193.55,M_250270_917938,Salem,MA,Three-Family Residential,3,,,
1494,1890,774884.79,M_250255_917936,Salem,MA,Three-Family Residential,3,,,
1495,1890,767972.35,M_250229_917910,Salem,MA,Two-Family Residential,2,,,
1496,1900,889400.92,M_250244_917912,Salem,MA,Two-Family Residential,2,,,
1497,1894,739861.75,M_250166_917923,Salem,MA,Two-Family Residential,2,,,
1498,1890,809677.42,M_250169_917902,Salem,MA,Three-Family Residential,3,,,
1499,2022,1095737.33,M_250185_917904,Salem,MA,Two-Family Residential,2,,,
1500,1890,1037327.19,M_250201_917907,Salem,MA,Three-Family Residential,3,,,
1501,1940,553686.64,M_250192_917863,Salem,MA,Two-Family Residential,2,,,
1502,1885,868317.97,M_250179_917860,Salem,MA,Two-Family Residential,2,,,
1503,1915,1349769.59,M_250137_917863,Salem,MA,Three-Family Residential,3,,,
1504,1890,689285.71,M_250184_917828,Salem,MA,Two-Family Residential,2,,,
1505,1900,1298617.51,M_250216_917833,Salem,MA,Three-Family Residential,3,,,
1506,1915,1624539.17,M_250167_917790,Salem,MA,Apartments with Four to Eight Units,4,,,
1507,1870,1082142.86,M_250145_917786,Salem,MA,Three-Family Residential,3,,,
1508,1890,1150806.45,M_250229_917761,Salem,MA,Three-Family Residential,3,,,
1509,1890,1069585.25,M_250246_917763,Salem,MA,Two-Family Residential,2,,,
1510,1870,884331.80,M_250279_917768,Salem,MA,Three-Family Residential,3,,,
1511,1870,1102188.94,M_250294_917771,Salem,MA,Three-Family Residential,3,,,
1512,1890,786175.12,M_250404_917681,Salem,MA,Two-Family Residential,2,,,
1513,1910,1034677.42,M_250381_917661,Salem,MA,Two-Family Residential,3,,,
1514,1920,799308.76,M_250357_917642,Salem,MA,Two-Family Residential,2,,,
1515,1900,982258.06,M_250334_917616,Salem,MA,Three-Family Residential,3,,,
1516,1920,875460.83,M_250330_917665,Salem,MA,Two-Family Residential,2,,,
1517,1905,946198.16,M_250354_917687,Salem,MA,Three-Family Residential,3,,,
1518,1915,677188.94,M_250363_917696,Salem,MA,Two-Family Residential,2,,,
1519,1910,1388479.26,M_250360_917715,Salem,MA,Three-Family Residential,3,,,
1520,1890,949654.38,M_250256_917721,Salem,MA,Two-Family Residential,2,,,
1521,1900,1100576.04,M_250243_917694,Salem,MA,Three-Family Residential,3,,,
1522,1900,1281566.82,M_250274_917698,Salem,MA,Apartments with Four to Eight Units,4,,,
1523,1915,998847.93,M_250266_917649,Salem,MA,Three-Family Residential,3,,,
1524,1890,1120622.12,M_250244_917604,Salem,MA,Apartments with Four to Eight Units,6,,,
1525,1915,755184.33,M_250260_917612,Salem,MA,Two-Family Residential,2,,,
1526,1900,850921.66,M_250206_917600,Salem,MA,Two-Family Residential,2,,,
1527,1890,820161.29,M_250205_917615,Salem,MA,Two-Family Residential,2,,,
1528,1900,1100691.24,M_250196_917675,Salem,MA,Three-Family Residential,3,,,
1529,1890,876843.32,M_250166_917670,Salem,MA,Two-Family Residential,2,,,
1530,1880,1360714.29,M_250182_917638,Salem,MA,Three-Family Residential,2,,,
1531,1880,1151728.11,M_250175_917612,Salem,MA,Two-Family Residential,2,,,
1532,1870,834907.83,M_250197_917750,Salem,MA,Two-Family Residential,2,,,
1533,1900,899078.34,M_250427_917705,Salem,MA,Two-Family Residential,2,,,
1534,1945,614631.34,M_250202_917863,Salem,MA,Two-Family Residential,2,,,
1535,1900,656682.03,M_249670_918299,Salem,MA,Two-Family Residential,2,,,
1536,1870,725806.45,M_249692_918300,Salem,MA,Two-Family Residential,2,,,
1537,1870,709907.83,M_249712_918330,Salem,MA,Two-Family Residential,2,,,
1538,1870,757373.27,M_249691_918323,Salem,MA,Two-Family Residential,2,,,
1539,1915,915322.58,M_249752_918308,Salem,MA,Three-Family Residential,3,,,
1540,1915,1223847.93,M_249778_918312,Salem,MA,Three-Family Residential,3,,,
1541,1915,992396.31,M_249794_918315,Salem,MA,Three-Family Residential,3,,,
1542,1915,796198.16,M_249807_918317,Salem,MA,Three-Family Residential,3,,,
1543,1915,915668.20,M_249835_918321,Salem,MA,Two-Family Residential,2,,,
1544,1915,793778.80,M_249869_918327,Salem,MA,Two-Family Residential,2,,,
1545,1915,1016820.28,M_249897_918379,Salem,MA,Three-Family Residential,3,,,
1546,1915,1218087.56,M_249868_918363,Salem,MA,Two-Family Residential,2,,,
1547,1920,1454723.50,M_249782_918349,Salem,MA,Two-Family Residential,2,,,
1548,1915,733870.97,M_249996_918384,Salem,MA,Two-Family Residential,2,,,
1549,1915,1186405.53,M_250032_918390,Salem,MA,Apartments with Four to Eight Units,4,,,
1550,1915,768202.76,M_249995_918398,Salem,MA,Two-Family Residential,2,,,
1551,1915,849308.76,M_249967_918385,Salem,MA,Three-Family Residential,3,,,
1552,1915,845391.71,M_249814_918435,Salem,MA,Two-Family Residential,2,,,
1553,1915,859677.42,M_249789_918433,Salem,MA,Two-Family Residential,2,,,
1554,1916,1072119.82,M_249756_918430,Salem,MA,Three-Family Residential,3,,,
1555,1915,946543.78,M_249740_918434,Salem,MA,Three-Family Residential,3,,,
1556,1915,883064.52,M_249742_918418,Salem,MA,Three-Family Residential,3,,,
1557,1915,1348847.93,M_249773_918397,Salem,MA,Two-Family Residential,3,,,
1558,1868,782488.48,M_249693_918371,Salem,MA,Two-Family Residential,2,,,
1559,1910,614170.51,M_249635_918366,Salem,MA,Two-Family Residential,2,,,
1560,1885,699308.76,M_249691_918356,Salem,MA,Three-Family Residential,3,,,
1561,1885,738594.47,M_249710_918357,Salem,MA,Two-Family Residential,2,,,
1562,1850,516244.24,M_249712_918372,Salem,MA,Two-Family Residential,2,,,
1563,1916,910599.08,M_249713_918401,Salem,MA,Three-Family Residential,3,,,
1564,1915,1065668.20,M_249704_918419,Salem,MA,Apartments with Four to Eight Units,5,,,
1565,1916,601612.90,M_249710_918435,Salem,MA,Two-Family Residential,2,,,
1566,1915,671658.99,M_249683_918424,Salem,MA,Two-Family Residential,2,,,
1567,1915,672119.82,M_249685_918465,Salem,MA,Two-Family Residential,2,,,
1568,1915,1144700.46,M_249681_918399,Salem,MA,Three-Family Residential,3,,,
1569,1915,693663.59,M_249697_918400,Salem,MA,Two-Family Residential,2,,,
1570,1915,640207.37,M_249734_918477,Salem,MA,Two-Family Residential,2,,,
1571,1940,762327.19,M_249820_918480,Salem,MA,Two-Family Residential,2,,,
1572,1915,1414400.92,M_249797_918537,Salem,MA,Apartments with Four to Eight Units,6,,,
1573,1915,702995.39,M_249706_918464,Salem,MA,Three-Family Residential,3,,,
1574,1915,881105.99,M_249718_918480,Salem,MA,Three-Family Residential,3,,,
1575,1940,675230.41,M_249840_918564,Salem,MA,Two-Family Residential,2,,,
1576,1915,1375345.62,M_249849_918548,Salem,MA,Apartments with Four to Eight Units,4,,,
1577,1915,1415092.17,M_249851_918532,Salem,MA,Apartments with Four to Eight Units,4,,,
1578,1915,1045622.12,M_249949_918442,Salem,MA,Three-Family Residential,3,,,
1579,1915,892741.94,M_249982_918427,Salem,MA,Three-Family Residential,3,,,
1580,1915,1039400.92,M_249976_918446,Salem,MA,Three-Family Residential,4,,,
1581,1915,784907.83,M_249969_918461,Salem,MA,Three-Family Residential,3,,,
1582,1915,733179.72,M_249966_918478,Salem,MA,Three-Family Residential,3,,,
1583,1915,1419124.42,M_249971_918497,Salem,MA,Apartments with Four to Eight Units,6,,,
1584,1915,1433410.14,M_250002_918431,Salem,MA,Apartments with Four to Eight Units,5,,,
1585,1915,838594.47,M_250014_918432,Salem,MA,Two-Family Residential,2,,,
1586,1915,798963.13,M_250026_918436,Salem,MA,Apartments with Four to Eight Units,4,,,
1587,1915,632603.69,M_250021_918453,Salem,MA,Two-Family Residential,2,,,
1588,1915,916129.03,M_250019_918464,Salem,MA,Three-Family Residential,3,,,
1589,1915,798387.10,M_250017_918478,Salem,MA,Three-Family Residential,3,,,
1590,1915,800460.83,M_250015_918491,Salem,MA,Three-Family Residential,3,,,
1591,1915,1306221.20,M_250013_918505,Salem,MA,Apartments with Four to Eight Units,6,,,
1592,1915,1218548.39,M_249998_918481,Salem,MA,Apartments with Four to Eight Units,4,,,
1593,1915,674078.34,M_250000_918462,Salem,MA,Two-Family Residential,2,,,
1594,1915,776036.87,M_250004_918449,Salem,MA,Two-Family Residential,2,,,
1595,1915,1212903.23,M_250056_918444,Salem,MA,Apartments with Four to Eight Units,4,,,
1596,1915,617511.52,M_250072_918451,Salem,MA,Two-Family Residential,2,,,
1597,1915,1148617.51,M_250089_918441,Salem,MA,Three-Family Residential,3,,,
1598,1915,553341.01,M_250087_918453,Salem,MA,Two-Family Residential,2,,,
1599,1900,641705.07,M_250086_918465,Salem,MA,Two-Family Residential,2,,,
1600,1915,634216.59,M_250079_918476,Salem,MA,Two-Family Residential,2,,,
1601,1915,628110.60,M_250082_918489,Salem,MA,Two-Family Residential,2,,,
1602,1915,850345.62,M_250075_918501,Salem,MA,Three-Family Residential,3,,,
1603,1915,983179.72,M_250082_918516,Salem,MA,Three-Family Residential,3,,,
1604,1915,727649.77,M_250054_918485,Salem,MA,Three-Family Residential,3,,,
1605,1915,665898.62,M_250052_918472,Salem,MA,Two-Family Residential,2,,,
1606,1915,557949.31,M_250050_918460,Salem,MA,Two-Family Residential,2,,,
1607,1915,1399423.96,M_250109_918499,Salem,MA,Apartments with Four to Eight Units,4,,,
1608,1915,575000.00,M_250113_918482,Salem,MA,Two-Family Residential,2,,,
1609,1916,691705.07,M_250116_918471,Salem,MA,Two-Family Residential,2,,,
1610,1915,638018.43,M_250119_918460,Salem,MA,Two-Family Residential,2,,,
1611,1915,851958.53,M_250245_918499,Salem,MA,Three-Family Residential,3,,,
1612,1915,816589.86,M_250245_918512,Salem,MA,Three-Family Residential,3,,,
1613,1920,928571.43,M_250245_918523,Salem,MA,Apartments with Four to Eight Units,8,,,
1614,1915,1126728.11,M_250229_918514,Salem,MA,Apartments with Four to Eight Units,4,,,
1615,1915,639746.54,M_250301_918577,Salem,MA,Two-Family Residential,2,,,
1616,1927,648041.47,M_250301_918592,Salem,MA,Two-Family Residential,2,,,
1617,1915,704838.71,M_250301_918608,Salem,MA,Three-Family Residential,3,,,
1618,1915,679032.26,M_250301_918623,Salem,MA,Three-Family Residential,3,,,
1619,1915,633179.72,M_250301_918636,Salem,MA,Two-Family Residential,2,,,
1620,1915,743894.01,M_250301_918647,Salem,MA,Three-Family Residential,3,,,
1621,1900,1199769.59,M_250276_918639,Salem,MA,Three-Family Residential,3,,,
1622,1915,845967.74,M_250276_918625,Salem,MA,Apartments with Four to Eight Units,4,,,
1623,1915,686981.57,M_250276_918587,Salem,MA,Two-Family Residential,2,,,
1624,1915,654262.67,M_250276_918564,Salem,MA,Two-Family Residential,2,,,
1625,1915,1267741.94,M_250276_918547,Salem,MA,Affordable Housing Units (Greater than 50% of the units qualify),8,,,
1626,1915,712788.02,M_250294_918548,Salem,MA,Three-Family Residential,3,,,
1627,1915,882834.10,M_250206_918703,Salem,MA,Affordable Housing Units (Greater than 50% of the units qualify),6,,,
1628,1915,777534.56,M_250207_918642,Salem,MA,Three-Family Residential,3,,,
1629,1915,1173041.47,M_250207_918629,Salem,MA,Apartments with Four to Eight Units,4,,,
1630,1915,811405.53,M_250207_918617,Salem,MA,Three-Family Residential,3,,,
1631,1919,856566.82,M_250237_918587,Salem,MA,Three-Family Residential,3,,,
1632,1915,1033064.52,M_250237_918600,Salem,MA,Affordable Housing Units (Greater than 50% of the units qualify),6,,,
1633,1915,634562.21,M_250237_918619,Salem,MA,Two-Family Residential,2,,,
1634,1915,631912.44,M_250237_918637,Salem,MA,Two-Family Residential,2,,,
1635,1915,613479.26,M_250237_918647,Salem,MA,Two-Family Residential,2,,,
1636,1915,959216.59,M_250237_918660,Salem,MA,Apartments with Four to Eight Units,4,,,
1637,1915,425691.24,M_250149_918547,Salem,MA,Affordable Housing Units (Greater than 50% of the units qualify),3,,,
1638,1920,523847.93,M_250163_918547,Salem,MA,Affordable Housing Units (Greater than 50% of the units qualify),4,,,
1639,1915,1172465.44,M_250156_918565,Salem,MA,Affordable Housing Units (Greater than 50% of the units qualify),6,,,
1640,1915,718202.76,M_250058_918625,Salem,MA,Two-Family Residential,2,,,
1641,1920,1053341.01,M_250060_918608,Salem,MA,Apartments with Four to Eight Units,5,,,
1642,1915,561635.94,M_250071_918579,Salem,MA,Two-Family Residential,2,,,
1643,1915,955875.58,M_250068_918545,Salem,MA,Three-Family Residential,3,,,
1644,1915,802995.39,M_250080_918547,Salem,MA,Affordable Housing Units (Greater than 50% of the units qualify),8,,,
1645,1915,1107718.89,M_250072_918564,Salem,MA,Apartments with Four to Eight Units,4,,,
1646,1915,1277419.35,M_250074_918610,Salem,MA,Apartments with Four to Eight Units,6,,,
1647,1915,1383870.97,M_250025_918616,Salem,MA,Apartments with Four to Eight Units,6,,,
1648,1915,1493202.76,M_250027_918598,Salem,MA,Apartments with Four to Eight Units,8,,,
1649,1915,1261866.36,M_250036_918583,Salem,MA,Apartments with Four to Eight Units,6,,,
1650,1915,1589861.75,M_250040_918558,Salem,MA,Apartments with Four to Eight Units,6,,,
1651,1915,747004.61,M_250038_918569,Salem,MA,Three-Family Residential,3,,,
1652,1915,977995.39,M_250040_918600,Salem,MA,Three-Family Residential,3,,,
1653,1915,822119.82,M_250038_918615,Salem,MA,Three-Family Residential,3,,,
1654,1915,980875.58,M_249997_918614,Salem,MA,Three-Family Residential,3,,,
1655,1920,691474.65,M_249978_918601,Salem,MA,Two-Family Residential,2,,,
1656,1930,732949.31,M_249951_918605,Salem,MA,Apartments with Four to Eight Units,4,,,
1657,1937,1224884.79,M_249938_918603,Salem,MA,Apartments with Four to Eight Units,8,,,
1658,1915,868778.80,M_249942_918524,Salem,MA,Three-Family Residential,3,,,
1659,1915,877995.39,M_249957_918526,Salem,MA,Three-Family Residential,3,,,
1660,1915,1131566.82,M_249979_918529,Salem,MA,Apartments with Four to Eight Units,4,,,
1661,1915,745967.74,M_249980_918546,Salem,MA,Three-Family Residential,3,,,
1662,1915,1627419.35,M_250003_918536,Salem,MA,Apartments with Four to Eight Units,6,,,
1663,1915,937672.81,M_249998_918586,Salem,MA,Three-Family Residential,3,,,
1664,1915,1098156.68,M_249996_918601,Salem,MA,Three-Family Residential,3,,,
1665,1915,696198.16,M_249821_918682,Salem,MA,Two-Family Residential,2,,,
1666,1915,1295391.71,M_249802_918655,Salem,MA,Apartments with Four to Eight Units,4,,,
1667,1915,1186751.15,M_249825_918624,Salem,MA,Apartments with Four to Eight Units,7,,,
1668,1915,811405.53,M_249871_918594,Salem,MA,Three-Family Residential,3,,,
1669,1930,630414.75,M_249872_918606,Salem,MA,Two-Family Residential,2,,,
1670,1915,1466474.65,M_249774_918642,Salem,MA,Apartments with Four to Eight Units,6,,,
1671,1915,735829.49,M_249750_918630,Salem,MA,Three-Family Residential,3,,,
1672,1915,1049193.55,M_249737_918623,Salem,MA,Three-Family Residential,3,,,
1673,1915,640668.20,M_249717_918612,Salem,MA,Three-Family Residential,4,,,
1674,1915,903686.64,M_249766_918602,Salem,MA,Three-Family Residential,3,,,
1675,1915,1443778.80,M_249778_918591,Salem,MA,Apartments with Four to Eight Units,5,,,
1676,1915,1166244.24,M_249791_918594,Salem,MA,Apartments with Four to Eight Units,4,,,
1677,1920,696428.57,M_249805_918586,Salem,MA,Three-Family Residential,3,,,
1678,1915,1460138.25,M_249795_918623,Salem,MA,Apartments with Four to Eight Units,6,,,
1679,1915,731682.03,M_249790_918689,Salem,MA,Two-Family Residential,2,,,
1680,1915,1002995.39,M_249806_918700,Salem,MA,Apartments with Four to Eight Units,6,,,
1681,1915,1030069.12,M_249780_918709,Salem,MA,Apartments with Four to Eight Units,7,,,
1682,1915,661751.15,M_249751_918725,Salem,MA,Three-Family Residential,3,,,
1683,1915,577188.94,M_249695_918668,Salem,MA,Three-Family Residential,3,,,
1684,1915,944815.67,M_249735_918662,Salem,MA,Apartments with Four to Eight Units,5,,,
1685,1915,836405.53,M_249745_918669,Salem,MA,Three-Family Residential,3,,,
1686,1915,795046.08,M_249756_918678,Salem,MA,Three-Family Residential,3,,,
1687,1915,1431221.20,M_249771_918683,Salem,MA,Apartments with Four to Eight Units,4,,,
1688,1915,1465092.17,M_249744_918760,Salem,MA,Apartments with Four to Eight Units,8,,,
1689,1915,777995.39,M_249732_918742,Salem,MA,Three-Family Residential,3,,,
1690,1915,858179.72,M_249963_918638,Salem,MA,Apartments with Four to Eight Units,5,,,
1691,1915,645737.33,M_249977_918641,Salem,MA,Two-Family Residential,2,,,
1692,1935,959331.80,M_249992_918643,Salem,MA,Apartments with Four to Eight Units,4,,,
1693,1915,810599.08,M_250035_918644,Salem,MA,Three-Family Residential,3,,,
1694,1915,600115.21,M_250034_918656,Salem,MA,Two-Family Residential,2,,,
1695,1915,875115.21,M_250032_918672,Salem,MA,Apartments with Four to Eight Units,4,,,
1696,1915,1058294.93,M_250030_918691,Salem,MA,Apartments with Four to Eight Units,4,,,
1697,1915,685253.46,M_250028_918709,Salem,MA,Three-Family Residential,3,,,
1698,1920,734792.63,M_250027_918721,Salem,MA,Three-Family Residential,3,,,
1699,1920,807373.27,M_250028_918734,Salem,MA,Three-Family Residential,3,,,
1700,1920,640437.79,M_250017_918733,Salem,MA,Two-Family Residential,2,,,
1701,1920,715092.17,M_250006_918733,Salem,MA,Three-Family Residential,3,,,
1702,1900,614170.51,M_250010_918720,Salem,MA,Two-Family Residential,2,,,
1703,1920,835714.29,M_250012_918707,Salem,MA,Three-Family Residential,3,,,
1704,1920,594470.05,M_250014_918693,Salem,MA,Two-Family Residential,2,,,
1705,1914,669239.63,M_250015_918683,Salem,MA,Two-Family Residential,2,,,
1706,1914,1033410.14,M_250017_918669,Salem,MA,Three-Family Residential,3,,,
1707,1915,596313.36,M_250068_918651,Salem,MA,Two-Family Residential,2,,,
1708,1915,750921.66,M_250070_918664,Salem,MA,Three-Family Residential,3,,,
1709,1915,1047235.02,M_250069_918676,Salem,MA,Three-Family Residential,3,,,
1710,1915,557142.86,M_250068_918686,Salem,MA,Two-Family Residential,2,,,
1711,1915,1097119.82,M_250067_918727,Salem,MA,Apartments with Four to Eight Units,4,,,
1712,1915,744124.42,M_250056_918733,Salem,MA,Three-Family Residential,3,,,
1713,1915,637327.19,M_250045_918733,Salem,MA,Two-Family Residential,2,,,
1714,1915,757373.27,M_250051_918719,Salem,MA,Two-Family Residential,2,,,
1715,1915,772235.02,M_250054_918692,Salem,MA,Three-Family Residential,3,,,
1716,1915,772004.61,M_250055_918662,Salem,MA,Two-Family Residential,2,,,
1717,1915,684792.63,M_250053_918649,Salem,MA,Two-Family Residential,2,,,
1718,1915,1120506.91,M_250129_918658,Salem,MA,Apartments with Four to Eight Units,4,,,
1719,1920,973963.13,M_250145_918722,Salem,MA,Affordable Housing Units (Greater than 50% of the units qualify),6,,,
1720,1960,1649884.79,M_250105_918729,Salem,MA,Apartments with Four to Eight Units,8,,,
1721,1915,1040207.37,M_250114_918706,Salem,MA,Affordable Housing Units (Greater than 50% of the units qualify),8,,,
1722,1915,1038479.26,M_250116_918676,Salem,MA,Affordable Housing Units (Greater than 50% of the units qualify),8,,,
1723,1915,1049308.76,M_250083_918796,Salem,MA,Affordable Housing Units (Greater than 50% of the units qualify),7,,,
1724,1920,1560714.29,M_250066_918795,Salem,MA,Apartments with Four to Eight Units,6,,,
1725,1915,1866359.45,M_250051_918795,Salem,MA,Apartments with Four to Eight Units,6,,,
1726,1920,1316129.03,M_250036_918795,Salem,MA,Affordable Housing Units (Greater than 50% of the units qualify),7,,,
1727,1915,597350.23,M_250021_918795,Salem,MA,Three-Family Residential,3,,,
1728,1915,954838.71,M_250006_918795,Salem,MA,Apartments with Four to Eight Units,4,,,
1729,1920,819470.05,M_249993_918795,Salem,MA,Three-Family Residential,3,,,
1730,1915,732834.10,M_249975_918796,Salem,MA,Two-Family Residential,2,,,
1731,1915,896543.78,M_249954_918793,Salem,MA,Apartments with Four to Eight Units,4,,,
1732,1915,695046.08,M_249937_918791,Salem,MA,Two-Family Residential,2,,,
1733,1915,652073.73,M_249924_918789,Salem,MA,Two-Family Residential,2,,,
1734,1915,538709.68,M_249913_918788,Salem,MA,Two-Family Residential,2,,,
1735,1914,508179.72,M_249903_918786,Salem,MA,Affordable Housing Units (Greater than 50% of the units qualify),3,,,
1736,1915,1181682.03,M_249908_918766,Salem,MA,Apartments with Four to Eight Units,4,,,
1737,1915,842741.94,M_249951_918769,Salem,MA,Apartments with Four to Eight Units,4,,,
1738,1915,942165.90,M_249967_918770,Salem,MA,Apartments with Four to Eight Units,4,,,
1739,1915,820391.71,M_249982_918770,Salem,MA,Three-Family Residential,3,,,
1740,1915,1651152.07,M_249999_918769,Salem,MA,Apartments with Four to Eight Units,6,,,
1741,1915,740092.17,M_250016_918769,Salem,MA,Three-Family Residential,3,,,
1742,1920,1937211.98,M_250140_918769,Salem,MA,Apartments with Four to Eight Units,6,,,
1743,1915,1089516.13,M_250069_918835,Salem,MA,Affordable Housing Units (Greater than 50% of the units qualify),6,,,
1744,1915,778456.22,M_250047_918841,Salem,MA,Affordable Housing Units (Greater than 50% of the units qualify),6,,,
1745,1915,835483.87,M_250025_918842,Salem,MA,Affordable Housing Units (Greater than 50% of the units qualify),6,,,
1746,1915,564631.34,M_249973_918836,Salem,MA,Affordable Housing Units (Greater than 50% of the units qualify),4,,,
1747,1915,820276.50,M_249934_918831,Salem,MA,Three-Family Residential,3,,,
1748,1915,641359.45,M_249919_918829,Salem,MA,Affordable Housing Units (Greater than 50% of the units qualify),6,,,
1749,1915,604377.88,M_249906_918827,Salem,MA,Affordable Housing Units (Greater than 50% of the units qualify),5,,,
1750,1915,743087.56,M_249909_918815,Salem,MA,Three-Family Residential,3,,,
1751,1915,751267.28,M_249921_918817,Salem,MA,Three-Family Residential,3,,,
1752,1920,720506.91,M_249952_918820,Salem,MA,Affordable Housing Units (Greater than 50% of the units qualify),6,,,
1753,1920,714170.51,M_249972_918824,Salem,MA,Affordable Housing Units (Greater than 50% of the units qualify),6,,,
1754,1920,1210599.08,M_250023_918827,Salem,MA,Affordable Housing Units (Greater than 50% of the units qualify),6,,,
1755,1920,979608.29,M_250042_918828,Salem,MA,Affordable Housing Units (Greater than 50% of the units qualify),6,,,
1756,1915,844585.25,M_250065_918825,Salem,MA,Affordable Housing Units (Greater than 50% of the units qualify),6,,,
1757,1915,1288018.43,M_249807_918673,Salem,MA,Apartments with Four to Eight Units,4,,,
1758,1930,582949.31,M_250266_918445,Salem,MA,Two-Family Residential,2,,,
1759,1915,576612.90,M_250236_918445,Salem,MA,Two-Family Residential,2,,,
1760,1915,764055.30,M_250063_918401,Salem,MA,Three-Family Residential,3,,,
1761,1920,822695.85,M_250108_918345,Salem,MA,Three-Family Residential,3,,,
1762,1915,838248.85,M_250090_918347,Salem,MA,Three-Family Residential,3,,,
1763,1920,730760.37,M_250075_918360,Salem,MA,Two-Family Residential,2,,,
1764,1915,652764.98,M_250080_918335,Salem,MA,Two-Family Residential,2,,,
1765,1915,586866.36,M_250048_918342,Salem,MA,Two-Family Residential,2,,,
1766,1920,773963.13,M_250044_918361,Salem,MA,Three-Family Residential,3,,,
1767,1920,1569470.05,M_250030_918350,Salem,MA,Apartments with Four to Eight Units,4,,,
1768,1915,654493.09,M_249998_918357,Salem,MA,Two-Family Residential,2,,,
1769,1915,935599.08,M_249993_918339,Salem,MA,Three-Family Residential,3,,,
1770,1915,974423.96,M_249975_918345,Salem,MA,Three-Family Residential,3,,,
1771,1915,1739976.96,M_249958_918335,Salem,MA,Apartments with Four to Eight Units,6,,,
1772,1915,862327.19,M_249725_918655,Salem,MA,Three-Family Residential,3,,,
1773,1870,1136635.94,M_249549_919104,Salem,MA,Apartments with Four to Eight Units,4,,,
1774,1880,1336290.32,M_249905_919660,Salem,MA,Apartments with Four to Eight Units,4,,,
1775,1880,1044585.25,M_249917_919644,Salem,MA,Apartments with Four to Eight Units,4,,,
1776,1850,535368.66,M_249928_919652,Salem,MA,Two-Family Residential,2,,,
1777,1850,810829.49,M_249930_919678,Salem,MA,Two-Family Residential,2,,,
1778,1850,760714.29,M_249964_919692,Salem,MA,Two-Family Residential,2,,,
1779,1850,461290.32,M_249936_919708,Salem,MA,Two-Family Residential,2,,,
1780,1900,904493.09,M_249991_919726,Salem,MA,Three-Family Residential,3,,,
1781,1850,722695.85,M_250000_919745,Salem,MA,Two-Family Residential,2,,,
1782,1837,851497.70,M_250063_919757,Salem,MA,Two-Family Residential,2,,,
1783,1850,762672.81,M_250058_919745,Salem,MA,Two-Family Residential,2,,,
1784,1870,803456.22,M_250169_919704,Salem,MA,Two-Family Residential,2,,,
1785,1820,1341935.48,M_250153_919711,Salem,MA,Apartments with Four to Eight Units,5,,,
1786,1850,1580184.33,M_250145_919730,Salem,MA,Apartments with Four to Eight Units,8,,,
1787,1806,1077419.35,M_250172_919674,Salem,MA,Three-Family Residential,3,,,
1788,1885,1075691.24,M_250149_919658,Salem,MA,Apartments with Four to Eight Units,6,,,
1789,1880,843087.56,M_250131_919646,Salem,MA,Two-Family Residential,2,,,
1790,1812,872580.65,M_250140_919640,Salem,MA,Two-Family Residential,2,,,
1791,1811,3909792.63,M_250110_919577,Salem,MA,Three-Family Residential,3,,,
1792,1800,1620737.33,M_250090_919607,Salem,MA,Two-Family Residential,2,,,
1793,1781,888133.64,M_250059_919672,Salem,MA,Two-Family Residential,2,,,
1794,1880,801497.70,M_250036_919675,Salem,MA,Two-Family Residential,2,,,
1795,1880,991705.07,M_249985_919666,Salem,MA,Three-Family Residential,3,,,
1796,1805,989285.71,M_250032_919579,Salem,MA,Apartments with Four to Eight Units,4,,,
1797,1850,787327.19,M_250043_919607,Salem,MA,Two-Family Residential,2,,,
1798,1880,734447.00,M_250018_919652,Salem,MA,Two-Family Residential,2,,,
1799,1843,752880.18,M_250008_919669,Salem,MA,Two-Family Residential,2,,,
1800,1850,669930.88,M_249961_919623,Salem,MA,Two-Family Residential,2,,,
1801,1850,716013.82,M_249975_919600,Salem,MA,Two-Family Residential,2,,,
1802,1800,665092.17,M_249933_919606,Salem,MA,Two-Family Residential,2,,,
1803,1800,475000.00,M_249938_919591,Salem,MA,Two-Family Residential,2,,,
1804,1852,673156.68,M_249941_919578,Salem,MA,Two-Family Residential,2,,,
1805,1870,888248.85,M_249958_919510,Salem,MA,Three-Family Residential,3,,,
1806,1850,699193.55,M_249965_919483,Salem,MA,Two-Family Residential,2,,,
1807,1850,763824.88,M_249969_919468,Salem,MA,Two-Family Residential,2,,,
1808,1850,727880.18,M_249972_919454,Salem,MA,Two-Family Residential,2,,,
1809,1850,774654.38,M_249976_919440,Salem,MA,Two-Family Residential,2,,,
1810,1850,898963.13,M_249983_919410,Salem,MA,Three-Family Residential,3,,,
1811,1880,1215437.79,M_250004_919384,Salem,MA,Apartments with Four to Eight Units,5,,,
1812,1880,825806.45,M_250015_919390,Salem,MA,Three-Family Residential,3,,,
1813,1836,878801.84,M_250002_919419,Salem,MA,Two-Family Residential,2,,,
1814,1755,1075115.21,M_249995_919445,Salem,MA,Two-Family Residential,2,,,
1815,1800,693202.76,M_249991_919496,Salem,MA,Two-Family Residential,2,,,
1816,1850,759677.42,M_249986_919509,Salem,MA,Two-Family Residential,2,,,
1817,1790,754262.67,M_249977_919530,Salem,MA,Two-Family Residential,2,,,
1818,1800,807258.06,M_249973_919540,Salem,MA,Two-Family Residential,2,,,
1819,1800,765322.58,M_249965_919559,Salem,MA,Two-Family Residential,2,,,
1820,1800,766359.45,M_249955_919582,Salem,MA,Two-Family Residential,2,,,
1821,1800,570852.53,M_249947_919604,Salem,MA,Two-Family Residential,2,,,
1822,1850,2199193.55,M_249955_919363,Salem,MA,Apartments with Four to Eight Units,6,,,
1823,1894,810253.46,M_249969_919378,Salem,MA,Three-Family Residential,3,,,
1824,1850,823156.68,M_250075_919184,Salem,MA,Two-Family Residential,2,,,
1825,1880,675921.66,M_250050_919209,Salem,MA,Two-Family Residential,2,,,
1826,1820,443087.56,M_249911_919092,Salem,MA,Three-Family Residential,3,,,
1827,1830,779838.71,M_250152_919227,Salem,MA,Two-Family Residential,2,,,
1828,1850,854608.29,M_250123_919237,Salem,MA,Three-Family Residential,3,,,
1829,1850,718433.18,M_250130_919221,Salem,MA,Two-Family Residential,2,,,
1830,1850,706566.82,M_250236_919131,Salem,MA,Two-Family Residential,2,,,
1831,1850,798617.51,M_250224_919161,Salem,MA,Two-Family Residential,2,,,
1832,1850,704262.67,M_250318_919259,Salem,MA,Two-Family Residential,2,,,
1833,1850,734792.63,M_250198_919226,Salem,MA,Two-Family Residential,2,,,
1834,1854,948617.51,M_250186_919252,Salem,MA,Two-Family Residential,2,,,
1835,1850,859101.38,M_250174_919241,Salem,MA,Two-Family Residential,2,,,
1836,1850,750576.04,M_250183_919222,Salem,MA,Three-Family Residential,5,,,
1837,1895,773041.47,M_250260_919170,Salem,MA,Two-Family Residential,2,,,
1838,1890,720852.53,M_250212_919156,Salem,MA,Three-Family Residential,3,,,
1839,1870,656797.24,M_250224_919126,Salem,MA,Two-Family Residential,2,,,
1840,1850,1375806.45,M_250273_919142,Salem,MA,Apartments with Four to Eight Units,4,,,
1841,1890,701728.11,M_250264_919158,Salem,MA,Two-Family Residential,2,,,
1842,1890,729723.50,M_250228_919246,Salem,MA,Three-Family Residential,3,,,
1843,1850,848617.51,M_250200_919273,Salem,MA,Two-Family Residential,2,,,
1844,1864,854032.26,M_250207_919257,Salem,MA,Three-Family Residential,3,,,
1845,1900,874884.79,M_250253_919167,Salem,MA,Three-Family Residential,3,,,
1846,1890,689055.30,M_250250_919153,Salem,MA,Two-Family Residential,2,,,
1847,1800,1861635.94,M_250289_919162,Salem,MA,Three-Family Residential,3,,,
1848,1850,809101.38,M_250271_919232,Salem,MA,Two-Family Residential,2,,,
1849,1890,934447.00,M_250268_919201,Salem,MA,Three-Family Residential,3,,,
1850,1890,979032.26,M_250276_919188,Salem,MA,Three-Family Residential,3,,,
1851,1850,788248.85,M_250296_919244,Salem,MA,Three-Family Residential,3,,,
1852,1850,867396.31,M_250301_919232,Salem,MA,Two-Family Residential,2,,,
1853,1700,715322.58,M_250415_919248,Salem,MA,Two-Family Residential,2,,,
1854,1850,628456.22,M_250441_919237,Salem,MA,Two-Family Residential,2,,,
1855,1803,658410.14,M_250400_919307,Salem,MA,Two-Family Residential,2,,,
1856,1850,1037557.60,M_250332_919278,Salem,MA,Two-Family Residential,2,,,
1857,1850,935599.08,M_250328_919247,Salem,MA,Three-Family Residential,3,,,
1858,1850,1289055.30,M_250334_919233,Salem,MA,Apartments with Four to Eight Units,4,,,
1859,1900,777995.39,M_250465_919301,Salem,MA,Three-Family Residential,3,,,
1860,1880,773502.30,M_250463_919320,Salem,MA,Two-Family Residential,2,,,
1861,1870,1221658.99,M_250438_919364,Salem,MA,Apartments with Four to Eight Units,4,,,
1862,1800,729723.50,M_250429_919327,Salem,MA,Two-Family Residential,2,,,
1863,1870,932258.06,M_250460_919268,Salem,MA,Three-Family Residential,3,,,
1864,1890,898041.47,M_250455_919134,Salem,MA,Three-Family Residential,3,,,
1865,1910,783755.76,M_250443_919161,Salem,MA,Two-Family Residential,2,,,
1866,1850,749539.17,M_250332_919333,Salem,MA,Three-Family Residential,3,,,
1867,1890,718548.39,M_250377_919357,Salem,MA,Three-Family Residential,3,,,
1868,1890,1559101.38,M_250383_919372,Salem,MA,Apartments with Four to Eight Units,6,,,
1869,1878,897580.65,M_250476_919460,Salem,MA,Two-Family Residential,2,,,
1870,1890,743548.39,M_250483_919503,Salem,MA,Two-Family Residential,2,,,
1871,1850,1079838.71,M_250420_919452,Salem,MA,Two-Family Residential,2,,,
1872,1850,843894.01,M_250401_919430,Salem,MA,Two-Family Residential,2,,,
1873,1871,1716820.28,M_250364_919396,Salem,MA,Three-Family Residential,3,,,
1874,1880,779493.09,M_250351_919361,Salem,MA,Two-Family Residential,2,,,
1875,1880,686405.53,M_250429_919520,Salem,MA,Two-Family Residential,2,,,
1876,1885,752649.77,M_250438_919529,Salem,MA,Two-Family Residential,2,,,
1877,1885,849423.96,M_250447_919537,Salem,MA,Two-Family Residential,2,,,
1878,1882,836520.74,M_250465_919555,Salem,MA,Two-Family Residential,2,,,
1879,1882,894354.84,M_250482_919580,Salem,MA,Two-Family Residential,2,,,
1880,1880,688018.43,M_250475_919636,Salem,MA,Two-Family Residential,2,,,
1881,1880,1248617.51,M_250454_919610,Salem,MA,Apartments with Four to Eight Units,4,,,
1882,1880,1021428.57,M_250445_919594,Salem,MA,Two-Family Residential,2,,,
1883,1880,736290.32,M_250426_919572,Salem,MA,Two-Family Residential,2,,,
1884,1880,919930.88,M_250417_919563,Salem,MA,Two-Family Residential,2,,,
1885,1870,731682.03,M_250410_919555,Salem,MA,Two-Family Residential,2,,,
1886,1870,788364.06,M_250440_919579,Salem,MA,Two-Family Residential,2,,,
1887,1890,855299.54,M_250487_919626,Salem,MA,Two-Family Residential,2,,,
1888,1885,803917.05,M_250375_919512,Salem,MA,Two-Family Residential,2,,,
1889,1880,943894.01,M_250366_919502,Salem,MA,Three-Family Residential,3,,,
1890,1880,917626.73,M_250346_919478,Salem,MA,Two-Family Residential,2,,,
1891,1815,2039516.13,M_250324_919461,Salem,MA,Apartments with Four to Eight Units,5,,,
1892,1886,1395852.53,M_250351_919446,Salem,MA,Three-Family Residential,3,,,
1893,1820,1885944.70,M_250373_919465,Salem,MA,Apartments with Four to Eight Units,4,,,
1894,1885,1553456.22,M_250390_919483,Salem,MA,Apartments with Four to Eight Units,4,,,
1895,1880,1059792.63,M_250422_919618,Salem,MA,Two-Family Residential,2,,,
1896,1885,910714.29,M_250434_919631,Salem,MA,Two-Family Residential,2,,,
1897,1885,793087.56,M_250453_919653,Salem,MA,Two-Family Residential,2,,,
1898,1885,742281.11,M_250447_919674,Salem,MA,Two-Family Residential,2,,,
1899,1880,794930.88,M_250470_919672,Salem,MA,Two-Family Residential,2,,,
1900,1885,825230.41,M_250459_919686,Salem,MA,Two-Family Residential,2,,,
1901,1885,692396.31,M_250495_919699,Salem,MA,Two-Family Residential,2,,,
1902,1870,700921.66,M_250389_919652,Salem,MA,Three-Family Residential,3,,,
1903,1870,1045622.12,M_250378_919639,Salem,MA,Two-Family Residential,2,,,
1904,1870,797580.65,M_250367_919627,Salem,MA,Two-Family Residential,2,,,
1905,1870,772580.65,M_250356_919614,Salem,MA,Two-Family Residential,2,,,
1906,1885,718548.39,M_250345_919601,Salem,MA,Two-Family Residential,2,,,
1907,1885,865553.00,M_250335_919590,Salem,MA,Two-Family Residential,2,,,
1908,1870,887788.02,M_250305_919556,Salem,MA,Three-Family Residential,3,,,
1909,1885,789861.75,M_250361_919548,Salem,MA,Two-Family Residential,2,,,
1910,1880,804838.71,M_250382_919734,Salem,MA,Two-Family Residential,2,,,
1911,1806,903456.22,M_250356_919704,Salem,MA,Two-Family Residential,2,,,
1912,1850,774193.55,M_250331_919636,Salem,MA,Two-Family Residential,2,,,
1913,1885,1017050.69,M_250344_919651,Salem,MA,Apartments with Four to Eight Units,4,,,
1914,1871,889746.54,M_250354_919663,Salem,MA,Two-Family Residential,2,,,
1915,1870,589861.75,M_250340_919787,Salem,MA,Two-Family Residential,2,,,
1916,1817,799308.76,M_250304_919763,Salem,MA,Two-Family Residential,2,,,
1917,1870,673041.47,M_250273_919756,Salem,MA,Two-Family Residential,2,,,
1918,1885,734331.80,M_250285_919748,Salem,MA,Two-Family Residential,2,,,
1919,1805,1247235.02,M_250313_919720,Salem,MA,Three-Family Residential,3,,,
1920,1780,962903.23,M_250327_919736,Salem,MA,Three-Family Residential,3,,,
1921,1860,1279262.67,M_250337_919748,Salem,MA,Apartments with Four to Eight Units,5,,,
1922,1834,1018433.18,M_250262_919732,Salem,MA,Two-Family Residential,3,,,
1923,1850,925576.04,M_250235_919707,Salem,MA,Three-Family Residential,3,,,
1924,1820,1344354.84,M_250212_919700,Salem,MA,Apartments with Four to Eight Units,4,,,
1925,1870,1490898.62,M_250233_919660,Salem,MA,Two-Family Residential,2,,,
1926,1800,775000.00,M_250292_919696,Salem,MA,Two-Family Residential,2,,,
1927,1805,887442.40,M_250304_919703,Salem,MA,Two-Family Residential,2,,,
1928,1880,738594.47,M_250307_919814,Salem,MA,Two-Family Residential,2,,,
1929,1870,846313.36,M_250216_919748,Salem,MA,Three-Family Residential,3,,,
1930,1870,1455760.37,M_250235_919762,Salem,MA,Apartments with Four to Eight Units,6,,,
1931,2016,807488.48,M_250406_919781,Salem,MA,Two-Family Residential,2,,,
1932,1890,835253.46,M_250420_919774,Salem,MA,Two-Family Residential,2,,,
1933,1890,844815.67,M_250451_919758,Salem,MA,Two-Family Residential,2,,,
1934,1890,1464976.96,M_250485_919740,Salem,MA,Apartments with Four to Eight Units,4,,,
1935,1850,762442.40,M_250430_919434,Salem,MA,Two-Family Residential,2,,,
1936,1900,965322.58,M_249984_919720,Salem,MA,Three-Family Residential,3,,,
1937,1880,1185714.29,M_250059_919161,Salem,MA,Three-Family Residential,3,,,
1938,1890,2328686.64,M_249882_919867,Salem,MA,Apartments with Four to Eight Units,8,,,
1939,1800,609331.80,M_249883_919942,Salem,MA,Three-Family Residential,3,,,
1940,1850,675576.04,M_249895_919959,Salem,MA,Two-Family Residential,2,,,
1941,1800,620276.50,M_249901_919928,Salem,MA,Two-Family Residential,2,,,
1942,1890,1597465.44,M_249906_919901,Salem,MA,Apartments with Four to Eight Units,4,,,
1943,1800,680875.58,M_249931_919878,Salem,MA,Two-Family Residential,2,,,
1944,1800,928917.05,M_249951_919853,Salem,MA,Three-Family Residential,3,,,
1945,1800,799884.79,M_249962_919844,Salem,MA,Two-Family Residential,2,,,
1946,1839,800115.21,M_249971_919835,Salem,MA,Two-Family Residential,2,,,
1947,1839,744585.25,M_249984_919824,Salem,MA,Two-Family Residential,2,,,
1948,1890,833525.35,M_250003_919807,Salem,MA,Two-Family Residential,2,,,
1949,1850,840668.20,M_249997_919855,Salem,MA,Two-Family Residential,2,,,
1950,1850,883064.52,M_249983_919866,Salem,MA,Two-Family Residential,2,,,
1951,1900,1017972.35,M_249965_919889,Salem,MA,Three-Family Residential,3,,,
1952,1870,754608.29,M_249958_919899,Salem,MA,Three-Family Residential,3,,,
1953,1870,555875.58,M_249948_919897,Salem,MA,Two-Family Residential,2,,,
1954,1810,696543.78,M_249930_919919,Salem,MA,Two-Family Residential,2,,,
1955,1800,760253.46,M_249938_919956,Salem,MA,Two-Family Residential,2,,,
1956,1890,625576.04,M_249940_919971,Salem,MA,Two-Family Residential,2,,,
1957,1880,879032.26,M_249970_919958,Salem,MA,Two-Family Residential,2,,,
1958,1870,639976.96,M_249974_919942,Salem,MA,Two-Family Residential,2,,,
1959,1880,845276.50,M_249974_919928,Salem,MA,Two-Family Residential,2,,,
1960,1880,529032.26,M_249990_919911,Salem,MA,Two-Family Residential,2,,,
1961,1880,869700.46,M_249997_919927,Salem,MA,Two-Family Residential,2,,,
1962,1890,795506.91,M_250044_919916,Salem,MA,Two-Family Residential,2,,,
1963,1915,718894.01,M_250028_919876,Salem,MA,Two-Family Residential,2,,,
1964,1850,931912.44,M_250051_919857,Salem,MA,Two-Family Residential,2,,,
1965,1800,699078.34,M_250067_919918,Salem,MA,Three-Family Residential,3,,,
1966,1850,575345.62,M_250070_919932,Salem,MA,Two-Family Residential,2,,,
1967,1800,806336.41,M_249988_919998,Salem,MA,Two-Family Residential,2,,,
1968,1800,687096.77,M_249988_920039,Salem,MA,Two-Family Residential,2,,,
1969,1915,734677.42,M_249999_920029,Salem,MA,Two-Family Residential,2,,,
1970,1850,869239.63,M_250012_920024,Salem,MA,Apartments with Four to Eight Units,4,,,
1971,1800,1050921.66,M_250025_920027,Salem,MA,Apartments with Four to Eight Units,4,,,
1972,1850,972926.27,M_250039_920061,Salem,MA,Apartments with Four to Eight Units,4,,,
1973,1800,965898.62,M_250055_920080,Salem,MA,Three-Family Residential,3,,,
1974,1880,947465.44,M_250038_920086,Salem,MA,Two-Family Residential,2,,,
1975,1860,617511.52,M_250003_920140,Salem,MA,Three-Family Residential,3,,,
1976,1860,589285.71,M_250013_920130,Salem,MA,Two-Family Residential,2,,,
1977,1849,933986.18,M_250031_920130,Salem,MA,Three-Family Residential,3,,,
1978,1880,598502.30,M_250046_920124,Salem,MA,Two-Family Residential,2,,,
1979,1915,838940.09,M_250059_920116,Salem,MA,Two-Family Residential,2,,,
1980,1910,854147.47,M_250071_920112,Salem,MA,Two-Family Residential,2,,,
1981,1900,736520.74,M_250071_920133,Salem,MA,Two-Family Residential,2,,,
1982,1900,857142.86,M_250082_920147,Salem,MA,Two-Family Residential,2,,,
1983,1900,808755.76,M_250071_920152,Salem,MA,Two-Family Residential,2,,,
1984,1850,671543.78,M_250042_920160,Salem,MA,Two-Family Residential,2,,,
1985,1870,882373.27,M_250015_920170,Salem,MA,Three-Family Residential,3,,,
1986,1800,1600806.45,M_250069_920005,Salem,MA,Apartments with Four to Eight Units,6,,,
1987,1890,931912.44,M_250074_920027,Salem,MA,Two-Family Residential,2,,,
1988,1915,576267.28,M_250106_920137,Salem,MA,Two-Family Residential,2,,,
1989,1860,797695.85,M_250084_920185,Salem,MA,Two-Family Residential,2,,,
1990,1870,593778.80,M_250128_920166,Salem,MA,Two-Family Residential,2,,,
1991,1870,795391.71,M_250145_920151,Salem,MA,Two-Family Residential,2,,,
1992,1850,732373.27,M_250151_920192,Salem,MA,Two-Family Residential,2,,,
1993,1870,1223617.51,M_250165_920204,Salem,MA,Apartments with Four to Eight Units,5,,,
1994,1870,820737.33,M_250125_920215,Salem,MA,Two-Family Residential,2,,,
1995,1870,629608.29,M_250106_920215,Salem,MA,Two-Family Residential,2,,,
1996,1840,810253.46,M_250090_920222,Salem,MA,Two-Family Residential,2,,,
1997,1880,638248.85,M_250056_920250,Salem,MA,Two-Family Residential,2,,,
1998,1890,738940.09,M_250125_920256,Salem,MA,Two-Family Residential,2,,,
1999,1890,585253.46,M_250132_920275,Salem,MA,Two-Family Residential,2,,,
2000,1890,759562.21,M_250160_920242,Salem,MA,Three-Family Residential,3,,,
2001,1870,802534.56,M_250177_920235,Salem,MA,Two-Family Residential,2,,,
2002,1870,642511.52,M_250192_920299,Salem,MA,Two-Family Residential,2,,,
2003,1917,748847.93,M_250198_920315,Salem,MA,Apartments with Four to Eight Units,5,,,
2004,1870,717165.90,M_250173_920316,Salem,MA,Three-Family Residential,3,,,
2005,1870,943894.01,M_250159_920322,Salem,MA,Two-Family Residential,2,,,
2006,1885,753801.84,M_250144_920323,Salem,MA,Two-Family Residential,2,,,
2007,1870,779032.26,M_250120_920337,Salem,MA,Three-Family Residential,3,,,
2008,1890,651036.87,M_250139_920371,Salem,MA,Two-Family Residential,2,,,
2009,1870,993663.59,M_250207_920342,Salem,MA,Apartments with Four to Eight Units,7,,,
2010,1900,605529.95,M_250161_920284,Salem,MA,Two-Family Residential,2,,,
2011,1890,735138.25,M_250191_920413,Salem,MA,Three-Family Residential,3,,,
2012,1890,567396.31,M_250169_920400,Salem,MA,Two-Family Residential,2,,,
2013,1890,837442.40,M_250181_920417,Salem,MA,Two-Family Residential,2,,,
2014,1920,679377.88,M_250007_919797,Salem,MA,Three-Family Residential,3,,,
2015,1870,701728.11,M_250165_920470,Salem,MA,Two-Family Residential,2,,,
2016,1915,1065437.79,M_250197_920451,Salem,MA,Three-Family Residential,3,,,
2017,1880,723041.47,M_250250_920450,Salem,MA,Two-Family Residential,2,,,
2018,1890,733064.52,M_250166_920519,Salem,MA,Two-Family Residential,2,,,
2019,1870,609331.80,M_250210_920498,Salem,MA,Two-Family Residential,2,,,
2020,1870,538940.09,M_250089_920551,Salem,MA,Two-Family Residential,2,,,
2021,1885,818317.97,M_250033_920535,Salem,MA,Two-Family Residential,2,,,
2022,1895,749423.96,M_250002_920529,Salem,MA,Two-Family Residential,2,,,
2023,1870,618317.97,M_250034_920478,Salem,MA,Two-Family Residential,2,,,
2024,1915,820737.33,M_250316_920374,Salem,MA,Two-Family Residential,2,,,
2025,1890,706105.99,M_250336_920359,Salem,MA,Three-Family Residential,3,,,
2026,1895,1164746.54,M_250358_920355,Salem,MA,Apartments with Four to Eight Units,4,,,
2027,1903,805645.16,M_250371_920337,Salem,MA,Two-Family Residential,2,,,
2028,1890,829608.29,M_250383_920329,Salem,MA,Two-Family Residential,2,,,
2029,1890,797811.06,M_250392_920343,Salem,MA,Two-Family Residential,2,,,
2030,1890,625230.41,M_250404_920314,Salem,MA,Two-Family Residential,2,,,
2031,1885,723617.51,M_250417_920308,Salem,MA,Two-Family Residential,2,,,
2032,1905,698041.47,M_250444_920346,Salem,MA,Two-Family Residential,2,,,
2033,1905,644815.67,M_250423_920330,Salem,MA,Two-Family Residential,2,,,
2034,1905,763018.43,M_250416_920322,Salem,MA,Two-Family Residential,2,,,
2035,1865,635138.25,M_250335_920317,Salem,MA,Two-Family Residential,2,,,
2036,1890,764055.30,M_250317_920310,Salem,MA,Two-Family Residential,2,,,
2037,1880,657949.31,M_250294_920349,Salem,MA,Two-Family Residential,2,,,
2038,1890,616705.07,M_250284_920338,Salem,MA,Two-Family Residential,2,,,
2039,1900,584216.59,M_250256_920308,Salem,MA,Two-Family Residential,2,,,
2040,1890,1237327.19,M_250239_920288,Salem,MA,Apartments with Four to Eight Units,4,,,
2041,1885,761520.74,M_250407_920272,Salem,MA,Two-Family Residential,2,,,
2042,1870,626728.11,M_250391_920282,Salem,MA,Two-Family Residential,2,,,
2043,1964,729377.88,M_250401_920245,Salem,MA,Two-Family Residential,2,,,
2044,1870,998156.68,M_250272_920180,Salem,MA,Two-Family Residential,2,,,
2045,1850,503686.64,M_250263_920183,Salem,MA,Two-Family Residential,2,,,
2046,1850,717741.94,M_250244_920190,Salem,MA,Apartments with Four to Eight Units,4,,,
2047,1870,638018.43,M_250263_920155,Salem,MA,Two-Family Residential,2,,,
2048,1885,718433.18,M_250267_920105,Salem,MA,Two-Family Residential,2,,,
2049,1850,1207834.10,M_250186_920144,Salem,MA,Apartments with Four to Eight Units,4,,,
2050,1870,789631.34,M_250180_920110,Salem,MA,Three-Family Residential,3,,,
2051,1805,844470.05,M_250202_920101,Salem,MA,Two-Family Residential,2,,,
2052,1885,661866.36,M_250217_920095,Salem,MA,Two-Family Residential,2,,,
2053,1821,791244.24,M_250242_920082,Salem,MA,Two-Family Residential,2,,,
2054,1850,775806.45,M_250151_920024,Salem,MA,Two-Family Residential,2,,,
2055,1900,718202.76,M_250170_919987,Salem,MA,Two-Family Residential,2,,,
2056,1890,665898.62,M_250173_920001,Salem,MA,Two-Family Residential,2,,,
2057,1880,665437.79,M_250184_920021,Salem,MA,Two-Family Residential,2,,,
2058,1850,736059.91,M_250199_919965,Salem,MA,Three-Family Residential,3,,,
2059,1880,981336.41,M_250215_919961,Salem,MA,Three-Family Residential,3,,,
2060,1890,932142.86,M_250239_919941,Salem,MA,Two-Family Residential,2,,,
2061,1870,650806.45,M_250255_919965,Salem,MA,Three-Family Residential,3,,,
2062,1856,668202.76,M_250254_919983,Salem,MA,Two-Family Residential,2,,,
2063,1890,630069.12,M_250263_920020,Salem,MA,Two-Family Residential,2,,,
2064,1920,720161.29,M_250243_920038,Salem,MA,Two-Family Residential,2,,,
2065,1880,775691.24,M_250231_920043,Salem,MA,Two-Family Residential,2,,,
2066,1870,569470.05,M_250253_919894,Salem,MA,Two-Family Residential,2,,,
2067,1900,799308.76,M_250237_919899,Salem,MA,Two-Family Residential,2,,,
2068,1890,773847.93,M_250226_919905,Salem,MA,Two-Family Residential,2,,,
2069,1871,815668.20,M_250209_919918,Salem,MA,Two-Family Residential,2,,,
2070,1850,738364.06,M_250200_919928,Salem,MA,Two-Family Residential,2,,,
2071,1870,691935.48,M_250181_919925,Salem,MA,Two-Family Residential,2,,,
2072,1800,723963.13,M_250168_919931,Salem,MA,Two-Family Residential,2,,,
2073,1880,888248.85,M_250144_919949,Salem,MA,Three-Family Residential,3,,,
2074,1880,827304.15,M_250135_919933,Salem,MA,Three-Family Residential,3,,,
2075,1920,976382.49,M_250194_919852,Salem,MA,Three-Family Residential,3,,,
2076,1850,400460.83,M_250136_919857,Salem,MA,Two-Family Residential,2,,,
2077,1885,799884.79,M_250145_919846,Salem,MA,Two-Family Residential,2,,,
2078,1869,738824.88,M_250151_919831,Salem,MA,Two-Family Residential,2,,,
2079,1860,812442.40,M_250126_919784,Salem,MA,Two-Family Residential,2,,,
2080,1870,702419.35,M_250118_919795,Salem,MA,Two-Family Residential,2,,,
2081,1870,967972.35,M_250115_919810,Salem,MA,Two-Family Residential,2,,,
2082,1809,1285483.87,M_250107_919822,Salem,MA,Two-Family Residential,2,,,
2083,1870,817281.11,M_250104_919838,Salem,MA,Two-Family Residential,2,,,
2084,1850,743433.18,M_250084_919832,Salem,MA,Two-Family Residential,2,,,
2085,1850,994930.88,M_250079_919819,Salem,MA,Apartments with Four to Eight Units,4,,,
2086,1850,1179262.67,M_250078_919782,Salem,MA,Two-Family Residential,2,,,
2087,1850,764400.92,M_249920_919785,Salem,MA,Two-Family Residential,2,,,
2088,1850,933640.55,M_249933_919814,Salem,MA,Three-Family Residential,3,,,
2089,1860,873502.30,M_249916_919841,Salem,MA,Two-Family Residential,2,,,
2090,1800,494354.84,M_249884_919809,Salem,MA,Two-Family Residential,2,,,
2091,1820,1186520.74,M_250182_919758,Salem,MA,Three-Family Residential,3,,,
2092,1870,573387.10,M_250269_919825,Salem,MA,Two-Family Residential,2,,,
2093,1900,2392857.14,M_250208_919805,Salem,MA,Apartments with Four to Eight Units,6,,,
2094,1860,1905875.58,M_250179_919776,Salem,MA,Apartments with Four to Eight Units,5,,,
2095,1800,807027.65,M_250351_919811,Salem,MA,Two-Family Residential,2,,,
2096,1915,658525.35,M_250408_920375,Salem,MA,Two-Family Residential,2,,,
2097,1880,663940.09,M_250146_920337,Salem,MA,Three-Family Residential,3,,,
2098,1870,577304.15,M_250090_920591,Salem,MA,Two-Family Residential,2,,,
2099,1885,688594.47,M_250208_920651,Salem,MA,Two-Family Residential,2,,,
2100,1870,665898.62,M_250257_920676,Salem,MA,Two-Family Residential,2,,,
2101,1880,1348156.68,M_250311_920661,Salem,MA,Apartments with Four to Eight Units,4,,,
2102,1880,494239.63,M_250315_920676,Salem,MA,Two-Family Residential,2,,,
2103,1880,789170.51,M_250335_920722,Salem,MA,Two-Family Residential,2,,,
2104,1885,1018433.18,M_250278_920754,Salem,MA,Two-Family Residential,2,,,
2105,1885,622811.06,M_250286_920773,Salem,MA,Two-Family Residential,2,,,
2106,1880,878456.22,M_250338_920745,Salem,MA,Three-Family Residential,3,,,
2107,1850,1106912.44,M_250457_919378,Salem,MA,Two-Family Residential,2,,,
2108,1850,762442.40,M_250538_919369,Salem,MA,Three-Family Residential,3,,,
2109,1850,682027.65,M_250512_919405,Salem,MA,Two-Family Residential,2,,,
2110,1855,754262.67,M_250491_919415,Salem,MA,Two-Family Residential,2,,,
2111,1850,612096.77,M_250491_919397,Salem,MA,Two-Family Residential,2,,,
2112,1850,596889.40,M_250524_919344,Salem,MA,Two-Family Residential,2,,,
2113,1850,611520.74,M_250533_919334,Salem,MA,Two-Family Residential,2,,,
2114,1850,892857.14,M_250547_919302,Salem,MA,Two-Family Residential,2,,,
2115,1813,697926.27,M_250628_919341,Salem,MA,Two-Family Residential,2,,,
2116,1850,642396.31,M_250589_919389,Salem,MA,Two-Family Residential,2,,,
2117,1800,672695.85,M_250571_919408,Salem,MA,Two-Family Residential,2,,,
2118,1850,827880.18,M_250561_919419,Salem,MA,Two-Family Residential,2,,,
2119,1804,813709.68,M_250550_919429,Salem,MA,Two-Family Residential,2,,,
2120,1811,689976.96,M_250543_919437,Salem,MA,Two-Family Residential,2,,,
2121,1850,810599.08,M_250528_919428,Salem,MA,Two-Family Residential,2,,,
2122,1880,638479.26,M_250535_919418,Salem,MA,Two-Family Residential,2,,,
2123,1850,564746.54,M_250554_919397,Salem,MA,Two-Family Residential,2,,,
2124,1841,845622.12,M_250561_919388,Salem,MA,Two-Family Residential,2,,,
2125,1779,829723.50,M_250579_919365,Salem,MA,Two-Family Residential,2,,,
2126,1850,631105.99,M_250643_919411,Salem,MA,Two-Family Residential,2,,,
2127,1850,640898.62,M_250635_919423,Salem,MA,Two-Family Residential,2,,,
2128,1800,1172350.23,M_250602_919447,Salem,MA,Apartments with Four to Eight Units,4,,,
2129,1800,778917.05,M_250591_919457,Salem,MA,Two-Family Residential,2,,,
2130,1718,701152.07,M_250570_919473,Salem,MA,Two-Family Residential,2,,,
2131,1800,688594.47,M_250542_919481,Salem,MA,Two-Family Residential,2,,,
2132,1800,687672.81,M_250558_919458,Salem,MA,Two-Family Residential,2,,,
2133,1800,1066474.65,M_250567_919451,Salem,MA,Three-Family Residential,3,,,
2134,1800,775921.66,M_250574_919444,Salem,MA,Two-Family Residential,2,,,
2135,1800,734562.21,M_250581_919438,Salem,MA,Two-Family Residential,2,,,
2136,1850,545391.71,M_250638_919381,Salem,MA,Three-Family Residential,3,,,
2137,1915,839400.92,M_250731_919424,Salem,MA,Three-Family Residential,3,,,
2138,1800,867741.94,M_250751_919454,Salem,MA,Three-Family Residential,3,,,
2139,1850,714631.34,M_250733_919457,Salem,MA,Two-Family Residential,2,,,
2140,1850,829493.09,M_250701_919476,Salem,MA,Two-Family Residential,2,,,
2141,1880,796889.40,M_250692_919482,Salem,MA,Two-Family Residential,2,,,
2142,1812,700921.66,M_250682_919492,Salem,MA,Two-Family Residential,2,,,
2143,1850,668548.39,M_250650_919514,Salem,MA,Two-Family Residential,2,,,
2144,1858,730414.75,M_250633_919521,Salem,MA,Two-Family Residential,2,,,
2145,1850,661751.15,M_250612_919535,Salem,MA,Two-Family Residential,2,,,
2146,1915,773617.51,M_250572_919559,Salem,MA,Two-Family Residential,2,,,
2147,1759,1098617.51,M_250567_919539,Salem,MA,Apartments with Four to Eight Units,4,,,
2148,1850,1257373.27,M_250560_919518,Salem,MA,Apartments with Four to Eight Units,6,,,
2149,1915,720737.33,M_250581_919504,Salem,MA,Two-Family Residential,2,,,
2150,1820,715553.00,M_250602_919501,Salem,MA,Two-Family Residential,2,,,
2151,1850,701036.87,M_250634_919475,Salem,MA,Three-Family Residential,3,,,
2152,1850,706682.03,M_250640_919467,Salem,MA,Three-Family Residential,3,,,
2153,1850,857373.27,M_250661_919456,Salem,MA,Three-Family Residential,3,,,
2154,1806,892165.90,M_250681_919442,Salem,MA,Two-Family Residential,2,,,
2155,1820,687788.02,M_250682_919423,Salem,MA,Two-Family Residential,2,,,
2156,1850,669815.67,M_250698_919422,Salem,MA,Two-Family Residential,2,,,
2157,1800,628341.01,M_250696_919444,Salem,MA,Two-Family Residential,2,,,
2158,1802,1373963.13,M_250768_919491,Salem,MA,Apartments with Four to Eight Units,6,,,
2159,1800,734101.38,M_250777_919512,Salem,MA,Two-Family Residential,2,,,
2160,1800,548041.47,M_250808_919549,Salem,MA,Two-Family Residential,2,,,
2161,1800,553801.84,M_250813_919559,Salem,MA,Two-Family Residential,2,,,
2162,1850,632373.27,M_250804_919575,Salem,MA,Two-Family Residential,2,,,
2163,1900,568894.01,M_250798_919565,Salem,MA,Two-Family Residential,2,,,
2164,1900,618548.39,M_250786_919545,Salem,MA,Two-Family Residential,2,,,
2165,1850,608064.52,M_250778_919531,Salem,MA,Two-Family Residential,2,,,
2166,1820,677073.73,M_250763_919504,Salem,MA,Two-Family Residential,2,,,
2167,1900,796428.57,M_250762_919585,Salem,MA,Two-Family Residential,2,,,
2168,1850,814170.51,M_250706_919510,Salem,MA,Two-Family Residential,2,,,
2169,1806,653341.01,M_250727_919496,Salem,MA,Two-Family Residential,2,,,
2170,1860,615783.41,M_250738_919525,Salem,MA,Two-Family Residential,2,,,
2171,1860,923271.89,M_250755_919539,Salem,MA,Three-Family Residential,3,,,
2172,1850,646428.57,M_250757_919559,Salem,MA,Two-Family Residential,2,,,
2173,1890,718663.59,M_250778_919580,Salem,MA,Two-Family Residential,2,,,
2174,1910,699078.34,M_250634_919617,Salem,MA,Three-Family Residential,3,,,
2175,1910,905299.54,M_250626_919621,Salem,MA,Three-Family Residential,3,,,
2176,1900,995161.29,M_250611_919628,Salem,MA,Three-Family Residential,3,,,
2177,1900,855069.12,M_250607_919615,Salem,MA,Two-Family Residential,2,,,
2178,1890,762672.81,M_250601_919605,Salem,MA,Two-Family Residential,2,,,
2179,1890,734331.80,M_250596_919594,Salem,MA,Two-Family Residential,2,,,
2180,1890,693202.76,M_250620_919592,Salem,MA,Two-Family Residential,2,,,
2181,1900,734907.83,M_250611_919573,Salem,MA,Two-Family Residential,2,,,
2182,1900,903686.64,M_250619_919567,Salem,MA,Three-Family Residential,3,,,
2183,1900,1004723.50,M_250648_919561,Salem,MA,Three-Family Residential,3,,,
2184,1903,1292972.35,M_250658_919557,Salem,MA,Three-Family Residential,3,,,
2185,1900,737211.98,M_250666_919537,Salem,MA,Two-Family Residential,2,,,
2186,1890,767741.94,M_250673_919549,Salem,MA,Three-Family Residential,3,,,
2187,1890,762788.02,M_250680_919565,Salem,MA,Two-Family Residential,2,,,
2188,1890,608294.93,M_250661_919592,Salem,MA,Two-Family Residential,2,,,
2189,1890,1022465.44,M_250691_919589,Salem,MA,Three-Family Residential,3,,,
2190,1890,887096.77,M_250701_919595,Salem,MA,Three-Family Residential,3,,,
2191,1890,652880.18,M_250706_919606,Salem,MA,Two-Family Residential,2,,,
2192,1850,680184.33,M_250496_919478,Salem,MA,Two-Family Residential,2,,,
2193,1850,640092.17,M_250506_919486,Salem,MA,Two-Family Residential,2,,,
2194,1900,681451.61,M_250513_919494,Salem,MA,Two-Family Residential,2,,,
2195,1880,876612.90,M_250519_919678,Salem,MA,Two-Family Residential,2,,,
2196,1880,963133.64,M_250527_919556,Salem,MA,Two-Family Residential,2,,,
2197,1890,939055.30,M_250539_919551,Salem,MA,Apartments with Four to Eight Units,4,,,
2198,1900,499769.59,M_250533_919569,Salem,MA,Two-Family Residential,2,,,
2199,1800,595276.50,M_250540_919574,Salem,MA,Two-Family Residential,2,,,
2200,1798,719815.67,M_250540_919589,Salem,MA,Two-Family Residential,2,,,
2201,1860,639631.34,M_250554_919617,Salem,MA,Two-Family Residential,2,,,
2202,1870,590783.41,M_250549_919637,Salem,MA,Two-Family Residential,2,,,
2203,1900,439516.13,M_250536_919645,Salem,MA,Affordable Housing Units (Greater than 50% of the units qualify),3,,,
2204,1860,715437.79,M_250512_919563,Salem,MA,Three-Family Residential,3,,,
2205,1890,968202.76,M_250507_919728,Salem,MA,Three-Family Residential,3,,,
2206,1905,865553.00,M_250536_919713,Salem,MA,Three-Family Residential,3,,,
2207,1890,625576.04,M_250626_919664,Salem,MA,Two-Family Residential,2,,,
2208,1976,657949.31,M_250660_919661,Salem,MA,Two-Family Residential,2,,,
2209,1900,861405.53,M_250684_919656,Salem,MA,Three-Family Residential,3,,,
2210,1860,538709.68,M_250767_919616,Salem,MA,Two-Family Residential,2,,,
2211,1890,559677.42,M_250852_919648,Salem,MA,Two-Family Residential,2,,,
2212,1915,574539.17,M_250894_919679,Salem,MA,Two-Family Residential,2,,,
2213,1900,1291244.24,M_250912_919701,Salem,MA,Apartments with Four to Eight Units,4,,,
2214,1890,688364.06,M_250858_919677,Salem,MA,Two-Family Residential,2,,,
2215,1870,659907.83,M_250843_919677,Salem,MA,Two-Family Residential,2,,,
2216,1915,709792.63,M_250482_919337,Salem,MA,Two-Family Residential,2,,,
2217,1860,1094470.05,M_250728_919361,Salem,MA,Apartments with Four to Eight Units,6,,,
2218,1772,1060023.04,M_250664_919322,Salem,MA,Three-Family Residential,3,,,
2219,1800,705529.95,M_250649_919320,Salem,MA,Two-Family Residential,2,,,
2220,1770,578571.43,M_250625_919307,Salem,MA,Two-Family Residential,2,,,
2221,1900,900806.45,M_250635_919293,Salem,MA,Apartments with Four to Eight Units,4,,,
2222,1880,894930.88,M_250645_919286,Salem,MA,Two-Family Residential,2,,,
2223,1798,712442.40,M_250617_919255,Salem,MA,Two-Family Residential,2,,,
2224,1900,1028686.64,M_250569_919181,Salem,MA,Three-Family Residential,3,,,
2225,1813,1229147.47,M_250564_919199,Salem,MA,Three-Family Residential,3,,,
2226,1808,797695.85,M_250559_919232,Salem,MA,Two-Family Residential,2,,,
2227,1800,651728.11,M_250555_919246,Salem,MA,Two-Family Residential,2,,,
2228,1900,1033755.76,M_250517_919236,Salem,MA,Three-Family Residential,3,,,
2229,1900,952188.94,M_250505_919229,Salem,MA,Three-Family Residential,3,,,
2230,1807,1316244.24,M_250516_919172,Salem,MA,Three-Family Residential,3,,,
2231,1860,567165.90,M_250515_919156,Salem,MA,Two-Family Residential,2,,,
2232,1900,998617.51,M_250530_919134,Salem,MA,Three-Family Residential,3,,,
2233,1870,535023.04,M_250625_919413,Salem,MA,Two-Family Residential,2,,,
2234,1905,953456.22,M_251622_920305,Salem,MA,Three-Family Residential,3,,,
2235,1962,1470276.50,M_251781_920305,Salem,MA,Two-Family Residential,2,,,
2236,1920,1009447.00,M_251950_920549,Salem,MA,Three-Family Residential,3,,,
2237,1880,1846428.57,M_252178_920552,Salem,MA,Two-Family Residential,2,,,
2238,1880,1483986.18,M_252187_920523,Salem,MA,Two-Family Residential,2,,,
2239,1870,1364285.71,M_252133_920488,Salem,MA,Two-Family Residential,2,,,
2240,1870,1196313.36,M_252103_920462,Salem,MA,Two-Family Residential,2,,,
2241,1870,1102649.77,M_252067_920428,Salem,MA,Two-Family Residential,2,,,
2242,2015,1269815.67,M_252023_920421,Salem,MA,Two-Family Residential,2,,,
2243,1920,1439746.54,M_251843_920525,Salem,MA,Three-Family Residential,3,,,
2244,1950,754838.71,M_251745_920609,Salem,MA,Two-Family Residential,2,,,
2245,1910,692972.35,M_251742_920592,Salem,MA,Apartments with Four to Eight Units,4,,,
2246,1915,701497.70,M_251743_920573,Salem,MA,Two-Family Residential,2,,,
2247,1953,935829.49,M_251814_920559,Salem,MA,Two-Family Residential,2,,,
2248,1950,805990.78,M_251778_920574,Salem,MA,Two-Family Residential,2,,,
2249,1920,922350.23,M_251923_920698,Salem,MA,Two-Family Residential,2,,,
2250,1890,841129.03,M_251841_920605,Salem,MA,Apartments with Four to Eight Units,4,,,
2251,1885,928917.05,M_251882_920596,Salem,MA,Two-Family Residential,2,,,
2252,1890,756797.24,M_251924_920619,Salem,MA,Two-Family Residential,2,,,
2253,1895,643087.56,M_251963_920641,Salem,MA,Two-Family Residential,2,,,
2254,1885,1373502.30,M_252052_920682,Salem,MA,Two-Family Residential,2,,,
2255,1890,762442.40,M_251977_920595,Salem,MA,Two-Family Residential,2,,,
2256,1900,1716359.45,M_252063_920645,Salem,MA,Two-Family Residential,2,,,
