unit_id,property_id,unit_number,beds,adjusted_rent,baths,base_rent
1,1,1,1,2200.00,,2200.00
2,1,2,1,2200.00,,2200.00
3,2,1,3,2900.00,,2900.00
4,2,2,3,2900.00,,2900.00
5,3,1,3,2900.00,,2900.00
6,3,2,3,2900.00,,2900.00
7,4,1,3,2900.00,,2900.00
8,4,2,3,2900.00,,2900.00
9,5,1,3,2900.00,,2900.00
10,5,2,3,2900.00,,2900.00
11,6,1,2,2607.00,,2607.00
12,6,2,2,2607.00,,2607.00
13,7,1,3,2900.00,,2900.00
14,7,2,3,2900.00,,2900.00
15,8,1,1,2200.00,,2200.00
16,8,2,1,2200.00,,2200.00
17,9,1,2,2607.00,,2607.00
18,9,2,3,2900.00,,2900.00
19,10,1,3,2900.00,,2900.00
20,10,2,3,2900.00,,2900.00
21,11,1,2,2607.00,,2607.00
22,11,2,1,2200.00,,2200.00
23,12,1,3,2900.00,,2900.00
24,12,2,3,2900.00,,2900.00
25,13,1,3,2900.00,,2900.00
26,13,2,3,2900.00,,2900.00
27,14,1,2,2607.00,,2607.00
28,14,2,2,2607.00,,2607.00
29,15,1,3,2900.00,,2900.00
30,15,2,3,2900.00,,2900.00
31,16,1,3,2900.00,,2900.00
32,16,2,3,2900.00,,2900.00
33,17,1,3,2900.00,,2900.00
34,17,2,2,2607.00,,2607.00
35,17,3,3,2900.00,,2900.00
36,18,1,2,2607.00,,2607.00
37,18,2,1,2200.00,,2200.00
38,19,1,3,2900.00,,2900.00
39,19,2,3,2900.00,,2900.00
40,20,1,3,2900.00,,2900.00
41,20,2,2,2607.00,,2607.00
42,21,1,2,2607.00,,2607.00
43,21,2,2,2607.00,,2607.00
44,22,1,2,2607.00,,2607.00
45,22,2,3,2900.00,,2900.00
46,23,1,1,2200.00,,2200.00
47,23,2,1,2200.00,,2200.00
48,23,3,1,2200.00,,2200.00
49,24,1,2,2607.00,,2607.00
50,24,2,2,2607.00,,2607.00
51,25,1,1,2200.00,,2200.00
52,25,2,1,2200.00,,2200.00
53,26,1,1,2200.00,,2200.00
54,26,2,1,2200.00,,2200.00
55,27,1,1,2200.00,,2200.00
56,27,2,1,2200.00,,2200.00
57,28,1,2,2607.00,,2607.00
58,28,2,1,2200.00,,2200.00
59,29,1,2,2607.00,,2607.00
60,29,2,2,2607.00,,2607.00
61,30,1,2,2607.00,,2607.00
62,30,2,2,2607.00,,2607.00
63,30,3,2,2607.00,,2607.00
64,30,4,2,2607.00,,2607.00
65,31,1,2,2607.00,,2607.00
66,31,2,1,2200.00,,2200.00
67,31,3,1,2200.00,,2200.00
68,32,1,2,2607.00,,2607.00
69,32,2,2,2607.00,,2607.00
70,33,1,2,2607.00,,2607.00
71,33,2,2,2607.00,,2607.00
72,33,3,2,2607.00,,2607.00
73,34,1,2,2607.00,,2607.00
74,34,2,2,2607.00,,2607.00
75,35,1,1,2200.00,,2200.00
76,35,2,1,2200.00,,2200.00
77,36,1,1,2200.00,,2200.00
78,36,2,2,2607.00,,2607.00
79,37,1,2,2607.00,,2607.00
80,37,2,2,2607.00,,2607.00
81,37,3,2,2607.00,,2607.00
82,38,1,3,2900.00,,2900.00
83,38,2,3,2900.00,,2900.00
84,39,1,2,2607.00,,2607.00
85,39,2,2,2607.00,,2607.00
86,40,1,2,2607.00,,2607.00
87,40,2,1,2200.00,,2200.00
88,41,1,1,2200.00,,2200.00
89,41,2,1,2200.00,,2200.00
90,42,1,2,2607.00,,2607.00
91,42,2,2,2607.00,,2607.00
92,43,1,1,2200.00,,2200.00
93,43,2,2,2607.00,,2607.00
94,44,1,3,2900.00,,2900.00
95,44,2,2,2607.00,,2607.00
96,45,1,2,2607.00,,2607.00
97,45,2,2,2607.00,,2607.00
98,46,1,3,2900.00,,2900.00
99,46,2,2,2607.00,,2607.00
100,47,1,3,2900.00,,2900.00
101,47,2,3,2900.00,,2900.00
102,48,1,2,2607.00,,2607.00
103,48,2,2,2607.00,,2607.00
104,48,3,2,2607.00,,2607.00
105,49,1,2,2607.00,,2607.00
106,49,2,2,2607.00,,2607.00
107,50,1,3,2900.00,,2900.00
108,50,2,3,2900.00,,2900.00
109,51,1,2,2607.00,,2607.00
110,51,2,2,2607.00,,2607.00
111,52,1,2,2607.00,,2607.00
112,52,2,2,2607.00,,2607.00
113,53,1,1,2200.00,,2200.00
114,53,2,1,2200.00,,2200.00
115,53,3,1,2200.00,,2200.00
116,54,1,2,2607.00,,2607.00
117,54,2,2,2607.00,,2607.00
118,55,1,1,2200.00,,2200.00
119,55,2,1,2200.00,,2200.00
120,56,1,2,2607.00,,2607.00
121,56,2,1,2200.00,,2200.00
122,57,1,1,2200.00,,2200.00
123,57,2,1,2200.00,,2200.00
124,57,3,1,2200.00,,2200.00
125,58,1,1,2200.00,,2200.00
126,58,2,1,2200.00,,2200.00
127,58,3,1,2200.00,,2200.00
128,59,1,3,2900.00,,2900.00
129,59,2,3,2900.00,,2900.00
130,60,1,2,2607.00,,2607.00
131,60,2,1,2200.00,,2200.00
132,61,1,2,2607.00,,2607.00
133,61,2,2,2607.00,,2607.00
134,62,1,1,2200.00,,2200.00
135,62,2,1,2200.00,,2200.00
136,63,1,3,2900.00,,2900.00
137,63,2,2,2607.00,,2607.00
138,64,1,2,2607.00,,2607.00
139,64,2,2,2607.00,,2607.00
140,65,1,2,2607.00,,2607.00
141,65,2,2,2607.00,,2607.00
142,66,1,1,2200.00,,2200.00
143,66,2,2,2607.00,,2607.00
144,66,3,2,2607.00,,2607.00
145,67,1,1,2200.00,,2200.00
146,67,2,1,2200.00,,2200.00
147,68,1,3,2900.00,,2900.00
148,68,2,3,2900.00,,2900.00
149,69,1,1,2200.00,,2200.00
150,69,2,1,2200.00,,2200.00
151,69,3,2,2607.00,,2607.00
152,70,1,1,2200.00,,2200.00
153,70,2,1,2200.00,,2200.00
154,71,1,1,2200.00,,2200.00
155,71,2,1,2200.00,,2200.00
156,72,1,2,2607.00,,2607.00
157,72,2,2,2607.00,,2607.00
158,73,1,2,2607.00,,2607.00
159,73,2,1,2200.00,,2200.00
160,74,1,1,2200.00,,2200.00
161,74,2,1,2200.00,,2200.00
162,75,1,2,2607.00,,2607.00
163,75,2,2,2607.00,,2607.00
164,76,1,1,2200.00,,2200.00
165,76,2,1,2200.00,,2200.00
166,76,3,1,2200.00,,2200.00
167,76,4,1,2200.00,,2200.00
168,77,1,2,2607.00,,2607.00
169,77,2,2,2607.00,,2607.00
170,78,1,2,2607.00,,2607.00
171,78,2,1,2200.00,,2200.00
172,79,1,2,2607.00,,2607.00
173,79,2,2,2607.00,,2607.00
174,80,1,3,2900.00,,2900.00
175,80,2,2,2607.00,,2607.00
176,81,1,0,1900.00,,1900.00
177,81,2,1,2200.00,,2200.00
178,82,1,1,2200.00,,2200.00
179,82,2,2,2607.00,,2607.00
180,82,3,1,2200.00,,2200.00
181,83,1,1,2200.00,,2200.00
182,83,2,2,2607.00,,2607.00
183,84,1,3,2900.00,,2900.00
184,84,2,2,2607.00,,2607.00
185,85,1,3,2900.00,,2900.00
186,85,2,3,2900.00,,2900.00
187,86,1,2,2607.00,,2607.00
188,86,2,2,2607.00,,2607.00
189,87,1,3,2900.00,,2900.00
190,87,2,2,2607.00,,2607.00
191,88,1,2,2607.00,,2607.00
192,88,2,2,2607.00,,2607.00
193,89,1,1,2200.00,,2200.00
194,89,2,1,2200.00,,2200.00
195,89,3,1,2200.00,,2200.00
196,90,1,2,2607.00,,2607.00
197,90,2,3,2900.00,,2900.00
198,91,1,1,2200.00,,2200.00
199,91,2,1,2200.00,,2200.00
200,91,3,1,2200.00,,2200.00
201,92,1,3,2900.00,,2900.00
202,92,2,2,2607.00,,2607.00
203,93,1,1,2200.00,,2200.00
204,93,2,2,2607.00,,2607.00
205,94,1,1,2200.00,,2200.00
206,94,2,1,2200.00,,2200.00
207,94,3,1,2200.00,,2200.00
208,95,1,1,2200.00,,2200.00
209,95,2,1,2200.00,,2200.00
210,95,3,1,2200.00,,2200.00
211,95,4,1,2200.00,,2200.00
212,95,5,1,2200.00,,2200.00
213,96,1,1,2200.00,,2200.00
214,96,2,2,2607.00,,2607.00
215,97,1,2,2607.00,,2607.00
216,97,2,2,2607.00,,2607.00
217,97,3,2,2607.00,,2607.00
218,98,1,2,2607.00,,2607.00
219,98,2,2,2607.00,,2607.00
220,99,1,1,2200.00,,2200.00
221,99,2,1,2200.00,,2200.00
222,100,1,2,2607.00,,2607.00
223,100,2,2,2607.00,,2607.00
224,101,1,1,2200.00,,2200.00
225,101,2,2,2607.00,,2607.00
226,101,3,1,2200.00,,2200.00
227,102,1,2,2607.00,,2607.00
228,102,2,3,2900.00,,2900.00
229,103,1,1,2200.00,,2200.00
230,103,2,2,2607.00,,2607.00
231,103,3,2,2607.00,,2607.00
232,103,4,2,2607.00,,2607.00
233,103,5,2,2607.00,,2607.00
234,104,1,2,2607.00,,2607.00
235,104,2,2,2607.00,,2607.00
236,105,1,1,2200.00,,2200.00
237,105,2,1,2200.00,,2200.00
238,105,3,1,2200.00,,2200.00
239,106,1,2,2607.00,,2607.00
240,106,2,2,2607.00,,2607.00
241,107,1,2,2607.00,,2607.00
242,107,2,2,2607.00,,2607.00
243,108,1,1,2200.00,,2200.00
244,108,2,2,2607.00,,2607.00
245,108,3,2,2607.00,,2607.00
246,109,1,2,2607.00,,2607.00
247,109,2,2,2607.00,,2607.00
248,110,1,2,2607.00,,2607.00
249,110,2,2,2607.00,,2607.00
250,111,1,2,2607.00,,2607.00
251,111,2,2,2607.00,,2607.00
252,111,3,1,2200.00,,2200.00
253,112,1,3,2900.00,,2900.00
254,112,2,2,2607.00,,2607.00
255,113,1,3,2900.00,,2900.00
256,113,2,2,2607.00,,2607.00
257,114,1,3,2900.00,,2900.00
258,114,2,3,2900.00,,2900.00
259,115,1,4,3750.00,,3750.00
260,115,2,3,2900.00,,2900.00
261,116,1,4,3750.00,,3750.00
262,116,2,3,2900.00,,2900.00
263,117,1,2,2607.00,,2607.00
264,117,2,2,2607.00,,2607.00
265,117,3,2,2607.00,,2607.00
266,118,1,2,2607.00,,2607.00
267,118,2,2,2607.00,,2607.00
268,118,3,2,2607.00,,2607.00
269,119,1,3,2900.00,,2900.00
270,119,2,3,2900.00,,2900.00
271,120,1,2,2607.00,,2607.00
272,120,2,2,2607.00,,2607.00
273,121,1,2,2607.00,,2607.00
274,121,2,2,2607.00,,2607.00
275,122,1,3,2900.00,,2900.00
276,122,2,3,2900.00,,2900.00
277,123,1,1,2200.00,,2200.00
278,123,2,1,2200.00,,2200.00
279,123,3,1,2200.00,,2200.00
280,124,1,3,2900.00,,2900.00
281,124,2,3,2900.00,,2900.00
282,125,1,2,2607.00,,2607.00
283,125,2,2,2607.00,,2607.00
284,126,1,2,2607.00,,2607.00
285,126,2,2,2607.00,,2607.00
286,127,1,1,2200.00,,2200.00
287,127,2,1,2200.00,,2200.00
288,128,1,3,2900.00,,2900.00
289,128,2,3,2900.00,,2900.00
290,129,1,1,2200.00,,2200.00
291,129,2,1,2200.00,,2200.00
292,129,3,1,2200.00,,2200.00
293,129,4,1,2200.00,,2200.00
294,130,1,2,2607.00,,2607.00
295,130,2,3,2900.00,,2900.00
296,130,3,2,2607.00,,2607.00
297,130,4,2,2607.00,,2607.00
298,131,1,2,2607.00,,2607.00
299,131,2,2,2607.00,,2607.00
300,132,1,1,2200.00,,2200.00
301,132,2,2,2607.00,,2607.00
302,133,1,2,2607.00,,2607.00
303,133,2,1,2200.00,,2200.00
304,133,3,1,2200.00,,2200.00
305,134,1,2,2607.00,,2607.00
306,134,2,2,2607.00,,2607.00
307,135,1,1,2200.00,,2200.00
308,135,2,2,2607.00,,2607.00
309,136,1,3,2900.00,,2900.00
310,136,2,3,2900.00,,2900.00
311,137,1,3,2900.00,,2900.00
312,137,2,3,2900.00,,2900.00
313,138,1,2,2607.00,,2607.00
314,138,2,2,2607.00,,2607.00
315,139,1,2,2607.00,,2607.00
316,139,2,3,2900.00,,2900.00
317,140,1,1,2200.00,,2200.00
318,140,2,1,2200.00,,2200.00
319,140,3,1,2200.00,,2200.00
320,140,4,1,2200.00,,2200.00
321,140,5,1,2200.00,,2200.00
322,141,1,3,2900.00,,2900.00
323,141,2,2,2607.00,,2607.00
324,142,1,3,2900.00,,2900.00
325,142,2,3,2900.00,,2900.00
326,143,1,2,2607.00,,2607.00
327,143,2,2,2607.00,,2607.00
328,144,1,1,2200.00,,2200.00
329,144,2,1,2200.00,,2200.00
330,144,3,1,2200.00,,2200.00
331,145,1,3,2900.00,,2900.00
332,145,2,3,2900.00,,2900.00
333,146,1,2,2607.00,,2607.00
334,146,2,2,2607.00,,2607.00
335,147,1,1,2200.00,,2200.00
336,147,2,2,2607.00,,2607.00
337,148,1,3,2900.00,,2900.00
338,148,2,3,2900.00,,2900.00
339,149,1,2,2607.00,,2607.00
340,149,2,2,2607.00,,2607.00
341,149,3,2,2607.00,,2607.00
342,150,1,3,2900.00,,2900.00
343,150,2,3,2900.00,,2900.00
344,151,1,2,2607.00,,2607.00
345,151,2,2,2607.00,,2607.00
346,152,1,2,2607.00,,2607.00
347,152,2,2,2607.00,,2607.00
348,153,1,2,2607.00,,2607.00
349,153,2,2,2607.00,,2607.00
350,154,1,2,2607.00,,2607.00
351,154,2,3,2900.00,,2900.00
352,155,1,2,2607.00,,2607.00
353,155,2,2,2607.00,,2607.00
354,156,1,3,2900.00,,2900.00
355,156,2,3,2900.00,,2900.00
356,157,1,1,2200.00,,2200.00
357,157,2,1,2200.00,,2200.00
358,157,3,1,2200.00,,2200.00
359,157,4,1,2200.00,,2200.00
360,158,1,2,2607.00,,2607.00
361,158,2,2,2607.00,,2607.00
362,159,1,2,2607.00,,2607.00
363,159,2,2,2607.00,,2607.00
364,160,1,3,2900.00,,2900.00
365,160,2,2,2607.00,,2607.00
366,161,1,1,2200.00,,2200.00
367,161,2,1,2200.00,,2200.00
368,161,3,2,2607.00,,2607.00
369,162,1,2,2607.00,,2607.00
370,162,2,1,2200.00,,2200.00
371,162,3,2,2607.00,,2607.00
372,163,1,0,1900.00,,1900.00
373,163,2,0,1900.00,,1900.00
374,163,3,0,1900.00,,1900.00
375,163,4,0,1900.00,,1900.00
376,163,5,0,1900.00,,1900.00
377,163,6,0,1900.00,,1900.00
378,163,7,0,1900.00,,1900.00
379,163,8,0,1900.00,,1900.00
380,164,1,1,2200.00,,2200.00
381,164,2,1,2200.00,,2200.00
382,165,1,2,2607.00,,2607.00
383,165,2,2,2607.00,,2607.00
384,165,3,1,2200.00,,2200.00
385,166,1,3,2900.00,,2900.00
386,166,2,3,2900.00,,2900.00
387,167,1,2,2607.00,,2607.00
388,167,2,2,2607.00,,2607.00
389,168,1,3,2900.00,,2900.00
390,168,2,3,2900.00,,2900.00
391,169,1,2,2607.00,,2607.00
392,169,2,2,2607.00,,2607.00
393,170,1,3,2900.00,,2900.00
394,170,2,3,2900.00,,2900.00
395,170,3,3,2900.00,,2900.00
396,171,1,4,3750.00,,3750.00
397,171,2,4,3750.00,,3750.00
398,171,3,4,3750.00,,3750.00
399,172,1,3,2900.00,,2900.00
400,172,2,3,2900.00,,2900.00
401,173,1,2,2607.00,,2607.00
402,173,2,1,2200.00,,2200.00
403,174,1,2,2607.00,,2607.00
404,174,2,1,2200.00,,2200.00
405,174,3,1,2200.00,,2200.00
406,175,1,2,2607.00,,2607.00
407,175,2,3,2900.00,,2900.00
408,176,1,2,2607.00,,2607.00
409,176,2,2,2607.00,,2607.00
410,177,1,3,2900.00,,2900.00
411,177,2,2,2607.00,,2607.00
412,177,3,2,2607.00,,2607.00
413,178,1,2,2607.00,,2607.00
414,178,2,1,2200.00,,2200.00
415,178,3,1,2200.00,,2200.00
416,179,1,1,2200.00,,2200.00
417,179,2,2,2607.00,,2607.00
418,179,3,2,2607.00,,2607.00
419,180,1,3,2900.00,,2900.00
420,180,2,3,2900.00,,2900.00
421,180,3,3,2900.00,,2900.00
422,180,4,3,2900.00,,2900.00
423,181,1,2,2607.00,,2607.00
424,181,2,3,2900.00,,2900.00
425,182,1,2,2607.00,,2607.00
426,182,2,2,2607.00,,2607.00
427,182,3,2,2607.00,,2607.00
428,182,4,2,2607.00,,2607.00
429,183,1,1,2200.00,,2200.00
430,183,2,1,2200.00,,2200.00
431,183,3,1,2200.00,,2200.00
432,183,4,1,2200.00,,2200.00
433,183,5,1,2200.00,,2200.00
434,184,1,3,2900.00,,2900.00
435,184,2,3,2900.00,,2900.00
436,185,1,3,2900.00,,2900.00
437,185,2,3,2900.00,,2900.00
438,186,1,2,2607.00,,2607.00
439,186,2,2,2607.00,,2607.00
440,187,1,3,2900.00,,2900.00
441,187,2,2,2607.00,,2607.00
442,188,1,2,2607.00,,2607.00
443,188,2,2,2607.00,,2607.00
444,188,3,2,2607.00,,2607.00
445,189,1,2,2607.00,,2607.00
446,189,2,2,2607.00,,2607.00
447,190,1,2,2607.00,,2607.00
448,190,2,2,2607.00,,2607.00
449,191,1,3,2900.00,,2900.00
450,191,2,3,2900.00,,2900.00
451,192,1,2,2607.00,,2607.00
452,192,2,3,2900.00,,2900.00
453,193,1,1,2200.00,,2200.00
454,193,2,2,2607.00,,2607.00
455,194,1,2,2607.00,,2607.00
456,194,2,2,2607.00,,2607.00
457,195,1,1,2200.00,,2200.00
458,195,2,2,2607.00,,2607.00
459,196,1,3,2900.00,,2900.00
460,196,2,3,2900.00,,2900.00
461,197,1,1,2200.00,,2200.00
462,197,2,2,2607.00,,2607.00
463,198,1,2,2607.00,,2607.00
464,198,2,2,2607.00,,2607.00
465,199,1,2,2607.00,,2607.00
466,199,2,2,2607.00,,2607.00
467,200,1,3,2900.00,,2900.00
468,200,2,3,2900.00,,2900.00
469,201,1,3,2900.00,,2900.00
470,201,2,2,2607.00,,2607.00
471,202,1,1,2200.00,,2200.00
472,202,2,1,2200.00,,2200.00
473,202,3,1,2200.00,,2200.00
474,203,1,2,2607.00,,2607.00
475,203,2,2,2607.00,,2607.00
476,203,3,2,2607.00,,2607.00
477,204,1,2,2607.00,,2607.00
478,204,2,1,2200.00,,2200.00
479,204,3,1,2200.00,,2200.00
480,205,1,1,2200.00,,2200.00
481,205,2,1,2200.00,,2200.00
482,206,1,2,2607.00,,2607.00
483,206,2,2,2607.00,,2607.00
484,207,1,2,2607.00,,2607.00
485,207,2,2,2607.00,,2607.00
486,208,1,2,2607.00,,2607.00
487,208,2,2,2607.00,,2607.00
488,209,1,2,2607.00,,2607.00
489,209,2,2,2607.00,,2607.00
490,210,1,2,2607.00,,2607.00
491,210,2,2,2607.00,,2607.00
492,211,1,2,2607.00,,2607.00
493,211,2,2,2607.00,,2607.00
494,212,1,2,2607.00,,2607.00
495,212,2,2,2607.00,,2607.00
496,213,1,3,2900.00,,2900.00
497,213,2,3,2900.00,,2900.00
498,214,1,1,2200.00,,2200.00
499,214,2,2,2607.00,,2607.00
500,215,1,2,2607.00,,2607.00
501,215,2,3,2900.00,,2900.00
502,216,1,2,2607.00,,2607.00
503,216,2,1,2200.00,,2200.00
504,217,1,2,2607.00,,2607.00
505,217,2,2,2607.00,,2607.00
506,218,1,1,2200.00,,2200.00
507,218,2,2,2607.00,,2607.00
508,219,1,2,2607.00,,2607.00
509,219,2,2,2607.00,,2607.00
510,220,1,1,2200.00,,2200.00
511,220,2,1,2200.00,,2200.00
512,221,1,2,2607.00,,2607.00
513,221,2,3,2900.00,,2900.00
514,222,1,3,2900.00,,2900.00
515,222,2,4,3750.00,,3750.00
516,223,1,3,2900.00,,2900.00
517,223,2,3,2900.00,,2900.00
518,224,1,2,2607.00,,2607.00
519,224,2,2,2607.00,,2607.00
520,225,1,3,2900.00,,2900.00
521,225,2,2,2607.00,,2607.00
522,226,1,2,2607.00,,2607.00
523,226,2,2,2607.00,,2607.00
524,227,1,2,2607.00,,2607.00
525,227,2,2,2607.00,,2607.00
526,228,1,2,2607.00,,2607.00
527,228,2,2,2607.00,,2607.00
528,229,1,3,2900.00,,2900.00
529,229,2,3,2900.00,,2900.00
530,230,1,3,2900.00,,2900.00
531,230,2,3,2900.00,,2900.00
532,231,1,3,2900.00,,2900.00
533,231,2,3,2900.00,,2900.00
534,231,3,3,2900.00,,2900.00
535,232,1,2,2607.00,,2607.00
536,232,2,2,2607.00,,2607.00
537,232,3,2,2607.00,,2607.00
538,233,1,2,2607.00,,2607.00
539,233,2,2,2607.00,,2607.00
540,233,3,2,2607.00,,2607.00
541,234,1,2,2607.00,,2607.00
542,234,2,2,2607.00,,2607.00
543,234,3,2,2607.00,,2607.00
544,235,1,3,2900.00,,2900.00
545,235,2,3,2900.00,,2900.00
546,236,1,3,2900.00,,2900.00
547,236,2,3,2900.00,,2900.00
548,237,1,2,2607.00,,2607.00
549,237,2,2,2607.00,,2607.00
550,237,3,2,2607.00,,2607.00
551,238,1,1,2200.00,,2200.00
552,238,2,2,2607.00,,2607.00
553,239,1,3,2900.00,,2900.00
554,239,2,3,2900.00,,2900.00
555,240,1,1,2200.00,,2200.00
556,240,2,2,2607.00,,2607.00
557,241,1,2,2607.00,,2607.00
558,241,2,1,2200.00,,2200.00
559,242,1,3,2900.00,,2900.00
560,242,2,2,2607.00,,2607.00
561,243,1,3,2900.00,,2900.00
562,243,2,3,2900.00,,2900.00
563,244,1,2,2607.00,,2607.00
564,244,2,2,2607.00,,2607.00
565,244,3,2,2607.00,,2607.00
566,245,1,1,2200.00,,2200.00
567,245,2,1,2200.00,,2200.00
568,245,3,2,2607.00,,2607.00
569,245,4,1,2200.00,,2200.00
570,246,1,2,2607.00,,2607.00
571,246,2,3,2900.00,,2900.00
572,246,3,2,2607.00,,2607.00
573,247,1,3,2900.00,,2900.00
574,247,2,3,2900.00,,2900.00
575,248,1,1,2200.00,,2200.00
576,248,2,1,2200.00,,2200.00
577,249,1,2,2607.00,,2607.00
578,249,2,2,2607.00,,2607.00
579,250,1,3,2900.00,,2900.00
580,250,2,2,2607.00,,2607.00
581,251,1,3,2900.00,,2900.00
582,251,2,3,2900.00,,2900.00
583,252,1,2,2607.00,,2607.00
584,252,2,2,2607.00,,2607.00
585,253,1,2,2607.00,,2607.00
586,253,2,2,2607.00,,2607.00
587,254,1,3,2900.00,,2900.00
588,254,2,3,2900.00,,2900.00
589,255,1,2,2607.00,,2607.00
590,255,2,1,2200.00,,2200.00
591,255,3,2,2607.00,,2607.00
592,256,1,1,2200.00,,2200.00
593,256,2,1,2200.00,,2200.00
594,256,3,1,2200.00,,2200.00
595,257,1,3,2900.00,,2900.00
596,257,2,3,2900.00,,2900.00
597,258,1,4,3750.00,,3750.00
598,258,2,3,2900.00,,2900.00
599,259,1,3,2900.00,,2900.00
600,259,2,3,2900.00,,2900.00
601,260,1,1,2200.00,,2200.00
602,260,2,2,2607.00,,2607.00
603,261,1,1,2200.00,,2200.00
604,261,2,1,2200.00,,2200.00
605,261,3,1,2200.00,,2200.00
606,262,1,3,2900.00,,2900.00
607,262,2,3,2900.00,,2900.00
608,263,1,3,2900.00,,2900.00
609,263,2,3,2900.00,,2900.00
610,264,1,3,2900.00,,2900.00
611,264,2,3,2900.00,,2900.00
612,265,1,2,2607.00,,2607.00
613,265,2,1,2200.00,,2200.00
614,265,3,2,2607.00,,2607.00
615,266,1,2,2607.00,,2607.00
616,266,2,2,2607.00,,2607.00
617,267,1,1,2200.00,,2200.00
618,267,2,1,2200.00,,2200.00
619,267,3,1,2200.00,,2200.00
620,268,1,3,2900.00,,2900.00
621,268,2,3,2900.00,,2900.00
622,269,1,2,2607.00,,2607.00
623,269,2,2,2607.00,,2607.00
624,270,1,4,3750.00,,3750.00
625,270,2,3,2900.00,,2900.00
626,271,1,3,2900.00,,2900.00
627,271,2,2,2607.00,,2607.00
628,272,1,2,2607.00,,2607.00
629,272,2,2,2607.00,,2607.00
630,272,3,2,2607.00,,2607.00
631,273,1,1,2200.00,,2200.00
632,273,2,1,2200.00,,2200.00
633,273,3,1,2200.00,,2200.00
634,274,1,2,2607.00,,2607.00
635,274,2,2,2607.00,,2607.00
636,274,3,2,2607.00,,2607.00
637,275,1,2,2607.00,,2607.00
638,275,2,2,2607.00,,2607.00
639,275,3,2,2607.00,,2607.00
640,276,1,3,2900.00,,2900.00
641,276,2,3,2900.00,,2900.00
642,277,1,3,2900.00,,2900.00
643,277,2,3,2900.00,,2900.00
644,278,1,2,2607.00,,2607.00
645,278,2,2,2607.00,,2607.00
646,278,3,2,2607.00,,2607.00
647,279,1,3,2900.00,,2900.00
648,279,2,3,2900.00,,2900.00
649,280,1,2,2607.00,,2607.00
650,280,2,1,2200.00,,2200.00
651,281,1,2,2607.00,,2607.00
652,281,2,2,2607.00,,2607.00
653,281,3,2,2607.00,,2607.00
654,282,1,3,2900.00,,2900.00
655,282,2,3,2900.00,,2900.00
656,283,1,1,2200.00,,2200.00
657,283,2,1,2200.00,,2200.00
658,283,3,1,2200.00,,2200.00
659,283,4,1,2200.00,,2200.00
660,284,1,2,2607.00,,2607.00
661,284,2,2,2607.00,,2607.00
662,285,1,3,2900.00,,2900.00
663,285,2,4,3750.00,,3750.00
664,286,1,3,2900.00,,2900.00
665,286,2,3,2900.00,,2900.00
666,287,1,2,2607.00,,2607.00
667,287,2,2,2607.00,,2607.00
668,287,3,2,2607.00,,2607.00
669,288,1,3,2900.00,,2900.00
670,288,2,2,2607.00,,2607.00
671,289,1,3,2900.00,,2900.00
672,289,2,3,2900.00,,2900.00
673,290,1,2,2607.00,,2607.00
674,290,2,2,2607.00,,2607.00
675,290,3,2,2607.00,,2607.00
676,291,1,3,2900.00,,2900.00
677,291,2,4,3750.00,,3750.00
678,292,1,3,2900.00,,2900.00
679,292,2,3,2900.00,,2900.00
680,293,1,3,2900.00,,2900.00
681,293,2,3,2900.00,,2900.00
682,294,1,1,2200.00,,2200.00
683,294,2,2,2607.00,,2607.00
684,294,3,2,2607.00,,2607.00
685,295,1,2,2607.00,,2607.00
686,295,2,2,2607.00,,2607.00
687,296,1,2,2607.00,,2607.00
688,296,2,3,2900.00,,2900.00
689,297,1,2,2607.00,,2607.00
690,297,2,2,2607.00,,2607.00
691,298,1,3,2900.00,,2900.00
692,298,2,4,3750.00,,3750.00
693,299,1,2,2607.00,,2607.00
694,299,2,3,2900.00,,2900.00
695,300,1,3,2900.00,,2900.00
696,300,2,3,2900.00,,2900.00
697,301,1,1,2200.00,,2200.00
698,301,2,2,2607.00,,2607.00
699,301,3,2,2607.00,,2607.00
700,302,1,2,2607.00,,2607.00
701,302,2,2,2607.00,,2607.00
702,302,3,2,2607.00,,2607.00
703,303,1,2,2607.00,,2607.00
704,303,2,2,2607.00,,2607.00
705,304,1,2,2607.00,,2607.00
706,304,2,1,2200.00,,2200.00
707,304,3,2,2607.00,,2607.00
708,305,1,3,2900.00,,2900.00
709,305,2,3,2900.00,,2900.00
710,306,1,3,2900.00,,2900.00
711,306,2,3,2900.00,,2900.00
712,307,1,4,3750.00,,3750.00
713,307,2,5,4600.00,,4600.00
714,308,1,1,2200.00,,2200.00
715,308,2,2,2607.00,,2607.00
716,309,1,3,2900.00,,2900.00
717,309,2,3,2900.00,,2900.00
718,310,1,3,2900.00,,2900.00
719,310,2,3,2900.00,,2900.00
720,311,1,2,2607.00,,2607.00
721,311,2,2,2607.00,,2607.00
722,312,1,2,2607.00,,2607.00
723,312,2,1,2200.00,,2200.00
724,312,3,1,2200.00,,2200.00
725,313,1,2,2607.00,,2607.00
726,313,2,1,2200.00,,2200.00
727,314,1,3,2900.00,,2900.00
728,314,2,4,3750.00,,3750.00
729,315,1,4,3750.00,,3750.00
730,315,2,4,3750.00,,3750.00
731,316,1,4,3750.00,,3750.00
732,316,2,3,2900.00,,2900.00
733,317,1,3,2900.00,,2900.00
734,317,2,3,2900.00,,2900.00
735,318,1,3,2900.00,,2900.00
736,318,2,3,2900.00,,2900.00
737,319,1,2,2607.00,,2607.00
738,319,2,1,2200.00,,2200.00
739,319,3,1,2200.00,,2200.00
740,320,1,3,2900.00,,2900.00
741,320,2,3,2900.00,,2900.00
742,321,1,3,2900.00,,2900.00
743,321,2,3,2900.00,,2900.00
744,322,1,3,2900.00,,2900.00
745,322,2,3,2900.00,,2900.00
746,323,1,3,2900.00,,2900.00
747,323,2,3,2900.00,,2900.00
748,324,1,4,3750.00,,3750.00
749,324,2,3,2900.00,,2900.00
750,325,1,1,2200.00,,2200.00
751,325,2,1,2200.00,,2200.00
752,325,3,2,2607.00,,2607.00
753,326,1,3,2900.00,,2900.00
754,326,2,3,2900.00,,2900.00
755,327,1,2,2607.00,,2607.00
756,327,2,2,2607.00,,2607.00
757,327,3,1,2200.00,,2200.00
758,328,1,3,2900.00,,2900.00
759,328,2,2,2607.00,,2607.00
760,329,1,1,2200.00,,2200.00
761,329,2,1,2200.00,,2200.00
762,330,1,2,2607.00,,2607.00
763,330,2,2,2607.00,,2607.00
764,331,1,1,2200.00,,2200.00
765,331,2,1,2200.00,,2200.00
766,332,1,0,1900.00,,1900.00
767,332,2,0,1900.00,,1900.00
768,333,1,1,2200.00,,2200.00
769,333,2,1,2200.00,,2200.00
770,334,1,3,2900.00,,2900.00
771,334,2,2,2607.00,,2607.00
772,335,1,2,2607.00,,2607.00
773,335,2,2,2607.00,,2607.00
774,335,3,3,2900.00,,2900.00
775,336,1,1,2200.00,,2200.00
776,336,2,2,2607.00,,2607.00
777,337,1,2,2607.00,,2607.00
778,337,2,3,2900.00,,2900.00
779,338,1,3,2900.00,,2900.00
780,338,2,3,2900.00,,2900.00
781,339,1,3,2900.00,,2900.00
782,339,2,3,2900.00,,2900.00
783,340,1,1,2200.00,,2200.00
784,340,2,1,2200.00,,2200.00
785,341,1,3,2900.00,,2900.00
786,341,2,3,2900.00,,2900.00
787,342,1,3,2900.00,,2900.00
788,342,2,3,2900.00,,2900.00
789,342,3,2,2607.00,,2607.00
790,343,1,3,2900.00,,2900.00
791,343,2,2,2607.00,,2607.00
792,343,3,2,2607.00,,2607.00
793,344,1,3,2900.00,,2900.00
794,344,2,3,2900.00,,2900.00
795,345,1,2,2607.00,,2607.00
796,345,2,2,2607.00,,2607.00
797,345,3,2,2607.00,,2607.00
798,346,1,2,2607.00,,2607.00
799,346,2,2,2607.00,,2607.00
800,347,1,3,2900.00,,2900.00
801,347,2,3,2900.00,,2900.00
802,348,1,2,2607.00,,2607.00
803,348,2,3,2900.00,,2900.00
804,348,3,2,2607.00,,2607.00
805,349,1,3,2900.00,,2900.00
806,349,2,3,2900.00,,2900.00
807,350,1,2,2607.00,,2607.00
808,350,2,2,2607.00,,2607.00
809,351,1,1,2200.00,,2200.00
810,351,2,0,1900.00,,1900.00
811,352,1,2,2607.00,,2607.00
812,352,2,2,2607.00,,2607.00
813,352,3,2,2607.00,,2607.00
814,353,1,3,2900.00,,2900.00
815,353,2,4,3750.00,,3750.00
816,354,1,3,2900.00,,2900.00
817,354,2,4,3750.00,,3750.00
818,355,1,1,2200.00,,2200.00
819,355,2,1,2200.00,,2200.00
820,356,1,2,2607.00,,2607.00
821,356,2,1,2200.00,,2200.00
822,356,3,1,2200.00,,2200.00
823,357,1,3,2900.00,,2900.00
824,357,2,2,2607.00,,2607.00
825,358,1,3,2900.00,,2900.00
826,358,2,3,2900.00,,2900.00
827,359,1,2,2607.00,,2607.00
828,359,2,2,2607.00,,2607.00
829,359,3,2,2607.00,,2607.00
830,360,1,2,2607.00,,2607.00
831,360,2,2,2607.00,,2607.00
832,360,3,2,2607.00,,2607.00
833,361,1,1,2200.00,,2200.00
834,361,2,1,2200.00,,2200.00
835,362,1,1,2200.00,,2200.00
836,362,2,1,2200.00,,2200.00
837,363,1,3,2900.00,,2900.00
838,363,2,2,2607.00,,2607.00
839,363,3,3,2900.00,,2900.00
840,364,1,1,2200.00,,2200.00
841,364,2,2,2607.00,,2607.00
842,364,3,1,2200.00,,2200.00
843,364,4,1,2200.00,,2200.00
844,365,1,1,2200.00,,2200.00
845,365,2,1,2200.00,,2200.00
846,365,3,1,2200.00,,2200.00
847,366,1,2,2607.00,,2607.00
848,366,2,3,2900.00,,2900.00
849,366,3,3,2900.00,,2900.00
850,366,4,3,2900.00,,2900.00
851,367,1,1,2200.00,,2200.00
852,367,2,1,2200.00,,2200.00
853,367,3,1,2200.00,,2200.00
854,367,4,1,2200.00,,2200.00
855,368,1,2,2607.00,,2607.00
856,368,2,2,2607.00,,2607.00
857,368,3,2,2607.00,,2607.00
858,369,1,2,2607.00,,2607.00
859,369,2,2,2607.00,,2607.00
860,370,1,2,2607.00,,2607.00
861,370,2,2,2607.00,,2607.00
862,370,3,2,2607.00,,2607.00
863,371,1,2,2607.00,,2607.00
864,371,2,2,2607.00,,2607.00
865,371,3,2,2607.00,,2607.00
866,372,1,2,2607.00,,2607.00
867,372,2,2,2607.00,,2607.00
868,372,3,2,2607.00,,2607.00
869,373,1,2,2607.00,,2607.00
870,373,2,1,2200.00,,2200.00
871,373,3,2,2607.00,,2607.00
872,374,1,2,2607.00,,2607.00
873,374,2,2,2607.00,,2607.00
874,374,3,2,2607.00,,2607.00
875,375,1,1,2200.00,,2200.00
876,375,2,1,2200.00,,2200.00
877,376,1,2,2607.00,,2607.00
878,376,2,2,2607.00,,2607.00
879,376,3,2,2607.00,,2607.00
880,377,1,4,3750.00,,3750.00
881,377,2,3,2900.00,,2900.00
882,378,1,2,2607.00,,2607.00
883,378,2,1,2200.00,,2200.00
884,379,1,1,2200.00,,2200.00
885,379,2,2,2607.00,,2607.00
886,379,3,1,2200.00,,2200.00
887,379,4,1,2200.00,,2200.00
888,380,1,1,2200.00,,2200.00
889,380,2,2,2607.00,,2607.00
890,381,1,2,2607.00,,2607.00
891,381,2,2,2607.00,,2607.00
892,382,1,1,2200.00,,2200.00
893,382,2,2,2607.00,,2607.00
894,382,3,1,2200.00,,2200.00
895,382,4,1,2200.00,,2200.00
896,383,1,1,2200.00,,2200.00
897,383,2,2,2607.00,,2607.00
898,384,1,2,2607.00,,2607.00
899,384,2,2,2607.00,,2607.00
900,384,3,3,2900.00,,2900.00
901,385,1,2,2607.00,,2607.00
902,385,2,2,2607.00,,2607.00
903,386,1,3,2900.00,,2900.00
904,386,2,3,2900.00,,2900.00
905,386,3,3,2900.00,,2900.00
906,387,1,3,2900.00,,2900.00
907,387,2,3,2900.00,,2900.00
908,388,1,2,2607.00,,2607.00
909,388,2,3,2900.00,,2900.00
910,389,1,1,2200.00,,2200.00
911,389,2,1,2200.00,,2200.00
912,390,1,3,2900.00,,2900.00
913,390,2,3,2900.00,,2900.00
914,391,1,2,2607.00,,2607.00
915,391,2,2,2607.00,,2607.00
916,391,3,2,2607.00,,2607.00
917,392,1,0,1900.00,,1900.00
918,392,2,0,1900.00,,1900.00
919,392,3,0,1900.00,,1900.00
920,392,4,0,1900.00,,1900.00
921,392,5,0,1900.00,,1900.00
922,393,1,3,2900.00,,2900.00
923,393,2,3,2900.00,,2900.00
924,394,1,2,2607.00,,2607.00
925,394,2,3,2900.00,,2900.00
926,395,1,2,2607.00,,2607.00
927,395,2,3,2900.00,,2900.00
928,396,1,2,2607.00,,2607.00
929,396,2,2,2607.00,,2607.00
930,396,3,3,2900.00,,2900.00
931,397,1,3,2900.00,,2900.00
932,397,2,3,2900.00,,2900.00
933,398,1,2,2607.00,,2607.00
934,398,2,2,2607.00,,2607.00
935,399,1,3,2900.00,,2900.00
936,399,2,2,2607.00,,2607.00
937,399,3,2,2607.00,,2607.00
938,400,1,2,2607.00,,2607.00
939,400,2,2,2607.00,,2607.00
940,401,1,2,2607.00,,2607.00
941,401,2,2,2607.00,,2607.00
942,402,1,3,2900.00,,2900.00
943,402,2,2,2607.00,,2607.00
944,403,1,1,2200.00,,2200.00
945,403,2,1,2200.00,,2200.00
946,404,1,2,2607.00,,2607.00
947,404,2,2,2607.00,,2607.00
948,405,1,2,2607.00,,2607.00
949,405,2,2,2607.00,,2607.00
950,406,1,2,2607.00,,2607.00
951,406,2,3,2900.00,,2900.00
952,407,1,1,2200.00,,2200.00
953,407,2,1,2200.00,,2200.00
954,407,3,1,2200.00,,2200.00
955,408,1,2,2607.00,,2607.00
956,408,2,2,2607.00,,2607.00
957,409,1,3,2900.00,,2900.00
958,409,2,3,2900.00,,2900.00
959,410,1,2,2607.00,,2607.00
960,410,2,2,2607.00,,2607.00
961,411,1,2,2607.00,,2607.00
962,411,2,2,2607.00,,2607.00
963,412,1,2,2607.00,,2607.00
964,412,2,3,2900.00,,2900.00
965,413,1,2,2607.00,,2607.00
966,413,2,2,2607.00,,2607.00
967,414,1,2,2607.00,,2607.00
968,414,2,2,2607.00,,2607.00
969,414,3,1,2200.00,,2200.00
970,415,1,3,2900.00,,2900.00
971,415,2,4,3750.00,,3750.00
972,416,1,3,2900.00,,2900.00
973,416,2,3,2900.00,,2900.00
974,417,1,3,2900.00,,2900.00
975,417,2,2,2607.00,,2607.00
976,418,1,3,2900.00,,2900.00
977,418,2,3,2900.00,,2900.00
978,419,1,3,2900.00,,2900.00
979,419,2,3,2900.00,,2900.00
980,420,1,2,2607.00,,2607.00
981,420,2,2,2607.00,,2607.00
982,420,3,2,2607.00,,2607.00
983,421,1,2,2607.00,,2607.00
984,421,2,2,2607.00,,2607.00
985,421,3,2,2607.00,,2607.00
986,422,1,2,2607.00,,2607.00
987,422,2,2,2607.00,,2607.00
988,423,1,2,2607.00,,2607.00
989,423,2,2,2607.00,,2607.00
990,423,3,2,2607.00,,2607.00
991,424,1,4,3750.00,,3750.00
992,424,2,4,3750.00,,3750.00
993,425,1,3,2900.00,,2900.00
994,425,2,4,3750.00,,3750.00
995,426,1,3,2900.00,,2900.00
996,426,2,3,2900.00,,2900.00
997,427,1,3,2900.00,,2900.00
998,427,2,2,2607.00,,2607.00
999,427,3,3,2900.00,,2900.00
1000,428,1,3,2900.00,,2900.00
1001,428,2,3,2900.00,,2900.00
1002,429,1,2,2607.00,,2607.00
1003,429,2,2,2607.00,,2607.00
1004,429,3,2,2607.00,,2607.00
1005,430,1,3,2900.00,,2900.00
1006,430,2,3,2900.00,,2900.00
1007,431,1,1,2200.00,,2200.00
1008,431,2,1,2200.00,,2200.00
1009,432,1,2,2607.00,,2607.00
1010,432,2,2,2607.00,,2607.00
1011,432,3,1,2200.00,,2200.00
1012,433,1,1,2200.00,,2200.00
1013,433,2,1,2200.00,,2200.00
1014,434,1,2,2607.00,,2607.00
1015,434,2,2,2607.00,,2607.00
1016,434,3,2,2607.00,,2607.00
1017,435,1,2,2607.00,,2607.00
1018,435,2,2,2607.00,,2607.00
1019,436,1,2,2607.00,,2607.00
1020,436,2,2,2607.00,,2607.00
1021,437,1,3,2900.00,,2900.00
1022,437,2,3,2900.00,,2900.00
1023,438,1,2,2607.00,,2607.00
1024,438,2,2,2607.00,,2607.00
1025,439,1,2,2607.00,,2607.00
1026,439,2,2,2607.00,,2607.00
1027,439,3,1,2200.00,,2200.00
1028,440,1,2,2607.00,,2607.00
1029,440,2,2,2607.00,,2607.00
1030,441,1,3,2900.00,,2900.00
1031,441,2,2,2607.00,,2607.00
1032,442,1,2,2607.00,,2607.00
1033,442,2,2,2607.00,,2607.00
1034,442,3,2,2607.00,,2607.00
1035,443,1,2,2607.00,,2607.00
1036,443,2,2,2607.00,,2607.00
1037,444,1,2,2607.00,,2607.00
1038,444,2,2,2607.00,,2607.00
1039,445,1,2,2607.00,,2607.00
1040,445,2,2,2607.00,,2607.00
1041,445,3,2,2607.00,,2607.00
1042,446,1,1,2200.00,,2200.00
1043,446,2,1,2200.00,,2200.00
1044,447,1,2,2607.00,,2607.00
1045,447,2,1,2200.00,,2200.00
1046,448,1,2,2607.00,,2607.00
1047,448,2,2,2607.00,,2607.00
1048,449,1,1,2200.00,,2200.00
1049,449,2,1,2200.00,,2200.00
1050,450,1,2,2607.00,,2607.00
1051,450,2,3,2900.00,,2900.00
1052,451,1,3,2900.00,,2900.00
1053,451,2,4,3750.00,,3750.00
1054,452,1,4,3750.00,,3750.00
1055,452,2,4,3750.00,,3750.00
1056,453,1,3,2900.00,,2900.00
1057,453,2,3,2900.00,,2900.00
1058,454,1,3,2900.00,,2900.00
1059,454,2,3,2900.00,,2900.00
1060,455,1,3,2900.00,,2900.00
1061,455,2,3,2900.00,,2900.00
1062,456,1,3,2900.00,,2900.00
1063,456,2,3,2900.00,,2900.00
1064,457,1,3,2900.00,,2900.00
1065,457,2,3,2900.00,,2900.00
1066,458,1,3,2900.00,,2900.00
1067,458,2,3,2900.00,,2900.00
1068,459,1,3,2900.00,,2900.00
1069,459,2,4,3750.00,,3750.00
1070,460,1,3,2900.00,,2900.00
1071,460,2,3,2900.00,,2900.00
1072,461,1,3,2900.00,,2900.00
1073,461,2,3,2900.00,,2900.00
1074,462,1,1,2200.00,,2200.00
1075,462,2,1,2200.00,,2200.00
1076,462,3,2,2607.00,,2607.00
1077,463,1,3,2900.00,,2900.00
1078,463,2,3,2900.00,,2900.00
1079,464,1,3,2900.00,,2900.00
1080,464,2,3,2900.00,,2900.00
1081,465,1,2,2607.00,,2607.00
1082,465,2,2,2607.00,,2607.00
1083,465,3,2,2607.00,,2607.00
1084,466,1,3,2900.00,,2900.00
1085,466,2,4,3750.00,,3750.00
1086,467,1,3,2900.00,,2900.00
1087,467,2,3,2900.00,,2900.00
1088,468,1,3,2900.00,,2900.00
1089,468,2,3,2900.00,,2900.00
1090,469,1,3,2900.00,,2900.00
1091,469,2,3,2900.00,,2900.00
1092,470,1,2,2607.00,,2607.00
1093,470,2,2,2607.00,,2607.00
1094,471,1,2,2607.00,,2607.00
1095,471,2,2,2607.00,,2607.00
1096,472,1,1,2200.00,,2200.00
1097,472,2,2,2607.00,,2607.00
1098,473,1,2,2607.00,,2607.00
1099,473,2,1,2200.00,,2200.00
1100,474,1,1,2200.00,,2200.00
1101,474,2,1,2200.00,,2200.00
1102,475,1,2,2607.00,,2607.00
1103,475,2,3,2900.00,,2900.00
1104,475,3,3,2900.00,,2900.00
1105,475,4,2,2607.00,,2607.00
1106,476,1,1,2200.00,,2200.00
1107,476,2,1,2200.00,,2200.00
1108,477,1,2,2607.00,,2607.00
1109,477,2,2,2607.00,,2607.00
1110,477,3,2,2607.00,,2607.00
1111,478,1,2,2607.00,,2607.00
1112,478,2,3,2900.00,,2900.00
1113,479,1,2,2607.00,,2607.00
1114,479,2,3,2900.00,,2900.00
1115,480,1,3,2900.00,,2900.00
1116,480,2,2,2607.00,,2607.00
1117,481,1,1,2200.00,,2200.00
1118,481,2,2,2607.00,,2607.00
1119,481,3,1,2200.00,,2200.00
1120,481,4,1,2200.00,,2200.00
1121,481,5,2,2607.00,,2607.00
1122,481,6,1,2200.00,,2200.00
1123,482,1,3,2900.00,,2900.00
1124,482,2,3,2900.00,,2900.00
1125,483,1,3,2900.00,,2900.00
1126,483,2,2,2607.00,,2607.00
1127,484,1,2,2607.00,,2607.00
1128,484,2,2,2607.00,,2607.00
1129,484,3,1,2200.00,,2200.00
1130,485,1,2,2607.00,,2607.00
1131,485,2,2,2607.00,,2607.00
1132,486,1,2,2607.00,,2607.00
1133,486,2,2,2607.00,,2607.00
1134,487,1,2,2607.00,,2607.00
1135,487,2,2,2607.00,,2607.00
1136,488,1,2,2607.00,,2607.00
1137,488,2,2,2607.00,,2607.00
1138,489,1,3,2900.00,,2900.00
1139,489,2,2,2607.00,,2607.00
1140,490,1,3,2900.00,,2900.00
1141,490,2,3,2900.00,,2900.00
1142,491,1,4,3750.00,,3750.00
1143,491,2,3,2900.00,,2900.00
1144,492,1,3,2900.00,,2900.00
1145,492,2,3,2900.00,,2900.00
1146,493,1,3,2900.00,,2900.00
1147,493,2,2,2607.00,,2607.00
1148,493,3,2,2607.00,,2607.00
1149,493,4,3,2900.00,,2900.00
1150,493,5,3,2900.00,,2900.00
1151,494,1,3,2900.00,,2900.00
1152,494,2,2,2607.00,,2607.00
1153,495,1,2,2607.00,,2607.00
1154,495,2,3,2900.00,,2900.00
1155,495,3,3,2900.00,,2900.00
1156,496,1,2,2607.00,,2607.00
1157,496,2,1,2200.00,,2200.00
1158,496,3,1,2200.00,,2200.00
1159,496,4,2,2607.00,,2607.00
1160,497,1,2,2607.00,,2607.00
1161,497,2,2,2607.00,,2607.00
1162,497,3,1,2200.00,,2200.00
1163,498,1,3,2900.00,,2900.00
1164,498,2,3,2900.00,,2900.00
1165,499,1,1,2200.00,,2200.00
1166,499,2,1,2200.00,,2200.00
1167,499,3,2,2607.00,,2607.00
1168,500,1,4,3750.00,,3750.00
1169,500,2,4,3750.00,,3750.00
1170,501,1,3,2900.00,,2900.00
1171,501,2,3,2900.00,,2900.00
1172,502,1,4,3750.00,,3750.00
1173,502,2,4,3750.00,,3750.00
1174,503,1,3,2900.00,,2900.00
1175,503,2,3,2900.00,,2900.00
1176,503,3,3,2900.00,,2900.00
1177,504,1,4,3750.00,,3750.00
1178,504,2,3,2900.00,,2900.00
1179,505,1,2,2607.00,,2607.00
1180,505,2,1,2200.00,,2200.00
1181,505,3,2,2607.00,,2607.00
1182,506,1,2,2607.00,,2607.00
1183,506,2,2,2607.00,,2607.00
1184,507,1,3,2900.00,,2900.00
1185,507,2,3,2900.00,,2900.00
1186,508,1,5,4600.00,,4600.00
1187,508,2,4,3750.00,,3750.00
1188,509,1,4,3750.00,,3750.00
1189,509,2,3,2900.00,,2900.00
1190,510,1,2,2607.00,,2607.00
1191,510,2,2,2607.00,,2607.00
1192,510,3,2,2607.00,,2607.00
1193,511,1,2,2607.00,,2607.00
1194,511,2,2,2607.00,,2607.00
1195,511,3,2,2607.00,,2607.00
1196,511,4,2,2607.00,,2607.00
1197,511,5,2,2607.00,,2607.00
1198,512,1,1,2200.00,,2200.00
1199,512,2,1,2200.00,,2200.00
1200,512,3,1,2200.00,,2200.00
1201,512,4,1,2200.00,,2200.00
1202,512,5,1,2200.00,,2200.00
1203,512,6,1,2200.00,,2200.00
1204,513,1,3,2900.00,,2900.00
1205,513,2,3,2900.00,,2900.00
1206,513,3,3,2900.00,,2900.00
1207,514,1,1,2200.00,,2200.00
1208,514,2,1,2200.00,,2200.00
1209,514,3,1,2200.00,,2200.00
1210,514,4,1,2200.00,,2200.00
1211,515,1,2,2607.00,,2607.00
1212,515,2,1,2200.00,,2200.00
1213,515,3,2,2607.00,,2607.00
1214,515,4,1,2200.00,,2200.00
1215,515,5,1,2200.00,,2200.00
1216,515,6,1,2200.00,,2200.00
1217,515,7,1,2200.00,,2200.00
1218,515,8,1,2200.00,,2200.00
1219,516,1,3,2900.00,,2900.00
1220,516,2,4,3750.00,,3750.00
1221,517,1,5,4600.00,,4600.00
1222,517,2,5,4600.00,,4600.00
1223,518,1,5,4600.00,,4600.00
1224,518,2,5,4600.00,,4600.00
1225,519,1,2,2607.00,,2607.00
1226,519,2,1,2200.00,,2200.00
1227,519,3,2,2607.00,,2607.00
1228,519,4,2,2607.00,,2607.00
1229,519,5,1,2200.00,,2200.00
1230,520,1,4,3750.00,,3750.00
1231,520,2,4,3750.00,,3750.00
1232,521,1,3,2900.00,,2900.00
1233,521,2,3,2900.00,,2900.00
1234,521,3,3,2900.00,,2900.00
1235,522,1,5,4600.00,,4600.00
1236,522,2,5,4600.00,,4600.00
1237,523,1,5,4600.00,,4600.00
1238,523,2,5,4600.00,,4600.00
1239,524,1,2,2607.00,,2607.00
1240,524,2,2,2607.00,,2607.00
1241,524,3,1,2200.00,,2200.00
1242,524,4,2,2607.00,,2607.00
1243,525,1,4,3750.00,,3750.00
1244,525,2,3,2900.00,,2900.00
1245,526,1,1,2200.00,,2200.00
1246,526,2,1,2200.00,,2200.00
1247,526,3,1,2200.00,,2200.00
1248,527,1,2,2607.00,,2607.00
1249,527,2,2,2607.00,,2607.00
1250,527,3,2,2607.00,,2607.00
1251,528,1,1,2200.00,,2200.00
1252,528,2,1,2200.00,,2200.00
1253,528,3,1,2200.00,,2200.00
1254,528,4,1,2200.00,,2200.00
1255,529,1,1,2200.00,,2200.00
1256,529,2,2,2607.00,,2607.00
1257,529,3,1,2200.00,,2200.00
1258,530,1,3,2900.00,,2900.00
1259,530,2,4,3750.00,,3750.00
1260,531,1,4,3750.00,,3750.00
1261,531,2,5,4600.00,,4600.00
1262,532,1,3,2900.00,,2900.00
1263,532,2,2,2607.00,,2607.00
1264,532,3,2,2607.00,,2607.00
1265,533,1,1,2200.00,,2200.00
1266,533,2,2,2607.00,,2607.00
1267,533,3,1,2200.00,,2200.00
1268,533,4,1,2200.00,,2200.00
1269,534,1,3,2900.00,,2900.00
1270,534,2,2,2607.00,,2607.00
1271,535,1,3,2900.00,,2900.00
1272,535,2,3,2900.00,,2900.00
1273,536,1,3,2900.00,,2900.00
1274,536,2,3,2900.00,,2900.00
1275,537,1,3,2900.00,,2900.00
1276,537,2,3,2900.00,,2900.00
1277,538,1,3,2900.00,,2900.00
1278,538,2,3,2900.00,,2900.00
1279,538,3,3,2900.00,,2900.00
1280,539,1,4,3750.00,,3750.00
1281,539,2,3,2900.00,,2900.00
1282,540,1,3,2900.00,,2900.00
1283,540,2,3,2900.00,,2900.00
1284,541,1,3,2900.00,,2900.00
1285,541,2,2,2607.00,,2607.00
1286,542,1,3,2900.00,,2900.00
1287,542,2,3,2900.00,,2900.00
1288,543,1,3,2900.00,,2900.00
1289,543,2,3,2900.00,,2900.00
1290,543,3,3,2900.00,,2900.00
1291,544,1,3,2900.00,,2900.00
1292,544,2,3,2900.00,,2900.00
1293,545,1,4,3750.00,,3750.00
1294,545,2,4,3750.00,,3750.00
1295,546,1,2,2607.00,,2607.00
1296,546,2,2,2607.00,,2607.00
1297,547,1,2,2607.00,,2607.00
1298,547,2,3,2900.00,,2900.00
1299,547,3,2,2607.00,,2607.00
1300,548,1,4,3750.00,,3750.00
1301,548,2,3,2900.00,,2900.00
1302,549,1,2,2607.00,,2607.00
1303,549,2,2,2607.00,,2607.00
1304,550,1,3,2900.00,,2900.00
1305,550,2,3,2900.00,,2900.00
1306,551,1,3,2900.00,,2900.00
1307,551,2,3,2900.00,,2900.00
1308,552,1,3,2900.00,,2900.00
1309,552,2,3,2900.00,,2900.00
1310,553,1,3,2900.00,,2900.00
1311,553,2,3,2900.00,,2900.00
1312,554,1,3,2900.00,,2900.00
1313,554,2,3,2900.00,,2900.00
1314,555,1,3,2900.00,,2900.00
1315,555,2,2,2607.00,,2607.00
1316,556,1,3,2900.00,,2900.00
1317,556,2,3,2900.00,,2900.00
1318,557,1,2,2607.00,,2607.00
1319,557,2,2,2607.00,,2607.00
1320,558,1,3,2900.00,,2900.00
1321,558,2,3,2900.00,,2900.00
1322,559,1,3,2900.00,,2900.00
1323,559,2,3,2900.00,,2900.00
1324,560,1,3,2900.00,,2900.00
1325,560,2,2,2607.00,,2607.00
1326,561,1,3,2900.00,,2900.00
1327,561,2,3,2900.00,,2900.00
1328,562,1,2,2607.00,,2607.00
1329,562,2,1,2200.00,,2200.00
1330,563,1,3,2900.00,,2900.00
1331,563,2,4,3750.00,,3750.00
1332,564,1,5,4600.00,,4600.00
1333,564,2,5,4600.00,,4600.00
1334,565,1,5,4600.00,,4600.00
1335,565,2,5,4600.00,,4600.00
1336,566,1,4,3750.00,,3750.00
1337,566,2,4,3750.00,,3750.00
1338,567,1,4,3750.00,,3750.00
1339,567,2,4,3750.00,,3750.00
1340,568,1,4,3750.00,,3750.00
1341,568,2,4,3750.00,,3750.00
1342,569,1,5,4600.00,,4600.00
1343,569,2,5,4600.00,,4600.00
1344,570,1,2,2607.00,,2607.00
1345,570,2,1,2200.00,,2200.00
1346,571,1,4,3750.00,,3750.00
1347,571,2,4,3750.00,,3750.00
1348,572,1,3,2900.00,,2900.00
1349,572,2,3,2900.00,,2900.00
1350,573,1,3,2900.00,,2900.00
1351,573,2,3,2900.00,,2900.00
1352,574,1,3,2900.00,,2900.00
1353,574,2,3,2900.00,,2900.00
1354,575,1,2,2607.00,,2607.00
1355,575,2,2,2607.00,,2607.00
1356,576,1,3,2900.00,,2900.00
1357,576,2,3,2900.00,,2900.00
1358,577,1,3,2900.00,,2900.00
1359,577,2,3,2900.00,,2900.00
1360,578,1,3,2900.00,,2900.00
1361,578,2,3,2900.00,,2900.00
1362,579,1,4,3750.00,,3750.00
1363,579,2,3,2900.00,,2900.00
1364,580,1,2,2607.00,,2607.00
1365,580,2,3,2900.00,,2900.00
1366,581,1,3,2900.00,,2900.00
1367,581,2,2,2607.00,,2607.00
1368,582,1,1,2200.00,,2200.00
1369,582,2,2,2607.00,,2607.00
1370,582,3,2,2607.00,,2607.00
1371,583,1,2,2607.00,,2607.00
1372,583,2,2,2607.00,,2607.00
1373,583,3,2,2607.00,,2607.00
1374,584,1,2,2607.00,,2607.00
1375,584,2,2,2607.00,,2607.00
1376,584,3,2,2607.00,,2607.00
1377,585,1,2,2607.00,,2607.00
1378,585,2,3,2900.00,,2900.00
1379,586,1,3,2900.00,,2900.00
1380,586,2,2,2607.00,,2607.00
1381,587,1,2,2607.00,,2607.00
1382,587,2,2,2607.00,,2607.00
1383,587,3,1,2200.00,,2200.00
1384,587,4,2,2607.00,,2607.00
1385,588,1,3,2900.00,,2900.00
1386,588,2,3,2900.00,,2900.00
1387,588,3,3,2900.00,,2900.00
1388,588,4,3,2900.00,,2900.00
1389,589,1,4,3750.00,,3750.00
1390,589,2,3,2900.00,,2900.00
1391,590,1,4,3750.00,,3750.00
1392,590,2,3,2900.00,,2900.00
1393,591,1,2,2607.00,,2607.00
1394,591,2,2,2607.00,,2607.00
1395,592,1,3,2900.00,,2900.00
1396,592,2,3,2900.00,,2900.00
1397,593,1,1,2200.00,,2200.00
1398,593,2,1,2200.00,,2200.00
1399,593,3,2,2607.00,,2607.00
1400,594,1,3,2900.00,,2900.00
1401,594,2,3,2900.00,,2900.00
1402,595,1,1,2200.00,,2200.00
1403,595,2,1,2200.00,,2200.00
1404,595,3,1,2200.00,,2200.00
1405,595,4,1,2200.00,,2200.00
1406,596,1,2,2607.00,,2607.00
1407,596,2,2,2607.00,,2607.00
1408,597,1,3,2900.00,,2900.00
1409,597,2,3,2900.00,,2900.00
1410,598,1,4,3750.00,,3750.00
1411,598,2,3,2900.00,,2900.00
1412,599,1,3,2900.00,,2900.00
1413,599,2,4,3750.00,,3750.00
1414,600,1,3,2900.00,,2900.00
1415,600,2,4,3750.00,,3750.00
1416,601,1,3,2900.00,,2900.00
1417,601,2,3,2900.00,,2900.00
1418,602,1,2,2607.00,,2607.00
1419,602,2,2,2607.00,,2607.00
1420,602,3,1,2200.00,,2200.00
1421,603,1,3,2900.00,,2900.00
1422,603,2,3,2900.00,,2900.00
1423,604,1,4,3750.00,,3750.00
1424,604,2,3,2900.00,,2900.00
1425,605,1,3,2900.00,,2900.00
1426,605,2,3,2900.00,,2900.00
1427,606,1,3,2900.00,,2900.00
1428,606,2,3,2900.00,,2900.00
1429,606,3,4,3750.00,,3750.00
1430,606,4,3,2900.00,,2900.00
1431,607,1,3,2900.00,,2900.00
1432,607,2,3,2900.00,,2900.00
1433,608,1,4,3750.00,,3750.00
1434,608,2,4,3750.00,,3750.00
1435,609,1,3,2900.00,,2900.00
1436,609,2,2,2607.00,,2607.00
1437,610,1,3,2900.00,,2900.00
1438,610,2,3,2900.00,,2900.00
1439,611,1,1,2200.00,,2200.00
1440,611,2,1,2200.00,,2200.00
1441,611,3,1,2200.00,,2200.00
1442,611,4,2,2607.00,,2607.00
1443,612,1,1,2200.00,,2200.00
1444,612,2,1,2200.00,,2200.00
1445,612,3,2,2607.00,,2607.00
1446,612,4,2,2607.00,,2607.00
1447,612,5,1,2200.00,,2200.00
1448,612,6,2,2607.00,,2607.00
1449,613,1,2,2607.00,,2607.00
1450,613,2,2,2607.00,,2607.00
1451,613,3,2,2607.00,,2607.00
1452,614,1,2,2607.00,,2607.00
1453,614,2,3,2900.00,,2900.00
1454,614,3,3,2900.00,,2900.00
1455,615,1,3,2900.00,,2900.00
1456,615,2,3,2900.00,,2900.00
1457,616,1,3,2900.00,,2900.00
1458,616,2,3,2900.00,,2900.00
1459,617,1,3,2900.00,,2900.00
1460,617,2,3,2900.00,,2900.00
1461,617,3,2,2607.00,,2607.00
1462,618,1,4,3750.00,,3750.00
1463,618,2,3,2900.00,,2900.00
1464,619,1,4,3750.00,,3750.00
1465,619,2,3,2900.00,,2900.00
1466,620,1,2,2607.00,,2607.00
1467,620,2,3,2900.00,,2900.00
1468,621,1,4,3750.00,,3750.00
1469,621,2,4,3750.00,,3750.00
1470,622,1,3,2900.00,,2900.00
1471,622,2,4,3750.00,,3750.00
1472,623,1,3,2900.00,,2900.00
1473,623,2,4,3750.00,,3750.00
1474,624,1,4,3750.00,,3750.00
1475,624,2,5,4600.00,,4600.00
1476,625,1,4,3750.00,,3750.00
1477,625,2,4,3750.00,,3750.00
1478,626,1,2,2607.00,,2607.00
1479,626,2,2,2607.00,,2607.00
1480,626,3,3,2900.00,,2900.00
1481,627,1,2,2607.00,,2607.00
1482,627,2,1,2200.00,,2200.00
1483,627,3,2,2607.00,,2607.00
1484,627,4,2,2607.00,,2607.00
1485,628,1,1,2200.00,,2200.00
1486,628,2,1,2200.00,,2200.00
1487,628,3,1,2200.00,,2200.00
1488,628,4,1,2200.00,,2200.00
1489,629,1,1,2200.00,,2200.00
1490,629,2,2,2607.00,,2607.00
1491,630,1,1,2200.00,,2200.00
1492,630,2,2,2607.00,,2607.00
1493,630,3,1,2200.00,,2200.00
1494,630,4,1,2200.00,,2200.00
1495,631,1,1,2200.00,,2200.00
1496,631,2,1,2200.00,,2200.00
1497,631,3,1,2200.00,,2200.00
1498,631,4,1,2200.00,,2200.00
1499,632,1,1,2200.00,,2200.00
1500,632,2,1,2200.00,,2200.00
1501,632,3,1,2200.00,,2200.00
1502,633,1,2,2607.00,,2607.00
1503,633,2,2,2607.00,,2607.00
1504,634,1,1,2200.00,,2200.00
1505,634,2,1,2200.00,,2200.00
1506,634,3,1,2200.00,,2200.00
1507,634,4,1,2200.00,,2200.00
1508,634,5,1,2200.00,,2200.00
1509,634,6,1,2200.00,,2200.00
1510,634,7,1,2200.00,,2200.00
1511,634,8,1,2200.00,,2200.00
1512,635,1,1,2200.00,,2200.00
1513,635,2,1,2200.00,,2200.00
1514,635,3,1,2200.00,,2200.00
1515,636,1,4,3750.00,,3750.00
1516,636,2,4,3750.00,,3750.00
1517,637,1,3,2900.00,,2900.00
1518,637,2,3,2900.00,,2900.00
1519,638,1,3,2900.00,,2900.00
1520,638,2,2,2607.00,,2607.00
1521,639,1,2,2607.00,,2607.00
1522,639,2,2,2607.00,,2607.00
1523,640,1,3,2900.00,,2900.00
1524,640,2,2,2607.00,,2607.00
1525,641,1,2,2607.00,,2607.00
1526,641,2,2,2607.00,,2607.00
1527,642,1,0,1900.00,,1900.00
1528,642,2,0,1900.00,,1900.00
1529,642,3,0,1900.00,,1900.00
1530,642,4,0,1900.00,,1900.00
1531,642,5,0,1900.00,,1900.00
1532,642,6,0,1900.00,,1900.00
1533,643,1,3,2900.00,,2900.00
1534,643,2,3,2900.00,,2900.00
1535,644,1,3,2900.00,,2900.00
1536,644,2,2,2607.00,,2607.00
1537,645,1,1,2200.00,,2200.00
1538,645,2,2,2607.00,,2607.00
1539,645,3,1,2200.00,,2200.00
1540,646,1,3,2900.00,,2900.00
1541,646,2,3,2900.00,,2900.00
1542,647,1,3,2900.00,,2900.00
1543,647,2,3,2900.00,,2900.00
1544,648,1,3,2900.00,,2900.00
1545,648,2,3,2900.00,,2900.00
1546,649,1,2,2607.00,,2607.00
1547,649,2,2,2607.00,,2607.00
1548,649,3,2,2607.00,,2607.00
1549,650,1,3,2900.00,,2900.00
1550,650,2,3,2900.00,,2900.00
1551,651,1,2,2607.00,,2607.00
1552,651,2,2,2607.00,,2607.00
1553,651,3,1,2200.00,,2200.00
1554,652,1,2,2607.00,,2607.00
1555,652,2,2,2607.00,,2607.00
1556,652,3,2,2607.00,,2607.00
1557,652,4,1,2200.00,,2200.00
1558,652,5,1,2200.00,,2200.00
1559,653,1,3,2900.00,,2900.00
1560,653,2,2,2607.00,,2607.00
1561,653,3,2,2607.00,,2607.00
1562,654,1,2,2607.00,,2607.00
1563,654,2,2,2607.00,,2607.00
1564,654,3,2,2607.00,,2607.00
1565,655,1,0,1900.00,,1900.00
1566,655,2,0,1900.00,,1900.00
1567,655,3,0,1900.00,,1900.00
1568,655,4,0,1900.00,,1900.00
1569,655,5,0,1900.00,,1900.00
1570,655,6,0,1900.00,,1900.00
1571,655,7,0,1900.00,,1900.00
1572,655,8,0,1900.00,,1900.00
1573,656,1,2,2607.00,,2607.00
1574,656,2,2,2607.00,,2607.00
1575,657,1,1,2200.00,,2200.00
1576,657,2,1,2200.00,,2200.00
1577,657,3,1,2200.00,,2200.00
1578,657,4,1,2200.00,,2200.00
1579,658,1,3,2900.00,,2900.00
1580,658,2,4,3750.00,,3750.00
1581,659,1,3,2900.00,,2900.00
1582,659,2,2,2607.00,,2607.00
1583,660,1,2,2607.00,,2607.00
1584,660,2,2,2607.00,,2607.00
1585,660,3,3,2900.00,,2900.00
1586,660,4,2,2607.00,,2607.00
1587,661,1,2,2607.00,,2607.00
1588,661,2,2,2607.00,,2607.00
1589,661,3,2,2607.00,,2607.00
1590,662,1,2,2607.00,,2607.00
1591,662,2,2,2607.00,,2607.00
1592,663,1,3,2900.00,,2900.00
1593,663,2,3,2900.00,,2900.00
1594,664,1,1,2200.00,,2200.00
1595,664,2,1,2200.00,,2200.00
1596,665,1,2,2607.00,,2607.00
1597,665,2,2,2607.00,,2607.00
1598,666,1,1,2200.00,,2200.00
1599,666,2,1,2200.00,,2200.00
1600,667,1,2,2607.00,,2607.00
1601,667,2,2,2607.00,,2607.00
1602,668,1,3,2900.00,,2900.00
1603,668,2,2,2607.00,,2607.00
1604,669,1,1,2200.00,,2200.00
1605,669,2,1,2200.00,,2200.00
1606,670,1,3,2900.00,,2900.00
1607,670,2,3,2900.00,,2900.00
1608,671,1,2,2607.00,,2607.00
1609,671,2,2,2607.00,,2607.00
1610,672,1,2,2607.00,,2607.00
1611,672,2,2,2607.00,,2607.00
1612,673,1,4,3750.00,,3750.00
1613,673,2,3,2900.00,,2900.00
1614,674,1,1,2200.00,,2200.00
1615,674,2,1,2200.00,,2200.00
1616,674,3,2,2607.00,,2607.00
1617,675,1,3,2900.00,,2900.00
1618,675,2,2,2607.00,,2607.00
1619,676,1,3,2900.00,,2900.00
1620,676,2,3,2900.00,,2900.00
1621,677,1,2,2607.00,,2607.00
1622,677,2,3,2900.00,,2900.00
1623,677,3,3,2900.00,,2900.00
1624,678,1,3,2900.00,,2900.00
1625,678,2,4,3750.00,,3750.00
1626,679,1,3,2900.00,,2900.00
1627,679,2,2,2607.00,,2607.00
1628,680,1,2,2607.00,,2607.00
1629,680,2,2,2607.00,,2607.00
1630,680,3,2,2607.00,,2607.00
1631,681,1,2,2607.00,,2607.00
1632,681,2,2,2607.00,,2607.00
1633,681,3,2,2607.00,,2607.00
1634,682,1,2,2607.00,,2607.00
1635,682,2,2,2607.00,,2607.00
1636,682,3,2,2607.00,,2607.00
1637,683,1,2,2607.00,,2607.00
1638,683,2,2,2607.00,,2607.00
1639,684,1,0,1900.00,,1900.00
1640,684,2,0,1900.00,,1900.00
1641,684,3,1,2200.00,,2200.00
1642,684,4,0,1900.00,,1900.00
1643,684,5,1,2200.00,,2200.00
1644,684,6,0,1900.00,,1900.00
1645,685,1,2,2607.00,,2607.00
1646,685,2,2,2607.00,,2607.00
1647,685,3,2,2607.00,,2607.00
1648,685,4,2,2607.00,,2607.00
1649,686,1,1,2200.00,,2200.00
1650,686,2,1,2200.00,,2200.00
1651,686,3,1,2200.00,,2200.00
1652,686,4,1,2200.00,,2200.00
1653,686,5,1,2200.00,,2200.00
1654,687,1,3,2900.00,,2900.00
1655,687,2,2,2607.00,,2607.00
1656,688,1,2,2607.00,,2607.00
1657,688,2,2,2607.00,,2607.00
1658,689,1,3,2900.00,,2900.00
1659,689,2,3,2900.00,,2900.00
1660,689,3,2,2607.00,,2607.00
1661,689,4,3,2900.00,,2900.00
1662,690,1,2,2607.00,,2607.00
1663,690,2,2,2607.00,,2607.00
1664,691,1,2,2607.00,,2607.00
1665,691,2,2,2607.00,,2607.00
1666,692,1,3,2900.00,,2900.00
1667,692,2,3,2900.00,,2900.00
1668,693,1,3,2900.00,,2900.00
1669,693,2,3,2900.00,,2900.00
1670,694,1,1,2200.00,,2200.00
1671,694,2,1,2200.00,,2200.00
1672,695,1,2,2607.00,,2607.00
1673,695,2,3,2900.00,,2900.00
1674,696,1,2,2607.00,,2607.00
1675,696,2,2,2607.00,,2607.00
1676,697,1,3,2900.00,,2900.00
1677,697,2,2,2607.00,,2607.00
1678,698,1,2,2607.00,,2607.00
1679,698,2,2,2607.00,,2607.00
1680,699,1,3,2900.00,,2900.00
1681,699,2,3,2900.00,,2900.00
1682,700,1,2,2607.00,,2607.00
1683,700,2,2,2607.00,,2607.00
1684,700,3,2,2607.00,,2607.00
1685,701,1,4,3750.00,,3750.00
1686,701,2,3,2900.00,,2900.00
1687,702,1,3,2900.00,,2900.00
1688,702,2,2,2607.00,,2607.00
1689,703,1,3,2900.00,,2900.00
1690,703,2,2,2607.00,,2607.00
1691,704,1,0,1900.00,,1900.00
1692,704,2,0,1900.00,,1900.00
1693,704,3,0,1900.00,,1900.00
1694,704,4,0,1900.00,,1900.00
1695,704,5,0,1900.00,,1900.00
1696,704,6,0,1900.00,,1900.00
1697,704,7,0,1900.00,,1900.00
1698,705,1,1,2200.00,,2200.00
1699,705,2,1,2200.00,,2200.00
1700,705,3,2,2607.00,,2607.00
1701,705,4,2,2607.00,,2607.00
1702,706,1,2,2607.00,,2607.00
1703,706,2,2,2607.00,,2607.00
1704,706,3,2,2607.00,,2607.00
1705,707,1,2,2607.00,,2607.00
1706,707,2,2,2607.00,,2607.00
1707,707,3,2,2607.00,,2607.00
1708,708,1,3,2900.00,,2900.00
1709,708,2,3,2900.00,,2900.00
1710,709,1,3,2900.00,,2900.00
1711,709,2,3,2900.00,,2900.00
1712,710,1,1,2200.00,,2200.00
1713,710,2,1,2200.00,,2200.00
1714,711,1,2,2607.00,,2607.00
1715,711,2,3,2900.00,,2900.00
1716,712,1,2,2607.00,,2607.00
1717,712,2,2,2607.00,,2607.00
1718,712,3,2,2607.00,,2607.00
1719,713,1,2,2607.00,,2607.00
1720,713,2,2,2607.00,,2607.00
1721,713,3,2,2607.00,,2607.00
1722,714,1,2,2607.00,,2607.00
1723,714,2,2,2607.00,,2607.00
1724,714,3,2,2607.00,,2607.00
1725,715,1,2,2607.00,,2607.00
1726,715,2,2,2607.00,,2607.00
1727,716,1,2,2607.00,,2607.00
1728,716,2,2,2607.00,,2607.00
1729,717,1,2,2607.00,,2607.00
1730,717,2,2,2607.00,,2607.00
1731,717,3,1,2200.00,,2200.00
1732,718,1,2,2607.00,,2607.00
1733,718,2,2,2607.00,,2607.00
1734,719,1,1,2200.00,,2200.00
1735,719,2,1,2200.00,,2200.00
1736,719,3,1,2200.00,,2200.00
1737,719,4,1,2200.00,,2200.00
1738,720,1,2,2607.00,,2607.00
1739,720,2,2,2607.00,,2607.00
1740,720,3,2,2607.00,,2607.00
1741,721,1,2,2607.00,,2607.00
1742,721,2,2,2607.00,,2607.00
1743,721,3,2,2607.00,,2607.00
1744,722,1,3,2900.00,,2900.00
1745,722,2,3,2900.00,,2900.00
1746,723,1,3,2900.00,,2900.00
1747,723,2,3,2900.00,,2900.00
1748,724,1,3,2900.00,,2900.00
1749,724,2,3,2900.00,,2900.00
1750,725,1,2,2607.00,,2607.00
1751,725,2,2,2607.00,,2607.00
1752,726,1,3,2900.00,,2900.00
1753,726,2,3,2900.00,,2900.00
1754,727,1,3,2900.00,,2900.00
1755,727,2,2,2607.00,,2607.00
1756,728,1,3,2900.00,,2900.00
1757,728,2,3,2900.00,,2900.00
1758,729,1,3,2900.00,,2900.00
1759,729,2,3,2900.00,,2900.00
1760,730,1,2,2607.00,,2607.00
1761,730,2,2,2607.00,,2607.00
1762,731,1,2,2607.00,,2607.00
1763,731,2,2,2607.00,,2607.00
1764,731,3,2,2607.00,,2607.00
1765,732,1,3,2900.00,,2900.00
1766,732,2,3,2900.00,,2900.00
1767,733,1,3,2900.00,,2900.00
1768,733,2,3,2900.00,,2900.00
1769,734,1,3,2900.00,,2900.00
1770,734,2,3,2900.00,,2900.00
1771,735,1,3,2900.00,,2900.00
1772,735,2,3,2900.00,,2900.00
1773,736,1,3,2900.00,,2900.00
1774,736,2,3,2900.00,,2900.00
1775,737,1,2,2607.00,,2607.00
1776,737,2,2,2607.00,,2607.00
1777,738,1,2,2607.00,,2607.00
1778,738,2,2,2607.00,,2607.00
1779,739,1,3,2900.00,,2900.00
1780,739,2,2,2607.00,,2607.00
1781,740,1,3,2900.00,,2900.00
1782,740,2,3,2900.00,,2900.00
1783,741,1,1,2200.00,,2200.00
1784,741,2,1,2200.00,,2200.00
1785,742,1,1,2200.00,,2200.00
1786,742,2,1,2200.00,,2200.00
1787,743,1,3,2900.00,,2900.00
1788,743,2,4,3750.00,,3750.00
1789,744,1,3,2900.00,,2900.00
1790,744,2,3,2900.00,,2900.00
1791,745,1,2,2607.00,,2607.00
1792,745,2,2,2607.00,,2607.00
1793,745,3,1,2200.00,,2200.00
1794,746,1,3,2900.00,,2900.00
1795,746,2,3,2900.00,,2900.00
1796,747,1,3,2900.00,,2900.00
1797,747,2,3,2900.00,,2900.00
1798,748,1,3,2900.00,,2900.00
1799,748,2,3,2900.00,,2900.00
1800,749,1,2,2607.00,,2607.00
1801,749,2,2,2607.00,,2607.00
1802,749,3,2,2607.00,,2607.00
1803,750,1,3,2900.00,,2900.00
1804,750,2,3,2900.00,,2900.00
1805,751,1,3,2900.00,,2900.00
1806,751,2,3,2900.00,,2900.00
1807,752,1,3,2900.00,,2900.00
1808,752,2,3,2900.00,,2900.00
1809,753,1,3,2900.00,,2900.00
1810,753,2,3,2900.00,,2900.00
1811,754,1,1,2200.00,,2200.00
1812,754,2,1,2200.00,,2200.00
1813,755,1,1,2200.00,,2200.00
1814,755,2,1,2200.00,,2200.00
1815,756,1,2,2607.00,,2607.00
1816,756,2,2,2607.00,,2607.00
1817,756,3,1,2200.00,,2200.00
1818,757,1,2,2607.00,,2607.00
1819,757,2,2,2607.00,,2607.00
1820,758,1,3,2900.00,,2900.00
1821,758,2,3,2900.00,,2900.00
1822,759,1,2,2607.00,,2607.00
1823,759,2,2,2607.00,,2607.00
1824,760,1,3,2900.00,,2900.00
1825,760,2,2,2607.00,,2607.00
1826,761,1,3,2900.00,,2900.00
1827,761,2,3,2900.00,,2900.00
1828,762,1,3,2900.00,,2900.00
1829,762,2,3,2900.00,,2900.00
1830,763,1,3,2900.00,,2900.00
1831,763,2,3,2900.00,,2900.00
1832,764,1,2,2607.00,,2607.00
1833,764,2,2,2607.00,,2607.00
1834,765,1,1,2200.00,,2200.00
1835,765,2,2,2607.00,,2607.00
1836,766,1,1,2200.00,,2200.00
1837,766,2,2,2607.00,,2607.00
1838,767,1,1,2200.00,,2200.00
1839,767,2,2,2607.00,,2607.00
1840,768,1,1,2200.00,,2200.00
1841,768,2,2,2607.00,,2607.00
1842,769,1,1,2200.00,,2200.00
1843,769,2,1,2200.00,,2200.00
1844,770,1,2,2607.00,,2607.00
1845,770,2,1,2200.00,,2200.00
1846,771,1,2,2607.00,,2607.00
1847,771,2,1,2200.00,,2200.00
1848,772,1,1,2200.00,,2200.00
1849,772,2,2,2607.00,,2607.00
1850,773,1,2,2607.00,,2607.00
1851,773,2,2,2607.00,,2607.00
1852,774,1,1,2200.00,,2200.00
1853,774,2,2,2607.00,,2607.00
1854,775,1,2,2607.00,,2607.00
1855,775,2,2,2607.00,,2607.00
1856,776,1,2,2607.00,,2607.00
1857,776,2,2,2607.00,,2607.00
1858,777,1,1,2200.00,,2200.00
1859,777,2,2,2607.00,,2607.00
1860,778,1,2,2607.00,,2607.00
1861,778,2,2,2607.00,,2607.00
1862,779,1,2,2607.00,,2607.00
1863,779,2,2,2607.00,,2607.00
1864,780,1,2,2607.00,,2607.00
1865,780,2,2,2607.00,,2607.00
1866,781,1,1,2200.00,,2200.00
1867,781,2,2,2607.00,,2607.00
1868,782,1,1,2200.00,,2200.00
1869,782,2,1,2200.00,,2200.00
1870,782,3,1,2200.00,,2200.00
1871,783,1,1,2200.00,,2200.00
1872,783,2,1,2200.00,,2200.00
1873,784,1,3,2900.00,,2900.00
1874,784,2,3,2900.00,,2900.00
1875,784,3,3,2900.00,,2900.00
1876,785,1,3,2900.00,,2900.00
1877,785,2,3,2900.00,,2900.00
1878,786,1,3,2900.00,,2900.00
1879,786,2,3,2900.00,,2900.00
1880,787,1,3,2900.00,,2900.00
1881,787,2,3,2900.00,,2900.00
1882,788,1,4,3750.00,,3750.00
1883,788,2,3,2900.00,,2900.00
1884,789,1,3,2900.00,,2900.00
1885,789,2,3,2900.00,,2900.00
1886,790,1,2,2607.00,,2607.00
1887,790,2,2,2607.00,,2607.00
1888,791,1,3,2900.00,,2900.00
1889,791,2,2,2607.00,,2607.00
1890,792,1,4,3750.00,,3750.00
1891,792,2,4,3750.00,,3750.00
1892,793,1,3,2900.00,,2900.00
1893,793,2,3,2900.00,,2900.00
1894,794,1,3,2900.00,,2900.00
1895,794,2,3,2900.00,,2900.00
1896,795,1,2,2607.00,,2607.00
1897,795,2,2,2607.00,,2607.00
1898,796,1,3,2900.00,,2900.00
1899,796,2,3,2900.00,,2900.00
1900,797,1,3,2900.00,,2900.00
1901,797,2,3,2900.00,,2900.00
1902,798,1,4,3750.00,,3750.00
1903,798,2,4,3750.00,,3750.00
1904,799,1,2,2607.00,,2607.00
1905,799,2,2,2607.00,,2607.00
1906,800,1,1,2200.00,,2200.00
1907,800,2,1,2200.00,,2200.00
1908,800,3,1,2200.00,,2200.00
1909,800,4,1,2200.00,,2200.00
1910,800,5,1,2200.00,,2200.00
1911,801,1,1,2200.00,,2200.00
1912,801,2,1,2200.00,,2200.00
1913,801,3,1,2200.00,,2200.00
1914,802,1,2,2607.00,,2607.00
1915,802,2,2,2607.00,,2607.00
1916,803,1,3,2900.00,,2900.00
1917,803,2,3,2900.00,,2900.00
1918,804,1,1,2200.00,,2200.00
1919,804,2,2,2607.00,,2607.00
1920,805,1,3,2900.00,,2900.00
1921,805,2,3,2900.00,,2900.00
1922,806,1,5,4600.00,,4600.00
1923,806,2,5,4600.00,,4600.00
1924,807,1,3,2900.00,,2900.00
1925,807,2,3,2900.00,,2900.00
1926,808,1,2,2607.00,,2607.00
1927,808,2,2,2607.00,,2607.00
1928,808,3,2,2607.00,,2607.00
1929,809,1,3,2900.00,,2900.00
1930,809,2,3,2900.00,,2900.00
1931,810,1,3,2900.00,,2900.00
1932,810,2,3,2900.00,,2900.00
1933,810,3,3,2900.00,,2900.00
1934,811,1,2,2607.00,,2607.00
1935,811,2,2,2607.00,,2607.00
1936,812,1,3,2900.00,,2900.00
1937,812,2,3,2900.00,,2900.00
1938,813,1,1,2200.00,,2200.00
1939,813,2,1,2200.00,,2200.00
1940,814,1,1,2200.00,,2200.00
1941,814,2,2,2607.00,,2607.00
1942,814,3,2,2607.00,,2607.00
1943,815,1,2,2607.00,,2607.00
1944,815,2,2,2607.00,,2607.00
1945,816,1,3,2900.00,,2900.00
1946,816,2,3,2900.00,,2900.00
1947,817,1,2,2607.00,,2607.00
1948,817,2,2,2607.00,,2607.00
1949,818,1,1,2200.00,,2200.00
1950,818,2,1,2200.00,,2200.00
1951,818,3,2,2607.00,,2607.00
1952,819,1,1,2200.00,,2200.00
1953,819,2,1,2200.00,,2200.00
1954,819,3,1,2200.00,,2200.00
1955,819,4,1,2200.00,,2200.00
1956,819,5,1,2200.00,,2200.00
1957,820,1,2,2607.00,,2607.00
1958,820,2,2,2607.00,,2607.00
1959,820,3,2,2607.00,,2607.00
1960,820,4,2,2607.00,,2607.00
1961,821,1,2,2607.00,,2607.00
1962,821,2,1,2200.00,,2200.00
1963,821,3,2,2607.00,,2607.00
1964,821,4,1,2200.00,,2200.00
1965,821,5,2,2607.00,,2607.00
1966,822,1,1,2200.00,,2200.00
1967,822,2,1,2200.00,,2200.00
1968,822,3,1,2200.00,,2200.00
1969,822,4,1,2200.00,,2200.00
1970,823,1,1,2200.00,,2200.00
1971,823,2,1,2200.00,,2200.00
1972,823,3,1,2200.00,,2200.00
1973,823,4,1,2200.00,,2200.00
1974,823,5,1,2200.00,,2200.00
1975,824,1,2,2607.00,,2607.00
1976,824,2,1,2200.00,,2200.00
1977,824,3,2,2607.00,,2607.00
1978,825,1,0,1900.00,,1900.00
1979,825,2,0,1900.00,,1900.00
1980,825,3,0,1900.00,,1900.00
1981,825,4,0,1900.00,,1900.00
1982,825,5,0,1900.00,,1900.00
1983,825,6,0,1900.00,,1900.00
1984,825,7,0,1900.00,,1900.00
1985,826,1,1,2200.00,,2200.00
1986,826,2,1,2200.00,,2200.00
1987,826,3,0,1900.00,,1900.00
1988,826,4,1,2200.00,,2200.00
1989,826,5,1,2200.00,,2200.00
1990,826,6,1,2200.00,,2200.00
1991,827,1,2,2607.00,,2607.00
1992,827,2,2,2607.00,,2607.00
1993,827,3,1,2200.00,,2200.00
1994,827,4,2,2607.00,,2607.00
1995,828,1,2,2607.00,,2607.00
1996,828,2,2,2607.00,,2607.00
1997,828,3,1,2200.00,,2200.00
1998,828,4,2,2607.00,,2607.00
1999,828,5,2,2607.00,,2607.00
2000,828,6,2,2607.00,,2607.00
2001,829,1,1,2200.00,,2200.00
2002,829,2,1,2200.00,,2200.00
2003,829,3,1,2200.00,,2200.00
2004,829,4,1,2200.00,,2200.00
2005,829,5,1,2200.00,,2200.00
2006,830,1,5,4600.00,,4600.00
2007,830,2,5,4600.00,,4600.00
2008,831,1,0,1900.00,,1900.00
2009,831,2,0,1900.00,,1900.00
2010,831,3,0,1900.00,,1900.00
2011,831,4,0,1900.00,,1900.00
2012,831,5,0,1900.00,,1900.00
2013,831,6,0,1900.00,,1900.00
2014,832,1,1,2200.00,,2200.00
2015,832,2,1,2200.00,,2200.00
2016,832,3,1,2200.00,,2200.00
2017,832,4,1,2200.00,,2200.00
2018,832,5,1,2200.00,,2200.00
2019,832,6,1,2200.00,,2200.00
2020,833,1,4,3750.00,,3750.00
2021,833,2,3,2900.00,,2900.00
2022,834,1,4,3750.00,,3750.00
2023,834,2,4,3750.00,,3750.00
2024,835,1,3,2900.00,,2900.00
2025,835,2,3,2900.00,,2900.00
2026,836,1,3,2900.00,,2900.00
2027,836,2,3,2900.00,,2900.00
2028,837,1,4,3750.00,,3750.00
2029,837,2,4,3750.00,,3750.00
2030,838,1,3,2900.00,,2900.00
2031,838,2,2,2607.00,,2607.00
2032,839,1,1,2200.00,,2200.00
2033,839,2,1,2200.00,,2200.00
2034,839,3,1,2200.00,,2200.00
2035,839,4,1,2200.00,,2200.00
2036,839,5,1,2200.00,,2200.00
2037,840,1,1,2200.00,,2200.00
2038,840,2,1,2200.00,,2200.00
2039,840,3,1,2200.00,,2200.00
2040,841,1,4,3750.00,,3750.00
2041,841,2,4,3750.00,,3750.00
2042,842,1,3,2900.00,,2900.00
2043,842,2,4,3750.00,,3750.00
2044,843,1,5,4600.00,,4600.00
2045,843,2,5,4600.00,,4600.00
2046,844,1,3,2900.00,,2900.00
2047,844,2,3,2900.00,,2900.00
2048,844,3,2,2607.00,,2607.00
2049,845,1,3,2900.00,,2900.00
2050,845,2,3,2900.00,,2900.00
2051,846,1,2,2607.00,,2607.00
2052,846,2,2,2607.00,,2607.00
2053,847,1,2,2607.00,,2607.00
2054,847,2,2,2607.00,,2607.00
2055,848,1,1,2200.00,,2200.00
2056,848,2,1,2200.00,,2200.00
2057,848,3,1,2200.00,,2200.00
2058,849,1,3,2900.00,,2900.00
2059,849,2,2,2607.00,,2607.00
2060,850,1,1,2200.00,,2200.00
2061,850,2,2,2607.00,,2607.00
2062,850,3,2,2607.00,,2607.00
2063,850,4,1,2200.00,,2200.00
2064,850,5,2,2607.00,,2607.00
2065,850,6,1,2200.00,,2200.00
2066,850,7,2,2607.00,,2607.00
2067,850,8,2,2607.00,,2607.00
2068,851,1,3,2900.00,,2900.00
2069,851,2,3,2900.00,,2900.00
2070,852,1,5,4600.00,,4600.00
2071,852,2,5,4600.00,,4600.00
2072,853,1,3,2900.00,,2900.00
2073,853,2,3,2900.00,,2900.00
2074,854,1,3,2900.00,,2900.00
2075,854,2,3,2900.00,,2900.00
2076,855,1,3,2900.00,,2900.00
2077,855,2,3,2900.00,,2900.00
2078,856,1,3,2900.00,,2900.00
2079,856,2,3,2900.00,,2900.00
2080,857,1,3,2900.00,,2900.00
2081,857,2,3,2900.00,,2900.00
2082,858,1,2,2607.00,,2607.00
2083,858,2,3,2900.00,,2900.00
2084,859,1,3,2900.00,,2900.00
2085,859,2,3,2900.00,,2900.00
2086,860,1,3,2900.00,,2900.00
2087,860,2,2,2607.00,,2607.00
2088,861,1,0,1900.00,,1900.00
2089,861,2,0,1900.00,,1900.00
2090,861,3,0,1900.00,,1900.00
2091,861,4,0,1900.00,,1900.00
2092,861,5,0,1900.00,,1900.00
2093,861,6,0,1900.00,,1900.00
2094,861,7,0,1900.00,,1900.00
2095,862,1,3,2900.00,,2900.00
2096,862,2,3,2900.00,,2900.00
2097,863,1,3,2900.00,,2900.00
2098,863,2,3,2900.00,,2900.00
2099,864,1,4,3750.00,,3750.00
2100,864,2,3,2900.00,,2900.00
2101,865,1,1,2200.00,,2200.00
2102,865,2,1,2200.00,,2200.00
2103,866,1,1,2200.00,,2200.00
2104,866,2,1,2200.00,,2200.00
2105,866,3,1,2200.00,,2200.00
2106,867,1,3,2900.00,,2900.00
2107,867,2,2,2607.00,,2607.00
2108,868,1,2,2607.00,,2607.00
2109,868,2,2,2607.00,,2607.00
2110,869,1,2,2607.00,,2607.00
2111,869,2,2,2607.00,,2607.00
2112,870,1,2,2607.00,,2607.00
2113,870,2,2,2607.00,,2607.00
2114,871,1,3,2900.00,,2900.00
2115,871,2,2,2607.00,,2607.00
2116,872,1,1,2200.00,,2200.00
2117,872,2,1,2200.00,,2200.00
2118,872,3,1,2200.00,,2200.00
2119,872,4,1,2200.00,,2200.00
2120,872,5,1,2200.00,,2200.00
2121,872,6,1,2200.00,,2200.00
2122,873,1,1,2200.00,,2200.00
2123,873,2,2,2607.00,,2607.00
2124,874,1,2,2607.00,,2607.00
2125,874,2,2,2607.00,,2607.00
2126,875,1,3,2900.00,,2900.00
2127,875,2,3,2900.00,,2900.00
2128,876,1,3,2900.00,,2900.00
2129,876,2,3,2900.00,,2900.00
2130,877,1,4,3750.00,,3750.00
2131,877,2,3,2900.00,,2900.00
2132,878,1,1,2200.00,,2200.00
2133,878,2,2,2607.00,,2607.00
2134,878,3,2,2607.00,,2607.00
2135,879,1,2,2607.00,,2607.00
2136,879,2,2,2607.00,,2607.00
2137,879,3,2,2607.00,,2607.00
2138,880,1,2,2607.00,,2607.00
2139,880,2,3,2900.00,,2900.00
2140,881,1,2,2607.00,,2607.00
2141,881,2,2,2607.00,,2607.00
2142,882,1,3,2900.00,,2900.00
2143,882,2,3,2900.00,,2900.00
2144,883,1,3,2900.00,,2900.00
2145,883,2,3,2900.00,,2900.00
2146,884,1,4,3750.00,,3750.00
2147,884,2,4,3750.00,,3750.00
2148,885,1,3,2900.00,,2900.00
2149,885,2,3,2900.00,,2900.00
2150,886,1,3,2900.00,,2900.00
2151,886,2,3,2900.00,,2900.00
2152,887,1,3,2900.00,,2900.00
2153,887,2,3,2900.00,,2900.00
2154,888,1,2,2607.00,,2607.00
2155,888,2,2,2607.00,,2607.00
2156,889,1,2,2607.00,,2607.00
2157,889,2,3,2900.00,,2900.00
2158,889,3,2,2607.00,,2607.00
2159,890,1,3,2900.00,,2900.00
2160,890,2,3,2900.00,,2900.00
2161,891,1,3,2900.00,,2900.00
2162,891,2,3,2900.00,,2900.00
2163,892,1,3,2900.00,,2900.00
2164,892,2,3,2900.00,,2900.00
2165,893,1,3,2900.00,,2900.00
2166,893,2,3,2900.00,,2900.00
2167,894,1,3,2900.00,,2900.00
2168,894,2,3,2900.00,,2900.00
2169,895,1,2,2607.00,,2607.00
2170,895,2,2,2607.00,,2607.00
2171,895,3,2,2607.00,,2607.00
2172,896,1,1,2200.00,,2200.00
2173,896,2,1,2200.00,,2200.00
2174,896,3,1,2200.00,,2200.00
2175,897,1,4,3750.00,,3750.00
2176,897,2,4,3750.00,,3750.00
2177,898,1,3,2900.00,,2900.00
2178,898,2,2,2607.00,,2607.00
2179,899,1,2,2607.00,,2607.00
2180,899,2,1,2200.00,,2200.00
2181,899,3,2,2607.00,,2607.00
2182,900,1,1,2200.00,,2200.00
2183,900,2,1,2200.00,,2200.00
2184,901,1,2,2607.00,,2607.00
2185,901,2,2,2607.00,,2607.00
2186,901,3,2,2607.00,,2607.00
2187,902,1,4,3750.00,,3750.00
2188,902,2,4,3750.00,,3750.00
2189,903,1,2,2607.00,,2607.00
2190,903,2,3,2900.00,,2900.00
2191,903,3,3,2900.00,,2900.00
2192,903,4,3,2900.00,,2900.00
2193,904,1,1,2200.00,,2200.00
2194,904,2,1,2200.00,,2200.00
2195,905,1,3,2900.00,,2900.00
2196,905,2,3,2900.00,,2900.00
2197,905,3,3,2900.00,,2900.00
2198,906,1,3,2900.00,,2900.00
2199,906,2,3,2900.00,,2900.00
2200,907,1,3,2900.00,,2900.00
2201,907,2,3,2900.00,,2900.00
2202,908,1,2,2607.00,,2607.00
2203,908,2,2,2607.00,,2607.00
2204,908,3,2,2607.00,,2607.00
2205,909,1,2,2607.00,,2607.00
2206,909,2,2,2607.00,,2607.00
2207,909,3,2,2607.00,,2607.00
2208,909,4,2,2607.00,,2607.00
2209,910,1,2,2607.00,,2607.00
2210,910,2,2,2607.00,,2607.00
2211,911,1,1,2200.00,,2200.00
2212,911,2,1,2200.00,,2200.00
2213,911,3,1,2200.00,,2200.00
2214,911,4,1,2200.00,,2200.00
2215,912,1,2,2607.00,,2607.00
2216,912,2,2,2607.00,,2607.00
2217,913,1,1,2200.00,,2200.00
2218,913,2,1,2200.00,,2200.00
2219,914,1,3,2900.00,,2900.00
2220,914,2,3,2900.00,,2900.00
2221,915,1,1,2200.00,,2200.00
2222,915,2,1,2200.00,,2200.00
2223,916,1,1,2200.00,,2200.00
2224,916,2,1,2200.00,,2200.00
2225,917,1,2,2607.00,,2607.00
2226,917,2,2,2607.00,,2607.00
2227,917,3,2,2607.00,,2607.00
2228,918,1,3,2900.00,,2900.00
2229,918,2,3,2900.00,,2900.00
2230,919,1,2,2607.00,,2607.00
2231,919,2,3,2900.00,,2900.00
2232,920,1,2,2607.00,,2607.00
2233,920,2,2,2607.00,,2607.00
2234,921,1,2,2607.00,,2607.00
2235,921,2,3,2900.00,,2900.00
2236,921,3,3,2900.00,,2900.00
2237,922,1,1,2200.00,,2200.00
2238,922,2,1,2200.00,,2200.00
2239,922,3,2,2607.00,,2607.00
2240,923,1,2,2607.00,,2607.00
2241,923,2,2,2607.00,,2607.00
2242,924,1,2,2607.00,,2607.00
2243,924,2,2,2607.00,,2607.00
2244,924,3,2,2607.00,,2607.00
2245,925,1,3,2900.00,,2900.00
2246,925,2,3,2900.00,,2900.00
2247,926,1,2,2607.00,,2607.00
2248,926,2,1,2200.00,,2200.00
2249,926,3,1,2200.00,,2200.00
2250,927,1,3,2900.00,,2900.00
2251,927,2,3,2900.00,,2900.00
2252,928,1,2,2607.00,,2607.00
2253,928,2,2,2607.00,,2607.00
2254,929,1,3,2900.00,,2900.00
2255,929,2,2,2607.00,,2607.00
2256,930,1,4,3750.00,,3750.00
2257,930,2,4,3750.00,,3750.00
2258,931,1,3,2900.00,,2900.00
2259,931,2,3,2900.00,,2900.00
2260,932,1,2,2607.00,,2607.00
2261,932,2,2,2607.00,,2607.00
2262,933,1,4,3750.00,,3750.00
2263,933,2,3,2900.00,,2900.00
2264,934,1,2,2607.00,,2607.00
2265,934,2,2,2607.00,,2607.00
2266,935,1,1,2200.00,,2200.00
2267,935,2,2,2607.00,,2607.00
2268,936,1,4,3750.00,,3750.00
2269,936,2,3,2900.00,,2900.00
2270,937,1,2,2607.00,,2607.00
2271,937,2,2,2607.00,,2607.00
2272,937,3,2,2607.00,,2607.00
2273,938,1,3,2900.00,,2900.00
2274,938,2,3,2900.00,,2900.00
2275,939,1,3,2900.00,,2900.00
2276,939,2,3,2900.00,,2900.00
2277,940,1,5,4600.00,,4600.00
2278,940,2,5,4600.00,,4600.00
2279,941,1,3,2900.00,,2900.00
2280,941,2,3,2900.00,,2900.00
2281,942,1,3,2900.00,,2900.00
2282,942,2,3,2900.00,,2900.00
2283,943,1,3,2900.00,,2900.00
2284,943,2,3,2900.00,,2900.00
2285,944,1,5,4600.00,,4600.00
2286,944,2,5,4600.00,,4600.00
2287,945,1,3,2900.00,,2900.00
2288,945,2,3,2900.00,,2900.00
2289,946,1,4,3750.00,,3750.00
2290,946,2,4,3750.00,,3750.00
2291,947,1,1,2200.00,,2200.00
2292,947,2,0,1900.00,,1900.00
2293,947,3,1,2200.00,,2200.00
2294,947,4,0,1900.00,,1900.00
2295,947,5,0,1900.00,,1900.00
2296,947,6,1,2200.00,,2200.00
2297,947,7,1,2200.00,,2200.00
2298,947,8,1,2200.00,,2200.00
2299,948,1,2,2607.00,,2607.00
2300,948,2,2,2607.00,,2607.00
2301,948,3,2,2607.00,,2607.00
2302,949,1,3,2900.00,,2900.00
2303,949,2,3,2900.00,,2900.00
2304,950,1,2,2607.00,,2607.00
2305,950,2,3,2900.00,,2900.00
2306,951,1,4,3750.00,,3750.00
2307,951,2,3,2900.00,,2900.00
2308,952,1,3,2900.00,,2900.00
2309,952,2,3,2900.00,,2900.00
2310,952,3,3,2900.00,,2900.00
2311,953,1,2,2607.00,,2607.00
2312,953,2,2,2607.00,,2607.00
2313,954,1,1,2200.00,,2200.00
2314,954,2,1,2200.00,,2200.00
2315,954,3,2,2607.00,,2607.00
2316,954,4,1,2200.00,,2200.00
2317,955,1,3,2900.00,,2900.00
2318,955,2,2,2607.00,,2607.00
2319,956,1,3,2900.00,,2900.00
2320,956,2,3,2900.00,,2900.00
2321,957,1,1,2200.00,,2200.00
2322,957,2,1,2200.00,,2200.00
2323,958,1,2,2607.00,,2607.00
2324,958,2,2,2607.00,,2607.00
2325,959,1,1,2200.00,,2200.00
2326,959,2,1,2200.00,,2200.00
2327,960,1,3,2900.00,,2900.00
2328,960,2,3,2900.00,,2900.00
2329,961,1,1,2200.00,,2200.00
2330,961,2,2,2607.00,,2607.00
2331,962,1,3,2900.00,,2900.00
2332,962,2,3,2900.00,,2900.00
2333,962,3,3,2900.00,,2900.00
2334,963,1,3,2900.00,,2900.00
2335,963,2,2,2607.00,,2607.00
2336,963,3,2,2607.00,,2607.00
2337,964,1,3,2900.00,,2900.00
2338,964,2,3,2900.00,,2900.00
2339,965,1,3,2900.00,,2900.00
2340,965,2,2,2607.00,,2607.00
2341,966,1,3,2900.00,,2900.00
2342,966,2,3,2900.00,,2900.00
2343,967,1,4,3750.00,,3750.00
2344,967,2,4,3750.00,,3750.00
2345,968,1,1,2200.00,,2200.00
2346,968,2,1,2200.00,,2200.00
2347,968,3,1,2200.00,,2200.00
2348,968,4,1,2200.00,,2200.00
2349,968,5,0,1900.00,,1900.00
2350,969,1,3,2900.00,,2900.00
2351,969,2,3,2900.00,,2900.00
2352,970,1,3,2900.00,,2900.00
2353,970,2,3,2900.00,,2900.00
2354,971,1,2,2607.00,,2607.00
2355,971,2,3,2900.00,,2900.00
2356,972,1,3,2900.00,,2900.00
2357,972,2,2,2607.00,,2607.00
2358,973,1,2,2607.00,,2607.00
2359,973,2,2,2607.00,,2607.00
2360,974,1,2,2607.00,,2607.00
2361,974,2,2,2607.00,,2607.00
2362,974,3,2,2607.00,,2607.00
2363,975,1,2,2607.00,,2607.00
2364,975,2,3,2900.00,,2900.00
2365,975,3,2,2607.00,,2607.00
2366,976,1,2,2607.00,,2607.00
2367,976,2,2,2607.00,,2607.00
2368,976,3,2,2607.00,,2607.00
2369,976,4,2,2607.00,,2607.00
2370,977,1,3,2900.00,,2900.00
2371,977,2,3,2900.00,,2900.00
2372,978,1,1,2200.00,,2200.00
2373,978,2,2,2607.00,,2607.00
2374,979,1,2,2607.00,,2607.00
2375,979,2,1,2200.00,,2200.00
2376,979,3,2,2607.00,,2607.00
2377,980,1,2,2607.00,,2607.00
2378,980,2,2,2607.00,,2607.00
2379,981,1,1,2200.00,,2200.00
2380,981,2,1,2200.00,,2200.00
2381,981,3,1,2200.00,,2200.00
2382,981,4,1,2200.00,,2200.00
2383,981,5,1,2200.00,,2200.00
2384,981,6,1,2200.00,,2200.00
2385,981,7,1,2200.00,,2200.00
2386,982,1,2,2607.00,,2607.00
2387,982,2,2,2607.00,,2607.00
2388,983,1,2,2607.00,,2607.00
2389,983,2,2,2607.00,,2607.00
2390,984,1,2,2607.00,,2607.00
2391,984,2,1,2200.00,,2200.00
2392,984,3,1,2200.00,,2200.00
2393,984,4,1,2200.00,,2200.00
2394,985,1,2,2607.00,,2607.00
2395,985,2,2,2607.00,,2607.00
2396,986,1,2,2607.00,,2607.00
2397,986,2,2,2607.00,,2607.00
2398,987,1,1,2200.00,,2200.00
2399,987,2,2,2607.00,,2607.00
2400,987,3,2,2607.00,,2607.00
2401,987,4,2,2607.00,,2607.00
2402,988,1,2,2607.00,,2607.00
2403,988,2,2,2607.00,,2607.00
2404,989,1,3,2900.00,,2900.00
2405,989,2,3,2900.00,,2900.00
2406,990,1,3,2900.00,,2900.00
2407,990,2,4,3750.00,,3750.00
2408,991,1,3,2900.00,,2900.00
2409,991,2,3,2900.00,,2900.00
2410,992,1,3,2900.00,,2900.00
2411,992,2,2,2607.00,,2607.00
2412,993,1,2,2607.00,,2607.00
2413,993,2,2,2607.00,,2607.00
2414,994,1,3,2900.00,,2900.00
2415,994,2,3,2900.00,,2900.00
2416,995,1,1,2200.00,,2200.00
2417,995,2,1,2200.00,,2200.00
2418,995,3,1,2200.00,,2200.00
2419,995,4,1,2200.00,,2200.00
2420,996,1,2,2607.00,,2607.00
2421,996,2,1,2200.00,,2200.00
2422,996,3,2,2607.00,,2607.00
2423,997,1,3,2900.00,,2900.00
2424,997,2,3,2900.00,,2900.00
2425,998,1,2,2607.00,,2607.00
2426,998,2,1,2200.00,,2200.00
2427,999,1,1,2200.00,,2200.00
2428,999,2,2,2607.00,,2607.00
2429,1000,1,1,2200.00,,2200.00
2430,1000,2,1,2200.00,,2200.00
2431,1000,3,2,2607.00,,2607.00
2432,1001,1,3,2900.00,,2900.00
2433,1001,2,2,2607.00,,2607.00
2434,1002,1,2,2607.00,,2607.00
2435,1002,2,1,2200.00,,2200.00
2436,1002,3,2,2607.00,,2607.00
2437,1003,1,3,2900.00,,2900.00
2438,1003,2,3,2900.00,,2900.00
2439,1004,1,3,2900.00,,2900.00
2440,1004,2,2,2607.00,,2607.00
2441,1005,1,3,2900.00,,2900.00
2442,1005,2,3,2900.00,,2900.00
2443,1006,1,3,2900.00,,2900.00
2444,1006,2,2,2607.00,,2607.00
2445,1006,3,3,2900.00,,2900.00
2446,1006,4,2,2607.00,,2607.00
2447,1007,1,3,2900.00,,2900.00
2448,1007,2,3,2900.00,,2900.00
2449,1008,1,3,2900.00,,2900.00
2450,1008,2,3,2900.00,,2900.00
2451,1009,1,3,2900.00,,2900.00
2452,1009,2,3,2900.00,,2900.00
2453,1010,1,3,2900.00,,2900.00
2454,1010,2,3,2900.00,,2900.00
2455,1011,1,2,2607.00,,2607.00
2456,1011,2,2,2607.00,,2607.00
2457,1011,3,2,2607.00,,2607.00
2458,1012,1,3,2900.00,,2900.00
2459,1012,2,3,2900.00,,2900.00
2460,1013,1,3,2900.00,,2900.00
2461,1013,2,3,2900.00,,2900.00
2462,1014,1,3,2900.00,,2900.00
2463,1014,2,3,2900.00,,2900.00
2464,1015,1,4,3750.00,,3750.00
2465,1015,2,3,2900.00,,2900.00
2466,1016,1,3,2900.00,,2900.00
2467,1016,2,3,2900.00,,2900.00
2468,1017,1,3,2900.00,,2900.00
2469,1017,2,3,2900.00,,2900.00
2470,1018,1,3,2900.00,,2900.00
2471,1018,2,3,2900.00,,2900.00
2472,1019,1,2,2607.00,,2607.00
2473,1019,2,2,2607.00,,2607.00
2474,1020,1,4,3750.00,,3750.00
2475,1020,2,3,2900.00,,2900.00
2476,1021,1,2,2607.00,,2607.00
2477,1021,2,3,2900.00,,2900.00
2478,1022,1,2,2607.00,,2607.00
2479,1022,2,3,2900.00,,2900.00
2480,1023,1,3,2900.00,,2900.00
2481,1023,2,2,2607.00,,2607.00
2482,1024,1,3,2900.00,,2900.00
2483,1024,2,2,2607.00,,2607.00
2484,1025,1,1,2200.00,,2200.00
2485,1025,2,1,2200.00,,2200.00
2486,1026,1,2,2607.00,,2607.00
2487,1026,2,2,2607.00,,2607.00
2488,1027,1,1,2200.00,,2200.00
2489,1027,2,1,2200.00,,2200.00
2490,1028,1,1,2200.00,,2200.00
2491,1028,2,1,2200.00,,2200.00
2492,1029,1,1,2200.00,,2200.00
2493,1029,2,1,2200.00,,2200.00
2494,1030,1,1,2200.00,,2200.00
2495,1030,2,1,2200.00,,2200.00
2496,1031,1,1,2200.00,,2200.00
2497,1031,2,2,2607.00,,2607.00
2498,1032,1,1,2200.00,,2200.00
2499,1032,2,1,2200.00,,2200.00
2500,1033,1,1,2200.00,,2200.00
2501,1033,2,1,2200.00,,2200.00
2502,1034,1,4,3750.00,,3750.00
2503,1034,2,3,2900.00,,2900.00
2504,1035,1,3,2900.00,,2900.00
2505,1035,2,3,2900.00,,2900.00
2506,1036,1,4,3750.00,,3750.00
2507,1036,2,3,2900.00,,2900.00
2508,1037,1,4,3750.00,,3750.00
2509,1037,2,3,2900.00,,2900.00
2510,1038,1,3,2900.00,,2900.00
2511,1038,2,3,2900.00,,2900.00
2512,1039,1,2,2607.00,,2607.00
2513,1039,2,2,2607.00,,2607.00
2514,1040,1,1,2200.00,,2200.00
2515,1040,2,1,2200.00,,2200.00
2516,1040,3,1,2200.00,,2200.00
2517,1041,1,2,2607.00,,2607.00
2518,1041,2,3,2900.00,,2900.00
2519,1042,1,2,2607.00,,2607.00
2520,1042,2,3,2900.00,,2900.00
2521,1043,1,3,2900.00,,2900.00
2522,1043,2,3,2900.00,,2900.00
2523,1044,1,5,4600.00,,4600.00
2524,1044,2,4,3750.00,,3750.00
2525,1045,1,2,2607.00,,2607.00
2526,1045,2,2,2607.00,,2607.00
2527,1046,1,2,2607.00,,2607.00
2528,1046,2,2,2607.00,,2607.00
2529,1047,1,3,2900.00,,2900.00
2530,1047,2,2,2607.00,,2607.00
2531,1047,3,2,2607.00,,2607.00
2532,1048,1,2,2607.00,,2607.00
2533,1048,2,2,2607.00,,2607.00
2534,1049,1,2,2607.00,,2607.00
2535,1049,2,2,2607.00,,2607.00
2536,1050,1,2,2607.00,,2607.00
2537,1050,2,2,2607.00,,2607.00
2538,1050,3,3,2900.00,,2900.00
2539,1051,1,2,2607.00,,2607.00
2540,1051,2,2,2607.00,,2607.00
2541,1052,1,3,2900.00,,2900.00
2542,1052,2,3,2900.00,,2900.00
2543,1053,1,3,2900.00,,2900.00
2544,1053,2,2,2607.00,,2607.00
2545,1053,3,2,2607.00,,2607.00
2546,1054,1,3,2900.00,,2900.00
2547,1054,2,2,2607.00,,2607.00
2548,1054,3,3,2900.00,,2900.00
2549,1055,1,2,2607.00,,2607.00
2550,1055,2,2,2607.00,,2607.00
2551,1056,1,3,2900.00,,2900.00
2552,1056,2,3,2900.00,,2900.00
2553,1057,1,3,2900.00,,2900.00
2554,1057,2,3,2900.00,,2900.00
2555,1058,1,2,2607.00,,2607.00
2556,1058,2,2,2607.00,,2607.00
2557,1059,1,3,2900.00,,2900.00
2558,1059,2,3,2900.00,,2900.00
2559,1060,1,2,2607.00,,2607.00
2560,1060,2,1,2200.00,,2200.00
2561,1060,3,1,2200.00,,2200.00
2562,1061,1,3,2900.00,,2900.00
2563,1061,2,4,3750.00,,3750.00
2564,1062,1,2,2607.00,,2607.00
2565,1062,2,3,2900.00,,2900.00
2566,1063,1,2,2607.00,,2607.00
2567,1063,2,2,2607.00,,2607.00
2568,1063,3,2,2607.00,,2607.00
2569,1064,1,3,2900.00,,2900.00
2570,1064,2,3,2900.00,,2900.00
2571,1065,1,2,2607.00,,2607.00
2572,1065,2,2,2607.00,,2607.00
2573,1066,1,2,2607.00,,2607.00
2574,1066,2,3,2900.00,,2900.00
2575,1067,1,3,2900.00,,2900.00
2576,1067,2,3,2900.00,,2900.00
2577,1067,3,3,2900.00,,2900.00
2578,1068,1,3,2900.00,,2900.00
2579,1068,2,4,3750.00,,3750.00
2580,1069,1,2,2607.00,,2607.00
2581,1069,2,1,2200.00,,2200.00
2582,1070,1,2,2607.00,,2607.00
2583,1070,2,2,2607.00,,2607.00
2584,1071,1,3,2900.00,,2900.00
2585,1071,2,3,2900.00,,2900.00
2586,1072,1,1,2200.00,,2200.00
2587,1072,2,1,2200.00,,2200.00
2588,1073,1,3,2900.00,,2900.00
2589,1073,2,4,3750.00,,3750.00
2590,1074,1,2,2607.00,,2607.00
2591,1074,2,3,2900.00,,2900.00
2592,1074,3,3,2900.00,,2900.00
2593,1075,1,3,2900.00,,2900.00
2594,1075,2,3,2900.00,,2900.00
2595,1076,1,2,2607.00,,2607.00
2596,1076,2,2,2607.00,,2607.00
2597,1076,3,2,2607.00,,2607.00
2598,1077,1,2,2607.00,,2607.00
2599,1077,2,2,2607.00,,2607.00
2600,1077,3,2,2607.00,,2607.00
2601,1078,1,3,2900.00,,2900.00
2602,1078,2,2,2607.00,,2607.00
2603,1079,1,3,2900.00,,2900.00
2604,1079,2,3,2900.00,,2900.00
2605,1080,1,2,2607.00,,2607.00
2606,1080,2,2,2607.00,,2607.00
2607,1081,1,3,2900.00,,2900.00
2608,1081,2,3,2900.00,,2900.00
2609,1082,1,3,2900.00,,2900.00
2610,1082,2,4,3750.00,,3750.00
2611,1083,1,2,2607.00,,2607.00
2612,1083,2,1,2200.00,,2200.00
2613,1083,3,1,2200.00,,2200.00
2614,1084,1,4,3750.00,,3750.00
2615,1084,2,3,2900.00,,2900.00
2616,1085,1,4,3750.00,,3750.00
2617,1085,2,4,3750.00,,3750.00
2618,1086,1,3,2900.00,,2900.00
2619,1086,2,2,2607.00,,2607.00
2620,1087,1,2,2607.00,,2607.00
2621,1087,2,1,2200.00,,2200.00
2622,1088,1,3,2900.00,,2900.00
2623,1088,2,2,2607.00,,2607.00
2624,1089,1,2,2607.00,,2607.00
2625,1089,2,3,2900.00,,2900.00
2626,1090,1,3,2900.00,,2900.00
2627,1090,2,3,2900.00,,2900.00
2628,1091,1,2,2607.00,,2607.00
2629,1091,2,3,2900.00,,2900.00
2630,1092,1,2,2607.00,,2607.00
2631,1092,2,2,2607.00,,2607.00
2632,1093,1,2,2607.00,,2607.00
2633,1093,2,3,2900.00,,2900.00
2634,1094,1,1,2200.00,,2200.00
2635,1094,2,1,2200.00,,2200.00
2636,1094,3,1,2200.00,,2200.00
2637,1095,1,3,2900.00,,2900.00
2638,1095,2,3,2900.00,,2900.00
2639,1096,1,2,2607.00,,2607.00
2640,1096,2,2,2607.00,,2607.00
2641,1097,1,2,2607.00,,2607.00
2642,1097,2,2,2607.00,,2607.00
2643,1098,1,2,2607.00,,2607.00
2644,1098,2,2,2607.00,,2607.00
2645,1099,1,1,2200.00,,2200.00
2646,1099,2,1,2200.00,,2200.00
2647,1100,1,2,2607.00,,2607.00
2648,1100,2,2,2607.00,,2607.00
2649,1101,1,2,2607.00,,2607.00
2650,1101,2,2,2607.00,,2607.00
2651,1101,3,2,2607.00,,2607.00
2652,1102,1,1,2200.00,,2200.00
2653,1102,2,1,2200.00,,2200.00
2654,1102,3,1,2200.00,,2200.00
2655,1102,4,1,2200.00,,2200.00
2656,1103,1,1,2200.00,,2200.00
2657,1103,2,1,2200.00,,2200.00
2658,1103,3,1,2200.00,,2200.00
2659,1103,4,1,2200.00,,2200.00
2660,1104,1,1,2200.00,,2200.00
2661,1104,2,1,2200.00,,2200.00
2662,1105,1,4,3750.00,,3750.00
2663,1105,2,3,2900.00,,2900.00
2664,1106,1,3,2900.00,,2900.00
2665,1106,2,3,2900.00,,2900.00
2666,1107,1,2,2607.00,,2607.00
2667,1107,2,2,2607.00,,2607.00
2668,1107,3,2,2607.00,,2607.00
2669,1108,1,2,2607.00,,2607.00
2670,1108,2,2,2607.00,,2607.00
2671,1108,3,3,2900.00,,2900.00
2672,1108,4,3,2900.00,,2900.00
2673,1108,5,2,2607.00,,2607.00
2674,1109,1,2,2607.00,,2607.00
2675,1109,2,3,2900.00,,2900.00
2676,1109,3,3,2900.00,,2900.00
2677,1110,1,4,3750.00,,3750.00
2678,1110,2,4,3750.00,,3750.00
2679,1111,1,3,2900.00,,2900.00
2680,1111,2,3,2900.00,,2900.00
2681,1112,1,3,2900.00,,2900.00
2682,1112,2,3,2900.00,,2900.00
2683,1113,1,3,2900.00,,2900.00
2684,1113,2,3,2900.00,,2900.00
2685,1114,1,3,2900.00,,2900.00
2686,1114,2,3,2900.00,,2900.00
2687,1115,1,2,2607.00,,2607.00
2688,1115,2,2,2607.00,,2607.00
2689,1116,1,2,2607.00,,2607.00
2690,1116,2,2,2607.00,,2607.00
2691,1116,3,2,2607.00,,2607.00
2692,1117,1,2,2607.00,,2607.00
2693,1117,2,2,2607.00,,2607.00
2694,1117,3,3,2900.00,,2900.00
2695,1118,1,2,2607.00,,2607.00
2696,1118,2,2,2607.00,,2607.00
2697,1118,3,2,2607.00,,2607.00
2698,1119,1,2,2607.00,,2607.00
2699,1119,2,2,2607.00,,2607.00
2700,1119,3,2,2607.00,,2607.00
2701,1120,1,1,2200.00,,2200.00
2702,1120,2,2,2607.00,,2607.00
2703,1121,1,3,2900.00,,2900.00
2704,1121,2,3,2900.00,,2900.00
2705,1122,1,3,2900.00,,2900.00
2706,1122,2,3,2900.00,,2900.00
2707,1123,1,3,2900.00,,2900.00
2708,1123,2,3,2900.00,,2900.00
2709,1124,1,1,2200.00,,2200.00
2710,1124,2,1,2200.00,,2200.00
2711,1124,3,1,2200.00,,2200.00
2712,1125,1,2,2607.00,,2607.00
2713,1125,2,2,2607.00,,2607.00
2714,1126,1,3,2900.00,,2900.00
2715,1126,2,3,2900.00,,2900.00
2716,1127,1,2,2607.00,,2607.00
2717,1127,2,2,2607.00,,2607.00
2718,1128,1,2,2607.00,,2607.00
2719,1128,2,2,2607.00,,2607.00
2720,1129,1,3,2900.00,,2900.00
2721,1129,2,3,2900.00,,2900.00
2722,1130,1,3,2900.00,,2900.00
2723,1130,2,4,3750.00,,3750.00
2724,1131,1,3,2900.00,,2900.00
2725,1131,2,3,2900.00,,2900.00
2726,1132,1,5,4600.00,,4600.00
2727,1132,2,4,3750.00,,3750.00
2728,1133,1,3,2900.00,,2900.00
2729,1133,2,2,2607.00,,2607.00
2730,1134,1,4,3750.00,,3750.00
2731,1134,2,3,2900.00,,2900.00
2732,1135,1,5,4600.00,,4600.00
2733,1135,2,4,3750.00,,3750.00
2734,1136,1,2,2607.00,,2607.00
2735,1136,2,2,2607.00,,2607.00
2736,1136,3,3,2900.00,,2900.00
2737,1137,1,4,3750.00,,3750.00
2738,1137,2,4,3750.00,,3750.00
2739,1138,1,4,3750.00,,3750.00
2740,1138,2,4,3750.00,,3750.00
2741,1139,1,3,2900.00,,2900.00
2742,1139,2,3,2900.00,,2900.00
2743,1140,1,2,2607.00,,2607.00
2744,1140,2,2,2607.00,,2607.00
2745,1140,3,3,2900.00,,2900.00
2746,1141,1,3,2900.00,,2900.00
2747,1141,2,3,2900.00,,2900.00
2748,1142,1,3,2900.00,,2900.00
2749,1142,2,3,2900.00,,2900.00
2750,1143,1,3,2900.00,,2900.00
2751,1143,2,3,2900.00,,2900.00
2752,1144,1,1,2200.00,,2200.00
2753,1144,2,1,2200.00,,2200.00
2754,1144,3,2,2607.00,,2607.00
2755,1145,1,2,2607.00,,2607.00
2756,1145,2,2,2607.00,,2607.00
2757,1145,3,2,2607.00,,2607.00
2758,1146,1,3,2900.00,,2900.00
2759,1146,2,3,2900.00,,2900.00
2760,1147,1,5,4600.00,,4600.00
2761,1147,2,4,3750.00,,3750.00
2762,1148,1,3,2900.00,,2900.00
2763,1148,2,2,2607.00,,2607.00
2764,1149,1,4,3750.00,,3750.00
2765,1149,2,4,3750.00,,3750.00
2766,1150,1,4,3750.00,,3750.00
2767,1150,2,4,3750.00,,3750.00
2768,1151,1,2,2607.00,,2607.00
2769,1151,2,2,2607.00,,2607.00
2770,1152,1,2,2607.00,,2607.00
2771,1152,2,2,2607.00,,2607.00
2772,1152,3,1,2200.00,,2200.00
2773,1152,4,2,2607.00,,2607.00
2774,1152,5,2,2607.00,,2607.00
2775,1152,6,2,2607.00,,2607.00
2776,1152,7,1,2200.00,,2200.00
2777,1152,8,2,2607.00,,2607.00
2778,1153,1,3,2900.00,,2900.00
2779,1153,2,3,2900.00,,2900.00
2780,1154,1,1,2200.00,,2200.00
2781,1154,2,1,2200.00,,2200.00
2782,1154,3,1,2200.00,,2200.00
2783,1154,4,1,2200.00,,2200.00
2784,1154,5,1,2200.00,,2200.00
2785,1154,6,1,2200.00,,2200.00
2786,1154,7,1,2200.00,,2200.00
2787,1155,1,2,2607.00,,2607.00
2788,1155,2,2,2607.00,,2607.00
2789,1155,3,2,2607.00,,2607.00
2790,1156,1,3,2900.00,,2900.00
2791,1156,2,2,2607.00,,2607.00
2792,1156,3,3,2900.00,,2900.00
2793,1157,1,3,2900.00,,2900.00
2794,1157,2,3,2900.00,,2900.00
2795,1158,1,2,2607.00,,2607.00
2796,1158,2,2,2607.00,,2607.00
2797,1159,1,3,2900.00,,2900.00
2798,1159,2,2,2607.00,,2607.00
2799,1160,1,2,2607.00,,2607.00
2800,1160,2,2,2607.00,,2607.00
2801,1161,1,2,2607.00,,2607.00
2802,1161,2,2,2607.00,,2607.00
2803,1162,1,1,2200.00,,2200.00
2804,1162,2,1,2200.00,,2200.00
2805,1162,3,2,2607.00,,2607.00
2806,1163,1,3,2900.00,,2900.00
2807,1163,2,3,2900.00,,2900.00
2808,1164,1,3,2900.00,,2900.00
2809,1164,2,3,2900.00,,2900.00
2810,1165,1,3,2900.00,,2900.00
2811,1165,2,3,2900.00,,2900.00
2812,1166,1,3,2900.00,,2900.00
2813,1166,2,4,3750.00,,3750.00
2814,1167,1,1,2200.00,,2200.00
2815,1167,2,1,2200.00,,2200.00
2816,1167,3,1,2200.00,,2200.00
2817,1168,1,2,2607.00,,2607.00
2818,1168,2,2,2607.00,,2607.00
2819,1169,1,2,2607.00,,2607.00
2820,1169,2,2,2607.00,,2607.00
2821,1170,1,1,2200.00,,2200.00
2822,1170,2,1,2200.00,,2200.00
2823,1171,1,1,2200.00,,2200.00
2824,1171,2,1,2200.00,,2200.00
2825,1171,3,2,2607.00,,2607.00
2826,1172,1,2,2607.00,,2607.00
2827,1172,2,1,2200.00,,2200.00
2828,1173,1,2,2607.00,,2607.00
2829,1173,2,2,2607.00,,2607.00
2830,1173,3,2,2607.00,,2607.00
2831,1174,1,2,2607.00,,2607.00
2832,1174,2,2,2607.00,,2607.00
2833,1174,3,2,2607.00,,2607.00
2834,1175,1,4,3750.00,,3750.00
2835,1175,2,4,3750.00,,3750.00
2836,1176,1,2,2607.00,,2607.00
2837,1176,2,3,2900.00,,2900.00
2838,1177,1,1,2200.00,,2200.00
2839,1177,2,2,2607.00,,2607.00
2840,1177,3,1,2200.00,,2200.00
2841,1177,4,1,2200.00,,2200.00
2842,1177,5,1,2200.00,,2200.00
2843,1178,1,4,3750.00,,3750.00
2844,1178,2,4,3750.00,,3750.00
2845,1179,1,4,3750.00,,3750.00
2846,1179,2,4,3750.00,,3750.00
2847,1180,1,3,2900.00,,2900.00
2848,1180,2,4,3750.00,,3750.00
2849,1181,1,3,2900.00,,2900.00
2850,1181,2,3,2900.00,,2900.00
2851,1182,1,3,2900.00,,2900.00
2852,1182,2,3,2900.00,,2900.00
2853,1183,1,4,3750.00,,3750.00
2854,1183,2,4,3750.00,,3750.00
2855,1184,1,4,3750.00,,3750.00
2856,1184,2,4,3750.00,,3750.00
2857,1185,1,4,3750.00,,3750.00
2858,1185,2,4,3750.00,,3750.00
2859,1186,1,4,3750.00,,3750.00
2860,1186,2,3,2900.00,,2900.00
2861,1187,1,2,2607.00,,2607.00
2862,1187,2,3,2900.00,,2900.00
2863,1187,3,2,2607.00,,2607.00
2864,1188,1,3,2900.00,,2900.00
2865,1188,2,4,3750.00,,3750.00
2866,1189,1,4,3750.00,,3750.00
2867,1189,2,4,3750.00,,3750.00
2868,1190,1,3,2900.00,,2900.00
2869,1190,2,4,3750.00,,3750.00
2870,1191,1,2,2607.00,,2607.00
2871,1191,2,2,2607.00,,2607.00
2872,1191,3,2,2607.00,,2607.00
2873,1192,1,2,2607.00,,2607.00
2874,1192,2,2,2607.00,,2607.00
2875,1192,3,1,2200.00,,2200.00
2876,1192,4,2,2607.00,,2607.00
2877,1193,1,3,2900.00,,2900.00
2878,1193,2,3,2900.00,,2900.00
2879,1194,1,3,2900.00,,2900.00
2880,1194,2,3,2900.00,,2900.00
2881,1195,1,2,2607.00,,2607.00
2882,1195,2,2,2607.00,,2607.00
2883,1196,1,1,2200.00,,2200.00
2884,1196,2,1,2200.00,,2200.00
2885,1197,1,3,2900.00,,2900.00
2886,1197,2,3,2900.00,,2900.00
2887,1198,1,3,2900.00,,2900.00
2888,1198,2,3,2900.00,,2900.00
2889,1199,1,1,2200.00,,2200.00
2890,1199,2,1,2200.00,,2200.00
2891,1200,1,1,2200.00,,2200.00
2892,1200,2,1,2200.00,,2200.00
2893,1200,3,1,2200.00,,2200.00
2894,1201,1,3,2900.00,,2900.00
2895,1201,2,3,2900.00,,2900.00
2896,1202,1,2,2607.00,,2607.00
2897,1202,2,3,2900.00,,2900.00
2898,1203,1,3,2900.00,,2900.00
2899,1203,2,3,2900.00,,2900.00
2900,1204,1,3,2900.00,,2900.00
2901,1204,2,3,2900.00,,2900.00
2902,1205,1,3,2900.00,,2900.00
2903,1205,2,3,2900.00,,2900.00
2904,1206,1,2,2607.00,,2607.00
2905,1206,2,2,2607.00,,2607.00
2906,1206,3,2,2607.00,,2607.00
2907,1207,1,3,2900.00,,2900.00
2908,1207,2,3,2900.00,,2900.00
2909,1208,1,3,2900.00,,2900.00
2910,1208,2,3,2900.00,,2900.00
2911,1209,1,2,2607.00,,2607.00
2912,1209,2,3,2900.00,,2900.00
2913,1210,1,3,2900.00,,2900.00
2914,1210,2,3,2900.00,,2900.00
2915,1211,1,2,2607.00,,2607.00
2916,1211,2,2,2607.00,,2607.00
2917,1212,1,2,2607.00,,2607.00
2918,1212,2,2,2607.00,,2607.00
2919,1212,3,2,2607.00,,2607.00
2920,1213,1,2,2607.00,,2607.00
2921,1213,2,3,2900.00,,2900.00
2922,1213,3,3,2900.00,,2900.00
2923,1214,1,4,3750.00,,3750.00
2924,1214,2,3,2900.00,,2900.00
2925,1215,1,3,2900.00,,2900.00
2926,1215,2,2,2607.00,,2607.00
2927,1216,1,3,2900.00,,2900.00
2928,1216,2,4,3750.00,,3750.00
2929,1217,1,2,2607.00,,2607.00
2930,1217,2,2,2607.00,,2607.00
2931,1217,3,3,2900.00,,2900.00
2932,1217,4,3,2900.00,,2900.00
2933,1218,1,2,2607.00,,2607.00
2934,1218,2,2,2607.00,,2607.00
2935,1219,1,1,2200.00,,2200.00
2936,1219,2,1,2200.00,,2200.00
2937,1219,3,1,2200.00,,2200.00
2938,1220,1,2,2607.00,,2607.00
2939,1220,2,2,2607.00,,2607.00
2940,1221,1,3,2900.00,,2900.00
2941,1221,2,3,2900.00,,2900.00
2942,1222,1,2,2607.00,,2607.00
2943,1222,2,2,2607.00,,2607.00
2944,1222,3,2,2607.00,,2607.00
2945,1223,1,3,2900.00,,2900.00
2946,1223,2,3,2900.00,,2900.00
2947,1224,1,2,2607.00,,2607.00
2948,1224,2,2,2607.00,,2607.00
2949,1224,3,1,2200.00,,2200.00
2950,1225,1,1,2200.00,,2200.00
2951,1225,2,2,2607.00,,2607.00
2952,1225,3,1,2200.00,,2200.00
2953,1226,1,1,2200.00,,2200.00
2954,1226,2,1,2200.00,,2200.00
2955,1226,3,1,2200.00,,2200.00
2956,1227,1,2,2607.00,,2607.00
2957,1227,2,3,2900.00,,2900.00
2958,1227,3,2,2607.00,,2607.00
2959,1228,1,3,2900.00,,2900.00
2960,1228,2,3,2900.00,,2900.00
2961,1229,1,3,2900.00,,2900.00
2962,1229,2,3,2900.00,,2900.00
2963,1230,1,3,2900.00,,2900.00
2964,1230,2,3,2900.00,,2900.00
2965,1231,1,2,2607.00,,2607.00
2966,1231,2,2,2607.00,,2607.00
2967,1232,1,2,2607.00,,2607.00
2968,1232,2,2,2607.00,,2607.00
2969,1233,1,2,2607.00,,2607.00
2970,1233,2,3,2900.00,,2900.00
2971,1233,3,3,2900.00,,2900.00
2972,1234,1,1,2200.00,,2200.00
2973,1234,2,1,2200.00,,2200.00
2974,1235,1,2,2607.00,,2607.00
2975,1235,2,2,2607.00,,2607.00
2976,1236,1,2,2607.00,,2607.00
2977,1236,2,2,2607.00,,2607.00
2978,1237,1,3,2900.00,,2900.00
2979,1237,2,3,2900.00,,2900.00
2980,1238,1,3,2900.00,,2900.00
2981,1238,2,3,2900.00,,2900.00
2982,1239,1,2,2607.00,,2607.00
2983,1239,2,2,2607.00,,2607.00
2984,1239,3,2,2607.00,,2607.00
2985,1240,1,1,2200.00,,2200.00
2986,1240,2,1,2200.00,,2200.00
2987,1241,1,3,2900.00,,2900.00
2988,1241,2,2,2607.00,,2607.00
2989,1242,1,3,2900.00,,2900.00
2990,1242,2,2,2607.00,,2607.00
2991,1242,3,2,2607.00,,2607.00
2992,1243,1,3,2900.00,,2900.00
2993,1243,2,3,2900.00,,2900.00
2994,1244,1,3,2900.00,,2900.00
2995,1244,2,3,2900.00,,2900.00
2996,1245,1,2,2607.00,,2607.00
2997,1245,2,2,2607.00,,2607.00
2998,1245,3,2,2607.00,,2607.00
2999,1246,1,3,2900.00,,2900.00
3000,1246,2,3,2900.00,,2900.00
3001,1247,1,2,2607.00,,2607.00
3002,1247,2,1,2200.00,,2200.00
3003,1248,1,3,2900.00,,2900.00
3004,1248,2,3,2900.00,,2900.00
3005,1249,1,1,2200.00,,2200.00
3006,1249,2,1,2200.00,,2200.00
3007,1249,3,1,2200.00,,2200.00
3008,1250,1,1,2200.00,,2200.00
3009,1250,2,1,2200.00,,2200.00
3010,1250,3,1,2200.00,,2200.00
3011,1251,1,2,2607.00,,2607.00
3012,1251,2,2,2607.00,,2607.00
3013,1251,3,2,2607.00,,2607.00
3014,1252,1,2,2607.00,,2607.00
3015,1252,2,2,2607.00,,2607.00
3016,1253,1,3,2900.00,,2900.00
3017,1253,2,3,2900.00,,2900.00
3018,1254,1,2,2607.00,,2607.00
3019,1254,2,2,2607.00,,2607.00
3020,1254,3,2,2607.00,,2607.00
3021,1255,1,4,3750.00,,3750.00
3022,1255,2,3,2900.00,,2900.00
3023,1256,1,3,2900.00,,2900.00
3024,1256,2,3,2900.00,,2900.00
3025,1257,1,2,2607.00,,2607.00
3026,1257,2,2,2607.00,,2607.00
3027,1257,3,2,2607.00,,2607.00
3028,1258,1,1,2200.00,,2200.00
3029,1258,2,1,2200.00,,2200.00
3030,1258,3,1,2200.00,,2200.00
3031,1259,1,2,2607.00,,2607.00
3032,1259,2,2,2607.00,,2607.00
3033,1259,3,2,2607.00,,2607.00
3034,1260,1,2,2607.00,,2607.00
3035,1260,2,2,2607.00,,2607.00
3036,1260,3,1,2200.00,,2200.00
3037,1260,4,2,2607.00,,2607.00
3038,1261,1,2,2607.00,,2607.00
3039,1261,2,2,2607.00,,2607.00
3040,1261,3,2,2607.00,,2607.00
3041,1262,1,3,2900.00,,2900.00
3042,1262,2,3,2900.00,,2900.00
3043,1263,1,1,2200.00,,2200.00
3044,1263,2,2,2607.00,,2607.00
3045,1263,3,2,2607.00,,2607.00
3046,1264,1,1,2200.00,,2200.00
3047,1264,2,1,2200.00,,2200.00
3048,1264,3,1,2200.00,,2200.00
3049,1264,4,1,2200.00,,2200.00
3050,1265,1,3,2900.00,,2900.00
3051,1265,2,4,3750.00,,3750.00
3052,1266,1,3,2900.00,,2900.00
3053,1266,2,3,2900.00,,2900.00
3054,1267,1,2,2607.00,,2607.00
3055,1267,2,2,2607.00,,2607.00
3056,1267,3,3,2900.00,,2900.00
3057,1268,1,3,2900.00,,2900.00
3058,1268,2,3,2900.00,,2900.00
3059,1268,3,3,2900.00,,2900.00
3060,1269,1,2,2607.00,,2607.00
3061,1269,2,2,2607.00,,2607.00
3062,1269,3,3,2900.00,,2900.00
3063,1270,1,1,2200.00,,2200.00
3064,1270,2,1,2200.00,,2200.00
3065,1270,3,1,2200.00,,2200.00
3066,1270,4,1,2200.00,,2200.00
3067,1271,1,1,2200.00,,2200.00
3068,1271,2,2,2607.00,,2607.00
3069,1271,3,1,2200.00,,2200.00
3070,1271,4,2,2607.00,,2607.00
3071,1272,1,3,2900.00,,2900.00
3072,1272,2,2,2607.00,,2607.00
3073,1273,1,2,2607.00,,2607.00
3074,1273,2,2,2607.00,,2607.00
3075,1274,1,3,2900.00,,2900.00
3076,1274,2,3,2900.00,,2900.00
3077,1275,1,2,2607.00,,2607.00
3078,1275,2,2,2607.00,,2607.00
3079,1275,3,2,2607.00,,2607.00
3080,1276,1,3,2900.00,,2900.00
3081,1276,2,2,2607.00,,2607.00
3082,1277,1,4,3750.00,,3750.00
3083,1277,2,3,2900.00,,2900.00
3084,1278,1,1,2200.00,,2200.00
3085,1278,2,1,2200.00,,2200.00
3086,1278,3,1,2200.00,,2200.00
3087,1278,4,1,2200.00,,2200.00
3088,1278,5,1,2200.00,,2200.00
3089,1278,6,1,2200.00,,2200.00
3090,1279,1,4,3750.00,,3750.00
3091,1279,2,4,3750.00,,3750.00
3092,1280,1,2,2607.00,,2607.00
3093,1280,2,3,2900.00,,2900.00
3094,1280,3,3,2900.00,,2900.00
3095,1281,1,3,2900.00,,2900.00
3096,1281,2,2,2607.00,,2607.00
3097,1281,3,2,2607.00,,2607.00
3098,1282,1,2,2607.00,,2607.00
3099,1282,2,2,2607.00,,2607.00
3100,1282,3,2,2607.00,,2607.00
3101,1283,1,3,2900.00,,2900.00
3102,1283,2,2,2607.00,,2607.00
3103,1284,1,3,2900.00,,2900.00
3104,1284,2,2,2607.00,,2607.00
3105,1285,1,3,2900.00,,2900.00
3106,1285,2,2,2607.00,,2607.00
3107,1286,1,3,2900.00,,2900.00
3108,1286,2,2,2607.00,,2607.00
3109,1287,1,3,2900.00,,2900.00
3110,1287,2,3,2900.00,,2900.00
3111,1288,1,2,2607.00,,2607.00
3112,1288,2,1,2200.00,,2200.00
3113,1288,3,1,2200.00,,2200.00
3114,1289,1,3,2900.00,,2900.00
3115,1289,2,3,2900.00,,2900.00
3116,1290,1,1,2200.00,,2200.00
3117,1290,2,1,2200.00,,2200.00
3118,1291,1,4,3750.00,,3750.00
3119,1291,2,3,2900.00,,2900.00
3120,1292,1,2,2607.00,,2607.00
3121,1292,2,3,2900.00,,2900.00
3122,1292,3,2,2607.00,,2607.00
3123,1293,1,1,2200.00,,2200.00
3124,1293,2,1,2200.00,,2200.00
3125,1294,1,3,2900.00,,2900.00
3126,1294,2,3,2900.00,,2900.00
3127,1294,3,4,3750.00,,3750.00
3128,1294,4,4,3750.00,,3750.00
3129,1295,1,3,2900.00,,2900.00
3130,1295,2,3,2900.00,,2900.00
3131,1295,3,3,2900.00,,2900.00
3132,1296,1,1,2200.00,,2200.00
3133,1296,2,1,2200.00,,2200.00
3134,1296,3,1,2200.00,,2200.00
3135,1296,4,2,2607.00,,2607.00
3136,1296,5,2,2607.00,,2607.00
3137,1297,1,2,2607.00,,2607.00
3138,1297,2,1,2200.00,,2200.00
3139,1297,3,2,2607.00,,2607.00
3140,1297,4,2,2607.00,,2607.00
3141,1298,1,3,2900.00,,2900.00
3142,1298,2,4,3750.00,,3750.00
3143,1299,1,3,2900.00,,2900.00
3144,1299,2,3,2900.00,,2900.00
3145,1300,1,2,2607.00,,2607.00
3146,1300,2,2,2607.00,,2607.00
3147,1300,3,2,2607.00,,2607.00
3148,1300,4,2,2607.00,,2607.00
3149,1301,1,3,2900.00,,2900.00
3150,1301,2,3,2900.00,,2900.00
3151,1301,3,3,2900.00,,2900.00
3152,1302,1,3,2900.00,,2900.00
3153,1302,2,3,2900.00,,2900.00
3154,1303,1,2,2607.00,,2607.00
3155,1303,2,2,2607.00,,2607.00
3156,1303,3,2,2607.00,,2607.00
3157,1304,1,3,2900.00,,2900.00
3158,1304,2,3,2900.00,,2900.00
3159,1305,1,3,2900.00,,2900.00
3160,1305,2,3,2900.00,,2900.00
3161,1306,1,2,2607.00,,2607.00
3162,1306,2,2,2607.00,,2607.00
3163,1307,1,1,2200.00,,2200.00
3164,1307,2,2,2607.00,,2607.00
3165,1307,3,2,2607.00,,2607.00
3166,1308,1,2,2607.00,,2607.00
3167,1308,2,2,2607.00,,2607.00
3168,1308,3,2,2607.00,,2607.00
3169,1309,1,2,2607.00,,2607.00
3170,1309,2,2,2607.00,,2607.00
3171,1309,3,2,2607.00,,2607.00
3172,1310,1,2,2607.00,,2607.00
3173,1310,2,2,2607.00,,2607.00
3174,1310,3,2,2607.00,,2607.00
3175,1311,1,2,2607.00,,2607.00
3176,1311,2,2,2607.00,,2607.00
3177,1311,3,1,2200.00,,2200.00
3178,1312,1,2,2607.00,,2607.00
3179,1312,2,1,2200.00,,2200.00
3180,1312,3,1,2200.00,,2200.00
3181,1313,1,3,2900.00,,2900.00
3182,1313,2,3,2900.00,,2900.00
3183,1314,1,3,2900.00,,2900.00
3184,1314,2,2,2607.00,,2607.00
3185,1315,1,3,2900.00,,2900.00
3186,1315,2,3,2900.00,,2900.00
3187,1315,3,3,2900.00,,2900.00
3188,1315,4,3,2900.00,,2900.00
3189,1316,1,3,2900.00,,2900.00
3190,1316,2,3,2900.00,,2900.00
3191,1317,1,2,2607.00,,2607.00
3192,1317,2,2,2607.00,,2607.00
3193,1317,3,2,2607.00,,2607.00
3194,1317,4,2,2607.00,,2607.00
3195,1317,5,2,2607.00,,2607.00
3196,1317,6,2,2607.00,,2607.00
3197,1318,1,5,4600.00,,4600.00
3198,1318,2,5,4600.00,,4600.00
3199,1319,1,3,2900.00,,2900.00
3200,1319,2,3,2900.00,,2900.00
3201,1320,1,3,2900.00,,2900.00
3202,1320,2,3,2900.00,,2900.00
3203,1320,3,3,2900.00,,2900.00
3204,1320,4,3,2900.00,,2900.00
3205,1321,1,4,3750.00,,3750.00
3206,1321,2,3,2900.00,,2900.00
3207,1322,1,1,2200.00,,2200.00
3208,1322,2,2,2607.00,,2607.00
3209,1322,3,2,2607.00,,2607.00
3210,1322,4,2,2607.00,,2607.00
3211,1323,1,2,2607.00,,2607.00
3212,1323,2,2,2607.00,,2607.00
3213,1323,3,2,2607.00,,2607.00
3214,1324,1,3,2900.00,,2900.00
3215,1324,2,2,2607.00,,2607.00
3216,1325,1,2,2607.00,,2607.00
3217,1325,2,2,2607.00,,2607.00
3218,1325,3,2,2607.00,,2607.00
3219,1326,1,3,2900.00,,2900.00
3220,1326,2,3,2900.00,,2900.00
3221,1327,1,3,2900.00,,2900.00
3222,1327,2,3,2900.00,,2900.00
3223,1327,3,2,2607.00,,2607.00
3224,1328,1,2,2607.00,,2607.00
3225,1328,2,2,2607.00,,2607.00
3226,1328,3,2,2607.00,,2607.00
3227,1328,4,2,2607.00,,2607.00
3228,1329,1,2,2607.00,,2607.00
3229,1329,2,3,2900.00,,2900.00
3230,1329,3,2,2607.00,,2607.00
3231,1330,1,4,3750.00,,3750.00
3232,1330,2,4,3750.00,,3750.00
3233,1331,1,2,2607.00,,2607.00
3234,1331,2,2,2607.00,,2607.00
3235,1331,3,2,2607.00,,2607.00
3236,1331,4,2,2607.00,,2607.00
3237,1332,1,2,2607.00,,2607.00
3238,1332,2,2,2607.00,,2607.00
3239,1332,3,3,2900.00,,2900.00
3240,1333,1,3,2900.00,,2900.00
3241,1333,2,3,2900.00,,2900.00
3242,1333,3,3,2900.00,,2900.00
3243,1334,1,2,2607.00,,2607.00
3244,1334,2,2,2607.00,,2607.00
3245,1334,3,2,2607.00,,2607.00
3246,1335,1,2,2607.00,,2607.00
3247,1335,2,3,2900.00,,2900.00
3248,1336,1,0,1900.00,,1900.00
3249,1336,2,0,1900.00,,1900.00
3250,1336,3,0,1900.00,,1900.00
3251,1336,4,0,1900.00,,1900.00
3252,1337,1,1,2200.00,,2200.00
3253,1337,2,1,2200.00,,2200.00
3254,1337,3,1,2200.00,,2200.00
3255,1338,1,2,2607.00,,2607.00
3256,1338,2,2,2607.00,,2607.00
3257,1339,1,2,2607.00,,2607.00
3258,1339,2,3,2900.00,,2900.00
3259,1340,1,2,2607.00,,2607.00
3260,1340,2,2,2607.00,,2607.00
3261,1341,1,2,2607.00,,2607.00
3262,1341,2,3,2900.00,,2900.00
3263,1342,1,2,2607.00,,2607.00
3264,1342,2,2,2607.00,,2607.00
3265,1343,1,3,2900.00,,2900.00
3266,1343,2,3,2900.00,,2900.00
3267,1344,1,3,2900.00,,2900.00
3268,1344,2,2,2607.00,,2607.00
3269,1345,1,3,2900.00,,2900.00
3270,1345,2,3,2900.00,,2900.00
3271,1345,3,3,2900.00,,2900.00
3272,1346,1,3,2900.00,,2900.00
3273,1346,2,2,2607.00,,2607.00
3274,1347,1,4,3750.00,,3750.00
3275,1347,2,4,3750.00,,3750.00
3276,1347,3,3,2900.00,,2900.00
3277,1348,1,3,2900.00,,2900.00
3278,1348,2,3,2900.00,,2900.00
3279,1348,3,3,2900.00,,2900.00
3280,1349,1,4,3750.00,,3750.00
3281,1349,2,4,3750.00,,3750.00
3282,1350,1,4,3750.00,,3750.00
3283,1350,2,3,2900.00,,2900.00
3284,1351,1,3,2900.00,,2900.00
3285,1351,2,3,2900.00,,2900.00
3286,1352,1,3,2900.00,,2900.00
3287,1352,2,4,3750.00,,3750.00
3288,1353,1,3,2900.00,,2900.00
3289,1353,2,3,2900.00,,2900.00
3290,1354,1,3,2900.00,,2900.00
3291,1354,2,2,2607.00,,2607.00
3292,1355,1,1,2200.00,,2200.00
3293,1355,2,2,2607.00,,2607.00
3294,1355,3,1,2200.00,,2200.00
3295,1356,1,1,2200.00,,2200.00
3296,1356,2,1,2200.00,,2200.00
3297,1356,3,1,2200.00,,2200.00
3298,1357,1,1,2200.00,,2200.00
3299,1357,2,1,2200.00,,2200.00
3300,1357,3,1,2200.00,,2200.00
3301,1358,1,3,2900.00,,2900.00
3302,1358,2,3,2900.00,,2900.00
3303,1359,1,2,2607.00,,2607.00
3304,1359,2,2,2607.00,,2607.00
3305,1360,1,1,2200.00,,2200.00
3306,1360,2,2,2607.00,,2607.00
3307,1361,1,3,2900.00,,2900.00
3308,1361,2,3,2900.00,,2900.00
3309,1362,1,2,2607.00,,2607.00
3310,1362,2,2,2607.00,,2607.00
3311,1363,1,3,2900.00,,2900.00
3312,1363,2,3,2900.00,,2900.00
3313,1364,1,2,2607.00,,2607.00
3314,1364,2,1,2200.00,,2200.00
3315,1365,1,1,2200.00,,2200.00
3316,1365,2,1,2200.00,,2200.00
3317,1365,3,2,2607.00,,2607.00
3318,1365,4,1,2200.00,,2200.00
3319,1365,5,1,2200.00,,2200.00
3320,1366,1,3,2900.00,,2900.00
3321,1366,2,4,3750.00,,3750.00
3322,1367,1,3,2900.00,,2900.00
3323,1367,2,3,2900.00,,2900.00
3324,1367,3,3,2900.00,,2900.00
3325,1367,4,3,2900.00,,2900.00
3326,1368,1,3,2900.00,,2900.00
3327,1368,2,3,2900.00,,2900.00
3328,1369,1,2,2607.00,,2607.00
3329,1369,2,3,2900.00,,2900.00
3330,1370,1,3,2900.00,,2900.00
3331,1370,2,3,2900.00,,2900.00
3332,1371,1,2,2607.00,,2607.00
3333,1371,2,2,2607.00,,2607.00
3334,1371,3,2,2607.00,,2607.00
3335,1372,1,3,2900.00,,2900.00
3336,1372,2,3,2900.00,,2900.00
3337,1373,1,1,2200.00,,2200.00
3338,1373,2,1,2200.00,,2200.00
3339,1373,3,2,2607.00,,2607.00
3340,1374,1,4,3750.00,,3750.00
3341,1374,2,5,4600.00,,4600.00
3342,1375,1,3,2900.00,,2900.00
3343,1375,2,3,2900.00,,2900.00
3344,1376,1,3,2900.00,,2900.00
3345,1376,2,3,2900.00,,2900.00
3346,1376,3,2,2607.00,,2607.00
3347,1376,4,2,2607.00,,2607.00
3348,1376,5,3,2900.00,,2900.00
3349,1376,6,3,2900.00,,2900.00
3350,1376,7,3,2900.00,,2900.00
3351,1377,1,1,2200.00,,2200.00
3352,1377,2,2,2607.00,,2607.00
3353,1377,3,2,2607.00,,2607.00
3354,1378,1,3,2900.00,,2900.00
3355,1378,2,3,2900.00,,2900.00
3356,1379,1,2,2607.00,,2607.00
3357,1379,2,2,2607.00,,2607.00
3358,1380,1,2,2607.00,,2607.00
3359,1380,2,2,2607.00,,2607.00
3360,1381,1,2,2607.00,,2607.00
3361,1381,2,2,2607.00,,2607.00
3362,1382,1,3,2900.00,,2900.00
3363,1382,2,3,2900.00,,2900.00
3364,1383,1,3,2900.00,,2900.00
3365,1383,2,3,2900.00,,2900.00
3366,1383,3,2,2607.00,,2607.00
3367,1384,1,2,2607.00,,2607.00
3368,1384,2,2,2607.00,,2607.00
3369,1384,3,2,2607.00,,2607.00
3370,1384,4,2,2607.00,,2607.00
3371,1385,1,3,2900.00,,2900.00
3372,1385,2,3,2900.00,,2900.00
3373,1386,1,3,2900.00,,2900.00
3374,1386,2,3,2900.00,,2900.00
3375,1387,1,3,2900.00,,2900.00
3376,1387,2,3,2900.00,,2900.00
3377,1388,1,2,2607.00,,2607.00
3378,1388,2,2,2607.00,,2607.00
3379,1388,3,2,2607.00,,2607.00
3380,1389,1,5,4600.00,,4600.00
3381,1389,2,4,3750.00,,3750.00
3382,1390,1,2,2607.00,,2607.00
3383,1390,2,3,2900.00,,2900.00
3384,1390,3,3,2900.00,,2900.00
3385,1391,1,3,2900.00,,2900.00
3386,1391,2,3,2900.00,,2900.00
3387,1391,3,3,2900.00,,2900.00
3388,1392,1,1,2200.00,,2200.00
3389,1392,2,1,2200.00,,2200.00
3390,1392,3,2,2607.00,,2607.00
3391,1392,4,1,2200.00,,2200.00
3392,1393,1,3,2900.00,,2900.00
3393,1393,2,4,3750.00,,3750.00
3394,1394,1,1,2200.00,,2200.00
3395,1394,2,1,2200.00,,2200.00
3396,1394,3,1,2200.00,,2200.00
3397,1394,4,1,2200.00,,2200.00
3398,1394,5,1,2200.00,,2200.00
3399,1395,1,2,2607.00,,2607.00
3400,1395,2,1,2200.00,,2200.00
3401,1395,3,2,2607.00,,2607.00
3402,1395,4,1,2200.00,,2200.00
3403,1395,5,2,2607.00,,2607.00
3404,1396,1,3,2900.00,,2900.00
3405,1396,2,2,2607.00,,2607.00
3406,1396,3,2,2607.00,,2607.00
3407,1396,4,2,2607.00,,2607.00
3408,1397,1,3,2900.00,,2900.00
3409,1397,2,2,2607.00,,2607.00
3410,1397,3,2,2607.00,,2607.00
3411,1398,1,2,2607.00,,2607.00
3412,1398,2,2,2607.00,,2607.00
3413,1398,3,2,2607.00,,2607.00
3414,1398,4,2,2607.00,,2607.00
3415,1399,1,3,2900.00,,2900.00
3416,1399,2,3,2900.00,,2900.00
3417,1400,1,3,2900.00,,2900.00
3418,1400,2,4,3750.00,,3750.00
3419,1400,3,3,2900.00,,2900.00
3420,1401,1,4,3750.00,,3750.00
3421,1401,2,3,2900.00,,2900.00
3422,1402,1,3,2900.00,,2900.00
3423,1402,2,3,2900.00,,2900.00
3424,1402,3,2,2607.00,,2607.00
3425,1403,1,3,2900.00,,2900.00
3426,1403,2,3,2900.00,,2900.00
3427,1404,1,3,2900.00,,2900.00
3428,1404,2,3,2900.00,,2900.00
3429,1405,1,0,1900.00,,1900.00
3430,1405,2,1,2200.00,,2200.00
3431,1405,3,0,1900.00,,1900.00
3432,1405,4,1,2200.00,,2200.00
3433,1405,5,1,2200.00,,2200.00
3434,1405,6,1,2200.00,,2200.00
3435,1405,7,1,2200.00,,2200.00
3436,1405,8,0,1900.00,,1900.00
3437,1406,1,2,2607.00,,2607.00
3438,1406,2,2,2607.00,,2607.00
3439,1406,3,2,2607.00,,2607.00
3440,1407,1,2,2607.00,,2607.00
3441,1407,2,2,2607.00,,2607.00
3442,1407,3,2,2607.00,,2607.00
3443,1408,1,3,2900.00,,2900.00
3444,1408,2,4,3750.00,,3750.00
3445,1408,3,3,2900.00,,2900.00
3446,1408,4,3,2900.00,,2900.00
3447,1409,1,2,2607.00,,2607.00
3448,1409,2,2,2607.00,,2607.00
3449,1409,3,3,2900.00,,2900.00
3450,1410,1,1,2200.00,,2200.00
3451,1410,2,2,2607.00,,2607.00
3452,1410,3,1,2200.00,,2200.00
3453,1410,4,2,2607.00,,2607.00
3454,1411,1,4,3750.00,,3750.00
3455,1411,2,3,2900.00,,2900.00
3456,1412,1,2,2607.00,,2607.00
3457,1412,2,2,2607.00,,2607.00
3458,1412,3,2,2607.00,,2607.00
3459,1412,4,2,2607.00,,2607.00
3460,1413,1,2,2607.00,,2607.00
3461,1413,2,2,2607.00,,2607.00
3462,1414,1,2,2607.00,,2607.00
3463,1414,2,2,2607.00,,2607.00
3464,1415,1,2,2607.00,,2607.00
3465,1415,2,3,2900.00,,2900.00
3466,1416,1,3,2900.00,,2900.00
3467,1416,2,3,2900.00,,2900.00
3468,1417,1,2,2607.00,,2607.00
3469,1417,2,2,2607.00,,2607.00
3470,1418,1,3,2900.00,,2900.00
3471,1418,2,2,2607.00,,2607.00
3472,1418,3,3,2900.00,,2900.00
3473,1418,4,3,2900.00,,2900.00
3474,1419,1,2,2607.00,,2607.00
3475,1419,2,3,2900.00,,2900.00
3476,1419,3,3,2900.00,,2900.00
3477,1419,4,3,2900.00,,2900.00
3478,1419,5,3,2900.00,,2900.00
3479,1420,1,2,2607.00,,2607.00
3480,1420,2,2,2607.00,,2607.00
3481,1420,3,2,2607.00,,2607.00
3482,1421,1,2,2607.00,,2607.00
3483,1421,2,1,2200.00,,2200.00
3484,1421,3,1,2200.00,,2200.00
3485,1421,4,2,2607.00,,2607.00
3486,1421,5,1,2200.00,,2200.00
3487,1422,1,2,2607.00,,2607.00
3488,1422,2,2,2607.00,,2607.00
3489,1422,3,2,2607.00,,2607.00
3490,1422,4,2,2607.00,,2607.00
3491,1422,5,2,2607.00,,2607.00
3492,1422,6,2,2607.00,,2607.00
3493,1422,7,2,2607.00,,2607.00
3494,1422,8,2,2607.00,,2607.00
3495,1423,1,2,2607.00,,2607.00
3496,1423,2,2,2607.00,,2607.00
3497,1423,3,2,2607.00,,2607.00
3498,1423,4,2,2607.00,,2607.00
3499,1423,5,2,2607.00,,2607.00
3500,1423,6,2,2607.00,,2607.00
3501,1424,1,4,3750.00,,3750.00
3502,1424,2,4,3750.00,,3750.00
3503,1425,1,2,2607.00,,2607.00
3504,1425,2,2,2607.00,,2607.00
3505,1425,3,2,2607.00,,2607.00
3506,1426,1,3,2900.00,,2900.00
3507,1426,2,3,2900.00,,2900.00
3508,1426,3,2,2607.00,,2607.00
3509,1427,1,2,2607.00,,2607.00
3510,1427,2,2,2607.00,,2607.00
3511,1427,3,2,2607.00,,2607.00
3512,1428,1,3,2900.00,,2900.00
3513,1428,2,3,2900.00,,2900.00
3514,1429,1,2,2607.00,,2607.00
3515,1429,2,1,2200.00,,2200.00
3516,1429,3,1,2200.00,,2200.00
3517,1429,4,1,2200.00,,2200.00
3518,1430,1,3,2900.00,,2900.00
3519,1430,2,2,2607.00,,2607.00
3520,1431,1,2,2607.00,,2607.00
3521,1431,2,3,2900.00,,2900.00
3522,1431,3,2,2607.00,,2607.00
3523,1432,1,3,2900.00,,2900.00
3524,1432,2,2,2607.00,,2607.00
3525,1433,1,3,2900.00,,2900.00
3526,1433,2,4,3750.00,,3750.00
3527,1434,1,3,2900.00,,2900.00
3528,1434,2,4,3750.00,,3750.00
3529,1435,1,4,3750.00,,3750.00
3530,1435,2,4,3750.00,,3750.00
3531,1436,1,2,2607.00,,2607.00
3532,1436,2,2,2607.00,,2607.00
3533,1436,3,2,2607.00,,2607.00
3534,1437,1,3,2900.00,,2900.00
3535,1437,2,3,2900.00,,2900.00
3536,1437,3,3,2900.00,,2900.00
3537,1438,1,2,2607.00,,2607.00
3538,1438,2,2,2607.00,,2607.00
3539,1438,3,2,2607.00,,2607.00
3540,1439,1,3,2900.00,,2900.00
3541,1439,2,2,2607.00,,2607.00
3542,1440,1,3,2900.00,,2900.00
3543,1440,2,2,2607.00,,2607.00
3544,1441,1,3,2900.00,,2900.00
3545,1441,2,3,2900.00,,2900.00
3546,1442,1,3,2900.00,,2900.00
3547,1442,2,3,2900.00,,2900.00
3548,1443,1,4,3750.00,,3750.00
3549,1443,2,4,3750.00,,3750.00
3550,1444,1,3,2900.00,,2900.00
3551,1444,2,3,2900.00,,2900.00
3552,1445,1,4,3750.00,,3750.00
3553,1445,2,4,3750.00,,3750.00
3554,1446,1,4,3750.00,,3750.00
3555,1446,2,4,3750.00,,3750.00
3556,1447,1,3,2900.00,,2900.00
3557,1447,2,4,3750.00,,3750.00
3558,1448,1,4,3750.00,,3750.00
3559,1448,2,3,2900.00,,2900.00
3560,1449,1,3,2900.00,,2900.00
3561,1449,2,3,2900.00,,2900.00
3562,1449,3,3,2900.00,,2900.00
3563,1450,1,2,2607.00,,2607.00
3564,1450,2,2,2607.00,,2607.00
3565,1451,1,3,2900.00,,2900.00
3566,1451,2,3,2900.00,,2900.00
3567,1452,1,3,2900.00,,2900.00
3568,1452,2,2,2607.00,,2607.00
3569,1453,1,3,2900.00,,2900.00
3570,1453,2,4,3750.00,,3750.00
3571,1454,1,3,2900.00,,2900.00
3572,1454,2,3,2900.00,,2900.00
3573,1455,1,3,2900.00,,2900.00
3574,1455,2,4,3750.00,,3750.00
3575,1456,1,2,2607.00,,2607.00
3576,1456,2,2,2607.00,,2607.00
3577,1456,3,2,2607.00,,2607.00
3578,1457,1,3,2900.00,,2900.00
3579,1457,2,4,3750.00,,3750.00
3580,1458,1,3,2900.00,,2900.00
3581,1458,2,3,2900.00,,2900.00
3582,1459,1,3,2900.00,,2900.00
3583,1459,2,3,2900.00,,2900.00
3584,1459,3,3,2900.00,,2900.00
3585,1460,1,2,2607.00,,2607.00
3586,1460,2,2,2607.00,,2607.00
3587,1460,3,2,2607.00,,2607.00
3588,1460,4,2,2607.00,,2607.00
3589,1461,1,2,2607.00,,2607.00
3590,1461,2,2,2607.00,,2607.00
3591,1461,3,3,2900.00,,2900.00
3592,1462,1,3,2900.00,,2900.00
3593,1462,2,3,2900.00,,2900.00
3594,1462,3,3,2900.00,,2900.00
3595,1463,1,1,2200.00,,2200.00
3596,1463,2,1,2200.00,,2200.00
3597,1463,3,1,2200.00,,2200.00
3598,1463,4,1,2200.00,,2200.00
3599,1464,1,2,2607.00,,2607.00
3600,1464,2,2,2607.00,,2607.00
3601,1464,3,2,2607.00,,2607.00
3602,1465,1,2,2607.00,,2607.00
3603,1465,2,2,2607.00,,2607.00
3604,1465,3,2,2607.00,,2607.00
3605,1466,1,3,2900.00,,2900.00
3606,1466,2,3,2900.00,,2900.00
3607,1467,1,3,2900.00,,2900.00
3608,1467,2,2,2607.00,,2607.00
3609,1467,3,2,2607.00,,2607.00
3610,1467,4,2,2607.00,,2607.00
3611,1468,1,3,2900.00,,2900.00
3612,1468,2,3,2900.00,,2900.00
3613,1469,1,2,2607.00,,2607.00
3614,1469,2,1,2200.00,,2200.00
3615,1469,3,1,2200.00,,2200.00
3616,1469,4,2,2607.00,,2607.00
3617,1470,1,3,2900.00,,2900.00
3618,1470,2,2,2607.00,,2607.00
3619,1470,3,3,2900.00,,2900.00
3620,1471,1,3,2900.00,,2900.00
3621,1471,2,3,2900.00,,2900.00
3622,1472,1,1,2200.00,,2200.00
3623,1472,2,2,2607.00,,2607.00
3624,1472,3,2,2607.00,,2607.00
3625,1473,1,3,2900.00,,2900.00
3626,1473,2,3,2900.00,,2900.00
3627,1473,3,2,2607.00,,2607.00
3628,1474,1,4,3750.00,,3750.00
3629,1474,2,3,2900.00,,2900.00
3630,1475,1,3,2900.00,,2900.00
3631,1475,2,3,2900.00,,2900.00
3632,1476,1,1,2200.00,,2200.00
3633,1476,2,1,2200.00,,2200.00
3634,1476,3,1,2200.00,,2200.00
3635,1476,4,1,2200.00,,2200.00
3636,1476,5,1,2200.00,,2200.00
3637,1476,6,1,2200.00,,2200.00
3638,1477,1,2,2607.00,,2607.00
3639,1477,2,2,2607.00,,2607.00
3640,1477,3,1,2200.00,,2200.00
3641,1477,4,1,2200.00,,2200.00
3642,1478,1,1,2200.00,,2200.00
3643,1478,2,2,2607.00,,2607.00
3644,1478,3,2,2607.00,,2607.00
3645,1478,4,2,2607.00,,2607.00
3646,1479,1,3,2900.00,,2900.00
3647,1479,2,4,3750.00,,3750.00
3648,1480,1,4,3750.00,,3750.00
3649,1480,2,3,2900.00,,2900.00
3650,1481,1,4,3750.00,,3750.00
3651,1481,2,3,2900.00,,2900.00
3652,1482,1,3,2900.00,,2900.00
3653,1482,2,3,2900.00,,2900.00
3654,1483,1,4,3750.00,,3750.00
3655,1483,2,4,3750.00,,3750.00
3656,1484,1,3,2900.00,,2900.00
3657,1484,2,3,2900.00,,2900.00
3658,1484,3,3,2900.00,,2900.00
3659,1485,1,3,2900.00,,2900.00
3660,1485,2,3,2900.00,,2900.00
3661,1486,1,2,2607.00,,2607.00
3662,1486,2,2,2607.00,,2607.00
3663,1486,3,3,2900.00,,2900.00
3664,1486,4,3,2900.00,,2900.00
3665,1487,1,2,2607.00,,2607.00
3666,1487,2,2,2607.00,,2607.00
3667,1487,3,2,2607.00,,2607.00
3668,1488,1,4,3750.00,,3750.00
3669,1488,2,4,3750.00,,3750.00
3670,1489,1,3,2900.00,,2900.00
3671,1489,2,3,2900.00,,2900.00
3672,1490,1,2,2607.00,,2607.00
3673,1490,2,1,2200.00,,2200.00
3674,1491,1,4,3750.00,,3750.00
3675,1491,2,3,2900.00,,2900.00
3676,1492,1,2,2607.00,,2607.00
3677,1492,2,3,2900.00,,2900.00
3678,1493,1,3,2900.00,,2900.00
3679,1493,2,2,2607.00,,2607.00
3680,1493,3,2,2607.00,,2607.00
3681,1494,1,1,2200.00,,2200.00
3682,1494,2,1,2200.00,,2200.00
3683,1494,3,1,2200.00,,2200.00
3684,1495,1,2,2607.00,,2607.00
3685,1495,2,3,2900.00,,2900.00
3686,1496,1,4,3750.00,,3750.00
3687,1496,2,3,2900.00,,2900.00
3688,1497,1,4,3750.00,,3750.00
3689,1497,2,3,2900.00,,2900.00
3690,1498,1,1,2200.00,,2200.00
3691,1498,2,2,2607.00,,2607.00
3692,1498,3,1,2200.00,,2200.00
3693,1499,1,3,2900.00,,2900.00
3694,1499,2,3,2900.00,,2900.00
3695,1500,1,2,2607.00,,2607.00
3696,1500,2,2,2607.00,,2607.00
3697,1500,3,2,2607.00,,2607.00
3698,1501,1,0,1900.00,,1900.00
3699,1501,2,0,1900.00,,1900.00
3700,1502,1,2,2607.00,,2607.00
3701,1502,2,3,2900.00,,2900.00
3702,1503,1,3,2900.00,,2900.00
3703,1503,2,3,2900.00,,2900.00
3704,1503,3,3,2900.00,,2900.00
3705,1504,1,2,2607.00,,2607.00
3706,1504,2,2,2607.00,,2607.00
3707,1505,1,3,2900.00,,2900.00
3708,1505,2,2,2607.00,,2607.00
3709,1505,3,3,2900.00,,2900.00
3710,1506,1,3,2900.00,,2900.00
3711,1506,2,3,2900.00,,2900.00
3712,1506,3,3,2900.00,,2900.00
3713,1506,4,3,2900.00,,2900.00
3714,1507,1,2,2607.00,,2607.00
3715,1507,2,2,2607.00,,2607.00
3716,1507,3,2,2607.00,,2607.00
3717,1508,1,2,2607.00,,2607.00
3718,1508,2,2,2607.00,,2607.00
3719,1508,3,2,2607.00,,2607.00
3720,1509,1,3,2900.00,,2900.00
3721,1509,2,3,2900.00,,2900.00
3722,1510,1,1,2200.00,,2200.00
3723,1510,2,1,2200.00,,2200.00
3724,1510,3,2,2607.00,,2607.00
3725,1511,1,2,2607.00,,2607.00
3726,1511,2,2,2607.00,,2607.00
3727,1511,3,3,2900.00,,2900.00
3728,1512,1,2,2607.00,,2607.00
3729,1512,2,2,2607.00,,2607.00
3730,1513,1,3,2900.00,,2900.00
3731,1513,2,2,2607.00,,2607.00
3732,1513,3,3,2900.00,,2900.00
3733,1514,1,2,2607.00,,2607.00
3734,1514,2,2,2607.00,,2607.00
3735,1515,1,2,2607.00,,2607.00
3736,1515,2,2,2607.00,,2607.00
3737,1515,3,2,2607.00,,2607.00
3738,1516,1,2,2607.00,,2607.00
3739,1516,2,2,2607.00,,2607.00
3740,1517,1,2,2607.00,,2607.00
3741,1517,2,2,2607.00,,2607.00
3742,1517,3,1,2200.00,,2200.00
3743,1518,1,2,2607.00,,2607.00
3744,1518,2,3,2900.00,,2900.00
3745,1519,1,2,2607.00,,2607.00
3746,1519,2,2,2607.00,,2607.00
3747,1519,3,2,2607.00,,2607.00
3748,1520,1,3,2900.00,,2900.00
3749,1520,2,3,2900.00,,2900.00
3750,1521,1,2,2607.00,,2607.00
3751,1521,2,2,2607.00,,2607.00
3752,1521,3,2,2607.00,,2607.00
3753,1522,1,2,2607.00,,2607.00
3754,1522,2,1,2200.00,,2200.00
3755,1522,3,1,2200.00,,2200.00
3756,1522,4,1,2200.00,,2200.00
3757,1523,1,3,2900.00,,2900.00
3758,1523,2,3,2900.00,,2900.00
3759,1523,3,3,2900.00,,2900.00
3760,1524,1,1,2200.00,,2200.00
3761,1524,2,1,2200.00,,2200.00
3762,1524,3,1,2200.00,,2200.00
3763,1524,4,0,1900.00,,1900.00
3764,1524,5,0,1900.00,,1900.00
3765,1524,6,0,1900.00,,1900.00
3766,1525,1,2,2607.00,,2607.00
3767,1525,2,1,2200.00,,2200.00
3768,1526,1,2,2607.00,,2607.00
3769,1526,2,3,2900.00,,2900.00
3770,1527,1,3,2900.00,,2900.00
3771,1527,2,3,2900.00,,2900.00
3772,1528,1,3,2900.00,,2900.00
3773,1528,2,3,2900.00,,2900.00
3774,1528,3,3,2900.00,,2900.00
3775,1529,1,3,2900.00,,2900.00
3776,1529,2,3,2900.00,,2900.00
3777,1530,1,3,2900.00,,2900.00
3778,1530,2,4,3750.00,,3750.00
3779,1531,1,4,3750.00,,3750.00
3780,1531,2,3,2900.00,,2900.00
3781,1532,1,3,2900.00,,2900.00
3782,1532,2,3,2900.00,,2900.00
3783,1533,1,3,2900.00,,2900.00
3784,1533,2,3,2900.00,,2900.00
3785,1534,1,2,2607.00,,2607.00
3786,1534,2,2,2607.00,,2607.00
3787,1535,1,1,2200.00,,2200.00
3788,1535,2,1,2200.00,,2200.00
3789,1536,1,3,2900.00,,2900.00
3790,1536,2,2,2607.00,,2607.00
3791,1537,1,3,2900.00,,2900.00
3792,1537,2,2,2607.00,,2607.00
3793,1538,1,2,2607.00,,2607.00
3794,1538,2,2,2607.00,,2607.00
3795,1539,1,2,2607.00,,2607.00
3796,1539,2,2,2607.00,,2607.00
3797,1539,3,2,2607.00,,2607.00
3798,1540,1,2,2607.00,,2607.00
3799,1540,2,3,2900.00,,2900.00
3800,1540,3,3,2900.00,,2900.00
3801,1541,1,3,2900.00,,2900.00
3802,1541,2,2,2607.00,,2607.00
3803,1541,3,3,2900.00,,2900.00
3804,1542,1,1,2200.00,,2200.00
3805,1542,2,1,2200.00,,2200.00
3806,1542,3,2,2607.00,,2607.00
3807,1543,1,4,3750.00,,3750.00
3808,1543,2,4,3750.00,,3750.00
3809,1544,1,3,2900.00,,2900.00
3810,1544,2,3,2900.00,,2900.00
3811,1545,1,2,2607.00,,2607.00
3812,1545,2,2,2607.00,,2607.00
3813,1545,3,2,2607.00,,2607.00
3814,1546,1,5,4600.00,,4600.00
3815,1546,2,5,4600.00,,4600.00
3816,1547,1,3,2900.00,,2900.00
3817,1547,2,4,3750.00,,3750.00
3818,1548,1,3,2900.00,,2900.00
3819,1548,2,3,2900.00,,2900.00
3820,1549,1,3,2900.00,,2900.00
3821,1549,2,2,2607.00,,2607.00
3822,1549,3,2,2607.00,,2607.00
3823,1549,4,2,2607.00,,2607.00
3824,1550,1,2,2607.00,,2607.00
3825,1550,2,3,2900.00,,2900.00
3826,1551,1,2,2607.00,,2607.00
3827,1551,2,2,2607.00,,2607.00
3828,1551,3,2,2607.00,,2607.00
3829,1552,1,4,3750.00,,3750.00
3830,1552,2,3,2900.00,,2900.00
3831,1553,1,4,3750.00,,3750.00
3832,1553,2,4,3750.00,,3750.00
3833,1554,1,3,2900.00,,2900.00
3834,1554,2,2,2607.00,,2607.00
3835,1554,3,2,2607.00,,2607.00
3836,1555,1,3,2900.00,,2900.00
3837,1555,2,3,2900.00,,2900.00
3838,1555,3,2,2607.00,,2607.00
3839,1556,1,2,2607.00,,2607.00
3840,1556,2,2,2607.00,,2607.00
3841,1556,3,2,2607.00,,2607.00
3842,1557,1,3,2900.00,,2900.00
3843,1557,2,3,2900.00,,2900.00
3844,1557,3,3,2900.00,,2900.00
3845,1558,1,2,2607.00,,2607.00
3846,1558,2,3,2900.00,,2900.00
3847,1559,1,2,2607.00,,2607.00
3848,1559,2,1,2200.00,,2200.00
3849,1560,1,2,2607.00,,2607.00
3850,1560,2,1,2200.00,,2200.00
3851,1560,3,1,2200.00,,2200.00
3852,1561,1,2,2607.00,,2607.00
3853,1561,2,3,2900.00,,2900.00
3854,1562,1,2,2607.00,,2607.00
3855,1562,2,1,2200.00,,2200.00
3856,1563,1,2,2607.00,,2607.00
3857,1563,2,2,2607.00,,2607.00
3858,1563,3,2,2607.00,,2607.00
3859,1564,1,1,2200.00,,2200.00
3860,1564,2,1,2200.00,,2200.00
3861,1564,3,1,2200.00,,2200.00
3862,1564,4,1,2200.00,,2200.00
3863,1564,5,1,2200.00,,2200.00
3864,1565,1,1,2200.00,,2200.00
3865,1565,2,1,2200.00,,2200.00
3866,1566,1,2,2607.00,,2607.00
3867,1566,2,3,2900.00,,2900.00
3868,1567,1,3,2900.00,,2900.00
3869,1567,2,3,2900.00,,2900.00
3870,1568,1,3,2900.00,,2900.00
3871,1568,2,3,2900.00,,2900.00
3872,1568,3,3,2900.00,,2900.00
3873,1569,1,4,3750.00,,3750.00
3874,1569,2,3,2900.00,,2900.00
3875,1570,1,2,2607.00,,2607.00
3876,1570,2,2,2607.00,,2607.00
3877,1571,1,2,2607.00,,2607.00
3878,1571,2,1,2200.00,,2200.00
3879,1572,1,1,2200.00,,2200.00
3880,1572,2,2,2607.00,,2607.00
3881,1572,3,2,2607.00,,2607.00
3882,1572,4,2,2607.00,,2607.00
3883,1572,5,1,2200.00,,2200.00
3884,1572,6,1,2200.00,,2200.00
3885,1573,1,1,2200.00,,2200.00
3886,1573,2,1,2200.00,,2200.00
3887,1573,3,1,2200.00,,2200.00
3888,1574,1,2,2607.00,,2607.00
3889,1574,2,2,2607.00,,2607.00
3890,1574,3,2,2607.00,,2607.00
3891,1575,1,3,2900.00,,2900.00
3892,1575,2,3,2900.00,,2900.00
3893,1576,1,3,2900.00,,2900.00
3894,1576,2,3,2900.00,,2900.00
3895,1576,3,3,2900.00,,2900.00
3896,1576,4,3,2900.00,,2900.00
3897,1577,1,3,2900.00,,2900.00
3898,1577,2,3,2900.00,,2900.00
3899,1577,3,3,2900.00,,2900.00
3900,1577,4,3,2900.00,,2900.00
3901,1578,1,2,2607.00,,2607.00
3902,1578,2,2,2607.00,,2607.00
3903,1578,3,2,2607.00,,2607.00
3904,1579,1,2,2607.00,,2607.00
3905,1579,2,2,2607.00,,2607.00
3906,1579,3,3,2900.00,,2900.00
3907,1580,1,1,2200.00,,2200.00
3908,1580,2,2,2607.00,,2607.00
3909,1580,3,2,2607.00,,2607.00
3910,1580,4,1,2200.00,,2200.00
3911,1581,1,2,2607.00,,2607.00
3912,1581,2,2,2607.00,,2607.00
3913,1581,3,2,2607.00,,2607.00
3914,1582,1,2,2607.00,,2607.00
3915,1582,2,2,2607.00,,2607.00
3916,1582,3,2,2607.00,,2607.00
3917,1583,1,1,2200.00,,2200.00
3918,1583,2,0,1900.00,,1900.00
3919,1583,3,0,1900.00,,1900.00
3920,1583,4,1,2200.00,,2200.00
3921,1583,5,1,2200.00,,2200.00
3922,1583,6,1,2200.00,,2200.00
3923,1584,1,1,2200.00,,2200.00
3924,1584,2,1,2200.00,,2200.00
3925,1584,3,1,2200.00,,2200.00
3926,1584,4,1,2200.00,,2200.00
3927,1584,5,1,2200.00,,2200.00
3928,1585,1,3,2900.00,,2900.00
3929,1585,2,3,2900.00,,2900.00
3930,1586,1,1,2200.00,,2200.00
3931,1586,2,1,2200.00,,2200.00
3932,1586,3,2,2607.00,,2607.00
3933,1586,4,1,2200.00,,2200.00
3934,1587,1,2,2607.00,,2607.00
3935,1587,2,2,2607.00,,2607.00
3936,1588,1,3,2900.00,,2900.00
3937,1588,2,3,2900.00,,2900.00
3938,1588,3,2,2607.00,,2607.00
3939,1589,1,1,2200.00,,2200.00
3940,1589,2,1,2200.00,,2200.00
3941,1589,3,1,2200.00,,2200.00
3942,1590,1,2,2607.00,,2607.00
3943,1590,2,1,2200.00,,2200.00
3944,1590,3,2,2607.00,,2607.00
3945,1591,1,1,2200.00,,2200.00
3946,1591,2,1,2200.00,,2200.00
3947,1591,3,1,2200.00,,2200.00
3948,1591,4,1,2200.00,,2200.00
3949,1591,5,1,2200.00,,2200.00
3950,1591,6,1,2200.00,,2200.00
3951,1592,1,3,2900.00,,2900.00
3952,1592,2,3,2900.00,,2900.00
3953,1592,3,2,2607.00,,2607.00
3954,1592,4,2,2607.00,,2607.00
3955,1593,1,3,2900.00,,2900.00
3956,1593,2,3,2900.00,,2900.00
3957,1594,1,4,3750.00,,3750.00
3958,1594,2,4,3750.00,,3750.00
3959,1595,1,3,2900.00,,2900.00
3960,1595,2,3,2900.00,,2900.00
3961,1595,3,3,2900.00,,2900.00
3962,1595,4,3,2900.00,,2900.00
3963,1596,1,3,2900.00,,2900.00
3964,1596,2,3,2900.00,,2900.00
3965,1597,1,2,2607.00,,2607.00
3966,1597,2,2,2607.00,,2607.00
3967,1597,3,2,2607.00,,2607.00
3968,1598,1,2,2607.00,,2607.00
3969,1598,2,3,2900.00,,2900.00
3970,1599,1,2,2607.00,,2607.00
3971,1599,2,3,2900.00,,2900.00
3972,1600,1,2,2607.00,,2607.00
3973,1600,2,2,2607.00,,2607.00
3974,1601,1,2,2607.00,,2607.00
3975,1601,2,2,2607.00,,2607.00
3976,1602,1,3,2900.00,,2900.00
3977,1602,2,2,2607.00,,2607.00
3978,1602,3,3,2900.00,,2900.00
3979,1603,1,2,2607.00,,2607.00
3980,1603,2,2,2607.00,,2607.00
3981,1603,3,2,2607.00,,2607.00
3982,1604,1,2,2607.00,,2607.00
3983,1604,2,2,2607.00,,2607.00
3984,1604,3,2,2607.00,,2607.00
3985,1605,1,3,2900.00,,2900.00
3986,1605,2,3,2900.00,,2900.00
3987,1606,1,3,2900.00,,2900.00
3988,1606,2,3,2900.00,,2900.00
3989,1607,1,2,2607.00,,2607.00
3990,1607,2,2,2607.00,,2607.00
3991,1607,3,3,2900.00,,2900.00
3992,1607,4,2,2607.00,,2607.00
3993,1608,1,2,2607.00,,2607.00
3994,1608,2,3,2900.00,,2900.00
3995,1609,1,3,2900.00,,2900.00
3996,1609,2,3,2900.00,,2900.00
3997,1610,1,3,2900.00,,2900.00
3998,1610,2,3,2900.00,,2900.00
3999,1611,1,2,2607.00,,2607.00
4000,1611,2,2,2607.00,,2607.00
4001,1611,3,2,2607.00,,2607.00
4002,1612,1,1,2200.00,,2200.00
4003,1612,2,1,2200.00,,2200.00
4004,1612,3,2,2607.00,,2607.00
4005,1613,1,0,1900.00,,1900.00
4006,1613,2,0,1900.00,,1900.00
4007,1613,3,0,1900.00,,1900.00
4008,1613,4,0,1900.00,,1900.00
4009,1613,5,1,2200.00,,2200.00
4010,1613,6,1,2200.00,,2200.00
4011,1613,7,0,1900.00,,1900.00
4012,1613,8,1,2200.00,,2200.00
4013,1614,1,2,2607.00,,2607.00
4014,1614,2,2,2607.00,,2607.00
4015,1614,3,2,2607.00,,2607.00
4016,1614,4,2,2607.00,,2607.00
4017,1615,1,3,2900.00,,2900.00
4018,1615,2,3,2900.00,,2900.00
4019,1616,1,3,2900.00,,2900.00
4020,1616,2,3,2900.00,,2900.00
4021,1617,1,1,2200.00,,2200.00
4022,1617,2,1,2200.00,,2200.00
4023,1617,3,1,2200.00,,2200.00
4024,1618,1,1,2200.00,,2200.00
4025,1618,2,2,2607.00,,2607.00
4026,1618,3,2,2607.00,,2607.00
4027,1619,1,3,2900.00,,2900.00
4028,1619,2,3,2900.00,,2900.00
4029,1620,1,2,2607.00,,2607.00
4030,1620,2,1,2200.00,,2200.00
4031,1620,3,1,2200.00,,2200.00
4032,1621,1,3,2900.00,,2900.00
4033,1621,2,3,2900.00,,2900.00
4034,1621,3,3,2900.00,,2900.00
4035,1622,1,1,2200.00,,2200.00
4036,1622,2,2,2607.00,,2607.00
4037,1622,3,1,2200.00,,2200.00
4038,1622,4,2,2607.00,,2607.00
4039,1623,1,3,2900.00,,2900.00
4040,1623,2,3,2900.00,,2900.00
4041,1624,1,3,2900.00,,2900.00
4042,1624,2,2,2607.00,,2607.00
4043,1625,1,1,2200.00,,2200.00
4044,1625,2,1,2200.00,,2200.00
4045,1625,3,1,2200.00,,2200.00
4046,1625,4,1,2200.00,,2200.00
4047,1625,5,1,2200.00,,2200.00
4048,1625,6,2,2607.00,,2607.00
4049,1625,7,2,2607.00,,2607.00
4050,1625,8,1,2200.00,,2200.00
4051,1626,1,2,2607.00,,2607.00
4052,1626,2,1,2200.00,,2200.00
4053,1626,3,1,2200.00,,2200.00
4054,1627,1,1,2200.00,,2200.00
4055,1627,2,1,2200.00,,2200.00
4056,1627,3,1,2200.00,,2200.00
4057,1627,4,1,2200.00,,2200.00
4058,1627,5,1,2200.00,,2200.00
4059,1627,6,1,2200.00,,2200.00
4060,1628,1,2,2607.00,,2607.00
4061,1628,2,2,2607.00,,2607.00
4062,1628,3,2,2607.00,,2607.00
4063,1629,1,2,2607.00,,2607.00
4064,1629,2,2,2607.00,,2607.00
4065,1629,3,3,2900.00,,2900.00
4066,1629,4,3,2900.00,,2900.00
4067,1630,1,2,2607.00,,2607.00
4068,1630,2,3,2900.00,,2900.00
4069,1630,3,3,2900.00,,2900.00
4070,1631,1,2,2607.00,,2607.00
4071,1631,2,2,2607.00,,2607.00
4072,1631,3,1,2200.00,,2200.00
4073,1632,1,1,2200.00,,2200.00
4074,1632,2,1,2200.00,,2200.00
4075,1632,3,1,2200.00,,2200.00
4076,1632,4,2,2607.00,,2607.00
4077,1632,5,1,2200.00,,2200.00
4078,1632,6,2,2607.00,,2607.00
4079,1633,1,2,2607.00,,2607.00
4080,1633,2,3,2900.00,,2900.00
4081,1634,1,2,2607.00,,2607.00
4082,1634,2,3,2900.00,,2900.00
4083,1635,1,3,2900.00,,2900.00
4084,1635,2,3,2900.00,,2900.00
4085,1636,1,2,2607.00,,2607.00
4086,1636,2,2,2607.00,,2607.00
4087,1636,3,2,2607.00,,2607.00
4088,1636,4,2,2607.00,,2607.00
4089,1637,1,2,2607.00,,2607.00
4090,1637,2,1,2200.00,,2200.00
4091,1637,3,2,2607.00,,2607.00
4092,1638,1,1,2200.00,,2200.00
4093,1638,2,1,2200.00,,2200.00
4094,1638,3,2,2607.00,,2607.00
4095,1638,4,1,2200.00,,2200.00
4096,1639,1,2,2607.00,,2607.00
4097,1639,2,2,2607.00,,2607.00
4098,1639,3,3,2900.00,,2900.00
4099,1639,4,2,2607.00,,2607.00
4100,1639,5,2,2607.00,,2607.00
4101,1639,6,2,2607.00,,2607.00
4102,1640,1,3,2900.00,,2900.00
4103,1640,2,3,2900.00,,2900.00
4104,1641,1,1,2200.00,,2200.00
4105,1641,2,1,2200.00,,2200.00
4106,1641,3,1,2200.00,,2200.00
4107,1641,4,1,2200.00,,2200.00
4108,1641,5,1,2200.00,,2200.00
4109,1642,1,2,2607.00,,2607.00
4110,1642,2,2,2607.00,,2607.00
4111,1643,1,3,2900.00,,2900.00
4112,1643,2,2,2607.00,,2607.00
4113,1643,3,3,2900.00,,2900.00
4114,1644,1,1,2200.00,,2200.00
4115,1644,2,2,2607.00,,2607.00
4116,1644,3,1,2200.00,,2200.00
4117,1644,4,2,2607.00,,2607.00
4118,1644,5,2,2607.00,,2607.00
4119,1644,6,1,2200.00,,2200.00
4120,1644,7,1,2200.00,,2200.00
4121,1644,8,2,2607.00,,2607.00
4122,1645,1,2,2607.00,,2607.00
4123,1645,2,2,2607.00,,2607.00
4124,1645,3,2,2607.00,,2607.00
4125,1645,4,3,2900.00,,2900.00
4126,1646,1,1,2200.00,,2200.00
4127,1646,2,1,2200.00,,2200.00
4128,1646,3,1,2200.00,,2200.00
4129,1646,4,1,2200.00,,2200.00
4130,1646,5,1,2200.00,,2200.00
4131,1646,6,1,2200.00,,2200.00
4132,1647,1,1,2200.00,,2200.00
4133,1647,2,1,2200.00,,2200.00
4134,1647,3,1,2200.00,,2200.00
4135,1647,4,1,2200.00,,2200.00
4136,1647,5,1,2200.00,,2200.00
4137,1647,6,1,2200.00,,2200.00
4138,1648,1,1,2200.00,,2200.00
4139,1648,2,1,2200.00,,2200.00
4140,1648,3,0,1900.00,,1900.00
4141,1648,4,0,1900.00,,1900.00
4142,1648,5,1,2200.00,,2200.00
4143,1648,6,1,2200.00,,2200.00
4144,1648,7,0,1900.00,,1900.00
4145,1648,8,0,1900.00,,1900.00
4146,1649,1,2,2607.00,,2607.00
4147,1649,2,2,2607.00,,2607.00
4148,1649,3,2,2607.00,,2607.00
4149,1649,4,2,2607.00,,2607.00
4150,1649,5,2,2607.00,,2607.00
4151,1649,6,2,2607.00,,2607.00
4152,1650,1,1,2200.00,,2200.00
4153,1650,2,1,2200.00,,2200.00
4154,1650,3,1,2200.00,,2200.00
4155,1650,4,1,2200.00,,2200.00
4156,1650,5,1,2200.00,,2200.00
4157,1650,6,1,2200.00,,2200.00
4158,1651,1,2,2607.00,,2607.00
4159,1651,2,2,2607.00,,2607.00
4160,1651,3,2,2607.00,,2607.00
4161,1652,1,2,2607.00,,2607.00
4162,1652,2,2,2607.00,,2607.00
4163,1652,3,2,2607.00,,2607.00
4164,1653,1,1,2200.00,,2200.00
4165,1653,2,1,2200.00,,2200.00
4166,1653,3,1,2200.00,,2200.00
4167,1654,1,2,2607.00,,2607.00
4168,1654,2,2,2607.00,,2607.00
4169,1654,3,2,2607.00,,2607.00
4170,1655,1,3,2900.00,,2900.00
4171,1655,2,3,2900.00,,2900.00
4172,1656,1,0,1900.00,,1900.00
4173,1656,2,0,1900.00,,1900.00
4174,1656,3,0,1900.00,,1900.00
4175,1656,4,0,1900.00,,1900.00
4176,1657,1,0,1900.00,,1900.00
4177,1657,2,0,1900.00,,1900.00
4178,1657,3,0,1900.00,,1900.00
4179,1657,4,0,1900.00,,1900.00
4180,1657,5,0,1900.00,,1900.00
4181,1657,6,0,1900.00,,1900.00
4182,1657,7,0,1900.00,,1900.00
4183,1657,8,0,1900.00,,1900.00
4184,1658,1,2,2607.00,,2607.00
4185,1658,2,2,2607.00,,2607.00
4186,1658,3,2,2607.00,,2607.00
4187,1659,1,2,2607.00,,2607.00
4188,1659,2,2,2607.00,,2607.00
4189,1659,3,3,2900.00,,2900.00
4190,1660,1,3,2900.00,,2900.00
4191,1660,2,3,2900.00,,2900.00
4192,1660,3,3,2900.00,,2900.00
4193,1660,4,3,2900.00,,2900.00
4194,1661,1,1,2200.00,,2200.00
4195,1661,2,1,2200.00,,2200.00
4196,1661,3,1,2200.00,,2200.00
4197,1662,1,3,2900.00,,2900.00
4198,1662,2,3,2900.00,,2900.00
4199,1662,3,3,2900.00,,2900.00
4200,1662,4,3,2900.00,,2900.00
4201,1662,5,3,2900.00,,2900.00
4202,1662,6,3,2900.00,,2900.00
4203,1663,1,3,2900.00,,2900.00
4204,1663,2,3,2900.00,,2900.00
4205,1663,3,3,2900.00,,2900.00
4206,1664,1,2,2607.00,,2607.00
4207,1664,2,2,2607.00,,2607.00
4208,1664,3,2,2607.00,,2607.00
4209,1665,1,4,3750.00,,3750.00
4210,1665,2,3,2900.00,,2900.00
4211,1666,1,1,2200.00,,2200.00
4212,1666,2,2,2607.00,,2607.00
4213,1666,3,2,2607.00,,2607.00
4214,1666,4,1,2200.00,,2200.00
4215,1667,1,1,2200.00,,2200.00
4216,1667,2,1,2200.00,,2200.00
4217,1667,3,1,2200.00,,2200.00
4218,1667,4,1,2200.00,,2200.00
4219,1667,5,1,2200.00,,2200.00
4220,1667,6,1,2200.00,,2200.00
4221,1667,7,1,2200.00,,2200.00
4222,1668,1,2,2607.00,,2607.00
4223,1668,2,2,2607.00,,2607.00
4224,1668,3,2,2607.00,,2607.00
4225,1669,1,2,2607.00,,2607.00
4226,1669,2,1,2200.00,,2200.00
4227,1670,1,2,2607.00,,2607.00
4228,1670,2,1,2200.00,,2200.00
4229,1670,3,1,2200.00,,2200.00
4230,1670,4,2,2607.00,,2607.00
4231,1670,5,1,2200.00,,2200.00
4232,1670,6,2,2607.00,,2607.00
4233,1671,1,1,2200.00,,2200.00
4234,1671,2,1,2200.00,,2200.00
4235,1671,3,1,2200.00,,2200.00
4236,1672,1,3,2900.00,,2900.00
4237,1672,2,2,2607.00,,2607.00
4238,1672,3,3,2900.00,,2900.00
4239,1673,1,1,2200.00,,2200.00
4240,1673,2,1,2200.00,,2200.00
4241,1673,3,1,2200.00,,2200.00
4242,1673,4,1,2200.00,,2200.00
4243,1674,1,2,2607.00,,2607.00
4244,1674,2,2,2607.00,,2607.00
4245,1674,3,3,2900.00,,2900.00
4246,1675,1,2,2607.00,,2607.00
4247,1675,2,2,2607.00,,2607.00
4248,1675,3,2,2607.00,,2607.00
4249,1675,4,2,2607.00,,2607.00
4250,1675,5,2,2607.00,,2607.00
4251,1676,1,2,2607.00,,2607.00
4252,1676,2,3,2900.00,,2900.00
4253,1676,3,2,2607.00,,2607.00
4254,1676,4,3,2900.00,,2900.00
4255,1677,1,1,2200.00,,2200.00
4256,1677,2,1,2200.00,,2200.00
4257,1677,3,1,2200.00,,2200.00
4258,1678,1,2,2607.00,,2607.00
4259,1678,2,2,2607.00,,2607.00
4260,1678,3,2,2607.00,,2607.00
4261,1678,4,2,2607.00,,2607.00
4262,1678,5,2,2607.00,,2607.00
4263,1678,6,2,2607.00,,2607.00
4264,1679,1,3,2900.00,,2900.00
4265,1679,2,2,2607.00,,2607.00
4266,1680,1,0,1900.00,,1900.00
4267,1680,2,0,1900.00,,1900.00
4268,1680,3,0,1900.00,,1900.00
4269,1680,4,1,2200.00,,2200.00
4270,1680,5,0,1900.00,,1900.00
4271,1680,6,1,2200.00,,2200.00
4272,1681,1,1,2200.00,,2200.00
4273,1681,2,0,1900.00,,1900.00
4274,1681,3,0,1900.00,,1900.00
4275,1681,4,0,1900.00,,1900.00
4276,1681,5,0,1900.00,,1900.00
4277,1681,6,1,2200.00,,2200.00
4278,1681,7,0,1900.00,,1900.00
4279,1682,1,1,2200.00,,2200.00
4280,1682,2,1,2200.00,,2200.00
4281,1682,3,1,2200.00,,2200.00
4282,1683,1,1,2200.00,,2200.00
4283,1683,2,1,2200.00,,2200.00
4284,1683,3,1,2200.00,,2200.00
4285,1684,1,1,2200.00,,2200.00
4286,1684,2,1,2200.00,,2200.00
4287,1684,3,1,2200.00,,2200.00
4288,1684,4,1,2200.00,,2200.00
4289,1684,5,1,2200.00,,2200.00
4290,1685,1,1,2200.00,,2200.00
4291,1685,2,1,2200.00,,2200.00
4292,1685,3,2,2607.00,,2607.00
4293,1686,1,2,2607.00,,2607.00
4294,1686,2,1,2200.00,,2200.00
4295,1686,3,2,2607.00,,2607.00
4296,1687,1,4,3750.00,,3750.00
4297,1687,2,5,4600.00,,4600.00
4298,1687,3,4,3750.00,,3750.00
4299,1687,4,5,4600.00,,4600.00
4300,1688,1,0,1900.00,,1900.00
4301,1688,2,1,2200.00,,2200.00
4302,1688,3,0,1900.00,,1900.00
4303,1688,4,0,1900.00,,1900.00
4304,1688,5,1,2200.00,,2200.00
4305,1688,6,0,1900.00,,1900.00
4306,1688,7,0,1900.00,,1900.00
4307,1688,8,0,1900.00,,1900.00
4308,1689,1,2,2607.00,,2607.00
4309,1689,2,1,2200.00,,2200.00
4310,1689,3,2,2607.00,,2607.00
4311,1690,1,1,2200.00,,2200.00
4312,1690,2,1,2200.00,,2200.00
4313,1690,3,1,2200.00,,2200.00
4314,1690,4,1,2200.00,,2200.00
4315,1690,5,1,2200.00,,2200.00
4316,1691,1,3,2900.00,,2900.00
4317,1691,2,3,2900.00,,2900.00
4318,1692,1,2,2607.00,,2607.00
4319,1692,2,1,2200.00,,2200.00
4320,1692,3,2,2607.00,,2607.00
4321,1692,4,2,2607.00,,2607.00
4322,1693,1,1,2200.00,,2200.00
4323,1693,2,1,2200.00,,2200.00
4324,1693,3,1,2200.00,,2200.00
4325,1694,1,2,2607.00,,2607.00
4326,1694,2,2,2607.00,,2607.00
4327,1695,1,3,2900.00,,2900.00
4328,1695,2,3,2900.00,,2900.00
4329,1695,3,3,2900.00,,2900.00
4330,1695,4,2,2607.00,,2607.00
4331,1696,1,2,2607.00,,2607.00
4332,1696,2,1,2200.00,,2200.00
4333,1696,3,2,2607.00,,2607.00
4334,1696,4,2,2607.00,,2607.00
4335,1697,1,2,2607.00,,2607.00
4336,1697,2,2,2607.00,,2607.00
4337,1697,3,2,2607.00,,2607.00
4338,1698,1,1,2200.00,,2200.00
4339,1698,2,1,2200.00,,2200.00
4340,1698,3,1,2200.00,,2200.00
4341,1699,1,1,2200.00,,2200.00
4342,1699,2,1,2200.00,,2200.00
4343,1699,3,1,2200.00,,2200.00
4344,1700,1,3,2900.00,,2900.00
4345,1700,2,3,2900.00,,2900.00
4346,1701,1,2,2607.00,,2607.00
4347,1701,2,1,2200.00,,2200.00
4348,1701,3,1,2200.00,,2200.00
4349,1702,1,3,2900.00,,2900.00
4350,1702,2,2,2607.00,,2607.00
4351,1703,1,2,2607.00,,2607.00
4352,1703,2,2,2607.00,,2607.00
4353,1703,3,2,2607.00,,2607.00
4354,1704,1,2,2607.00,,2607.00
4355,1704,2,1,2200.00,,2200.00
4356,1705,1,2,2607.00,,2607.00
4357,1705,2,2,2607.00,,2607.00
4358,1706,1,1,2200.00,,2200.00
4359,1706,2,2,2607.00,,2607.00
4360,1706,3,1,2200.00,,2200.00
4361,1707,1,3,2900.00,,2900.00
4362,1707,2,3,2900.00,,2900.00
4363,1708,1,2,2607.00,,2607.00
4364,1708,2,2,2607.00,,2607.00
4365,1708,3,2,2607.00,,2607.00
4366,1709,1,2,2607.00,,2607.00
4367,1709,2,2,2607.00,,2607.00
4368,1709,3,2,2607.00,,2607.00
4369,1710,1,1,2200.00,,2200.00
4370,1710,2,1,2200.00,,2200.00
4371,1711,1,2,2607.00,,2607.00
4372,1711,2,1,2200.00,,2200.00
4373,1711,3,2,2607.00,,2607.00
4374,1711,4,1,2200.00,,2200.00
4375,1712,1,1,2200.00,,2200.00
4376,1712,2,1,2200.00,,2200.00
4377,1712,3,2,2607.00,,2607.00
4378,1713,1,3,2900.00,,2900.00
4379,1713,2,2,2607.00,,2607.00
4380,1714,1,3,2900.00,,2900.00
4381,1714,2,3,2900.00,,2900.00
4382,1715,1,2,2607.00,,2607.00
4383,1715,2,2,2607.00,,2607.00
4384,1715,3,2,2607.00,,2607.00
4385,1716,1,2,2607.00,,2607.00
4386,1716,2,2,2607.00,,2607.00
4387,1717,1,2,2607.00,,2607.00
4388,1717,2,2,2607.00,,2607.00
4389,1718,1,1,2200.00,,2200.00
4390,1718,2,1,2200.00,,2200.00
4391,1718,3,1,2200.00,,2200.00
4392,1718,4,1,2200.00,,2200.00
4393,1719,1,2,2607.00,,2607.00
4394,1719,2,2,2607.00,,2607.00
4395,1719,3,2,2607.00,,2607.00
4396,1719,4,3,2900.00,,2900.00
4397,1719,5,2,2607.00,,2607.00
4398,1719,6,3,2900.00,,2900.00
4399,1720,1,1,2200.00,,2200.00
4400,1720,2,1,2200.00,,2200.00
4401,1720,3,1,2200.00,,2200.00
4402,1720,4,1,2200.00,,2200.00
4403,1720,5,1,2200.00,,2200.00
4404,1720,6,1,2200.00,,2200.00
4405,1720,7,1,2200.00,,2200.00
4406,1720,8,1,2200.00,,2200.00
4407,1721,1,2,2607.00,,2607.00
4408,1721,2,1,2200.00,,2200.00
4409,1721,3,2,2607.00,,2607.00
4410,1721,4,2,2607.00,,2607.00
4411,1721,5,2,2607.00,,2607.00
4412,1721,6,1,2200.00,,2200.00
4413,1721,7,2,2607.00,,2607.00
4414,1721,8,2,2607.00,,2607.00
4415,1722,1,2,2607.00,,2607.00
4416,1722,2,2,2607.00,,2607.00
4417,1722,3,2,2607.00,,2607.00
4418,1722,4,2,2607.00,,2607.00
4419,1722,5,2,2607.00,,2607.00
4420,1722,6,2,2607.00,,2607.00
4421,1722,7,1,2200.00,,2200.00
4422,1722,8,1,2200.00,,2200.00
4423,1723,1,2,2607.00,,2607.00
4424,1723,2,1,2200.00,,2200.00
4425,1723,3,1,2200.00,,2200.00
4426,1723,4,2,2607.00,,2607.00
4427,1723,5,2,2607.00,,2607.00
4428,1723,6,2,2607.00,,2607.00
4429,1723,7,2,2607.00,,2607.00
4430,1724,1,1,2200.00,,2200.00
4431,1724,2,1,2200.00,,2200.00
4432,1724,3,1,2200.00,,2200.00
4433,1724,4,1,2200.00,,2200.00
4434,1724,5,1,2200.00,,2200.00
4435,1724,6,1,2200.00,,2200.00
4436,1725,1,2,2607.00,,2607.00
4437,1725,2,1,2200.00,,2200.00
4438,1725,3,2,2607.00,,2607.00
4439,1725,4,2,2607.00,,2607.00
4440,1725,5,1,2200.00,,2200.00
4441,1725,6,2,2607.00,,2607.00
4442,1726,1,1,2200.00,,2200.00
4443,1726,2,2,2607.00,,2607.00
4444,1726,3,2,2607.00,,2607.00
4445,1726,4,2,2607.00,,2607.00
4446,1726,5,2,2607.00,,2607.00
4447,1726,6,2,2607.00,,2607.00
4448,1726,7,1,2200.00,,2200.00
4449,1727,1,2,2607.00,,2607.00
4450,1727,2,2,2607.00,,2607.00
4451,1727,3,2,2607.00,,2607.00
4452,1728,1,1,2200.00,,2200.00
4453,1728,2,1,2200.00,,2200.00
4454,1728,3,1,2200.00,,2200.00
4455,1728,4,1,2200.00,,2200.00
4456,1729,1,2,2607.00,,2607.00
4457,1729,2,2,2607.00,,2607.00
4458,1729,3,2,2607.00,,2607.00
4459,1730,1,4,3750.00,,3750.00
4460,1730,2,4,3750.00,,3750.00
4461,1731,1,1,2200.00,,2200.00
4462,1731,2,1,2200.00,,2200.00
4463,1731,3,2,2607.00,,2607.00
4464,1731,4,1,2200.00,,2200.00
4465,1732,1,3,2900.00,,2900.00
4466,1732,2,3,2900.00,,2900.00
4467,1733,1,3,2900.00,,2900.00
4468,1733,2,4,3750.00,,3750.00
4469,1734,1,2,2607.00,,2607.00
4470,1734,2,2,2607.00,,2607.00
4471,1735,1,1,2200.00,,2200.00
4472,1735,2,2,2607.00,,2607.00
4473,1735,3,1,2200.00,,2200.00
4474,1736,1,2,2607.00,,2607.00
4475,1736,2,2,2607.00,,2607.00
4476,1736,3,2,2607.00,,2607.00
4477,1736,4,2,2607.00,,2607.00
4478,1737,1,0,1900.00,,1900.00
4479,1737,2,0,1900.00,,1900.00
4480,1737,3,0,1900.00,,1900.00
4481,1737,4,0,1900.00,,1900.00
4482,1738,1,1,2200.00,,2200.00
4483,1738,2,2,2607.00,,2607.00
4484,1738,3,1,2200.00,,2200.00
4485,1738,4,1,2200.00,,2200.00
4486,1739,1,2,2607.00,,2607.00
4487,1739,2,2,2607.00,,2607.00
4488,1739,3,2,2607.00,,2607.00
4489,1740,1,2,2607.00,,2607.00
4490,1740,2,2,2607.00,,2607.00
4491,1740,3,2,2607.00,,2607.00
4492,1740,4,2,2607.00,,2607.00
4493,1740,5,2,2607.00,,2607.00
4494,1740,6,2,2607.00,,2607.00
4495,1741,1,2,2607.00,,2607.00
4496,1741,2,2,2607.00,,2607.00
4497,1741,3,2,2607.00,,2607.00
4498,1742,1,2,2607.00,,2607.00
4499,1742,2,2,2607.00,,2607.00
4500,1742,3,2,2607.00,,2607.00
4501,1742,4,1,2200.00,,2200.00
4502,1742,5,1,2200.00,,2200.00
4503,1742,6,2,2607.00,,2607.00
4504,1743,1,2,2607.00,,2607.00
4505,1743,2,1,2200.00,,2200.00
4506,1743,3,2,2607.00,,2607.00
4507,1743,4,1,2200.00,,2200.00
4508,1743,5,2,2607.00,,2607.00
4509,1743,6,2,2607.00,,2607.00
4510,1744,1,1,2200.00,,2200.00
4511,1744,2,1,2200.00,,2200.00
4512,1744,3,1,2200.00,,2200.00
4513,1744,4,1,2200.00,,2200.00
4514,1744,5,1,2200.00,,2200.00
4515,1744,6,1,2200.00,,2200.00
4516,1745,1,2,2607.00,,2607.00
4517,1745,2,1,2200.00,,2200.00
4518,1745,3,1,2200.00,,2200.00
4519,1745,4,1,2200.00,,2200.00
4520,1745,5,1,2200.00,,2200.00
4521,1745,6,1,2200.00,,2200.00
4522,1746,1,1,2200.00,,2200.00
4523,1746,2,2,2607.00,,2607.00
4524,1746,3,1,2200.00,,2200.00
4525,1746,4,2,2607.00,,2607.00
4526,1747,1,2,2607.00,,2607.00
4527,1747,2,2,2607.00,,2607.00
4528,1747,3,1,2200.00,,2200.00
4529,1748,1,0,1900.00,,1900.00
4530,1748,2,1,2200.00,,2200.00
4531,1748,3,0,1900.00,,1900.00
4532,1748,4,1,2200.00,,2200.00
4533,1748,5,1,2200.00,,2200.00
4534,1748,6,1,2200.00,,2200.00
4535,1749,1,0,1900.00,,1900.00
4536,1749,2,0,1900.00,,1900.00
4537,1749,3,1,2200.00,,2200.00
4538,1749,4,1,2200.00,,2200.00
4539,1749,5,1,2200.00,,2200.00
4540,1750,1,1,2200.00,,2200.00
4541,1750,2,1,2200.00,,2200.00
4542,1750,3,2,2607.00,,2607.00
4543,1751,1,2,2607.00,,2607.00
4544,1751,2,2,2607.00,,2607.00
4545,1751,3,2,2607.00,,2607.00
4546,1752,1,1,2200.00,,2200.00
4547,1752,2,1,2200.00,,2200.00
4548,1752,3,1,2200.00,,2200.00
4549,1752,4,1,2200.00,,2200.00
4550,1752,5,1,2200.00,,2200.00
4551,1752,6,1,2200.00,,2200.00
4552,1753,1,1,2200.00,,2200.00
4553,1753,2,1,2200.00,,2200.00
4554,1753,3,1,2200.00,,2200.00
4555,1753,4,1,2200.00,,2200.00
4556,1753,5,1,2200.00,,2200.00
4557,1753,6,1,2200.00,,2200.00
4558,1754,1,1,2200.00,,2200.00
4559,1754,2,1,2200.00,,2200.00
4560,1754,3,2,2607.00,,2607.00
4561,1754,4,2,2607.00,,2607.00
4562,1754,5,1,2200.00,,2200.00
4563,1754,6,1,2200.00,,2200.00
4564,1755,1,2,2607.00,,2607.00
4565,1755,2,2,2607.00,,2607.00
4566,1755,3,2,2607.00,,2607.00
4567,1755,4,2,2607.00,,2607.00
4568,1755,5,2,2607.00,,2607.00
4569,1755,6,2,2607.00,,2607.00
4570,1756,1,2,2607.00,,2607.00
4571,1756,2,2,2607.00,,2607.00
4572,1756,3,1,2200.00,,2200.00
4573,1756,4,1,2200.00,,2200.00
4574,1756,5,1,2200.00,,2200.00
4575,1756,6,1,2200.00,,2200.00
4576,1757,1,2,2607.00,,2607.00
4577,1757,2,2,2607.00,,2607.00
4578,1757,3,2,2607.00,,2607.00
4579,1757,4,2,2607.00,,2607.00
4580,1758,1,2,2607.00,,2607.00
4581,1758,2,2,2607.00,,2607.00
4582,1759,1,3,2900.00,,2900.00
4583,1759,2,3,2900.00,,2900.00
4584,1760,1,2,2607.00,,2607.00
4585,1760,2,2,2607.00,,2607.00
4586,1760,3,2,2607.00,,2607.00
4587,1761,1,2,2607.00,,2607.00
4588,1761,2,2,2607.00,,2607.00
4589,1761,3,1,2200.00,,2200.00
4590,1762,1,2,2607.00,,2607.00
4591,1762,2,2,2607.00,,2607.00
4592,1762,3,2,2607.00,,2607.00
4593,1763,1,3,2900.00,,2900.00
4594,1763,2,2,2607.00,,2607.00
4595,1764,1,2,2607.00,,2607.00
4596,1764,2,3,2900.00,,2900.00
4597,1765,1,3,2900.00,,2900.00
4598,1765,2,3,2900.00,,2900.00
4599,1766,1,3,2900.00,,2900.00
4600,1766,2,3,2900.00,,2900.00
4601,1766,3,2,2607.00,,2607.00
4602,1767,1,3,2900.00,,2900.00
4603,1767,2,2,2607.00,,2607.00
4604,1767,3,3,2900.00,,2900.00
4605,1767,4,2,2607.00,,2607.00
4606,1768,1,2,2607.00,,2607.00
4607,1768,2,2,2607.00,,2607.00
4608,1769,1,2,2607.00,,2607.00
4609,1769,2,3,2900.00,,2900.00
4610,1769,3,2,2607.00,,2607.00
4611,1770,1,2,2607.00,,2607.00
4612,1770,2,2,2607.00,,2607.00
4613,1770,3,2,2607.00,,2607.00
4614,1771,1,1,2200.00,,2200.00
4615,1771,2,1,2200.00,,2200.00
4616,1771,3,1,2200.00,,2200.00
4617,1771,4,2,2607.00,,2607.00
4618,1771,5,1,2200.00,,2200.00
4619,1771,6,1,2200.00,,2200.00
4620,1772,1,2,2607.00,,2607.00
4621,1772,2,2,2607.00,,2607.00
4622,1772,3,2,2607.00,,2607.00
4623,1773,1,2,2607.00,,2607.00
4624,1773,2,2,2607.00,,2607.00
4625,1773,3,2,2607.00,,2607.00
4626,1773,4,2,2607.00,,2607.00
4627,1774,1,2,2607.00,,2607.00
4628,1774,2,2,2607.00,,2607.00
4629,1774,3,2,2607.00,,2607.00
4630,1774,4,2,2607.00,,2607.00
4631,1775,1,3,2900.00,,2900.00
4632,1775,2,2,2607.00,,2607.00
4633,1775,3,3,2900.00,,2900.00
4634,1775,4,2,2607.00,,2607.00
4635,1776,1,2,2607.00,,2607.00
4636,1776,2,3,2900.00,,2900.00
4637,1777,1,3,2900.00,,2900.00
4638,1777,2,3,2900.00,,2900.00
4639,1778,1,4,3750.00,,3750.00
4640,1778,2,4,3750.00,,3750.00
4641,1779,1,2,2607.00,,2607.00
4642,1779,2,2,2607.00,,2607.00
4643,1780,1,1,2200.00,,2200.00
4644,1780,2,1,2200.00,,2200.00
4645,1780,3,1,2200.00,,2200.00
4646,1781,1,1,2200.00,,2200.00
4647,1781,2,2,2607.00,,2607.00
4648,1782,1,3,2900.00,,2900.00
4649,1782,2,3,2900.00,,2900.00
4650,1783,1,1,2200.00,,2200.00
4651,1783,2,1,2200.00,,2200.00
4652,1784,1,2,2607.00,,2607.00
4653,1784,2,2,2607.00,,2607.00
4654,1785,1,1,2200.00,,2200.00
4655,1785,2,1,2200.00,,2200.00
4656,1785,3,1,2200.00,,2200.00
4657,1785,4,2,2607.00,,2607.00
4658,1785,5,2,2607.00,,2607.00
4659,1786,1,0,1900.00,,1900.00
4660,1786,2,0,1900.00,,1900.00
4661,1786,3,0,1900.00,,1900.00
4662,1786,4,0,1900.00,,1900.00
4663,1786,5,0,1900.00,,1900.00
4664,1786,6,0,1900.00,,1900.00
4665,1786,7,0,1900.00,,1900.00
4666,1786,8,1,2200.00,,2200.00
4667,1787,1,2,2607.00,,2607.00
4668,1787,2,2,2607.00,,2607.00
4669,1787,3,2,2607.00,,2607.00
4670,1788,1,0,1900.00,,1900.00
4671,1788,2,0,1900.00,,1900.00
4672,1788,3,0,1900.00,,1900.00
4673,1788,4,0,1900.00,,1900.00
4674,1788,5,0,1900.00,,1900.00
4675,1788,6,0,1900.00,,1900.00
4676,1789,1,3,2900.00,,2900.00
4677,1789,2,3,2900.00,,2900.00
4678,1790,1,3,2900.00,,2900.00
4679,1790,2,2,2607.00,,2607.00
4680,1791,1,4,3750.00,,3750.00
4681,1791,2,5,4600.00,,4600.00
4682,1791,3,4,3750.00,,3750.00
4683,1792,1,5,4600.00,,4600.00
4684,1792,2,5,4600.00,,4600.00
4685,1793,1,2,2607.00,,2607.00
4686,1793,2,2,2607.00,,2607.00
4687,1794,1,2,2607.00,,2607.00
4688,1794,2,2,2607.00,,2607.00
4689,1795,1,2,2607.00,,2607.00
4690,1795,2,3,2900.00,,2900.00
4691,1795,3,2,2607.00,,2607.00
4692,1796,1,1,2200.00,,2200.00
4693,1796,2,1,2200.00,,2200.00
4694,1796,3,1,2200.00,,2200.00
4695,1796,4,1,2200.00,,2200.00
4696,1797,1,3,2900.00,,2900.00
4697,1797,2,3,2900.00,,2900.00
4698,1798,1,3,2900.00,,2900.00
4699,1798,2,3,2900.00,,2900.00
4700,1799,1,3,2900.00,,2900.00
4701,1799,2,3,2900.00,,2900.00
4702,1800,1,1,2200.00,,2200.00
4703,1800,2,1,2200.00,,2200.00
4704,1801,1,3,2900.00,,2900.00
4705,1801,2,2,2607.00,,2607.00
4706,1802,1,3,2900.00,,2900.00
4707,1802,2,3,2900.00,,2900.00
4708,1803,1,2,2607.00,,2607.00
4709,1803,2,2,2607.00,,2607.00
4710,1804,1,1,2200.00,,2200.00
4711,1804,2,1,2200.00,,2200.00
4712,1805,1,2,2607.00,,2607.00
4713,1805,2,2,2607.00,,2607.00
4714,1805,3,1,2200.00,,2200.00
4715,1806,1,2,2607.00,,2607.00
4716,1806,2,2,2607.00,,2607.00
4717,1807,1,3,2900.00,,2900.00
4718,1807,2,3,2900.00,,2900.00
4719,1808,1,3,2900.00,,2900.00
4720,1808,2,2,2607.00,,2607.00
4721,1809,1,2,2607.00,,2607.00
4722,1809,2,2,2607.00,,2607.00
4723,1810,1,2,2607.00,,2607.00
4724,1810,2,2,2607.00,,2607.00
4725,1810,3,1,2200.00,,2200.00
4726,1811,1,1,2200.00,,2200.00
4727,1811,2,1,2200.00,,2200.00
4728,1811,3,1,2200.00,,2200.00
4729,1811,4,1,2200.00,,2200.00
4730,1811,5,0,1900.00,,1900.00
4731,1812,1,1,2200.00,,2200.00
4732,1812,2,1,2200.00,,2200.00
4733,1812,3,1,2200.00,,2200.00
4734,1813,1,1,2200.00,,2200.00
4735,1813,2,1,2200.00,,2200.00
4736,1814,1,5,4600.00,,4600.00
4737,1814,2,4,3750.00,,3750.00
4738,1815,1,2,2607.00,,2607.00
4739,1815,2,2,2607.00,,2607.00
4740,1816,1,2,2607.00,,2607.00
4741,1816,2,2,2607.00,,2607.00
4742,1817,1,3,2900.00,,2900.00
4743,1817,2,2,2607.00,,2607.00
4744,1818,1,2,2607.00,,2607.00
4745,1818,2,2,2607.00,,2607.00
4746,1819,1,2,2607.00,,2607.00
4747,1819,2,3,2900.00,,2900.00
4748,1820,1,2,2607.00,,2607.00
4749,1820,2,2,2607.00,,2607.00
4750,1821,1,1,2200.00,,2200.00
4751,1821,2,1,2200.00,,2200.00
4752,1822,1,1,2200.00,,2200.00
4753,1822,2,0,1900.00,,1900.00
4754,1822,3,1,2200.00,,2200.00
4755,1822,4,1,2200.00,,2200.00
4756,1822,5,1,2200.00,,2200.00
4757,1822,6,1,2200.00,,2200.00
4758,1823,1,1,2200.00,,2200.00
4759,1823,2,1,2200.00,,2200.00
4760,1823,3,1,2200.00,,2200.00
4761,1824,1,2,2607.00,,2607.00
4762,1824,2,2,2607.00,,2607.00
4763,1825,1,2,2607.00,,2607.00
4764,1825,2,2,2607.00,,2607.00
4765,1826,1,1,2200.00,,2200.00
4766,1826,2,1,2200.00,,2200.00
4767,1826,3,2,2607.00,,2607.00
4768,1827,1,3,2900.00,,2900.00
4769,1827,2,3,2900.00,,2900.00
4770,1828,1,2,2607.00,,2607.00
4771,1828,2,1,2200.00,,2200.00
4772,1828,3,1,2200.00,,2200.00
4773,1829,1,3,2900.00,,2900.00
4774,1829,2,2,2607.00,,2607.00
4775,1830,1,1,2200.00,,2200.00
4776,1830,2,1,2200.00,,2200.00
4777,1831,1,2,2607.00,,2607.00
4778,1831,2,2,2607.00,,2607.00
4779,1832,1,3,2900.00,,2900.00
4780,1832,2,3,2900.00,,2900.00
4781,1833,1,2,2607.00,,2607.00
4782,1833,2,2,2607.00,,2607.00
4783,1834,1,3,2900.00,,2900.00
4784,1834,2,2,2607.00,,2607.00
4785,1835,1,3,2900.00,,2900.00
4786,1835,2,3,2900.00,,2900.00
4787,1836,1,0,1900.00,,1900.00
4788,1836,2,0,1900.00,,1900.00
4789,1836,3,1,2200.00,,2200.00
4790,1836,4,0,1900.00,,1900.00
4791,1836,5,0,1900.00,,1900.00
4792,1837,1,2,2607.00,,2607.00
4793,1837,2,2,2607.00,,2607.00
4794,1838,1,1,2200.00,,2200.00
4795,1838,2,1,2200.00,,2200.00
4796,1838,3,1,2200.00,,2200.00
4797,1839,1,2,2607.00,,2607.00
4798,1839,2,2,2607.00,,2607.00
4799,1840,1,2,2607.00,,2607.00
4800,1840,2,2,2607.00,,2607.00
4801,1840,3,1,2200.00,,2200.00
4802,1840,4,1,2200.00,,2200.00
4803,1841,1,2,2607.00,,2607.00
4804,1841,2,2,2607.00,,2607.00
4805,1842,1,1,2200.00,,2200.00
4806,1842,2,1,2200.00,,2200.00
4807,1842,3,1,2200.00,,2200.00
4808,1843,1,3,2900.00,,2900.00
4809,1843,2,3,2900.00,,2900.00
4810,1844,1,1,2200.00,,2200.00
4811,1844,2,1,2200.00,,2200.00
4812,1844,3,1,2200.00,,2200.00
4813,1845,1,1,2200.00,,2200.00
4814,1845,2,1,2200.00,,2200.00
4815,1845,3,1,2200.00,,2200.00
4816,1846,1,3,2900.00,,2900.00
4817,1846,2,2,2607.00,,2607.00
4818,1847,1,3,2900.00,,2900.00
4819,1847,2,4,3750.00,,3750.00
4820,1847,3,3,2900.00,,2900.00
4821,1848,1,2,2607.00,,2607.00
4822,1848,2,2,2607.00,,2607.00
4823,1849,1,1,2200.00,,2200.00
4824,1849,2,2,2607.00,,2607.00
4825,1849,3,2,2607.00,,2607.00
4826,1850,1,1,2200.00,,2200.00
4827,1850,2,0,1900.00,,1900.00
4828,1850,3,1,2200.00,,2200.00
4829,1851,1,2,2607.00,,2607.00
4830,1851,2,2,2607.00,,2607.00
4831,1851,3,2,2607.00,,2607.00
4832,1852,1,3,2900.00,,2900.00
4833,1852,2,3,2900.00,,2900.00
4834,1853,1,2,2607.00,,2607.00
4835,1853,2,2,2607.00,,2607.00
4836,1854,1,2,2607.00,,2607.00
4837,1854,2,2,2607.00,,2607.00
4838,1855,1,2,2607.00,,2607.00
4839,1855,2,1,2200.00,,2200.00
4840,1856,1,3,2900.00,,2900.00
4841,1856,2,3,2900.00,,2900.00
4842,1857,1,2,2607.00,,2607.00
4843,1857,2,1,2200.00,,2200.00
4844,1857,3,2,2607.00,,2607.00
4845,1858,1,2,2607.00,,2607.00
4846,1858,2,2,2607.00,,2607.00
4847,1858,3,2,2607.00,,2607.00
4848,1858,4,1,2200.00,,2200.00
4849,1859,1,2,2607.00,,2607.00
4850,1859,2,1,2200.00,,2200.00
4851,1859,3,2,2607.00,,2607.00
4852,1860,1,3,2900.00,,2900.00
4853,1860,2,3,2900.00,,2900.00
4854,1861,1,1,2200.00,,2200.00
4855,1861,2,2,2607.00,,2607.00
4856,1861,3,1,2200.00,,2200.00
4857,1861,4,2,2607.00,,2607.00
4858,1862,1,2,2607.00,,2607.00
4859,1862,2,2,2607.00,,2607.00
4860,1863,1,2,2607.00,,2607.00
4861,1863,2,2,2607.00,,2607.00
4862,1863,3,2,2607.00,,2607.00
4863,1864,1,1,2200.00,,2200.00
4864,1864,2,1,2200.00,,2200.00
4865,1864,3,1,2200.00,,2200.00
4866,1865,1,2,2607.00,,2607.00
4867,1865,2,2,2607.00,,2607.00
4868,1866,1,1,2200.00,,2200.00
4869,1866,2,1,2200.00,,2200.00
4870,1866,3,1,2200.00,,2200.00
4871,1867,1,1,2200.00,,2200.00
4872,1867,2,1,2200.00,,2200.00
4873,1867,3,1,2200.00,,2200.00
4874,1868,1,1,2200.00,,2200.00
4875,1868,2,2,2607.00,,2607.00
4876,1868,3,1,2200.00,,2200.00
4877,1868,4,2,2607.00,,2607.00
4878,1868,5,2,2607.00,,2607.00
4879,1868,6,1,2200.00,,2200.00
4880,1869,1,3,2900.00,,2900.00
4881,1869,2,3,2900.00,,2900.00
4882,1870,1,3,2900.00,,2900.00
4883,1870,2,3,2900.00,,2900.00
4884,1871,1,3,2900.00,,2900.00
4885,1871,2,3,2900.00,,2900.00
4886,1872,1,3,2900.00,,2900.00
4887,1872,2,3,2900.00,,2900.00
4888,1873,1,3,2900.00,,2900.00
4889,1873,2,4,3750.00,,3750.00
4890,1873,3,4,3750.00,,3750.00
4891,1874,1,3,2900.00,,2900.00
4892,1874,2,3,2900.00,,2900.00
4893,1875,1,2,2607.00,,2607.00
4894,1875,2,2,2607.00,,2607.00
4895,1876,1,3,2900.00,,2900.00
4896,1876,2,3,2900.00,,2900.00
4897,1877,1,4,3750.00,,3750.00
4898,1877,2,4,3750.00,,3750.00
4899,1878,1,4,3750.00,,3750.00
4900,1878,2,4,3750.00,,3750.00
4901,1879,1,3,2900.00,,2900.00
4902,1879,2,3,2900.00,,2900.00
4903,1880,1,2,2607.00,,2607.00
4904,1880,2,2,2607.00,,2607.00
4905,1881,1,3,2900.00,,2900.00
4906,1881,2,2,2607.00,,2607.00
4907,1881,3,2,2607.00,,2607.00
4908,1881,4,2,2607.00,,2607.00
4909,1882,1,3,2900.00,,2900.00
4910,1882,2,3,2900.00,,2900.00
4911,1883,1,3,2900.00,,2900.00
4912,1883,2,3,2900.00,,2900.00
4913,1884,1,3,2900.00,,2900.00
4914,1884,2,3,2900.00,,2900.00
4915,1885,1,2,2607.00,,2607.00
4916,1885,2,2,2607.00,,2607.00
4917,1886,1,1,2200.00,,2200.00
4918,1886,2,2,2607.00,,2607.00
4919,1887,1,3,2900.00,,2900.00
4920,1887,2,2,2607.00,,2607.00
4921,1888,1,3,2900.00,,2900.00
4922,1888,2,3,2900.00,,2900.00
4923,1889,1,2,2607.00,,2607.00
4924,1889,2,2,2607.00,,2607.00
4925,1889,3,2,2607.00,,2607.00
4926,1890,1,3,2900.00,,2900.00
4927,1890,2,3,2900.00,,2900.00
4928,1891,1,1,2200.00,,2200.00
4929,1891,2,1,2200.00,,2200.00
4930,1891,3,1,2200.00,,2200.00
4931,1891,4,1,2200.00,,2200.00
4932,1891,5,1,2200.00,,2200.00
4933,1892,1,2,2607.00,,2607.00
4934,1892,2,3,2900.00,,2900.00
4935,1892,3,3,2900.00,,2900.00
4936,1893,1,3,2900.00,,2900.00
4937,1893,2,3,2900.00,,2900.00
4938,1893,3,3,2900.00,,2900.00
4939,1893,4,3,2900.00,,2900.00
4940,1894,1,3,2900.00,,2900.00
4941,1894,2,3,2900.00,,2900.00
4942,1894,3,3,2900.00,,2900.00
4943,1894,4,2,2607.00,,2607.00
4944,1895,1,4,3750.00,,3750.00
4945,1895,2,4,3750.00,,3750.00
4946,1896,1,3,2900.00,,2900.00
4947,1896,2,3,2900.00,,2900.00
4948,1897,1,3,2900.00,,2900.00
4949,1897,2,3,2900.00,,2900.00
4950,1898,1,3,2900.00,,2900.00
4951,1898,2,2,2607.00,,2607.00
4952,1899,1,3,2900.00,,2900.00
4953,1899,2,2,2607.00,,2607.00
4954,1900,1,3,2900.00,,2900.00
4955,1900,2,3,2900.00,,2900.00
4956,1901,1,2,2607.00,,2607.00
4957,1901,2,3,2900.00,,2900.00
4958,1902,1,2,2607.00,,2607.00
4959,1902,2,2,2607.00,,2607.00
4960,1902,3,2,2607.00,,2607.00
4961,1903,1,3,2900.00,,2900.00
4962,1903,2,4,3750.00,,3750.00
4963,1904,1,2,2607.00,,2607.00
4964,1904,2,2,2607.00,,2607.00
4965,1905,1,4,3750.00,,3750.00
4966,1905,2,3,2900.00,,2900.00
4967,1906,1,3,2900.00,,2900.00
4968,1906,2,3,2900.00,,2900.00
4969,1907,1,4,3750.00,,3750.00
4970,1907,2,4,3750.00,,3750.00
4971,1908,1,2,2607.00,,2607.00
4972,1908,2,2,2607.00,,2607.00
4973,1908,3,2,2607.00,,2607.00
4974,1909,1,3,2900.00,,2900.00
4975,1909,2,3,2900.00,,2900.00
4976,1910,1,4,3750.00,,3750.00
4977,1910,2,4,3750.00,,3750.00
4978,1911,1,3,2900.00,,2900.00
4979,1911,2,3,2900.00,,2900.00
4980,1912,1,4,3750.00,,3750.00
4981,1912,2,3,2900.00,,2900.00
4982,1913,1,2,2607.00,,2607.00
4983,1913,2,2,2607.00,,2607.00
4984,1913,3,1,2200.00,,2200.00
4985,1913,4,1,2200.00,,2200.00
4986,1914,1,3,2900.00,,2900.00
4987,1914,2,3,2900.00,,2900.00
4988,1915,1,3,2900.00,,2900.00
4989,1915,2,3,2900.00,,2900.00
4990,1916,1,2,2607.00,,2607.00
4991,1916,2,2,2607.00,,2607.00
4992,1917,1,3,2900.00,,2900.00
4993,1917,2,2,2607.00,,2607.00
4994,1918,1,2,2607.00,,2607.00
4995,1918,2,2,2607.00,,2607.00
4996,1919,1,3,2900.00,,2900.00
4997,1919,2,2,2607.00,,2607.00
4998,1919,3,3,2900.00,,2900.00
4999,1920,1,1,2200.00,,2200.00
5000,1920,2,2,2607.00,,2607.00
5001,1920,3,1,2200.00,,2200.00
5002,1921,1,2,2607.00,,2607.00
5003,1921,2,2,2607.00,,2607.00
5004,1921,3,2,2607.00,,2607.00
5005,1921,4,2,2607.00,,2607.00
5006,1921,5,1,2200.00,,2200.00
5007,1922,1,2,2607.00,,2607.00
5008,1922,2,3,2900.00,,2900.00
5009,1922,3,2,2607.00,,2607.00
5010,1923,1,2,2607.00,,2607.00
5011,1923,2,1,2200.00,,2200.00
5012,1923,3,1,2200.00,,2200.00
5013,1924,1,2,2607.00,,2607.00
5014,1924,2,2,2607.00,,2607.00
5015,1924,3,3,2900.00,,2900.00
5016,1924,4,2,2607.00,,2607.00
5017,1925,1,4,3750.00,,3750.00
5018,1925,2,4,3750.00,,3750.00
5019,1926,1,2,2607.00,,2607.00
5020,1926,2,3,2900.00,,2900.00
5021,1927,1,3,2900.00,,2900.00
5022,1927,2,3,2900.00,,2900.00
5023,1928,1,2,2607.00,,2607.00
5024,1928,2,1,2200.00,,2200.00
5025,1929,1,2,2607.00,,2607.00
5026,1929,2,2,2607.00,,2607.00
5027,1929,3,2,2607.00,,2607.00
5028,1930,1,1,2200.00,,2200.00
5029,1930,2,1,2200.00,,2200.00
5030,1930,3,1,2200.00,,2200.00
5031,1930,4,0,1900.00,,1900.00
5032,1930,5,1,2200.00,,2200.00
5033,1930,6,1,2200.00,,2200.00
5034,1931,1,1,2200.00,,2200.00
5035,1931,2,1,2200.00,,2200.00
5036,1932,1,3,2900.00,,2900.00
5037,1932,2,3,2900.00,,2900.00
5038,1933,1,4,3750.00,,3750.00
5039,1933,2,3,2900.00,,2900.00
5040,1934,1,2,2607.00,,2607.00
5041,1934,2,2,2607.00,,2607.00
5042,1934,3,2,2607.00,,2607.00
5043,1934,4,2,2607.00,,2607.00
5044,1935,1,2,2607.00,,2607.00
5045,1935,2,2,2607.00,,2607.00
5046,1936,1,2,2607.00,,2607.00
5047,1936,2,2,2607.00,,2607.00
5048,1936,3,1,2200.00,,2200.00
5049,1937,1,1,2200.00,,2200.00
5050,1937,2,1,2200.00,,2200.00
5051,1937,3,1,2200.00,,2200.00
5052,1938,1,2,2607.00,,2607.00
5053,1938,2,2,2607.00,,2607.00
5054,1938,3,3,2900.00,,2900.00
5055,1938,4,2,2607.00,,2607.00
5056,1938,5,2,2607.00,,2607.00
5057,1938,6,2,2607.00,,2607.00
5058,1938,7,3,2900.00,,2900.00
5059,1938,8,2,2607.00,,2607.00
5060,1939,1,1,2200.00,,2200.00
5061,1939,2,1,2200.00,,2200.00
5062,1939,3,1,2200.00,,2200.00
5063,1940,1,2,2607.00,,2607.00
5064,1940,2,1,2200.00,,2200.00
5065,1941,1,2,2607.00,,2607.00
5066,1941,2,2,2607.00,,2607.00
5067,1942,1,3,2900.00,,2900.00
5068,1942,2,3,2900.00,,2900.00
5069,1942,3,4,3750.00,,3750.00
5070,1942,4,3,2900.00,,2900.00
5071,1943,1,3,2900.00,,2900.00
5072,1943,2,2,2607.00,,2607.00
5073,1944,1,2,2607.00,,2607.00
5074,1944,2,2,2607.00,,2607.00
5075,1944,3,1,2200.00,,2200.00
5076,1945,1,2,2607.00,,2607.00
5077,1945,2,2,2607.00,,2607.00
5078,1946,1,3,2900.00,,2900.00
5079,1946,2,3,2900.00,,2900.00
5080,1947,1,3,2900.00,,2900.00
5081,1947,2,3,2900.00,,2900.00
5082,1948,1,3,2900.00,,2900.00
5083,1948,2,3,2900.00,,2900.00
5084,1949,1,2,2607.00,,2607.00
5085,1949,2,2,2607.00,,2607.00
5086,1950,1,4,3750.00,,3750.00
5087,1950,2,4,3750.00,,3750.00
5088,1951,1,2,2607.00,,2607.00
5089,1951,2,3,2900.00,,2900.00
5090,1951,3,3,2900.00,,2900.00
5091,1952,1,1,2200.00,,2200.00
5092,1952,2,1,2200.00,,2200.00
5093,1952,3,1,2200.00,,2200.00
5094,1953,1,1,2200.00,,2200.00
5095,1953,2,1,2200.00,,2200.00
5096,1954,1,3,2900.00,,2900.00
5097,1954,2,2,2607.00,,2607.00
5098,1955,1,3,2900.00,,2900.00
5099,1955,2,3,2900.00,,2900.00
5100,1956,1,3,2900.00,,2900.00
5101,1956,2,3,2900.00,,2900.00
5102,1957,1,1,2200.00,,2200.00
5103,1957,2,1,2200.00,,2200.00
5104,1958,1,2,2607.00,,2607.00
5105,1958,2,1,2200.00,,2200.00
5106,1959,1,2,2607.00,,2607.00
5107,1959,2,2,2607.00,,2607.00
5108,1960,1,2,2607.00,,2607.00
5109,1960,2,3,2900.00,,2900.00
5110,1961,1,3,2900.00,,2900.00
5111,1961,2,2,2607.00,,2607.00
5112,1962,1,3,2900.00,,2900.00
5113,1962,2,3,2900.00,,2900.00
5114,1963,1,3,2900.00,,2900.00
5115,1963,2,2,2607.00,,2607.00
5116,1964,1,3,2900.00,,2900.00
5117,1964,2,4,3750.00,,3750.00
5118,1965,1,2,2607.00,,2607.00
5119,1965,2,2,2607.00,,2607.00
5120,1965,3,2,2607.00,,2607.00
5121,1966,1,2,2607.00,,2607.00
5122,1966,2,3,2900.00,,2900.00
5123,1967,1,3,2900.00,,2900.00
5124,1967,2,3,2900.00,,2900.00
5125,1968,1,2,2607.00,,2607.00
5126,1968,2,3,2900.00,,2900.00
5127,1969,1,2,2607.00,,2607.00
5128,1969,2,1,2200.00,,2200.00
5129,1970,1,1,2200.00,,2200.00
5130,1970,2,1,2200.00,,2200.00
5131,1970,3,1,2200.00,,2200.00
5132,1970,4,1,2200.00,,2200.00
5133,1971,1,1,2200.00,,2200.00
5134,1971,2,2,2607.00,,2607.00
5135,1971,3,2,2607.00,,2607.00
5136,1971,4,2,2607.00,,2607.00
5137,1972,1,1,2200.00,,2200.00
5138,1972,2,1,2200.00,,2200.00
5139,1972,3,1,2200.00,,2200.00
5140,1972,4,1,2200.00,,2200.00
5141,1973,1,2,2607.00,,2607.00
5142,1973,2,2,2607.00,,2607.00
5143,1973,3,3,2900.00,,2900.00
5144,1974,1,3,2900.00,,2900.00
5145,1974,2,3,2900.00,,2900.00
5146,1975,1,1,2200.00,,2200.00
5147,1975,2,1,2200.00,,2200.00
5148,1975,3,1,2200.00,,2200.00
5149,1976,1,3,2900.00,,2900.00
5150,1976,2,2,2607.00,,2607.00
5151,1977,1,2,2607.00,,2607.00
5152,1977,2,1,2200.00,,2200.00
5153,1977,3,2,2607.00,,2607.00
5154,1978,1,2,2607.00,,2607.00
5155,1978,2,2,2607.00,,2607.00
5156,1979,1,3,2900.00,,2900.00
5157,1979,2,3,2900.00,,2900.00
5158,1980,1,3,2900.00,,2900.00
5159,1980,2,3,2900.00,,2900.00
5160,1981,1,2,2607.00,,2607.00
5161,1981,2,2,2607.00,,2607.00
5162,1982,1,3,2900.00,,2900.00
5163,1982,2,3,2900.00,,2900.00
5164,1983,1,3,2900.00,,2900.00
5165,1983,2,3,2900.00,,2900.00
5166,1984,1,3,2900.00,,2900.00
5167,1984,2,2,2607.00,,2607.00
5168,1985,1,1,2200.00,,2200.00
5169,1985,2,2,2607.00,,2607.00
5170,1985,3,1,2200.00,,2200.00
5171,1986,1,1,2200.00,,2200.00
5172,1986,2,1,2200.00,,2200.00
5173,1986,3,2,2607.00,,2607.00
5174,1986,4,2,2607.00,,2607.00
5175,1986,5,1,2200.00,,2200.00
5176,1986,6,2,2607.00,,2607.00
5177,1987,1,3,2900.00,,2900.00
5178,1987,2,4,3750.00,,3750.00
5179,1988,1,2,2607.00,,2607.00
5180,1988,2,2,2607.00,,2607.00
5181,1989,1,2,2607.00,,2607.00
5182,1989,2,3,2900.00,,2900.00
5183,1990,1,2,2607.00,,2607.00
5184,1990,2,2,2607.00,,2607.00
5185,1991,1,3,2900.00,,2900.00
5186,1991,2,4,3750.00,,3750.00
5187,1992,1,3,2900.00,,2900.00
5188,1992,2,3,2900.00,,2900.00
5189,1993,1,2,2607.00,,2607.00
5190,1993,2,1,2200.00,,2200.00
5191,1993,3,2,2607.00,,2607.00
5192,1993,4,1,2200.00,,2200.00
5193,1993,5,2,2607.00,,2607.00
5194,1994,1,2,2607.00,,2607.00
5195,1994,2,3,2900.00,,2900.00
5196,1995,1,3,2900.00,,2900.00
5197,1995,2,2,2607.00,,2607.00
5198,1996,1,3,2900.00,,2900.00
5199,1996,2,2,2607.00,,2607.00
5200,1997,1,2,2607.00,,2607.00
5201,1997,2,3,2900.00,,2900.00
5202,1998,1,2,2607.00,,2607.00
5203,1998,2,2,2607.00,,2607.00
5204,1999,1,2,2607.00,,2607.00
5205,1999,2,2,2607.00,,2607.00
5206,2000,1,2,2607.00,,2607.00
5207,2000,2,2,2607.00,,2607.00
5208,2000,3,1,2200.00,,2200.00
5209,2001,1,3,2900.00,,2900.00
5210,2001,2,3,2900.00,,2900.00
5211,2002,1,2,2607.00,,2607.00
5212,2002,2,3,2900.00,,2900.00
5213,2003,1,0,1900.00,,1900.00
5214,2003,2,0,1900.00,,1900.00
5215,2003,3,1,2200.00,,2200.00
5216,2003,4,1,2200.00,,2200.00
5217,2003,5,1,2200.00,,2200.00
5218,2004,1,1,2200.00,,2200.00
5219,2004,2,1,2200.00,,2200.00
5220,2004,3,1,2200.00,,2200.00
5221,2005,1,2,2607.00,,2607.00
5222,2005,2,3,2900.00,,2900.00
5223,2006,1,1,2200.00,,2200.00
5224,2006,2,2,2607.00,,2607.00
5225,2007,1,1,2200.00,,2200.00
5226,2007,2,2,2607.00,,2607.00
5227,2007,3,2,2607.00,,2607.00
5228,2008,1,2,2607.00,,2607.00
5229,2008,2,2,2607.00,,2607.00
5230,2009,1,1,2200.00,,2200.00
5231,2009,2,1,2200.00,,2200.00
5232,2009,3,0,1900.00,,1900.00
5233,2009,4,1,2200.00,,2200.00
5234,2009,5,0,1900.00,,1900.00
5235,2009,6,1,2200.00,,2200.00
5236,2009,7,1,2200.00,,2200.00
5237,2010,1,1,2200.00,,2200.00
5238,2010,2,0,1900.00,,1900.00
5239,2011,1,1,2200.00,,2200.00
5240,2011,2,1,2200.00,,2200.00
5241,2011,3,1,2200.00,,2200.00
5242,2012,1,2,2607.00,,2607.00
5243,2012,2,2,2607.00,,2607.00
5244,2013,1,2,2607.00,,2607.00
5245,2013,2,2,2607.00,,2607.00
5246,2014,1,0,1900.00,,1900.00
5247,2014,2,0,1900.00,,1900.00
5248,2014,3,0,1900.00,,1900.00
5249,2015,1,3,2900.00,,2900.00
5250,2015,2,2,2607.00,,2607.00
5251,2016,1,3,2900.00,,2900.00
5252,2016,2,2,2607.00,,2607.00
5253,2016,3,2,2607.00,,2607.00
5254,2017,1,2,2607.00,,2607.00
5255,2017,2,2,2607.00,,2607.00
5256,2018,1,2,2607.00,,2607.00
5257,2018,2,2,2607.00,,2607.00
5258,2019,1,2,2607.00,,2607.00
5259,2019,2,2,2607.00,,2607.00
5260,2020,1,2,2607.00,,2607.00
5261,2020,2,2,2607.00,,2607.00
5262,2021,1,2,2607.00,,2607.00
5263,2021,2,2,2607.00,,2607.00
5264,2022,1,3,2900.00,,2900.00
5265,2022,2,2,2607.00,,2607.00
5266,2023,1,2,2607.00,,2607.00
5267,2023,2,1,2200.00,,2200.00
5268,2024,1,2,2607.00,,2607.00
5269,2024,2,3,2900.00,,2900.00
5270,2025,1,2,2607.00,,2607.00
5271,2025,2,2,2607.00,,2607.00
5272,2025,3,1,2200.00,,2200.00
5273,2026,1,2,2607.00,,2607.00
5274,2026,2,2,2607.00,,2607.00
5275,2026,3,2,2607.00,,2607.00
5276,2026,4,2,2607.00,,2607.00
5277,2027,1,2,2607.00,,2607.00
5278,2027,2,3,2900.00,,2900.00
5279,2028,1,3,2900.00,,2900.00
5280,2028,2,3,2900.00,,2900.00
5281,2029,1,2,2607.00,,2607.00
5282,2029,2,2,2607.00,,2607.00
5283,2030,1,2,2607.00,,2607.00
5284,2030,2,1,2200.00,,2200.00
5285,2031,1,1,2200.00,,2200.00
5286,2031,2,1,2200.00,,2200.00
5287,2032,1,2,2607.00,,2607.00
5288,2032,2,3,2900.00,,2900.00
5289,2033,1,3,2900.00,,2900.00
5290,2033,2,3,2900.00,,2900.00
5291,2034,1,3,2900.00,,2900.00
5292,2034,2,2,2607.00,,2607.00
5293,2035,1,2,2607.00,,2607.00
5294,2035,2,2,2607.00,,2607.00
5295,2036,1,3,2900.00,,2900.00
5296,2036,2,3,2900.00,,2900.00
5297,2037,1,1,2200.00,,2200.00
5298,2037,2,1,2200.00,,2200.00
5299,2038,1,1,2200.00,,2200.00
5300,2038,2,2,2607.00,,2607.00
5301,2039,1,3,2900.00,,2900.00
5302,2039,2,3,2900.00,,2900.00
5303,2040,1,1,2200.00,,2200.00
5304,2040,2,2,2607.00,,2607.00
5305,2040,3,2,2607.00,,2607.00
5306,2040,4,1,2200.00,,2200.00
5307,2041,1,4,3750.00,,3750.00
5308,2041,2,4,3750.00,,3750.00
5309,2042,1,2,2607.00,,2607.00
5310,2042,2,2,2607.00,,2607.00
5311,2043,1,1,2200.00,,2200.00
5312,2043,2,2,2607.00,,2607.00
5313,2044,1,2,2607.00,,2607.00
5314,2044,2,3,2900.00,,2900.00
5315,2045,1,1,2200.00,,2200.00
5316,2045,2,1,2200.00,,2200.00
5317,2046,1,1,2200.00,,2200.00
5318,2046,2,0,1900.00,,1900.00
5319,2046,3,0,1900.00,,1900.00
5320,2046,4,0,1900.00,,1900.00
5321,2047,1,1,2200.00,,2200.00
5322,2047,2,2,2607.00,,2607.00
5323,2048,1,2,2607.00,,2607.00
5324,2048,2,3,2900.00,,2900.00
5325,2049,1,1,2200.00,,2200.00
5326,2049,2,1,2200.00,,2200.00
5327,2049,3,1,2200.00,,2200.00
5328,2049,4,1,2200.00,,2200.00
5329,2050,1,3,2900.00,,2900.00
5330,2050,2,3,2900.00,,2900.00
5331,2050,3,3,2900.00,,2900.00
5332,2051,1,2,2607.00,,2607.00
5333,2051,2,3,2900.00,,2900.00
5334,2052,1,2,2607.00,,2607.00
5335,2052,2,1,2200.00,,2200.00
5336,2053,1,3,2900.00,,2900.00
5337,2053,2,3,2900.00,,2900.00
5338,2054,1,3,2900.00,,2900.00
5339,2054,2,3,2900.00,,2900.00
5340,2055,1,4,3750.00,,3750.00
5341,2055,2,3,2900.00,,2900.00
5342,2056,1,2,2607.00,,2607.00
5343,2056,2,3,2900.00,,2900.00
5344,2057,1,3,2900.00,,2900.00
5345,2057,2,3,2900.00,,2900.00
5346,2058,1,3,2900.00,,2900.00
5347,2058,2,2,2607.00,,2607.00
5348,2058,3,2,2607.00,,2607.00
5349,2059,1,2,2607.00,,2607.00
5350,2059,2,2,2607.00,,2607.00
5351,2059,3,2,2607.00,,2607.00
5352,2060,1,2,2607.00,,2607.00
5353,2060,2,2,2607.00,,2607.00
5354,2061,1,2,2607.00,,2607.00
5355,2061,2,2,2607.00,,2607.00
5356,2061,3,2,2607.00,,2607.00
5357,2062,1,2,2607.00,,2607.00
5358,2062,2,2,2607.00,,2607.00
5359,2063,1,3,2900.00,,2900.00
5360,2063,2,3,2900.00,,2900.00
5361,2064,1,3,2900.00,,2900.00
5362,2064,2,3,2900.00,,2900.00
5363,2065,1,2,2607.00,,2607.00
5364,2065,2,3,2900.00,,2900.00
5365,2066,1,2,2607.00,,2607.00
5366,2066,2,1,2200.00,,2200.00
5367,2067,1,4,3750.00,,3750.00
5368,2067,2,4,3750.00,,3750.00
5369,2068,1,4,3750.00,,3750.00
5370,2068,2,4,3750.00,,3750.00
5371,2069,1,3,2900.00,,2900.00
5372,2069,2,3,2900.00,,2900.00
5373,2070,1,2,2607.00,,2607.00
5374,2070,2,3,2900.00,,2900.00
5375,2071,1,3,2900.00,,2900.00
5376,2071,2,3,2900.00,,2900.00
5377,2072,1,3,2900.00,,2900.00
5378,2072,2,3,2900.00,,2900.00
5379,2073,1,2,2607.00,,2607.00
5380,2073,2,1,2200.00,,2200.00
5381,2073,3,1,2200.00,,2200.00
5382,2074,1,1,2200.00,,2200.00
5383,2074,2,1,2200.00,,2200.00
5384,2074,3,1,2200.00,,2200.00
5385,2075,1,2,2607.00,,2607.00
5386,2075,2,2,2607.00,,2607.00
5387,2075,3,2,2607.00,,2607.00
5388,2076,1,2,2607.00,,2607.00
5389,2076,2,2,2607.00,,2607.00
5390,2077,1,2,2607.00,,2607.00
5391,2077,2,3,2900.00,,2900.00
5392,2078,1,3,2900.00,,2900.00
5393,2078,2,2,2607.00,,2607.00
5394,2079,1,3,2900.00,,2900.00
5395,2079,2,3,2900.00,,2900.00
5396,2080,1,2,2607.00,,2607.00
5397,2080,2,2,2607.00,,2607.00
5398,2081,1,4,3750.00,,3750.00
5399,2081,2,4,3750.00,,3750.00
5400,2082,1,3,2900.00,,2900.00
5401,2082,2,3,2900.00,,2900.00
5402,2083,1,2,2607.00,,2607.00
5403,2083,2,2,2607.00,,2607.00
5404,2084,1,2,2607.00,,2607.00
5405,2084,2,3,2900.00,,2900.00
5406,2085,1,2,2607.00,,2607.00
5407,2085,2,1,2200.00,,2200.00
5408,2085,3,1,2200.00,,2200.00
5409,2085,4,2,2607.00,,2607.00
5410,2086,1,5,4600.00,,4600.00
5411,2086,2,4,3750.00,,3750.00
5412,2087,1,3,2900.00,,2900.00
5413,2087,2,3,2900.00,,2900.00
5414,2088,1,2,2607.00,,2607.00
5415,2088,2,2,2607.00,,2607.00
5416,2088,3,2,2607.00,,2607.00
5417,2089,1,3,2900.00,,2900.00
5418,2089,2,3,2900.00,,2900.00
5419,2090,1,1,2200.00,,2200.00
5420,2090,2,1,2200.00,,2200.00
5421,2091,1,3,2900.00,,2900.00
5422,2091,2,3,2900.00,,2900.00
5423,2091,3,3,2900.00,,2900.00
5424,2092,1,3,2900.00,,2900.00
5425,2092,2,2,2607.00,,2607.00
5426,2093,1,1,2200.00,,2200.00
5427,2093,2,2,2607.00,,2607.00
5428,2093,3,2,2607.00,,2607.00
5429,2093,4,2,2607.00,,2607.00
5430,2093,5,2,2607.00,,2607.00
5431,2093,6,2,2607.00,,2607.00
5432,2094,1,2,2607.00,,2607.00
5433,2094,2,2,2607.00,,2607.00
5434,2094,3,1,2200.00,,2200.00
5435,2094,4,2,2607.00,,2607.00
5436,2094,5,2,2607.00,,2607.00
5437,2095,1,1,2200.00,,2200.00
5438,2095,2,1,2200.00,,2200.00
5439,2096,1,2,2607.00,,2607.00
5440,2096,2,2,2607.00,,2607.00
5441,2097,1,1,2200.00,,2200.00
5442,2097,2,0,1900.00,,1900.00
5443,2097,3,1,2200.00,,2200.00
5444,2098,1,3,2900.00,,2900.00
5445,2098,2,3,2900.00,,2900.00
5446,2099,1,3,2900.00,,2900.00
5447,2099,2,3,2900.00,,2900.00
5448,2100,1,3,2900.00,,2900.00
5449,2100,2,3,2900.00,,2900.00
5450,2101,1,2,2607.00,,2607.00
5451,2101,2,2,2607.00,,2607.00
5452,2101,3,2,2607.00,,2607.00
5453,2101,4,2,2607.00,,2607.00
5454,2102,1,2,2607.00,,2607.00
5455,2102,2,2,2607.00,,2607.00
5456,2103,1,3,2900.00,,2900.00
5457,2103,2,3,2900.00,,2900.00
5458,2104,1,3,2900.00,,2900.00
5459,2104,2,3,2900.00,,2900.00
5460,2105,1,2,2607.00,,2607.00
5461,2105,2,2,2607.00,,2607.00
5462,2106,1,2,2607.00,,2607.00
5463,2106,2,2,2607.00,,2607.00
5464,2106,3,2,2607.00,,2607.00
5465,2107,1,3,2900.00,,2900.00
5466,2107,2,3,2900.00,,2900.00
5467,2108,1,1,2200.00,,2200.00
5468,2108,2,1,2200.00,,2200.00
5469,2108,3,1,2200.00,,2200.00
5470,2109,1,3,2900.00,,2900.00
5471,2109,2,3,2900.00,,2900.00
5472,2110,1,2,2607.00,,2607.00
5473,2110,2,2,2607.00,,2607.00
5474,2111,1,3,2900.00,,2900.00
5475,2111,2,3,2900.00,,2900.00
5476,2112,1,2,2607.00,,2607.00
5477,2112,2,2,2607.00,,2607.00
5478,2113,1,3,2900.00,,2900.00
5479,2113,2,2,2607.00,,2607.00
5480,2114,1,2,2607.00,,2607.00
5481,2114,2,3,2900.00,,2900.00
5482,2115,1,1,2200.00,,2200.00
5483,2115,2,1,2200.00,,2200.00
5484,2116,1,1,2200.00,,2200.00
5485,2116,2,2,2607.00,,2607.00
5486,2117,1,2,2607.00,,2607.00
5487,2117,2,2,2607.00,,2607.00
5488,2118,1,3,2900.00,,2900.00
5489,2118,2,3,2900.00,,2900.00
5490,2119,1,2,2607.00,,2607.00
5491,2119,2,3,2900.00,,2900.00
5492,2120,1,1,2200.00,,2200.00
5493,2120,2,2,2607.00,,2607.00
5494,2121,1,3,2900.00,,2900.00
5495,2121,2,2,2607.00,,2607.00
5496,2122,1,2,2607.00,,2607.00
5497,2122,2,2,2607.00,,2607.00
5498,2123,1,3,2900.00,,2900.00
5499,2123,2,2,2607.00,,2607.00
5500,2124,1,3,2900.00,,2900.00
5501,2124,2,3,2900.00,,2900.00
5502,2125,1,1,2200.00,,2200.00
5503,2125,2,1,2200.00,,2200.00
5504,2126,1,3,2900.00,,2900.00
5505,2126,2,2,2607.00,,2607.00
5506,2127,1,1,2200.00,,2200.00
5507,2127,2,2,2607.00,,2607.00
5508,2128,1,2,2607.00,,2607.00
5509,2128,2,1,2200.00,,2200.00
5510,2128,3,2,2607.00,,2607.00
5511,2128,4,2,2607.00,,2607.00
5512,2129,1,3,2900.00,,2900.00
5513,2129,2,3,2900.00,,2900.00
5514,2130,1,3,2900.00,,2900.00
5515,2130,2,3,2900.00,,2900.00
5516,2131,1,3,2900.00,,2900.00
5517,2131,2,3,2900.00,,2900.00
5518,2132,1,2,2607.00,,2607.00
5519,2132,2,2,2607.00,,2607.00
5520,2133,1,2,2607.00,,2607.00
5521,2133,2,2,2607.00,,2607.00
5522,2133,3,2,2607.00,,2607.00
5523,2134,1,2,2607.00,,2607.00
5524,2134,2,2,2607.00,,2607.00
5525,2135,1,2,2607.00,,2607.00
5526,2135,2,2,2607.00,,2607.00
5527,2136,1,1,2200.00,,2200.00
5528,2136,2,1,2200.00,,2200.00
5529,2136,3,1,2200.00,,2200.00
5530,2137,1,1,2200.00,,2200.00
5531,2137,2,2,2607.00,,2607.00
5532,2137,3,1,2200.00,,2200.00
5533,2138,1,2,2607.00,,2607.00
5534,2138,2,2,2607.00,,2607.00
5535,2138,3,2,2607.00,,2607.00
5536,2139,1,3,2900.00,,2900.00
5537,2139,2,2,2607.00,,2607.00
5538,2140,1,3,2900.00,,2900.00
5539,2140,2,3,2900.00,,2900.00
5540,2141,1,2,2607.00,,2607.00
5541,2141,2,3,2900.00,,2900.00
5542,2142,1,3,2900.00,,2900.00
5543,2142,2,3,2900.00,,2900.00
5544,2143,1,2,2607.00,,2607.00
5545,2143,2,1,2200.00,,2200.00
5546,2144,1,2,2607.00,,2607.00
5547,2144,2,1,2200.00,,2200.00
5548,2145,1,2,2607.00,,2607.00
5549,2145,2,2,2607.00,,2607.00
5550,2146,1,2,2607.00,,2607.00
5551,2146,2,2,2607.00,,2607.00
5552,2147,1,2,2607.00,,2607.00
5553,2147,2,2,2607.00,,2607.00
5554,2147,3,2,2607.00,,2607.00
5555,2147,4,2,2607.00,,2607.00
5556,2148,1,1,2200.00,,2200.00
5557,2148,2,1,2200.00,,2200.00
5558,2148,3,1,2200.00,,2200.00
5559,2148,4,1,2200.00,,2200.00
5560,2148,5,1,2200.00,,2200.00
5561,2148,6,1,2200.00,,2200.00
5562,2149,1,3,2900.00,,2900.00
5563,2149,2,2,2607.00,,2607.00
5564,2150,1,3,2900.00,,2900.00
5565,2150,2,2,2607.00,,2607.00
5566,2151,1,1,2200.00,,2200.00
5567,2151,2,1,2200.00,,2200.00
5568,2151,3,1,2200.00,,2200.00
5569,2152,1,2,2607.00,,2607.00
5570,2152,2,2,2607.00,,2607.00
5571,2152,3,2,2607.00,,2607.00
5572,2153,1,1,2200.00,,2200.00
5573,2153,2,2,2607.00,,2607.00
5574,2153,3,1,2200.00,,2200.00
5575,2154,1,1,2200.00,,2200.00
5576,2154,2,2,2607.00,,2607.00
5577,2155,1,3,2900.00,,2900.00
5578,2155,2,2,2607.00,,2607.00
5579,2156,1,2,2607.00,,2607.00
5580,2156,2,2,2607.00,,2607.00
5581,2157,1,2,2607.00,,2607.00
5582,2157,2,1,2200.00,,2200.00
5583,2158,1,0,1900.00,,1900.00
5584,2158,2,1,2200.00,,2200.00
5585,2158,3,1,2200.00,,2200.00
5586,2158,4,1,2200.00,,2200.00
5587,2158,5,1,2200.00,,2200.00
5588,2158,6,1,2200.00,,2200.00
5589,2159,1,3,2900.00,,2900.00
5590,2159,2,4,3750.00,,3750.00
5591,2160,1,2,2607.00,,2607.00
5592,2160,2,2,2607.00,,2607.00
5593,2161,1,2,2607.00,,2607.00
5594,2161,2,2,2607.00,,2607.00
5595,2162,1,2,2607.00,,2607.00
5596,2162,2,1,2200.00,,2200.00
5597,2163,1,1,2200.00,,2200.00
5598,2163,2,1,2200.00,,2200.00
5599,2164,1,2,2607.00,,2607.00
5600,2164,2,2,2607.00,,2607.00
5601,2165,1,2,2607.00,,2607.00
5602,2165,2,2,2607.00,,2607.00
5603,2166,1,2,2607.00,,2607.00
5604,2166,2,2,2607.00,,2607.00
5605,2167,1,3,2900.00,,2900.00
5606,2167,2,3,2900.00,,2900.00
5607,2168,1,2,2607.00,,2607.00
5608,2168,2,2,2607.00,,2607.00
5609,2169,1,1,2200.00,,2200.00
5610,2169,2,1,2200.00,,2200.00
5611,2170,1,2,2607.00,,2607.00
5612,2170,2,3,2900.00,,2900.00
5613,2171,1,2,2607.00,,2607.00
5614,2171,2,2,2607.00,,2607.00
5615,2171,3,1,2200.00,,2200.00
5616,2172,1,3,2900.00,,2900.00
5617,2172,2,3,2900.00,,2900.00
5618,2173,1,2,2607.00,,2607.00
5619,2173,2,3,2900.00,,2900.00
5620,2174,1,2,2607.00,,2607.00
5621,2174,2,2,2607.00,,2607.00
5622,2174,3,2,2607.00,,2607.00
5623,2175,1,2,2607.00,,2607.00
5624,2175,2,2,2607.00,,2607.00
5625,2175,3,2,2607.00,,2607.00
5626,2176,1,2,2607.00,,2607.00
5627,2176,2,2,2607.00,,2607.00
5628,2176,3,3,2900.00,,2900.00
5629,2177,1,3,2900.00,,2900.00
5630,2177,2,3,2900.00,,2900.00
5631,2178,1,3,2900.00,,2900.00
5632,2178,2,3,2900.00,,2900.00
5633,2179,1,2,2607.00,,2607.00
5634,2179,2,3,2900.00,,2900.00
5635,2180,1,3,2900.00,,2900.00
5636,2180,2,3,2900.00,,2900.00
5637,2181,1,3,2900.00,,2900.00
5638,2181,2,3,2900.00,,2900.00
5639,2182,1,2,2607.00,,2607.00
5640,2182,2,2,2607.00,,2607.00
5641,2182,3,2,2607.00,,2607.00
5642,2183,1,2,2607.00,,2607.00
5643,2183,2,2,2607.00,,2607.00
5644,2183,3,2,2607.00,,2607.00
5645,2184,1,2,2607.00,,2607.00
5646,2184,2,2,2607.00,,2607.00
5647,2184,3,2,2607.00,,2607.00
5648,2185,1,3,2900.00,,2900.00
5649,2185,2,3,2900.00,,2900.00
5650,2186,1,1,2200.00,,2200.00
5651,2186,2,1,2200.00,,2200.00
5652,2186,3,1,2200.00,,2200.00
5653,2187,1,3,2900.00,,2900.00
5654,2187,2,3,2900.00,,2900.00
5655,2188,1,2,2607.00,,2607.00
5656,2188,2,2,2607.00,,2607.00
5657,2189,1,2,2607.00,,2607.00
5658,2189,2,2,2607.00,,2607.00
5659,2189,3,2,2607.00,,2607.00
5660,2190,1,1,2200.00,,2200.00
5661,2190,2,1,2200.00,,2200.00
5662,2190,3,1,2200.00,,2200.00
5663,2191,1,1,2200.00,,2200.00
5664,2191,2,1,2200.00,,2200.00
5665,2192,1,2,2607.00,,2607.00
5666,2192,2,2,2607.00,,2607.00
5667,2193,1,3,2900.00,,2900.00
5668,2193,2,3,2900.00,,2900.00
5669,2194,1,3,2900.00,,2900.00
5670,2194,2,3,2900.00,,2900.00
5671,2195,1,3,2900.00,,2900.00
5672,2195,2,3,2900.00,,2900.00
5673,2196,1,3,2900.00,,2900.00
5674,2196,2,2,2607.00,,2607.00
5675,2197,1,2,2607.00,,2607.00
5676,2197,2,2,2607.00,,2607.00
5677,2197,3,2,2607.00,,2607.00
5678,2197,4,2,2607.00,,2607.00
5679,2198,1,2,2607.00,,2607.00
5680,2198,2,2,2607.00,,2607.00
5681,2199,1,3,2900.00,,2900.00
5682,2199,2,3,2900.00,,2900.00
5683,2200,1,2,2607.00,,2607.00
5684,2200,2,2,2607.00,,2607.00
5685,2201,1,2,2607.00,,2607.00
5686,2201,2,2,2607.00,,2607.00
5687,2202,1,2,2607.00,,2607.00
5688,2202,2,3,2900.00,,2900.00
5689,2203,1,3,2900.00,,2900.00
5690,2203,2,2,2607.00,,2607.00
5691,2203,3,3,2900.00,,2900.00
5692,2204,1,1,2200.00,,2200.00
5693,2204,2,2,2607.00,,2607.00
5694,2204,3,1,2200.00,,2200.00
5695,2205,1,2,2607.00,,2607.00
5696,2205,2,2,2607.00,,2607.00
5697,2205,3,2,2607.00,,2607.00
5698,2206,1,2,2607.00,,2607.00
5699,2206,2,2,2607.00,,2607.00
5700,2206,3,2,2607.00,,2607.00
5701,2207,1,2,2607.00,,2607.00
5702,2207,2,3,2900.00,,2900.00
5703,2208,1,3,2900.00,,2900.00
5704,2208,2,2,2607.00,,2607.00
5705,2209,1,1,2200.00,,2200.00
5706,2209,2,1,2200.00,,2200.00
5707,2209,3,1,2200.00,,2200.00
5708,2210,1,2,2607.00,,2607.00
5709,2210,2,2,2607.00,,2607.00
5710,2211,1,1,2200.00,,2200.00
5711,2211,2,1,2200.00,,2200.00
5712,2212,1,2,2607.00,,2607.00
5713,2212,2,1,2200.00,,2200.00
5714,2213,1,2,2607.00,,2607.00
5715,2213,2,2,2607.00,,2607.00
5716,2213,3,2,2607.00,,2607.00
5717,2213,4,2,2607.00,,2607.00
5718,2214,1,2,2607.00,,2607.00
5719,2214,2,2,2607.00,,2607.00
5720,2215,1,1,2200.00,,2200.00
5721,2215,2,1,2200.00,,2200.00
5722,2216,1,2,2607.00,,2607.00
5723,2216,2,2,2607.00,,2607.00
5724,2217,1,0,1900.00,,1900.00
5725,2217,2,0,1900.00,,1900.00
5726,2217,3,0,1900.00,,1900.00
5727,2217,4,1,2200.00,,2200.00
5728,2217,5,1,2200.00,,2200.00
5729,2217,6,0,1900.00,,1900.00
5730,2218,1,1,2200.00,,2200.00
5731,2218,2,2,2607.00,,2607.00
5732,2218,3,2,2607.00,,2607.00
5733,2219,1,2,2607.00,,2607.00
5734,2219,2,1,2200.00,,2200.00
5735,2220,1,2,2607.00,,2607.00
5736,2220,2,1,2200.00,,2200.00
5737,2221,1,2,2607.00,,2607.00
5738,2221,2,1,2200.00,,2200.00
5739,2221,3,2,2607.00,,2607.00
5740,2221,4,1,2200.00,,2200.00
5741,2222,1,1,2200.00,,2200.00
5742,2222,2,2,2607.00,,2607.00
5743,2223,1,1,2200.00,,2200.00
5744,2223,2,1,2200.00,,2200.00
5745,2224,1,1,2200.00,,2200.00
5746,2224,2,1,2200.00,,2200.00
5747,2224,3,1,2200.00,,2200.00
5748,2225,1,2,2607.00,,2607.00
5749,2225,2,2,2607.00,,2607.00
5750,2225,3,2,2607.00,,2607.00
5751,2226,1,3,2900.00,,2900.00
5752,2226,2,2,2607.00,,2607.00
5753,2227,1,3,2900.00,,2900.00
5754,2227,2,2,2607.00,,2607.00
5755,2228,1,1,2200.00,,2200.00
5756,2228,2,1,2200.00,,2200.00
5757,2228,3,1,2200.00,,2200.00
5758,2229,1,2,2607.00,,2607.00
5759,2229,2,1,2200.00,,2200.00
5760,2229,3,1,2200.00,,2200.00
5761,2230,1,2,2607.00,,2607.00
5762,2230,2,2,2607.00,,2607.00
5763,2230,3,2,2607.00,,2607.00
5764,2231,1,2,2607.00,,2607.00
5765,2231,2,2,2607.00,,2607.00
5766,2232,1,1,2200.00,,2200.00
5767,2232,2,1,2200.00,,2200.00
5768,2232,3,1,2200.00,,2200.00
5769,2233,1,1,2200.00,,2200.00
5770,2233,2,1,2200.00,,2200.00
5771,2234,1,2,2607.00,,2607.00
5772,2234,2,2,2607.00,,2607.00
5773,2234,3,2,2607.00,,2607.00
5774,2235,1,4,3750.00,,3750.00
5775,2235,2,3,2900.00,,2900.00
5776,2236,1,2,2607.00,,2607.00
5777,2236,2,2,2607.00,,2607.00
5778,2236,3,2,2607.00,,2607.00
5779,2237,1,4,3750.00,,3750.00
5780,2237,2,4,3750.00,,3750.00
5781,2238,1,3,2900.00,,2900.00
5782,2238,2,3,2900.00,,2900.00
5783,2239,1,2,2607.00,,2607.00
5784,2239,2,1,2200.00,,2200.00
5785,2240,1,2,2607.00,,2607.00
5786,2240,2,2,2607.00,,2607.00
5787,2241,1,2,2607.00,,2607.00
5788,2241,2,2,2607.00,,2607.00
5789,2242,1,3,2900.00,,2900.00
5790,2242,2,3,2900.00,,2900.00
5791,2243,1,3,2900.00,,2900.00
5792,2243,2,2,2607.00,,2607.00
5793,2243,3,2,2607.00,,2607.00
5794,2244,1,2,2607.00,,2607.00
5795,2244,2,2,2607.00,,2607.00
5796,2245,1,1,2200.00,,2200.00
5797,2245,2,1,2200.00,,2200.00
5798,2245,3,1,2200.00,,2200.00
5799,2245,4,1,2200.00,,2200.00
5800,2246,1,2,2607.00,,2607.00
5801,2246,2,2,2607.00,,2607.00
5802,2247,1,2,2607.00,,2607.00
5803,2247,2,2,2607.00,,2607.00
5804,2248,1,2,2607.00,,2607.00
5805,2248,2,1,2200.00,,2200.00
5806,2249,1,2,2607.00,,2607.00
5807,2249,2,2,2607.00,,2607.00
5808,2250,1,1,2200.00,,2200.00
5809,2250,2,1,2200.00,,2200.00
5810,2250,3,1,2200.00,,2200.00
5811,2250,4,1,2200.00,,2200.00
5812,2251,1,3,2900.00,,2900.00
5813,2251,2,2,2607.00,,2607.00
5814,2252,1,2,2607.00,,2607.00
5815,2252,2,2,2607.00,,2607.00
5816,2253,1,2,2607.00,,2607.00
5817,2253,2,1,2200.00,,2200.00
5818,2254,1,2,2607.00,,2607.00
5819,2254,2,1,2200.00,,2200.00
5820,2255,1,1,2200.00,,2200.00
5821,2255,2,1,2200.00,,2200.00
5822,2256,1,4,3750.00,,3750.00
5823,2256,2,4,3750.00,,3750.00
