unit_id,property_id,unit_number,beds,adjusted_rent,baths,base_rent
1,1,1,3,3200.00,,3200.00
2,1,2,3,3200.00,,3200.00
3,2,1,2,2700.00,,2700.00
4,2,2,2,2700.00,,2700.00
5,3,1,3,3200.00,,3200.00
6,3,2,3,3200.00,,3200.00
7,4,1,2,2700.00,,2700.00
8,4,2,2,2700.00,,2700.00
9,5,1,3,3200.00,,3200.00
10,5,2,2,2700.00,,2700.00
11,6,1,3,3200.00,,3200.00
12,6,2,2,2700.00,,2700.00
13,7,1,1,2295.00,,2295.00
14,7,2,1,2295.00,,2295.00
15,7,3,1,2295.00,,2295.00
16,7,4,1,2295.00,,2295.00
17,8,1,1,2295.00,,2295.00
18,8,2,1,2295.00,,2295.00
19,9,1,1,2295.00,,2295.00
20,9,2,1,2295.00,,2295.00
21,9,3,1,2295.00,,2295.00
22,10,1,1,2295.00,,2295.00
23,10,2,1,2295.00,,2295.00
24,10,3,0,2037.00,,2037.00
25,10,4,1,2295.00,,2295.00
26,11,1,2,2700.00,,2700.00
27,11,2,1,2295.00,,2295.00
28,12,1,3,3200.00,,3200.00
29,12,2,3,3200.00,,3200.00
30,13,1,4,4100.00,,4100.00
31,13,2,4,4100.00,,4100.00
32,14,1,1,2295.00,,2295.00
33,14,2,1,2295.00,,2295.00
34,15,1,2,2700.00,,2700.00
35,15,2,2,2700.00,,2700.00
36,15,3,2,2700.00,,2700.00
37,16,1,2,2700.00,,2700.00
38,16,2,1,2295.00,,2295.00
39,16,3,2,2700.00,,2700.00
40,17,1,2,2700.00,,2700.00
41,17,2,1,2295.00,,2295.00
42,17,3,2,2700.00,,2700.00
43,18,1,3,3200.00,,3200.00
44,18,2,2,2700.00,,2700.00
45,19,1,3,3200.00,,3200.00
46,19,2,4,4100.00,,4100.00
47,20,1,4,4100.00,,4100.00
48,20,2,3,3200.00,,3200.00
49,21,1,3,3200.00,,3200.00
50,21,2,2,2700.00,,2700.00
51,22,1,2,2700.00,,2700.00
52,22,2,2,2700.00,,2700.00
53,23,1,2,2700.00,,2700.00
54,23,2,2,2700.00,,2700.00
55,24,1,1,2295.00,,2295.00
56,24,2,1,2295.00,,2295.00
57,24,3,2,2700.00,,2700.00
58,25,1,3,3200.00,,3200.00
59,25,2,3,3200.00,,3200.00
60,26,1,3,3200.00,,3200.00
61,26,2,3,3200.00,,3200.00
62,27,1,3,3200.00,,3200.00
63,27,2,3,3200.00,,3200.00
64,28,1,3,3200.00,,3200.00
65,28,2,2,2700.00,,2700.00
66,29,1,3,3200.00,,3200.00
67,29,2,4,4100.00,,4100.00
68,30,1,4,4100.00,,4100.00
69,30,2,4,4100.00,,4100.00
70,31,1,2,2700.00,,2700.00
71,31,2,2,2700.00,,2700.00
72,32,1,2,2700.00,,2700.00
73,32,2,1,2295.00,,2295.00
74,33,1,2,2700.00,,2700.00
75,33,2,2,2700.00,,2700.00
76,34,1,2,2700.00,,2700.00
77,34,2,2,2700.00,,2700.00
78,34,3,2,2700.00,,2700.00
79,35,1,2,2700.00,,2700.00
80,35,2,2,2700.00,,2700.00
81,36,1,1,2295.00,,2295.00
82,36,2,1,2295.00,,2295.00
83,36,3,1,2295.00,,2295.00
84,37,1,3,3200.00,,3200.00
85,37,2,3,3200.00,,3200.00
86,38,1,1,2295.00,,2295.00
87,38,2,1,2295.00,,2295.00
88,38,3,2,2700.00,,2700.00
89,39,1,2,2700.00,,2700.00
90,39,2,2,2700.00,,2700.00
91,39,3,2,2700.00,,2700.00
92,40,1,3,3200.00,,3200.00
93,40,2,2,2700.00,,2700.00
94,41,1,2,2700.00,,2700.00
95,41,2,2,2700.00,,2700.00
96,42,1,3,3200.00,,3200.00
97,42,2,3,3200.00,,3200.00
98,42,3,3,3200.00,,3200.00
99,43,1,2,2700.00,,2700.00
100,43,2,3,3200.00,,3200.00
101,44,1,2,2700.00,,2700.00
102,44,2,2,2700.00,,2700.00
103,44,3,2,2700.00,,2700.00
104,45,1,2,2700.00,,2700.00
105,45,2,1,2295.00,,2295.00
106,45,3,2,2700.00,,2700.00
107,46,1,2,2700.00,,2700.00
108,46,2,2,2700.00,,2700.00
109,46,3,2,2700.00,,2700.00
110,46,4,2,2700.00,,2700.00
111,46,5,2,2700.00,,2700.00
112,46,6,2,2700.00,,2700.00
113,47,1,3,3200.00,,3200.00
114,47,2,2,2700.00,,2700.00
115,47,3,2,2700.00,,2700.00
116,47,4,3,3200.00,,3200.00
117,48,1,1,2295.00,,2295.00
118,48,2,0,2037.00,,2037.00
119,48,3,0,2037.00,,2037.00
120,49,1,1,2295.00,,2295.00
121,49,2,2,2700.00,,2700.00
122,49,3,2,2700.00,,2700.00
123,50,1,2,2700.00,,2700.00
124,50,2,2,2700.00,,2700.00
125,51,1,2,2700.00,,2700.00
126,51,2,2,2700.00,,2700.00
127,52,1,2,2700.00,,2700.00
128,52,2,2,2700.00,,2700.00
129,52,3,2,2700.00,,2700.00
130,53,1,1,2295.00,,2295.00
131,53,2,1,2295.00,,2295.00
132,53,3,1,2295.00,,2295.00
133,53,4,1,2295.00,,2295.00
134,54,1,3,3200.00,,3200.00
135,54,2,3,3200.00,,3200.00
136,55,1,1,2295.00,,2295.00
137,55,2,2,2700.00,,2700.00
138,55,3,2,2700.00,,2700.00
139,56,1,1,2295.00,,2295.00
140,56,2,1,2295.00,,2295.00
141,57,1,2,2700.00,,2700.00
142,57,2,3,3200.00,,3200.00
143,57,3,3,3200.00,,3200.00
144,58,1,2,2700.00,,2700.00
145,58,2,1,2295.00,,2295.00
146,58,3,2,2700.00,,2700.00
147,59,1,1,2295.00,,2295.00
148,59,2,1,2295.00,,2295.00
149,59,3,1,2295.00,,2295.00
150,60,1,1,2295.00,,2295.00
151,60,2,1,2295.00,,2295.00
152,60,3,1,2295.00,,2295.00
153,61,1,2,2700.00,,2700.00
154,61,2,2,2700.00,,2700.00
155,61,3,2,2700.00,,2700.00
156,62,1,2,2700.00,,2700.00
157,62,2,2,2700.00,,2700.00
158,62,3,3,3200.00,,3200.00
159,63,1,2,2700.00,,2700.00
160,63,2,2,2700.00,,2700.00
161,64,1,3,3200.00,,3200.00
162,64,2,3,3200.00,,3200.00
163,64,3,3,3200.00,,3200.00
164,65,1,2,2700.00,,2700.00
165,65,2,2,2700.00,,2700.00
166,66,1,2,2700.00,,2700.00
167,66,2,2,2700.00,,2700.00
168,67,1,3,3200.00,,3200.00
169,67,2,3,3200.00,,3200.00
170,68,1,2,2700.00,,2700.00
171,68,2,2,2700.00,,2700.00
172,69,1,3,3200.00,,3200.00
173,69,2,3,3200.00,,3200.00
174,70,1,3,3200.00,,3200.00
175,70,2,3,3200.00,,3200.00
176,71,1,2,2700.00,,2700.00
177,71,2,2,2700.00,,2700.00
178,71,3,2,2700.00,,2700.00
179,71,4,2,2700.00,,2700.00
180,71,5,1,2295.00,,2295.00
181,72,1,2,2700.00,,2700.00
182,72,2,3,3200.00,,3200.00
183,72,3,2,2700.00,,2700.00
184,73,1,3,3200.00,,3200.00
185,73,2,3,3200.00,,3200.00
186,74,1,2,2700.00,,2700.00
187,74,2,2,2700.00,,2700.00
188,75,1,3,3200.00,,3200.00
189,75,2,3,3200.00,,3200.00
190,76,1,2,2700.00,,2700.00
191,76,2,2,2700.00,,2700.00
192,76,3,2,2700.00,,2700.00
193,77,1,2,2700.00,,2700.00
194,77,2,2,2700.00,,2700.00
195,77,3,2,2700.00,,2700.00
196,78,1,2,2700.00,,2700.00
197,78,2,2,2700.00,,2700.00
198,79,1,1,2295.00,,2295.00
199,79,2,1,2295.00,,2295.00
200,80,1,3,3200.00,,3200.00
201,80,2,2,2700.00,,2700.00
202,81,1,2,2700.00,,2700.00
203,81,2,2,2700.00,,2700.00
204,81,3,2,2700.00,,2700.00
205,82,1,3,3200.00,,3200.00
206,82,2,3,3200.00,,3200.00
207,83,1,2,2700.00,,2700.00
208,83,2,3,3200.00,,3200.00
209,84,1,3,3200.00,,3200.00
210,84,2,3,3200.00,,3200.00
211,84,3,3,3200.00,,3200.00
212,85,1,2,2700.00,,2700.00
213,85,2,2,2700.00,,2700.00
214,86,1,2,2700.00,,2700.00
215,86,2,2,2700.00,,2700.00
216,86,3,2,2700.00,,2700.00
217,86,4,2,2700.00,,2700.00
218,87,1,2,2700.00,,2700.00
219,87,2,1,2295.00,,2295.00
220,87,3,2,2700.00,,2700.00
221,88,1,3,3200.00,,3200.00
222,88,2,3,3200.00,,3200.00
223,89,1,3,3200.00,,3200.00
224,89,2,2,2700.00,,2700.00
225,89,3,2,2700.00,,2700.00
226,90,1,1,2295.00,,2295.00
227,90,2,2,2700.00,,2700.00
228,90,3,2,2700.00,,2700.00
229,91,1,3,3200.00,,3200.00
230,91,2,3,3200.00,,3200.00
231,92,1,2,2700.00,,2700.00
232,92,2,1,2295.00,,2295.00
233,92,3,2,2700.00,,2700.00
234,93,1,2,2700.00,,2700.00
235,93,2,3,3200.00,,3200.00
236,94,1,3,3200.00,,3200.00
237,94,2,3,3200.00,,3200.00
238,95,1,3,3200.00,,3200.00
239,95,2,3,3200.00,,3200.00
240,96,1,2,2700.00,,2700.00
241,96,2,2,2700.00,,2700.00
242,97,1,2,2700.00,,2700.00
243,97,2,3,3200.00,,3200.00
244,98,1,1,2295.00,,2295.00
245,98,2,2,2700.00,,2700.00
246,98,3,2,2700.00,,2700.00
247,99,1,2,2700.00,,2700.00
248,99,2,1,2295.00,,2295.00
249,99,3,2,2700.00,,2700.00
250,99,4,2,2700.00,,2700.00
251,100,1,0,2037.00,,2037.00
252,100,2,0,2037.00,,2037.00
253,101,1,2,2700.00,,2700.00
254,101,2,3,3200.00,,3200.00
255,101,3,2,2700.00,,2700.00
256,102,1,2,2700.00,,2700.00
257,102,2,2,2700.00,,2700.00
258,102,3,2,2700.00,,2700.00
259,103,1,2,2700.00,,2700.00
260,103,2,3,3200.00,,3200.00
261,103,3,3,3200.00,,3200.00
262,103,4,2,2700.00,,2700.00
263,104,1,2,2700.00,,2700.00
264,104,2,2,2700.00,,2700.00
265,104,3,2,2700.00,,2700.00
266,104,4,2,2700.00,,2700.00
267,104,5,2,2700.00,,2700.00
268,104,6,1,2295.00,,2295.00
269,105,1,2,2700.00,,2700.00
270,105,2,2,2700.00,,2700.00
271,105,3,2,2700.00,,2700.00
272,105,4,2,2700.00,,2700.00
273,106,1,4,4100.00,,4100.00
274,106,2,4,4100.00,,4100.00
275,107,1,2,2700.00,,2700.00
276,107,2,2,2700.00,,2700.00
277,107,3,3,3200.00,,3200.00
278,107,4,2,2700.00,,2700.00
279,107,5,2,2700.00,,2700.00
280,108,1,3,3200.00,,3200.00
281,108,2,3,3200.00,,3200.00
282,108,3,3,3200.00,,3200.00
283,108,4,3,3200.00,,3200.00
284,109,1,2,2700.00,,2700.00
285,109,2,2,2700.00,,2700.00
286,109,3,3,3200.00,,3200.00
287,109,4,2,2700.00,,2700.00
288,109,5,2,2700.00,,2700.00
289,109,6,3,3200.00,,3200.00
290,110,1,3,3200.00,,3200.00
291,110,2,3,3200.00,,3200.00
292,110,3,3,3200.00,,3200.00
293,111,1,4,4100.00,,4100.00
294,111,2,4,4100.00,,4100.00
295,112,1,3,3200.00,,3200.00
296,112,2,3,3200.00,,3200.00
297,113,1,3,3200.00,,3200.00
298,113,2,3,3200.00,,3200.00
299,114,1,2,2700.00,,2700.00
300,114,2,2,2700.00,,2700.00
301,115,1,2,2700.00,,2700.00
302,115,2,2,2700.00,,2700.00
303,116,1,2,2700.00,,2700.00
304,116,2,2,2700.00,,2700.00
305,116,3,1,2295.00,,2295.00
306,117,1,1,2295.00,,2295.00
307,117,2,1,2295.00,,2295.00
308,117,3,1,2295.00,,2295.00
309,118,1,2,2700.00,,2700.00
310,118,2,1,2295.00,,2295.00
311,118,3,1,2295.00,,2295.00
312,119,1,1,2295.00,,2295.00
313,119,2,1,2295.00,,2295.00
314,119,3,1,2295.00,,2295.00
315,119,4,1,2295.00,,2295.00
316,119,5,0,2037.00,,2037.00
317,120,1,2,2700.00,,2700.00
318,120,2,2,2700.00,,2700.00
319,120,3,2,2700.00,,2700.00
320,120,4,2,2700.00,,2700.00
321,120,5,1,2295.00,,2295.00
322,120,6,2,2700.00,,2700.00
323,121,1,4,4100.00,,4100.00
324,121,2,4,4100.00,,4100.00
325,121,3,3,3200.00,,3200.00
326,122,1,2,2700.00,,2700.00
327,122,2,2,2700.00,,2700.00
328,122,3,2,2700.00,,2700.00
329,123,1,1,2295.00,,2295.00
330,123,2,1,2295.00,,2295.00
331,123,3,1,2295.00,,2295.00
332,123,4,1,2295.00,,2295.00
333,123,5,1,2295.00,,2295.00
334,124,1,2,2700.00,,2700.00
335,124,2,2,2700.00,,2700.00
336,124,3,2,2700.00,,2700.00
337,125,1,0,2037.00,,2037.00
338,125,2,0,2037.00,,2037.00
339,125,3,0,2037.00,,2037.00
340,125,4,1,2295.00,,2295.00
341,125,5,0,2037.00,,2037.00
342,126,1,3,3200.00,,3200.00
343,126,2,3,3200.00,,3200.00
344,126,3,3,3200.00,,3200.00
345,127,1,3,3200.00,,3200.00
346,127,2,3,3200.00,,3200.00
347,127,3,3,3200.00,,3200.00
348,128,1,2,2700.00,,2700.00
349,128,2,2,2700.00,,2700.00
350,129,1,3,3200.00,,3200.00
351,129,2,3,3200.00,,3200.00
352,130,1,3,3200.00,,3200.00
353,130,2,3,3200.00,,3200.00
354,131,1,4,4100.00,,4100.00
355,131,2,4,4100.00,,4100.00
356,132,1,4,4100.00,,4100.00
357,132,2,5,5000.00,,5000.00
358,133,1,2,2700.00,,2700.00
359,133,2,1,2295.00,,2295.00
360,133,3,1,2295.00,,2295.00
361,133,4,2,2700.00,,2700.00
362,133,5,1,2295.00,,2295.00
363,134,1,3,3200.00,,3200.00
364,134,2,3,3200.00,,3200.00
365,135,1,4,4100.00,,4100.00
366,135,2,4,4100.00,,4100.00
367,136,1,3,3200.00,,3200.00
368,136,2,3,3200.00,,3200.00
369,137,1,3,3200.00,,3200.00
370,137,2,2,2700.00,,2700.00
371,138,1,2,2700.00,,2700.00
372,138,2,2,2700.00,,2700.00
373,138,3,3,3200.00,,3200.00
374,139,1,2,2700.00,,2700.00
375,139,2,2,2700.00,,2700.00
376,140,1,4,4100.00,,4100.00
377,140,2,4,4100.00,,4100.00
378,141,1,1,2295.00,,2295.00
379,141,2,1,2295.00,,2295.00
380,141,3,1,2295.00,,2295.00
381,141,4,1,2295.00,,2295.00
382,141,5,1,2295.00,,2295.00
383,142,1,2,2700.00,,2700.00
384,142,2,2,2700.00,,2700.00
385,142,3,2,2700.00,,2700.00
386,143,1,2,2700.00,,2700.00
387,143,2,2,2700.00,,2700.00
388,143,3,2,2700.00,,2700.00
389,144,1,2,2700.00,,2700.00
390,144,2,2,2700.00,,2700.00
391,145,1,2,2700.00,,2700.00
392,145,2,2,2700.00,,2700.00
393,145,3,1,2295.00,,2295.00
394,146,1,1,2295.00,,2295.00
395,146,2,1,2295.00,,2295.00
396,146,3,1,2295.00,,2295.00
397,147,1,2,2700.00,,2700.00
398,147,2,2,2700.00,,2700.00
399,148,1,3,3200.00,,3200.00
400,148,2,2,2700.00,,2700.00
401,148,3,2,2700.00,,2700.00
402,149,1,3,3200.00,,3200.00
403,149,2,3,3200.00,,3200.00
404,150,1,3,3200.00,,3200.00
405,150,2,3,3200.00,,3200.00
406,151,1,3,3200.00,,3200.00
407,151,2,3,3200.00,,3200.00
408,152,1,2,2700.00,,2700.00
409,152,2,2,2700.00,,2700.00
410,153,1,2,2700.00,,2700.00
411,153,2,2,2700.00,,2700.00
412,154,1,3,3200.00,,3200.00
413,154,2,3,3200.00,,3200.00
414,155,1,0,2037.00,,2037.00
415,155,2,0,2037.00,,2037.00
416,155,3,0,2037.00,,2037.00
417,155,4,1,2295.00,,2295.00
418,155,5,0,2037.00,,2037.00
419,155,6,0,2037.00,,2037.00
420,156,1,2,2700.00,,2700.00
421,156,2,2,2700.00,,2700.00
422,156,3,3,3200.00,,3200.00
423,157,1,2,2700.00,,2700.00
424,157,2,1,2295.00,,2295.00
425,157,3,1,2295.00,,2295.00
426,158,1,1,2295.00,,2295.00
427,158,2,2,2700.00,,2700.00
428,158,3,2,2700.00,,2700.00
429,159,1,3,3200.00,,3200.00
430,159,2,3,3200.00,,3200.00
431,159,3,2,2700.00,,2700.00
432,160,1,3,3200.00,,3200.00
433,160,2,3,3200.00,,3200.00
434,161,1,2,2700.00,,2700.00
435,161,2,2,2700.00,,2700.00
436,162,1,3,3200.00,,3200.00
437,162,2,2,2700.00,,2700.00
438,163,1,2,2700.00,,2700.00
439,163,2,2,2700.00,,2700.00
440,164,1,2,2700.00,,2700.00
441,164,2,3,3200.00,,3200.00
442,164,3,2,2700.00,,2700.00
443,165,1,2,2700.00,,2700.00
444,165,2,2,2700.00,,2700.00
445,166,1,3,3200.00,,3200.00
446,166,2,3,3200.00,,3200.00
447,166,3,2,2700.00,,2700.00
448,166,4,3,3200.00,,3200.00
449,167,1,2,2700.00,,2700.00
450,167,2,2,2700.00,,2700.00
451,168,1,4,4100.00,,4100.00
452,168,2,3,3200.00,,3200.00
453,169,1,2,2700.00,,2700.00
454,169,2,2,2700.00,,2700.00
455,169,3,2,2700.00,,2700.00
456,170,1,2,2700.00,,2700.00
457,170,2,3,3200.00,,3200.00
458,170,3,2,2700.00,,2700.00
459,171,1,1,2295.00,,2295.00
460,171,2,1,2295.00,,2295.00
461,171,3,1,2295.00,,2295.00
462,171,4,1,2295.00,,2295.00
463,171,5,1,2295.00,,2295.00
464,172,1,1,2295.00,,2295.00
465,172,2,2,2700.00,,2700.00
466,173,1,3,3200.00,,3200.00
467,173,2,3,3200.00,,3200.00
468,174,1,2,2700.00,,2700.00
469,174,2,2,2700.00,,2700.00
470,174,3,2,2700.00,,2700.00
471,174,4,2,2700.00,,2700.00
472,175,1,4,4100.00,,4100.00
473,175,2,5,5000.00,,5000.00
474,176,1,1,2295.00,,2295.00
475,176,2,1,2295.00,,2295.00
476,177,1,3,3200.00,,3200.00
477,177,2,2,2700.00,,2700.00
478,178,1,2,2700.00,,2700.00
479,178,2,1,2295.00,,2295.00
480,178,3,1,2295.00,,2295.00
481,179,1,3,3200.00,,3200.00
482,179,2,3,3200.00,,3200.00
483,180,1,1,2295.00,,2295.00
484,180,2,1,2295.00,,2295.00
485,180,3,1,2295.00,,2295.00
486,181,1,2,2700.00,,2700.00
487,181,2,2,2700.00,,2700.00
488,182,1,2,2700.00,,2700.00
489,182,2,2,2700.00,,2700.00
490,183,1,2,2700.00,,2700.00
491,183,2,2,2700.00,,2700.00
492,183,3,2,2700.00,,2700.00
493,184,1,3,3200.00,,3200.00
494,184,2,3,3200.00,,3200.00
495,185,1,3,3200.00,,3200.00
496,185,2,3,3200.00,,3200.00
497,186,1,1,2295.00,,2295.00
498,186,2,1,2295.00,,2295.00
499,186,3,2,2700.00,,2700.00
500,187,1,2,2700.00,,2700.00
501,187,2,2,2700.00,,2700.00
502,187,3,2,2700.00,,2700.00
503,187,4,1,2295.00,,2295.00
504,188,1,0,2037.00,,2037.00
505,188,2,1,2295.00,,2295.00
506,188,3,0,2037.00,,2037.00
507,188,4,1,2295.00,,2295.00
508,188,5,1,2295.00,,2295.00
509,189,1,2,2700.00,,2700.00
510,189,2,2,2700.00,,2700.00
511,189,3,2,2700.00,,2700.00
512,189,4,2,2700.00,,2700.00
513,190,1,2,2700.00,,2700.00
514,190,2,1,2295.00,,2295.00
515,191,1,3,3200.00,,3200.00
516,191,2,3,3200.00,,3200.00
517,192,1,2,2700.00,,2700.00
518,192,2,3,3200.00,,3200.00
519,193,1,1,2295.00,,2295.00
520,193,2,1,2295.00,,2295.00
521,193,3,2,2700.00,,2700.00
522,194,1,1,2295.00,,2295.00
523,194,2,1,2295.00,,2295.00
524,194,3,1,2295.00,,2295.00
525,194,4,1,2295.00,,2295.00
526,194,5,1,2295.00,,2295.00
527,194,6,1,2295.00,,2295.00
528,195,1,2,2700.00,,2700.00
529,195,2,3,3200.00,,3200.00
530,195,3,3,3200.00,,3200.00
531,196,1,5,5000.00,,5000.00
532,196,2,4,4100.00,,4100.00
533,197,1,1,2295.00,,2295.00
534,197,2,1,2295.00,,2295.00
535,197,3,2,2700.00,,2700.00
536,198,1,1,2295.00,,2295.00
537,198,2,2,2700.00,,2700.00
538,198,3,1,2295.00,,2295.00
539,199,1,2,2700.00,,2700.00
540,199,2,2,2700.00,,2700.00
541,200,1,1,2295.00,,2295.00
542,200,2,1,2295.00,,2295.00
543,200,3,1,2295.00,,2295.00
544,200,4,1,2295.00,,2295.00
545,200,5,1,2295.00,,2295.00
546,200,6,1,2295.00,,2295.00
547,201,1,2,2700.00,,2700.00
548,201,2,2,2700.00,,2700.00
549,202,1,2,2700.00,,2700.00
550,202,2,2,2700.00,,2700.00
551,203,1,2,2700.00,,2700.00
552,203,2,3,3200.00,,3200.00
553,203,3,3,3200.00,,3200.00
554,204,1,2,2700.00,,2700.00
555,204,2,1,2295.00,,2295.00
556,205,1,3,3200.00,,3200.00
557,205,2,4,4100.00,,4100.00
558,205,3,3,3200.00,,3200.00
559,206,1,1,2295.00,,2295.00
560,206,2,1,2295.00,,2295.00
561,207,1,1,2295.00,,2295.00
562,207,2,2,2700.00,,2700.00
563,208,1,2,2700.00,,2700.00
564,208,2,2,2700.00,,2700.00
565,208,3,2,2700.00,,2700.00
566,209,1,2,2700.00,,2700.00
567,209,2,1,2295.00,,2295.00
568,209,3,2,2700.00,,2700.00
569,209,4,2,2700.00,,2700.00
570,209,5,2,2700.00,,2700.00
571,210,1,1,2295.00,,2295.00
572,210,2,1,2295.00,,2295.00
573,210,3,1,2295.00,,2295.00
574,210,4,2,2700.00,,2700.00
575,211,1,1,2295.00,,2295.00
576,211,2,1,2295.00,,2295.00
577,211,3,1,2295.00,,2295.00
578,211,4,1,2295.00,,2295.00
579,211,5,1,2295.00,,2295.00
580,211,6,1,2295.00,,2295.00
581,212,1,4,4100.00,,4100.00
582,212,2,4,4100.00,,4100.00
583,213,1,2,2700.00,,2700.00
584,213,2,2,2700.00,,2700.00
585,214,1,2,2700.00,,2700.00
586,214,2,3,3200.00,,3200.00
587,215,1,2,2700.00,,2700.00
588,215,2,3,3200.00,,3200.00
589,216,1,1,2295.00,,2295.00
590,216,2,1,2295.00,,2295.00
591,217,1,1,2295.00,,2295.00
592,217,2,1,2295.00,,2295.00
593,217,3,1,2295.00,,2295.00
594,218,1,3,3200.00,,3200.00
595,218,2,3,3200.00,,3200.00
596,219,1,2,2700.00,,2700.00
597,219,2,2,2700.00,,2700.00
598,219,3,2,2700.00,,2700.00
599,219,4,2,2700.00,,2700.00
600,219,5,2,2700.00,,2700.00
601,219,6,1,2295.00,,2295.00
602,220,1,4,4100.00,,4100.00
603,220,2,4,4100.00,,4100.00
604,221,1,4,4100.00,,4100.00
605,221,2,4,4100.00,,4100.00
606,222,1,3,3200.00,,3200.00
607,222,2,3,3200.00,,3200.00
608,222,3,3,3200.00,,3200.00
609,223,1,2,2700.00,,2700.00
610,223,2,2,2700.00,,2700.00
611,223,3,2,2700.00,,2700.00
612,224,1,3,3200.00,,3200.00
613,224,2,3,3200.00,,3200.00
614,225,1,3,3200.00,,3200.00
615,225,2,3,3200.00,,3200.00
616,226,1,2,2700.00,,2700.00
617,226,2,3,3200.00,,3200.00
618,226,3,2,2700.00,,2700.00
619,227,1,2,2700.00,,2700.00
620,227,2,2,2700.00,,2700.00
621,227,3,2,2700.00,,2700.00
622,227,4,2,2700.00,,2700.00
623,227,5,2,2700.00,,2700.00
624,228,1,3,3200.00,,3200.00
625,228,2,3,3200.00,,3200.00
626,228,3,3,3200.00,,3200.00
627,229,1,2,2700.00,,2700.00
628,229,2,2,2700.00,,2700.00
629,230,1,3,3200.00,,3200.00
630,230,2,3,3200.00,,3200.00
631,230,3,3,3200.00,,3200.00
632,231,1,3,3200.00,,3200.00
633,231,2,3,3200.00,,3200.00
634,231,3,3,3200.00,,3200.00
635,231,4,3,3200.00,,3200.00
636,232,1,2,2700.00,,2700.00
637,232,2,2,2700.00,,2700.00
638,232,3,2,2700.00,,2700.00
639,233,1,1,2295.00,,2295.00
640,233,2,2,2700.00,,2700.00
641,233,3,2,2700.00,,2700.00
642,234,1,3,3200.00,,3200.00
643,234,2,3,3200.00,,3200.00
644,235,1,2,2700.00,,2700.00
645,235,2,2,2700.00,,2700.00
646,236,1,3,3200.00,,3200.00
647,236,2,2,2700.00,,2700.00
648,237,1,2,2700.00,,2700.00
649,237,2,2,2700.00,,2700.00
650,238,1,2,2700.00,,2700.00
651,238,2,2,2700.00,,2700.00
652,239,1,1,2295.00,,2295.00
653,239,2,1,2295.00,,2295.00
654,239,3,1,2295.00,,2295.00
655,239,4,1,2295.00,,2295.00
656,239,5,1,2295.00,,2295.00
657,240,1,3,3200.00,,3200.00
658,240,2,3,3200.00,,3200.00
659,241,1,3,3200.00,,3200.00
660,241,2,3,3200.00,,3200.00
661,242,1,2,2700.00,,2700.00
662,242,2,1,2295.00,,2295.00
663,242,3,2,2700.00,,2700.00
664,243,1,2,2700.00,,2700.00
665,243,2,2,2700.00,,2700.00
666,243,3,2,2700.00,,2700.00
667,244,1,2,2700.00,,2700.00
668,244,2,1,2295.00,,2295.00
669,244,3,2,2700.00,,2700.00
670,245,1,1,2295.00,,2295.00
671,245,2,2,2700.00,,2700.00
672,245,3,2,2700.00,,2700.00
673,246,1,2,2700.00,,2700.00
674,246,2,2,2700.00,,2700.00
675,247,1,2,2700.00,,2700.00
676,247,2,2,2700.00,,2700.00
677,247,3,2,2700.00,,2700.00
678,248,1,2,2700.00,,2700.00
679,248,2,2,2700.00,,2700.00
680,249,1,2,2700.00,,2700.00
681,249,2,3,3200.00,,3200.00
682,249,3,3,3200.00,,3200.00
683,250,1,2,2700.00,,2700.00
684,250,2,1,2295.00,,2295.00
685,250,3,1,2295.00,,2295.00
686,251,1,3,3200.00,,3200.00
687,251,2,3,3200.00,,3200.00
688,251,3,3,3200.00,,3200.00
689,251,4,3,3200.00,,3200.00
690,252,1,2,2700.00,,2700.00
691,252,2,2,2700.00,,2700.00
692,252,3,2,2700.00,,2700.00
693,253,1,3,3200.00,,3200.00
694,253,2,3,3200.00,,3200.00
695,253,3,2,2700.00,,2700.00
696,254,1,2,2700.00,,2700.00
697,254,2,2,2700.00,,2700.00
698,254,3,2,2700.00,,2700.00
699,254,4,3,3200.00,,3200.00
700,255,1,3,3200.00,,3200.00
701,255,2,2,2700.00,,2700.00
702,255,3,3,3200.00,,3200.00
703,255,4,3,3200.00,,3200.00
704,256,1,1,2295.00,,2295.00
705,256,2,2,2700.00,,2700.00
706,257,1,2,2700.00,,2700.00
707,257,2,2,2700.00,,2700.00
708,257,3,2,2700.00,,2700.00
709,258,1,3,3200.00,,3200.00
710,258,2,3,3200.00,,3200.00
711,258,3,4,4100.00,,4100.00
712,259,1,3,3200.00,,3200.00
713,259,2,3,3200.00,,3200.00
714,260,1,2,2700.00,,2700.00
715,260,2,3,3200.00,,3200.00
716,261,1,2,2700.00,,2700.00
717,261,2,2,2700.00,,2700.00
718,262,1,3,3200.00,,3200.00
719,262,2,4,4100.00,,4100.00
720,263,1,2,2700.00,,2700.00
721,263,2,2,2700.00,,2700.00
722,264,1,1,2295.00,,2295.00
723,264,2,1,2295.00,,2295.00
724,264,3,1,2295.00,,2295.00
725,264,4,1,2295.00,,2295.00
726,265,1,1,2295.00,,2295.00
727,265,2,1,2295.00,,2295.00
728,265,3,1,2295.00,,2295.00
729,266,1,3,3200.00,,3200.00
730,266,2,3,3200.00,,3200.00
731,267,1,3,3200.00,,3200.00
732,267,2,2,2700.00,,2700.00
733,267,3,3,3200.00,,3200.00
734,268,1,2,2700.00,,2700.00
735,268,2,2,2700.00,,2700.00
736,269,1,3,3200.00,,3200.00
737,269,2,3,3200.00,,3200.00
738,270,1,4,4100.00,,4100.00
739,270,2,3,3200.00,,3200.00
740,271,1,3,3200.00,,3200.00
741,271,2,3,3200.00,,3200.00
742,272,1,3,3200.00,,3200.00
743,272,2,3,3200.00,,3200.00
744,272,3,3,3200.00,,3200.00
745,273,1,2,2700.00,,2700.00
746,273,2,2,2700.00,,2700.00
747,274,1,2,2700.00,,2700.00
748,274,2,2,2700.00,,2700.00
749,275,1,3,3200.00,,3200.00
750,275,2,3,3200.00,,3200.00
751,276,1,2,2700.00,,2700.00
752,276,2,3,3200.00,,3200.00
753,277,1,2,2700.00,,2700.00
754,277,2,2,2700.00,,2700.00
755,277,3,2,2700.00,,2700.00
756,278,1,3,3200.00,,3200.00
757,278,2,3,3200.00,,3200.00
758,279,1,3,3200.00,,3200.00
759,279,2,3,3200.00,,3200.00
760,280,1,3,3200.00,,3200.00
761,280,2,3,3200.00,,3200.00
762,281,1,4,4100.00,,4100.00
763,281,2,4,4100.00,,4100.00
764,281,3,4,4100.00,,4100.00
765,281,4,3,3200.00,,3200.00
766,281,5,3,3200.00,,3200.00
767,282,1,2,2700.00,,2700.00
768,282,2,2,2700.00,,2700.00
769,282,3,2,2700.00,,2700.00
770,282,4,2,2700.00,,2700.00
771,283,1,2,2700.00,,2700.00
772,283,2,3,3200.00,,3200.00
773,284,1,2,2700.00,,2700.00
774,284,2,2,2700.00,,2700.00
775,285,1,2,2700.00,,2700.00
776,285,2,3,3200.00,,3200.00
777,286,1,3,3200.00,,3200.00
778,286,2,2,2700.00,,2700.00
779,287,1,2,2700.00,,2700.00
780,287,2,2,2700.00,,2700.00
781,287,3,2,2700.00,,2700.00
782,288,1,3,3200.00,,3200.00
783,288,2,3,3200.00,,3200.00
784,289,1,5,5000.00,,5000.00
785,289,2,4,4100.00,,4100.00
786,290,1,2,2700.00,,2700.00
787,290,2,3,3200.00,,3200.00
788,291,1,2,2700.00,,2700.00
789,291,2,2,2700.00,,2700.00
790,291,3,2,2700.00,,2700.00
791,292,1,2,2700.00,,2700.00
792,292,2,2,2700.00,,2700.00
793,293,1,3,3200.00,,3200.00
794,293,2,3,3200.00,,3200.00
795,294,1,3,3200.00,,3200.00
796,294,2,4,4100.00,,4100.00
797,295,1,2,2700.00,,2700.00
798,295,2,2,2700.00,,2700.00
799,296,1,2,2700.00,,2700.00
800,296,2,2,2700.00,,2700.00
801,297,1,1,2295.00,,2295.00
802,297,2,1,2295.00,,2295.00
803,297,3,1,2295.00,,2295.00
804,298,1,2,2700.00,,2700.00
805,298,2,3,3200.00,,3200.00
806,298,3,2,2700.00,,2700.00
807,298,4,2,2700.00,,2700.00
808,299,1,2,2700.00,,2700.00
809,299,2,2,2700.00,,2700.00
810,300,1,2,2700.00,,2700.00
811,300,2,2,2700.00,,2700.00
812,301,1,2,2700.00,,2700.00
813,301,2,2,2700.00,,2700.00
814,302,1,2,2700.00,,2700.00
815,302,2,2,2700.00,,2700.00
816,303,1,2,2700.00,,2700.00
817,303,2,1,2295.00,,2295.00
818,304,1,1,2295.00,,2295.00
819,304,2,1,2295.00,,2295.00
820,304,3,1,2295.00,,2295.00
821,305,1,1,2295.00,,2295.00
822,305,2,2,2700.00,,2700.00
823,305,3,1,2295.00,,2295.00
824,305,4,1,2295.00,,2295.00
825,306,1,2,2700.00,,2700.00
826,306,2,2,2700.00,,2700.00
827,306,3,3,3200.00,,3200.00
828,307,1,1,2295.00,,2295.00
829,307,2,2,2700.00,,2700.00
830,307,3,1,2295.00,,2295.00
831,308,1,3,3200.00,,3200.00
832,308,2,3,3200.00,,3200.00
833,309,1,2,2700.00,,2700.00
834,309,2,2,2700.00,,2700.00
835,309,3,2,2700.00,,2700.00
836,309,4,2,2700.00,,2700.00
837,309,5,1,2295.00,,2295.00
838,310,1,2,2700.00,,2700.00
839,310,2,2,2700.00,,2700.00
840,310,3,3,3200.00,,3200.00
841,311,1,3,3200.00,,3200.00
842,311,2,2,2700.00,,2700.00
843,312,1,3,3200.00,,3200.00
844,312,2,2,2700.00,,2700.00
845,313,1,2,2700.00,,2700.00
846,313,2,1,2295.00,,2295.00
847,313,3,1,2295.00,,2295.00
848,314,1,3,3200.00,,3200.00
849,314,2,3,3200.00,,3200.00
850,315,1,4,4100.00,,4100.00
851,315,2,4,4100.00,,4100.00
852,316,1,3,3200.00,,3200.00
853,316,2,3,3200.00,,3200.00
854,317,1,2,2700.00,,2700.00
855,317,2,2,2700.00,,2700.00
856,318,1,2,2700.00,,2700.00
857,318,2,2,2700.00,,2700.00
858,319,1,2,2700.00,,2700.00
859,319,2,1,2295.00,,2295.00
860,319,3,1,2295.00,,2295.00
861,319,4,1,2295.00,,2295.00
862,319,5,1,2295.00,,2295.00
863,320,1,2,2700.00,,2700.00
864,320,2,2,2700.00,,2700.00
865,321,1,3,3200.00,,3200.00
866,321,2,3,3200.00,,3200.00
867,322,1,3,3200.00,,3200.00
868,322,2,2,2700.00,,2700.00
869,323,1,3,3200.00,,3200.00
870,323,2,3,3200.00,,3200.00
871,324,1,2,2700.00,,2700.00
872,324,2,2,2700.00,,2700.00
873,325,1,4,4100.00,,4100.00
874,325,2,4,4100.00,,4100.00
875,326,1,1,2295.00,,2295.00
876,326,2,1,2295.00,,2295.00
877,327,1,2,2700.00,,2700.00
878,327,2,2,2700.00,,2700.00
879,328,1,1,2295.00,,2295.00
880,328,2,1,2295.00,,2295.00
881,329,1,1,2295.00,,2295.00
882,329,2,2,2700.00,,2700.00
883,329,3,1,2295.00,,2295.00
884,329,4,1,2295.00,,2295.00
885,330,1,1,2295.00,,2295.00
886,330,2,1,2295.00,,2295.00
887,330,3,2,2700.00,,2700.00
888,330,4,1,2295.00,,2295.00
889,330,5,1,2295.00,,2295.00
890,330,6,2,2700.00,,2700.00
891,331,1,2,2700.00,,2700.00
892,331,2,2,2700.00,,2700.00
893,331,3,2,2700.00,,2700.00
894,331,4,2,2700.00,,2700.00
895,331,5,1,2295.00,,2295.00
896,331,6,2,2700.00,,2700.00
897,332,1,1,2295.00,,2295.00
898,332,2,1,2295.00,,2295.00
899,332,3,1,2295.00,,2295.00
900,332,4,1,2295.00,,2295.00
901,332,5,1,2295.00,,2295.00
902,332,6,1,2295.00,,2295.00
903,333,1,3,3200.00,,3200.00
904,333,2,3,3200.00,,3200.00
905,334,1,1,2295.00,,2295.00
906,334,2,1,2295.00,,2295.00
907,334,3,2,2700.00,,2700.00
908,335,1,1,2295.00,,2295.00
909,335,2,1,2295.00,,2295.00
910,335,3,2,2700.00,,2700.00
911,336,1,1,2295.00,,2295.00
912,336,2,1,2295.00,,2295.00
913,336,3,1,2295.00,,2295.00
914,336,4,1,2295.00,,2295.00
915,336,5,1,2295.00,,2295.00
916,337,1,2,2700.00,,2700.00
917,337,2,2,2700.00,,2700.00
918,337,3,2,2700.00,,2700.00
919,338,1,1,2295.00,,2295.00
920,338,2,1,2295.00,,2295.00
921,339,1,1,2295.00,,2295.00
922,339,2,2,2700.00,,2700.00
923,340,1,0,2037.00,,2037.00
924,340,2,0,2037.00,,2037.00
925,340,3,0,2037.00,,2037.00
926,340,4,0,2037.00,,2037.00
927,340,5,0,2037.00,,2037.00
928,341,1,2,2700.00,,2700.00
929,341,2,2,2700.00,,2700.00
930,341,3,2,2700.00,,2700.00
931,341,4,2,2700.00,,2700.00
932,342,1,2,2700.00,,2700.00
933,342,2,2,2700.00,,2700.00
934,343,1,3,3200.00,,3200.00
935,343,2,3,3200.00,,3200.00
936,344,1,3,3200.00,,3200.00
937,344,2,3,3200.00,,3200.00
938,345,1,1,2295.00,,2295.00
939,345,2,1,2295.00,,2295.00
940,345,3,1,2295.00,,2295.00
941,346,1,3,3200.00,,3200.00
942,346,2,2,2700.00,,2700.00
943,347,1,4,4100.00,,4100.00
944,347,2,4,4100.00,,4100.00
945,348,1,3,3200.00,,3200.00
946,348,2,3,3200.00,,3200.00
947,349,1,2,2700.00,,2700.00
948,349,2,2,2700.00,,2700.00
949,349,3,2,2700.00,,2700.00
950,350,1,1,2295.00,,2295.00
951,350,2,2,2700.00,,2700.00
952,351,1,2,2700.00,,2700.00
953,351,2,2,2700.00,,2700.00
954,352,1,2,2700.00,,2700.00
955,352,2,2,2700.00,,2700.00
956,353,1,2,2700.00,,2700.00
957,353,2,3,3200.00,,3200.00
958,354,1,1,2295.00,,2295.00
959,354,2,1,2295.00,,2295.00
960,354,3,1,2295.00,,2295.00
961,355,1,3,3200.00,,3200.00
962,355,2,4,4100.00,,4100.00
963,356,1,2,2700.00,,2700.00
964,356,2,2,2700.00,,2700.00
965,356,3,1,2295.00,,2295.00
966,357,1,2,2700.00,,2700.00
967,357,2,2,2700.00,,2700.00
968,357,3,2,2700.00,,2700.00
969,358,1,2,2700.00,,2700.00
970,358,2,1,2295.00,,2295.00
971,358,3,2,2700.00,,2700.00
972,359,1,3,3200.00,,3200.00
973,359,2,2,2700.00,,2700.00
974,359,3,2,2700.00,,2700.00
975,360,1,2,2700.00,,2700.00
976,360,2,2,2700.00,,2700.00
977,360,3,2,2700.00,,2700.00
978,360,4,2,2700.00,,2700.00
979,361,1,3,3200.00,,3200.00
980,361,2,3,3200.00,,3200.00
981,362,1,2,2700.00,,2700.00
982,362,2,2,2700.00,,2700.00
983,362,3,2,2700.00,,2700.00
984,362,4,2,2700.00,,2700.00
985,363,1,4,4100.00,,4100.00
986,363,2,3,3200.00,,3200.00
987,363,3,4,4100.00,,4100.00
988,364,1,3,3200.00,,3200.00
989,364,2,3,3200.00,,3200.00
990,364,3,3,3200.00,,3200.00
991,365,1,3,3200.00,,3200.00
992,365,2,3,3200.00,,3200.00
993,365,3,3,3200.00,,3200.00
994,366,1,3,3200.00,,3200.00
995,366,2,3,3200.00,,3200.00
996,367,1,3,3200.00,,3200.00
997,367,2,3,3200.00,,3200.00
998,368,1,2,2700.00,,2700.00
999,368,2,1,2295.00,,2295.00
1000,368,3,2,2700.00,,2700.00
1001,368,4,2,2700.00,,2700.00
1002,369,1,2,2700.00,,2700.00
1003,369,2,2,2700.00,,2700.00
1004,370,1,3,3200.00,,3200.00
1005,370,2,3,3200.00,,3200.00
1006,371,1,2,2700.00,,2700.00
1007,371,2,2,2700.00,,2700.00
1008,372,1,4,4100.00,,4100.00
1009,372,2,4,4100.00,,4100.00
1010,373,1,2,2700.00,,2700.00
1011,373,2,2,2700.00,,2700.00
1012,374,1,2,2700.00,,2700.00
1013,374,2,2,2700.00,,2700.00
1014,374,3,2,2700.00,,2700.00
1015,375,1,1,2295.00,,2295.00
1016,375,2,1,2295.00,,2295.00
1017,376,1,2,2700.00,,2700.00
1018,376,2,3,3200.00,,3200.00
1019,377,1,2,2700.00,,2700.00
1020,377,2,2,2700.00,,2700.00
1021,377,3,2,2700.00,,2700.00
1022,378,1,2,2700.00,,2700.00
1023,378,2,2,2700.00,,2700.00
1024,378,3,2,2700.00,,2700.00
1025,379,1,3,3200.00,,3200.00
1026,379,2,4,4100.00,,4100.00
1027,379,3,3,3200.00,,3200.00
1028,380,1,3,3200.00,,3200.00
1029,380,2,4,4100.00,,4100.00
1030,381,1,1,2295.00,,2295.00
1031,381,2,1,2295.00,,2295.00
1032,382,1,2,2700.00,,2700.00
1033,382,2,3,3200.00,,3200.00
1034,383,1,3,3200.00,,3200.00
1035,383,2,3,3200.00,,3200.00
1036,384,1,1,2295.00,,2295.00
1037,384,2,1,2295.00,,2295.00
1038,385,1,3,3200.00,,3200.00
1039,385,2,3,3200.00,,3200.00
1040,385,3,3,3200.00,,3200.00
1041,386,1,2,2700.00,,2700.00
1042,386,2,2,2700.00,,2700.00
1043,387,1,2,2700.00,,2700.00
1044,387,2,2,2700.00,,2700.00
1045,388,1,3,3200.00,,3200.00
1046,388,2,3,3200.00,,3200.00
1047,389,1,3,3200.00,,3200.00
1048,389,2,3,3200.00,,3200.00
1049,389,3,3,3200.00,,3200.00
1050,390,1,2,2700.00,,2700.00
1051,390,2,1,2295.00,,2295.00
1052,391,1,2,2700.00,,2700.00
1053,391,2,2,2700.00,,2700.00
1054,391,3,2,2700.00,,2700.00
1055,392,1,1,2295.00,,2295.00
1056,392,2,1,2295.00,,2295.00
1057,392,3,1,2295.00,,2295.00
1058,393,1,2,2700.00,,2700.00
1059,393,2,2,2700.00,,2700.00
1060,394,1,1,2295.00,,2295.00
1061,394,2,1,2295.00,,2295.00
1062,394,3,1,2295.00,,2295.00
1063,394,4,1,2295.00,,2295.00
1064,394,5,1,2295.00,,2295.00
1065,395,1,2,2700.00,,2700.00
1066,395,2,3,3200.00,,3200.00
1067,395,3,2,2700.00,,2700.00
1068,395,4,3,3200.00,,3200.00
1069,396,1,2,2700.00,,2700.00
1070,396,2,1,2295.00,,2295.00
1071,396,3,2,2700.00,,2700.00
1072,396,4,2,2700.00,,2700.00
1073,397,1,2,2700.00,,2700.00
1074,397,2,3,3200.00,,3200.00
1075,397,3,3,3200.00,,3200.00
1076,398,1,3,3200.00,,3200.00
1077,398,2,3,3200.00,,3200.00
1078,399,1,2,2700.00,,2700.00
1079,399,2,2,2700.00,,2700.00
1080,400,1,2,2700.00,,2700.00
1081,400,2,2,2700.00,,2700.00
1082,400,3,2,2700.00,,2700.00
1083,401,1,2,2700.00,,2700.00
1084,401,2,2,2700.00,,2700.00
1085,401,3,2,2700.00,,2700.00
1086,402,1,4,4100.00,,4100.00
1087,402,2,3,3200.00,,3200.00
1088,403,1,2,2700.00,,2700.00
1089,403,2,3,3200.00,,3200.00
1090,404,1,1,2295.00,,2295.00
1091,404,2,1,2295.00,,2295.00
1092,404,3,1,2295.00,,2295.00
1093,405,1,2,2700.00,,2700.00
1094,405,2,2,2700.00,,2700.00
1095,405,3,3,3200.00,,3200.00
1096,406,1,2,2700.00,,2700.00
1097,406,2,3,3200.00,,3200.00
1098,406,3,3,3200.00,,3200.00
1099,407,1,1,2295.00,,2295.00
1100,407,2,1,2295.00,,2295.00
1101,407,3,1,2295.00,,2295.00
1102,407,4,1,2295.00,,2295.00
1103,407,5,1,2295.00,,2295.00
1104,408,1,3,3200.00,,3200.00
1105,408,2,3,3200.00,,3200.00
1106,408,3,3,3200.00,,3200.00
1107,409,1,1,2295.00,,2295.00
1108,409,2,1,2295.00,,2295.00
1109,409,3,1,2295.00,,2295.00
1110,409,4,1,2295.00,,2295.00
1111,410,1,2,2700.00,,2700.00
1112,410,2,2,2700.00,,2700.00
1113,410,3,2,2700.00,,2700.00
1114,411,1,2,2700.00,,2700.00
1115,411,2,2,2700.00,,2700.00
1116,411,3,2,2700.00,,2700.00
1117,412,1,3,3200.00,,3200.00
1118,412,2,3,3200.00,,3200.00
1119,412,3,3,3200.00,,3200.00
1120,413,1,2,2700.00,,2700.00
1121,413,2,2,2700.00,,2700.00
1122,413,3,2,2700.00,,2700.00
1123,413,4,2,2700.00,,2700.00
1124,413,5,2,2700.00,,2700.00
1125,413,6,2,2700.00,,2700.00
1126,414,1,1,2295.00,,2295.00
1127,414,2,1,2295.00,,2295.00
1128,414,3,1,2295.00,,2295.00
1129,414,4,1,2295.00,,2295.00
1130,415,1,2,2700.00,,2700.00
1131,415,2,2,2700.00,,2700.00
1132,416,1,1,2295.00,,2295.00
1133,416,2,1,2295.00,,2295.00
1134,416,3,1,2295.00,,2295.00
1135,417,1,4,4100.00,,4100.00
1136,417,2,3,3200.00,,3200.00
1137,417,3,3,3200.00,,3200.00
1138,418,1,3,3200.00,,3200.00
1139,418,2,2,2700.00,,2700.00
1140,418,3,2,2700.00,,2700.00
1141,418,4,2,2700.00,,2700.00
1142,418,5,2,2700.00,,2700.00
1143,418,6,3,3200.00,,3200.00
1144,419,1,2,2700.00,,2700.00
1145,419,2,2,2700.00,,2700.00
1146,419,3,2,2700.00,,2700.00
1147,419,4,2,2700.00,,2700.00
1148,420,1,0,2037.00,,2037.00
1149,420,2,0,2037.00,,2037.00
1150,420,3,0,2037.00,,2037.00
1151,420,4,0,2037.00,,2037.00
1152,420,5,0,2037.00,,2037.00
1153,420,6,0,2037.00,,2037.00
1154,420,7,0,2037.00,,2037.00
1155,421,1,2,2700.00,,2700.00
1156,421,2,2,2700.00,,2700.00
1157,422,1,2,2700.00,,2700.00
1158,422,2,2,2700.00,,2700.00
1159,422,3,2,2700.00,,2700.00
1160,422,4,2,2700.00,,2700.00
1161,423,1,3,3200.00,,3200.00
1162,423,2,3,3200.00,,3200.00
1163,423,3,3,3200.00,,3200.00
1164,424,1,2,2700.00,,2700.00
1165,424,2,2,2700.00,,2700.00
1166,424,3,2,2700.00,,2700.00
1167,425,1,2,2700.00,,2700.00
1168,425,2,3,3200.00,,3200.00
1169,426,1,3,3200.00,,3200.00
1170,426,2,3,3200.00,,3200.00
1171,427,1,2,2700.00,,2700.00
1172,427,2,1,2295.00,,2295.00
1173,428,1,3,3200.00,,3200.00
1174,428,2,3,3200.00,,3200.00
1175,428,3,3,3200.00,,3200.00
1176,429,1,2,2700.00,,2700.00
1177,429,2,2,2700.00,,2700.00
1178,429,3,2,2700.00,,2700.00
1179,429,4,2,2700.00,,2700.00
1180,429,5,2,2700.00,,2700.00
1181,429,6,2,2700.00,,2700.00
1182,430,1,3,3200.00,,3200.00
1183,430,2,3,3200.00,,3200.00
1184,430,3,3,3200.00,,3200.00
1185,431,1,1,2295.00,,2295.00
1186,431,2,1,2295.00,,2295.00
1187,431,3,1,2295.00,,2295.00
1188,432,1,2,2700.00,,2700.00
1189,432,2,2,2700.00,,2700.00
1190,432,3,1,2295.00,,2295.00
1191,432,4,2,2700.00,,2700.00
1192,432,5,2,2700.00,,2700.00
1193,432,6,1,2295.00,,2295.00
1194,433,1,1,2295.00,,2295.00
1195,433,2,1,2295.00,,2295.00
1196,433,3,1,2295.00,,2295.00
1197,433,4,1,2295.00,,2295.00
1198,434,1,2,2700.00,,2700.00
1199,434,2,3,3200.00,,3200.00
1200,435,1,2,2700.00,,2700.00
1201,435,2,3,3200.00,,3200.00
1202,436,1,1,2295.00,,2295.00
1203,436,2,1,2295.00,,2295.00
1204,436,3,2,2700.00,,2700.00
1205,437,1,2,2700.00,,2700.00
1206,437,2,2,2700.00,,2700.00
1207,437,3,2,2700.00,,2700.00
1208,437,4,2,2700.00,,2700.00
1209,438,1,2,2700.00,,2700.00
1210,438,2,2,2700.00,,2700.00
1211,438,3,2,2700.00,,2700.00
1212,439,1,2,2700.00,,2700.00
1213,439,2,2,2700.00,,2700.00
1214,439,3,2,2700.00,,2700.00
1215,440,1,1,2295.00,,2295.00
1216,440,2,1,2295.00,,2295.00
1217,440,3,2,2700.00,,2700.00
1218,441,1,1,2295.00,,2295.00
1219,441,2,1,2295.00,,2295.00
1220,442,1,1,2295.00,,2295.00
1221,442,2,1,2295.00,,2295.00
1222,443,1,1,2295.00,,2295.00
1223,443,2,1,2295.00,,2295.00
1224,444,1,2,2700.00,,2700.00
1225,444,2,2,2700.00,,2700.00
1226,445,1,2,2700.00,,2700.00
1227,445,2,2,2700.00,,2700.00
1228,445,3,2,2700.00,,2700.00
1229,446,1,3,3200.00,,3200.00
1230,446,2,3,3200.00,,3200.00
1231,447,1,3,3200.00,,3200.00
1232,447,2,2,2700.00,,2700.00
1233,448,1,1,2295.00,,2295.00
1234,448,2,1,2295.00,,2295.00
1235,449,1,5,5000.00,,5000.00
1236,449,2,4,4100.00,,4100.00
1237,450,1,2,2700.00,,2700.00
1238,450,2,3,3200.00,,3200.00
1239,451,1,3,3200.00,,3200.00
1240,451,2,3,3200.00,,3200.00
1241,452,1,1,2295.00,,2295.00
1242,452,2,1,2295.00,,2295.00
1243,453,1,2,2700.00,,2700.00
1244,453,2,2,2700.00,,2700.00
1245,454,1,3,3200.00,,3200.00
1246,454,2,2,2700.00,,2700.00
1247,455,1,3,3200.00,,3200.00
1248,455,2,3,3200.00,,3200.00
1249,456,1,2,2700.00,,2700.00
1250,456,2,1,2295.00,,2295.00
1251,457,1,2,2700.00,,2700.00
1252,457,2,2,2700.00,,2700.00
1253,458,1,2,2700.00,,2700.00
1254,458,2,2,2700.00,,2700.00
1255,459,1,2,2700.00,,2700.00
1256,459,2,2,2700.00,,2700.00
1257,459,3,2,2700.00,,2700.00
1258,460,1,2,2700.00,,2700.00
1259,460,2,3,3200.00,,3200.00
1260,461,1,3,3200.00,,3200.00
1261,461,2,3,3200.00,,3200.00
1262,462,1,1,2295.00,,2295.00
1263,462,2,1,2295.00,,2295.00
1264,463,1,1,2295.00,,2295.00
1265,463,2,2,2700.00,,2700.00
1266,463,3,2,2700.00,,2700.00
1267,463,4,1,2295.00,,2295.00
1268,463,5,1,2295.00,,2295.00
1269,464,1,3,3200.00,,3200.00
1270,464,2,3,3200.00,,3200.00
1271,465,1,1,2295.00,,2295.00
1272,465,2,2,2700.00,,2700.00
1273,465,3,2,2700.00,,2700.00
1274,466,1,1,2295.00,,2295.00
1275,466,2,2,2700.00,,2700.00
1276,466,3,1,2295.00,,2295.00
1277,467,1,3,3200.00,,3200.00
1278,467,2,3,3200.00,,3200.00
1279,468,1,3,3200.00,,3200.00
1280,468,2,2,2700.00,,2700.00
1281,468,3,3,3200.00,,3200.00
1282,469,1,1,2295.00,,2295.00
1283,469,2,2,2700.00,,2700.00
1284,470,1,3,3200.00,,3200.00
1285,470,2,3,3200.00,,3200.00
1286,471,1,2,2700.00,,2700.00
1287,471,2,2,2700.00,,2700.00
1288,472,1,1,2295.00,,2295.00
1289,472,2,1,2295.00,,2295.00
1290,472,3,1,2295.00,,2295.00
1291,473,1,3,3200.00,,3200.00
1292,473,2,2,2700.00,,2700.00
1293,473,3,3,3200.00,,3200.00
1294,473,4,3,3200.00,,3200.00
1295,474,1,1,2295.00,,2295.00
1296,474,2,1,2295.00,,2295.00
1297,474,3,1,2295.00,,2295.00
1298,474,4,1,2295.00,,2295.00
1299,475,1,1,2295.00,,2295.00
1300,475,2,1,2295.00,,2295.00
1301,475,3,1,2295.00,,2295.00
1302,475,4,1,2295.00,,2295.00
1303,475,5,1,2295.00,,2295.00
1304,475,6,1,2295.00,,2295.00
1305,476,1,3,3200.00,,3200.00
1306,476,2,3,3200.00,,3200.00
1307,477,1,3,3200.00,,3200.00
1308,477,2,2,2700.00,,2700.00
1309,477,3,2,2700.00,,2700.00
1310,477,4,2,2700.00,,2700.00
1311,478,1,2,2700.00,,2700.00
1312,478,2,2,2700.00,,2700.00
1313,478,3,2,2700.00,,2700.00
1314,479,1,3,3200.00,,3200.00
1315,479,2,3,3200.00,,3200.00
1316,480,1,2,2700.00,,2700.00
1317,480,2,2,2700.00,,2700.00
1318,480,3,2,2700.00,,2700.00
1319,481,1,2,2700.00,,2700.00
1320,481,2,3,3200.00,,3200.00
1321,482,1,2,2700.00,,2700.00
1322,482,2,2,2700.00,,2700.00
1323,483,1,2,2700.00,,2700.00
1324,483,2,1,2295.00,,2295.00
1325,484,1,3,3200.00,,3200.00
1326,484,2,3,3200.00,,3200.00
1327,484,3,3,3200.00,,3200.00
1328,485,1,3,3200.00,,3200.00
1329,485,2,3,3200.00,,3200.00
1330,486,1,3,3200.00,,3200.00
1331,486,2,3,3200.00,,3200.00
1332,487,1,2,2700.00,,2700.00
1333,487,2,3,3200.00,,3200.00
1334,487,3,2,2700.00,,2700.00
1335,488,1,2,2700.00,,2700.00
1336,488,2,2,2700.00,,2700.00
1337,488,3,3,3200.00,,3200.00
1338,488,4,3,3200.00,,3200.00
1339,489,1,2,2700.00,,2700.00
1340,489,2,2,2700.00,,2700.00
1341,489,3,2,2700.00,,2700.00
1342,490,1,3,3200.00,,3200.00
1343,490,2,2,2700.00,,2700.00
1344,491,1,2,2700.00,,2700.00
1345,491,2,2,2700.00,,2700.00
1346,492,1,1,2295.00,,2295.00
1347,492,2,1,2295.00,,2295.00
1348,493,1,1,2295.00,,2295.00
1349,493,2,1,2295.00,,2295.00
1350,494,1,2,2700.00,,2700.00
1351,494,2,2,2700.00,,2700.00
1352,495,1,3,3200.00,,3200.00
1353,495,2,3,3200.00,,3200.00
1354,495,3,3,3200.00,,3200.00
1355,496,1,3,3200.00,,3200.00
1356,496,2,2,2700.00,,2700.00
1357,496,3,3,3200.00,,3200.00
1358,497,1,2,2700.00,,2700.00
1359,497,2,2,2700.00,,2700.00
1360,498,1,2,2700.00,,2700.00
1361,498,2,2,2700.00,,2700.00
1362,499,1,3,3200.00,,3200.00
1363,499,2,3,3200.00,,3200.00
1364,500,1,3,3200.00,,3200.00
1365,500,2,3,3200.00,,3200.00
1366,500,3,3,3200.00,,3200.00
1367,501,1,3,3200.00,,3200.00
1368,501,2,4,4100.00,,4100.00
1369,502,1,3,3200.00,,3200.00
1370,502,2,3,3200.00,,3200.00
1371,503,1,2,2700.00,,2700.00
1372,503,2,3,3200.00,,3200.00
1373,504,1,3,3200.00,,3200.00
1374,504,2,2,2700.00,,2700.00
1375,505,1,2,2700.00,,2700.00
1376,505,2,2,2700.00,,2700.00
1377,505,3,2,2700.00,,2700.00
1378,506,1,2,2700.00,,2700.00
1379,506,2,2,2700.00,,2700.00
1380,507,1,1,2295.00,,2295.00
1381,507,2,1,2295.00,,2295.00
1382,507,3,1,2295.00,,2295.00
1383,507,4,1,2295.00,,2295.00
1384,507,5,1,2295.00,,2295.00
1385,507,6,1,2295.00,,2295.00
1386,508,1,3,3200.00,,3200.00
1387,508,2,3,3200.00,,3200.00
1388,509,1,2,2700.00,,2700.00
1389,509,2,2,2700.00,,2700.00
1390,509,3,2,2700.00,,2700.00
1391,509,4,1,2295.00,,2295.00
1392,510,1,3,3200.00,,3200.00
1393,510,2,3,3200.00,,3200.00
1394,511,1,4,4100.00,,4100.00
1395,511,2,3,3200.00,,3200.00
1396,512,1,3,3200.00,,3200.00
1397,512,2,3,3200.00,,3200.00
1398,513,1,3,3200.00,,3200.00
1399,513,2,3,3200.00,,3200.00
1400,514,1,2,2700.00,,2700.00
1401,514,2,3,3200.00,,3200.00
1402,514,3,3,3200.00,,3200.00
1403,515,1,2,2700.00,,2700.00
1404,515,2,1,2295.00,,2295.00
1405,515,3,2,2700.00,,2700.00
1406,515,4,2,2700.00,,2700.00
1407,515,5,1,2295.00,,2295.00
1408,516,1,2,2700.00,,2700.00
1409,516,2,2,2700.00,,2700.00
1410,516,3,2,2700.00,,2700.00
1411,516,4,1,2295.00,,2295.00
1412,517,1,2,2700.00,,2700.00
1413,517,2,2,2700.00,,2700.00
1414,517,3,2,2700.00,,2700.00
1415,517,4,2,2700.00,,2700.00
1416,518,1,1,2295.00,,2295.00
1417,518,2,1,2295.00,,2295.00
1418,518,3,1,2295.00,,2295.00
1419,518,4,1,2295.00,,2295.00
1420,519,1,3,3200.00,,3200.00
1421,519,2,3,3200.00,,3200.00
1422,519,3,3,3200.00,,3200.00
1423,520,1,3,3200.00,,3200.00
1424,520,2,3,3200.00,,3200.00
1425,520,3,3,3200.00,,3200.00
1426,521,1,3,3200.00,,3200.00
1427,521,2,3,3200.00,,3200.00
1428,521,3,3,3200.00,,3200.00
1429,522,1,4,4100.00,,4100.00
1430,522,2,4,4100.00,,4100.00
1431,523,1,3,3200.00,,3200.00
1432,523,2,3,3200.00,,3200.00
1433,523,3,3,3200.00,,3200.00
1434,524,1,3,3200.00,,3200.00
1435,524,2,3,3200.00,,3200.00
1436,525,1,3,3200.00,,3200.00
1437,525,2,2,2700.00,,2700.00
1438,525,3,2,2700.00,,2700.00
1439,526,1,3,3200.00,,3200.00
1440,526,2,2,2700.00,,2700.00
1441,526,3,3,3200.00,,3200.00
1442,527,1,3,3200.00,,3200.00
1443,527,2,3,3200.00,,3200.00
1444,527,3,2,2700.00,,2700.00
1445,528,1,3,3200.00,,3200.00
1446,528,2,3,3200.00,,3200.00
1447,529,1,3,3200.00,,3200.00
1448,529,2,3,3200.00,,3200.00
1449,529,3,3,3200.00,,3200.00
1450,530,1,1,2295.00,,2295.00
1451,530,2,1,2295.00,,2295.00
1452,530,3,1,2295.00,,2295.00
1453,530,4,1,2295.00,,2295.00
1454,531,1,1,2295.00,,2295.00
1455,531,2,1,2295.00,,2295.00
1456,531,3,1,2295.00,,2295.00
1457,531,4,1,2295.00,,2295.00
1458,532,1,2,2700.00,,2700.00
1459,532,2,1,2295.00,,2295.00
1460,533,1,2,2700.00,,2700.00
1461,533,2,3,3200.00,,3200.00
1462,534,1,2,2700.00,,2700.00
1463,534,2,2,2700.00,,2700.00
1464,534,3,1,2295.00,,2295.00
1465,535,1,2,2700.00,,2700.00
1466,535,2,2,2700.00,,2700.00
1467,536,1,2,2700.00,,2700.00
1468,536,2,2,2700.00,,2700.00
1469,537,1,3,3200.00,,3200.00
1470,537,2,3,3200.00,,3200.00
1471,538,1,3,3200.00,,3200.00
1472,538,2,3,3200.00,,3200.00
1473,538,3,3,3200.00,,3200.00
1474,539,1,3,3200.00,,3200.00
1475,539,2,3,3200.00,,3200.00
1476,540,1,2,2700.00,,2700.00
1477,540,2,2,2700.00,,2700.00
1478,540,3,2,2700.00,,2700.00
1479,541,1,3,3200.00,,3200.00
1480,541,2,2,2700.00,,2700.00
1481,542,1,3,3200.00,,3200.00
1482,542,2,3,3200.00,,3200.00
1483,542,3,3,3200.00,,3200.00
1484,543,1,3,3200.00,,3200.00
1485,543,2,3,3200.00,,3200.00
1486,543,3,3,3200.00,,3200.00
1487,544,1,3,3200.00,,3200.00
1488,544,2,3,3200.00,,3200.00
1489,544,3,3,3200.00,,3200.00
1490,545,1,3,3200.00,,3200.00
1491,545,2,3,3200.00,,3200.00
1492,545,3,3,3200.00,,3200.00
1493,546,1,3,3200.00,,3200.00
1494,546,2,3,3200.00,,3200.00
1495,546,3,3,3200.00,,3200.00
1496,547,1,3,3200.00,,3200.00
1497,547,2,3,3200.00,,3200.00
1498,548,1,4,4100.00,,4100.00
1499,548,2,3,3200.00,,3200.00
1500,549,1,3,3200.00,,3200.00
1501,549,2,3,3200.00,,3200.00
1502,550,1,3,3200.00,,3200.00
1503,550,2,3,3200.00,,3200.00
1504,550,3,3,3200.00,,3200.00
1505,550,4,3,3200.00,,3200.00
1506,550,5,2,2700.00,,2700.00
1507,550,6,2,2700.00,,2700.00
1508,551,1,3,3200.00,,3200.00
1509,551,2,3,3200.00,,3200.00
1510,551,3,3,3200.00,,3200.00
1511,552,1,2,2700.00,,2700.00
1512,552,2,2,2700.00,,2700.00
1513,553,1,2,2700.00,,2700.00
1514,553,2,2,2700.00,,2700.00
1515,553,3,2,2700.00,,2700.00
1516,553,4,2,2700.00,,2700.00
1517,554,1,2,2700.00,,2700.00
1518,554,2,2,2700.00,,2700.00
1519,554,3,1,2295.00,,2295.00
1520,554,4,2,2700.00,,2700.00
1521,555,1,2,2700.00,,2700.00
1522,555,2,2,2700.00,,2700.00
1523,555,3,2,2700.00,,2700.00
1524,555,4,2,2700.00,,2700.00
1525,556,1,2,2700.00,,2700.00
1526,556,2,2,2700.00,,2700.00
1527,556,3,2,2700.00,,2700.00
1528,556,4,2,2700.00,,2700.00
1529,557,1,3,3200.00,,3200.00
1530,557,2,3,3200.00,,3200.00
1531,557,3,3,3200.00,,3200.00
1532,558,1,3,3200.00,,3200.00
1533,558,2,2,2700.00,,2700.00
1534,559,1,4,4100.00,,4100.00
1535,559,2,4,4100.00,,4100.00
1536,560,1,1,2295.00,,2295.00
1537,560,2,1,2295.00,,2295.00
1538,560,3,1,2295.00,,2295.00
1539,560,4,1,2295.00,,2295.00
1540,560,5,1,2295.00,,2295.00
1541,560,6,1,2295.00,,2295.00
1542,561,1,3,3200.00,,3200.00
1543,561,2,3,3200.00,,3200.00
1544,561,3,3,3200.00,,3200.00
1545,562,1,3,3200.00,,3200.00
1546,562,2,3,3200.00,,3200.00
1547,563,1,2,2700.00,,2700.00
1548,563,2,3,3200.00,,3200.00
1549,564,1,3,3200.00,,3200.00
1550,564,2,3,3200.00,,3200.00
1551,565,1,5,5000.00,,5000.00
1552,565,2,4,4100.00,,4100.00
1553,566,1,1,2295.00,,2295.00
1554,566,2,1,2295.00,,2295.00
1555,566,3,1,2295.00,,2295.00
1556,567,1,3,3200.00,,3200.00
1557,567,2,3,3200.00,,3200.00
1558,567,3,2,2700.00,,2700.00
1559,568,1,1,2295.00,,2295.00
1560,568,2,1,2295.00,,2295.00
1561,568,3,2,2700.00,,2700.00
1562,569,1,2,2700.00,,2700.00
1563,569,2,2,2700.00,,2700.00
1564,569,3,2,2700.00,,2700.00
1565,569,4,2,2700.00,,2700.00
1566,570,1,2,2700.00,,2700.00
1567,570,2,1,2295.00,,2295.00
1568,570,3,2,2700.00,,2700.00
1569,570,4,2,2700.00,,2700.00
1570,571,1,3,3200.00,,3200.00
1571,571,2,3,3200.00,,3200.00
1572,572,1,3,3200.00,,3200.00
1573,572,2,3,3200.00,,3200.00
1574,573,1,2,2700.00,,2700.00
1575,573,2,3,3200.00,,3200.00
1576,574,1,5,5000.00,,5000.00
1577,574,2,4,4100.00,,4100.00
1578,575,1,2,2700.00,,2700.00
1579,575,2,3,3200.00,,3200.00
1580,575,3,3,3200.00,,3200.00
1581,576,1,2,2700.00,,2700.00
1582,576,2,2,2700.00,,2700.00
1583,577,1,1,2295.00,,2295.00
1584,577,2,2,2700.00,,2700.00
1585,577,3,1,2295.00,,2295.00
1586,577,4,2,2700.00,,2700.00
1587,577,5,2,2700.00,,2700.00
1588,577,6,2,2700.00,,2700.00
1589,577,7,2,2700.00,,2700.00
1590,578,1,1,2295.00,,2295.00
1591,578,2,1,2295.00,,2295.00
1592,579,1,3,3200.00,,3200.00
1593,579,2,2,2700.00,,2700.00
1594,580,1,2,2700.00,,2700.00
1595,580,2,2,2700.00,,2700.00
1596,581,1,1,2295.00,,2295.00
1597,581,2,1,2295.00,,2295.00
1598,582,1,1,2295.00,,2295.00
1599,582,2,2,2700.00,,2700.00
1600,582,3,2,2700.00,,2700.00
1601,583,1,3,3200.00,,3200.00
1602,583,2,3,3200.00,,3200.00
1603,584,1,2,2700.00,,2700.00
1604,584,2,2,2700.00,,2700.00
1605,584,3,2,2700.00,,2700.00
1606,585,1,3,3200.00,,3200.00
1607,585,2,3,3200.00,,3200.00
1608,586,1,2,2700.00,,2700.00
1609,586,2,2,2700.00,,2700.00
1610,586,3,2,2700.00,,2700.00
1611,587,1,2,2700.00,,2700.00
1612,587,2,2,2700.00,,2700.00
1613,587,3,2,2700.00,,2700.00
1614,588,1,1,2295.00,,2295.00
1615,588,2,2,2700.00,,2700.00
1616,589,1,1,2295.00,,2295.00
1617,589,2,1,2295.00,,2295.00
1618,590,1,4,4100.00,,4100.00
1619,590,2,3,3200.00,,3200.00
1620,591,1,3,3200.00,,3200.00
1621,591,2,5,5000.00,,5000.00
1622,592,1,3,3200.00,,3200.00
1623,592,2,3,3200.00,,3200.00
1624,593,1,1,2295.00,,2295.00
1625,593,2,1,2295.00,,2295.00
1626,594,1,1,2295.00,,2295.00
1627,594,2,1,2295.00,,2295.00
1628,594,3,1,2295.00,,2295.00
1629,594,4,1,2295.00,,2295.00
1630,595,1,3,3200.00,,3200.00
1631,595,2,3,3200.00,,3200.00
1632,596,1,3,3200.00,,3200.00
1633,596,2,3,3200.00,,3200.00
1634,597,1,2,2700.00,,2700.00
1635,597,2,3,3200.00,,3200.00
1636,597,3,2,2700.00,,2700.00
1637,598,1,1,2295.00,,2295.00
1638,598,2,1,2295.00,,2295.00
1639,599,1,3,3200.00,,3200.00
1640,599,2,3,3200.00,,3200.00
1641,600,1,2,2700.00,,2700.00
1642,600,2,3,3200.00,,3200.00
1643,601,1,1,2295.00,,2295.00
1644,601,2,1,2295.00,,2295.00
1645,602,1,4,4100.00,,4100.00
1646,602,2,4,4100.00,,4100.00
1647,603,1,3,3200.00,,3200.00
1648,603,2,2,2700.00,,2700.00
1649,604,1,5,5000.00,,5000.00
1650,604,2,4,4100.00,,4100.00
1651,605,1,2,2700.00,,2700.00
1652,605,2,2,2700.00,,2700.00
1653,605,3,2,2700.00,,2700.00
1654,606,1,3,3200.00,,3200.00
1655,606,2,3,3200.00,,3200.00
1656,607,1,2,2700.00,,2700.00
1657,607,2,3,3200.00,,3200.00
1658,608,1,1,2295.00,,2295.00
1659,608,2,1,2295.00,,2295.00
1660,608,3,1,2295.00,,2295.00
1661,609,1,3,3200.00,,3200.00
1662,609,2,2,2700.00,,2700.00
1663,610,1,2,2700.00,,2700.00
1664,610,2,2,2700.00,,2700.00
1665,611,1,3,3200.00,,3200.00
1666,611,2,3,3200.00,,3200.00
1667,612,1,3,3200.00,,3200.00
1668,612,2,3,3200.00,,3200.00
1669,613,1,4,4100.00,,4100.00
1670,613,2,4,4100.00,,4100.00
1671,614,1,2,2700.00,,2700.00
1672,614,2,2,2700.00,,2700.00
1673,615,1,3,3200.00,,3200.00
1674,615,2,3,3200.00,,3200.00
1675,615,3,2,2700.00,,2700.00
1676,616,1,2,2700.00,,2700.00
1677,616,2,2,2700.00,,2700.00
1678,617,1,4,4100.00,,4100.00
1679,617,2,4,4100.00,,4100.00
1680,618,1,4,4100.00,,4100.00
1681,618,2,3,3200.00,,3200.00
1682,619,1,2,2700.00,,2700.00
1683,619,2,2,2700.00,,2700.00
1684,620,1,2,2700.00,,2700.00
1685,620,2,3,3200.00,,3200.00
1686,621,1,2,2700.00,,2700.00
1687,621,2,2,2700.00,,2700.00
1688,621,3,2,2700.00,,2700.00
1689,621,4,2,2700.00,,2700.00
1690,621,5,2,2700.00,,2700.00
1691,621,6,3,3200.00,,3200.00
1692,621,7,2,2700.00,,2700.00
1693,622,1,1,2295.00,,2295.00
1694,622,2,2,2700.00,,2700.00
1695,623,1,0,2037.00,,2037.00
1696,623,2,1,2295.00,,2295.00
1697,623,3,1,2295.00,,2295.00
1698,623,4,0,2037.00,,2037.00
1699,624,1,2,2700.00,,2700.00
1700,624,2,3,3200.00,,3200.00
1701,624,3,3,3200.00,,3200.00
1702,625,1,2,2700.00,,2700.00
1703,625,2,2,2700.00,,2700.00
1704,626,1,3,3200.00,,3200.00
1705,626,2,3,3200.00,,3200.00
1706,627,1,2,2700.00,,2700.00
1707,627,2,2,2700.00,,2700.00
1708,628,1,2,2700.00,,2700.00
1709,628,2,2,2700.00,,2700.00
1710,629,1,1,2295.00,,2295.00
1711,629,2,1,2295.00,,2295.00
1712,630,1,1,2295.00,,2295.00
1713,630,2,2,2700.00,,2700.00
1714,630,3,1,2295.00,,2295.00
1715,631,1,3,3200.00,,3200.00
1716,631,2,2,2700.00,,2700.00
1717,632,1,1,2295.00,,2295.00
1718,632,2,1,2295.00,,2295.00
1719,632,3,1,2295.00,,2295.00
1720,632,4,2,2700.00,,2700.00
1721,632,5,1,2295.00,,2295.00
1722,632,6,1,2295.00,,2295.00
1723,633,1,4,4100.00,,4100.00
1724,633,2,4,4100.00,,4100.00
1725,634,1,2,2700.00,,2700.00
1726,634,2,2,2700.00,,2700.00
1727,635,1,3,3200.00,,3200.00
1728,635,2,3,3200.00,,3200.00
1729,636,1,1,2295.00,,2295.00
1730,636,2,1,2295.00,,2295.00
1731,637,1,2,2700.00,,2700.00
1732,637,2,2,2700.00,,2700.00
1733,638,1,1,2295.00,,2295.00
1734,638,2,1,2295.00,,2295.00
1735,638,3,1,2295.00,,2295.00
1736,638,4,1,2295.00,,2295.00
1737,638,5,1,2295.00,,2295.00
1738,638,6,1,2295.00,,2295.00
1739,638,7,1,2295.00,,2295.00
1740,639,1,2,2700.00,,2700.00
1741,639,2,2,2700.00,,2700.00
1742,640,1,5,5000.00,,5000.00
1743,640,2,4,4100.00,,4100.00
1744,641,1,3,3200.00,,3200.00
1745,641,2,3,3200.00,,3200.00
1746,642,1,3,3200.00,,3200.00
1747,642,2,3,3200.00,,3200.00
1748,643,1,2,2700.00,,2700.00
1749,643,2,3,3200.00,,3200.00
1750,643,3,2,2700.00,,2700.00
1751,643,4,3,3200.00,,3200.00
1752,644,1,2,2700.00,,2700.00
1753,644,2,2,2700.00,,2700.00
1754,644,3,2,2700.00,,2700.00
1755,645,1,2,2700.00,,2700.00
1756,645,2,3,3200.00,,3200.00
1757,646,1,2,2700.00,,2700.00
1758,646,2,2,2700.00,,2700.00
1759,646,3,2,2700.00,,2700.00
1760,647,1,2,2700.00,,2700.00
1761,647,2,2,2700.00,,2700.00
1762,647,3,2,2700.00,,2700.00
1763,647,4,2,2700.00,,2700.00
1764,647,5,2,2700.00,,2700.00
1765,647,6,2,2700.00,,2700.00
1766,648,1,3,3200.00,,3200.00
1767,648,2,3,3200.00,,3200.00
1768,649,1,2,2700.00,,2700.00
1769,649,2,2,2700.00,,2700.00
1770,650,1,4,4100.00,,4100.00
1771,650,2,3,3200.00,,3200.00
1772,651,1,2,2700.00,,2700.00
1773,651,2,2,2700.00,,2700.00
1774,651,3,2,2700.00,,2700.00
1775,652,1,2,2700.00,,2700.00
1776,652,2,2,2700.00,,2700.00
1777,653,1,2,2700.00,,2700.00
1778,653,2,2,2700.00,,2700.00
1779,654,1,3,3200.00,,3200.00
1780,654,2,3,3200.00,,3200.00
1781,655,1,4,4100.00,,4100.00
1782,655,2,4,4100.00,,4100.00
1783,656,1,4,4100.00,,4100.00
1784,656,2,3,3200.00,,3200.00
1785,657,1,2,2700.00,,2700.00
1786,657,2,2,2700.00,,2700.00
1787,657,3,2,2700.00,,2700.00
1788,658,1,2,2700.00,,2700.00
1789,658,2,2,2700.00,,2700.00
1790,659,1,3,3200.00,,3200.00
1791,659,2,3,3200.00,,3200.00
1792,660,1,3,3200.00,,3200.00
1793,660,2,3,3200.00,,3200.00
1794,661,1,2,2700.00,,2700.00
1795,661,2,2,2700.00,,2700.00
1796,662,1,3,3200.00,,3200.00
1797,662,2,3,3200.00,,3200.00
1798,663,1,3,3200.00,,3200.00
1799,663,2,3,3200.00,,3200.00
1800,663,3,3,3200.00,,3200.00
1801,664,1,4,4100.00,,4100.00
1802,664,2,4,4100.00,,4100.00
1803,665,1,3,3200.00,,3200.00
1804,665,2,3,3200.00,,3200.00
1805,666,1,2,2700.00,,2700.00
1806,666,2,3,3200.00,,3200.00
1807,667,1,1,2295.00,,2295.00
1808,667,2,2,2700.00,,2700.00
1809,667,3,2,2700.00,,2700.00
1810,668,1,3,3200.00,,3200.00
1811,668,2,3,3200.00,,3200.00
1812,669,1,3,3200.00,,3200.00
1813,669,2,3,3200.00,,3200.00
1814,670,1,2,2700.00,,2700.00
1815,670,2,3,3200.00,,3200.00
1816,670,3,2,2700.00,,2700.00
1817,671,1,2,2700.00,,2700.00
1818,671,2,3,3200.00,,3200.00
1819,672,1,2,2700.00,,2700.00
1820,672,2,2,2700.00,,2700.00
1821,672,3,3,3200.00,,3200.00
1822,673,1,2,2700.00,,2700.00
1823,673,2,1,2295.00,,2295.00
1824,673,3,2,2700.00,,2700.00
1825,674,1,2,2700.00,,2700.00
1826,674,2,3,3200.00,,3200.00
1827,675,1,3,3200.00,,3200.00
1828,675,2,3,3200.00,,3200.00
1829,676,1,3,3200.00,,3200.00
1830,676,2,3,3200.00,,3200.00
1831,676,3,3,3200.00,,3200.00
1832,676,4,3,3200.00,,3200.00
1833,676,5,3,3200.00,,3200.00
1834,676,6,3,3200.00,,3200.00
1835,676,7,2,2700.00,,2700.00
1836,676,8,2,2700.00,,2700.00
1837,677,1,2,2700.00,,2700.00
1838,677,2,3,3200.00,,3200.00
1839,677,3,3,3200.00,,3200.00
1840,677,4,2,2700.00,,2700.00
1841,677,5,3,3200.00,,3200.00
1842,678,1,3,3200.00,,3200.00
1843,678,2,3,3200.00,,3200.00
1844,679,1,4,4100.00,,4100.00
1845,679,2,3,3200.00,,3200.00
1846,680,1,2,2700.00,,2700.00
1847,680,2,2,2700.00,,2700.00
1848,681,1,2,2700.00,,2700.00
1849,681,2,1,2295.00,,2295.00
1850,682,1,2,2700.00,,2700.00
1851,682,2,2,2700.00,,2700.00
1852,683,1,3,3200.00,,3200.00
1853,683,2,3,3200.00,,3200.00
1854,683,3,3,3200.00,,3200.00
1855,684,1,3,3200.00,,3200.00
1856,684,2,3,3200.00,,3200.00
1857,684,3,4,4100.00,,4100.00
1858,685,1,3,3200.00,,3200.00
1859,685,2,3,3200.00,,3200.00
1860,685,3,3,3200.00,,3200.00
1861,686,1,3,3200.00,,3200.00
1862,686,2,2,2700.00,,2700.00
1863,687,1,2,2700.00,,2700.00
1864,687,2,2,2700.00,,2700.00
1865,688,1,2,2700.00,,2700.00
1866,688,2,2,2700.00,,2700.00
1867,689,1,2,2700.00,,2700.00
1868,689,2,2,2700.00,,2700.00
1869,690,1,2,2700.00,,2700.00
1870,690,2,2,2700.00,,2700.00
1871,691,1,2,2700.00,,2700.00
1872,691,2,2,2700.00,,2700.00
1873,692,1,2,2700.00,,2700.00
1874,692,2,2,2700.00,,2700.00
1875,692,3,2,2700.00,,2700.00
1876,692,4,2,2700.00,,2700.00
1877,692,5,2,2700.00,,2700.00
1878,692,6,2,2700.00,,2700.00
1879,693,1,3,3200.00,,3200.00
1880,693,2,3,3200.00,,3200.00
1881,694,1,3,3200.00,,3200.00
1882,694,2,3,3200.00,,3200.00
1883,695,1,3,3200.00,,3200.00
1884,695,2,4,4100.00,,4100.00
1885,696,1,3,3200.00,,3200.00
1886,696,2,3,3200.00,,3200.00
1887,697,1,3,3200.00,,3200.00
1888,697,2,3,3200.00,,3200.00
1889,698,1,3,3200.00,,3200.00
1890,698,2,3,3200.00,,3200.00
1891,699,1,3,3200.00,,3200.00
1892,699,2,3,3200.00,,3200.00
1893,700,1,4,4100.00,,4100.00
1894,700,2,3,3200.00,,3200.00
1895,701,1,4,4100.00,,4100.00
1896,701,2,3,3200.00,,3200.00
1897,702,1,3,3200.00,,3200.00
1898,702,2,2,2700.00,,2700.00
1899,703,1,4,4100.00,,4100.00
1900,703,2,3,3200.00,,3200.00
1901,704,1,3,3200.00,,3200.00
1902,704,2,3,3200.00,,3200.00
1903,705,1,3,3200.00,,3200.00
1904,705,2,3,3200.00,,3200.00
1905,705,3,3,3200.00,,3200.00
1906,706,1,2,2700.00,,2700.00
1907,706,2,3,3200.00,,3200.00
1908,706,3,2,2700.00,,2700.00
1909,707,1,2,2700.00,,2700.00
1910,707,2,3,3200.00,,3200.00
1911,707,3,3,3200.00,,3200.00
1912,708,1,3,3200.00,,3200.00
1913,708,2,3,3200.00,,3200.00
1914,708,3,3,3200.00,,3200.00
1915,709,1,3,3200.00,,3200.00
1916,709,2,3,3200.00,,3200.00
1917,709,3,3,3200.00,,3200.00
1918,710,1,3,3200.00,,3200.00
1919,710,2,3,3200.00,,3200.00
1920,710,3,3,3200.00,,3200.00
1921,711,1,3,3200.00,,3200.00
1922,711,2,3,3200.00,,3200.00
1923,711,3,3,3200.00,,3200.00
1924,712,1,3,3200.00,,3200.00
1925,712,2,3,3200.00,,3200.00
1926,712,3,3,3200.00,,3200.00
1927,713,1,3,3200.00,,3200.00
1928,713,2,3,3200.00,,3200.00
1929,713,3,3,3200.00,,3200.00
1930,714,1,3,3200.00,,3200.00
1931,714,2,3,3200.00,,3200.00
1932,715,1,1,2295.00,,2295.00
1933,715,2,1,2295.00,,2295.00
1934,715,3,1,2295.00,,2295.00
1935,715,4,2,2700.00,,2700.00
1936,715,5,1,2295.00,,2295.00
1937,715,6,1,2295.00,,2295.00
1938,716,1,3,3200.00,,3200.00
1939,716,2,2,2700.00,,2700.00
1940,717,1,4,4100.00,,4100.00
1941,717,2,4,4100.00,,4100.00
1942,718,1,2,2700.00,,2700.00
1943,718,2,2,2700.00,,2700.00
1944,719,1,2,2700.00,,2700.00
1945,719,2,2,2700.00,,2700.00
1946,719,3,2,2700.00,,2700.00
1947,720,1,1,2295.00,,2295.00
1948,720,2,1,2295.00,,2295.00
1949,720,3,1,2295.00,,2295.00
1950,720,4,1,2295.00,,2295.00
1951,720,5,1,2295.00,,2295.00
1952,721,1,2,2700.00,,2700.00
1953,721,2,2,2700.00,,2700.00
1954,722,1,4,4100.00,,4100.00
1955,722,2,3,3200.00,,3200.00
1956,723,1,3,3200.00,,3200.00
1957,723,2,3,3200.00,,3200.00
1958,724,1,2,2700.00,,2700.00
1959,724,2,2,2700.00,,2700.00
1960,724,3,2,2700.00,,2700.00
1961,725,1,2,2700.00,,2700.00
1962,725,2,2,2700.00,,2700.00
1963,726,1,3,3200.00,,3200.00
1964,726,2,3,3200.00,,3200.00
1965,727,1,2,2700.00,,2700.00
1966,727,2,2,2700.00,,2700.00
1967,728,1,1,2295.00,,2295.00
1968,728,2,1,2295.00,,2295.00
1969,728,3,1,2295.00,,2295.00
1970,728,4,1,2295.00,,2295.00
1971,729,1,3,3200.00,,3200.00
1972,729,2,3,3200.00,,3200.00
1973,730,1,3,3200.00,,3200.00
1974,730,2,3,3200.00,,3200.00
1975,731,1,4,4100.00,,4100.00
1976,731,2,4,4100.00,,4100.00
1977,732,1,3,3200.00,,3200.00
1978,732,2,3,3200.00,,3200.00
1979,733,1,2,2700.00,,2700.00
1980,733,2,2,2700.00,,2700.00
1981,733,3,2,2700.00,,2700.00
1982,733,4,3,3200.00,,3200.00
1983,734,1,2,2700.00,,2700.00
1984,734,2,3,3200.00,,3200.00
1985,735,1,3,3200.00,,3200.00
1986,735,2,3,3200.00,,3200.00
1987,736,1,3,3200.00,,3200.00
1988,736,2,3,3200.00,,3200.00
1989,737,1,3,3200.00,,3200.00
1990,737,2,3,3200.00,,3200.00
1991,738,1,2,2700.00,,2700.00
1992,738,2,2,2700.00,,2700.00
1993,739,1,2,2700.00,,2700.00
1994,739,2,2,2700.00,,2700.00
1995,740,1,2,2700.00,,2700.00
1996,740,2,3,3200.00,,3200.00
1997,741,1,1,2295.00,,2295.00
1998,741,2,1,2295.00,,2295.00
1999,741,3,1,2295.00,,2295.00
2000,741,4,1,2295.00,,2295.00
2001,741,5,1,2295.00,,2295.00
2002,741,6,1,2295.00,,2295.00
2003,742,1,3,3200.00,,3200.00
2004,742,2,4,4100.00,,4100.00
2005,743,1,3,3200.00,,3200.00
2006,743,2,3,3200.00,,3200.00
2007,744,1,3,3200.00,,3200.00
2008,744,2,3,3200.00,,3200.00
2009,744,3,3,3200.00,,3200.00
2010,745,1,3,3200.00,,3200.00
2011,745,2,3,3200.00,,3200.00
2012,746,1,4,4100.00,,4100.00
2013,746,2,3,3200.00,,3200.00
2014,747,1,3,3200.00,,3200.00
2015,747,2,3,3200.00,,3200.00
2016,748,1,3,3200.00,,3200.00
2017,748,2,3,3200.00,,3200.00
2018,749,1,2,2700.00,,2700.00
2019,749,2,2,2700.00,,2700.00
2020,750,1,3,3200.00,,3200.00
2021,750,2,3,3200.00,,3200.00
2022,751,1,2,2700.00,,2700.00
2023,751,2,3,3200.00,,3200.00
2024,751,3,3,3200.00,,3200.00
2025,751,4,3,3200.00,,3200.00
2026,752,1,2,2700.00,,2700.00
2027,752,2,2,2700.00,,2700.00
2028,752,3,2,2700.00,,2700.00
2029,752,4,2,2700.00,,2700.00
2030,753,1,4,4100.00,,4100.00
2031,753,2,3,3200.00,,3200.00
2032,754,1,4,4100.00,,4100.00
2033,754,2,4,4100.00,,4100.00
2034,755,1,3,3200.00,,3200.00
2035,755,2,3,3200.00,,3200.00
2036,756,1,3,3200.00,,3200.00
2037,756,2,3,3200.00,,3200.00
2038,757,1,2,2700.00,,2700.00
2039,757,2,2,2700.00,,2700.00
2040,758,1,2,2700.00,,2700.00
2041,758,2,1,2295.00,,2295.00
2042,759,1,3,3200.00,,3200.00
2043,759,2,3,3200.00,,3200.00
2044,760,1,3,3200.00,,3200.00
2045,760,2,3,3200.00,,3200.00
2046,761,1,4,4100.00,,4100.00
2047,761,2,4,4100.00,,4100.00
2048,762,1,2,2700.00,,2700.00
2049,762,2,1,2295.00,,2295.00
2050,763,1,3,3200.00,,3200.00
2051,763,2,3,3200.00,,3200.00
2052,764,1,3,3200.00,,3200.00
2053,764,2,3,3200.00,,3200.00
2054,765,1,3,3200.00,,3200.00
2055,765,2,3,3200.00,,3200.00
2056,766,1,3,3200.00,,3200.00
2057,766,2,3,3200.00,,3200.00
2058,767,1,3,3200.00,,3200.00
2059,767,2,4,4100.00,,4100.00
2060,768,1,3,3200.00,,3200.00
2061,768,2,4,4100.00,,4100.00
2062,769,1,1,2295.00,,2295.00
2063,769,2,1,2295.00,,2295.00
2064,770,1,3,3200.00,,3200.00
2065,770,2,3,3200.00,,3200.00
2066,771,1,3,3200.00,,3200.00
2067,771,2,3,3200.00,,3200.00
2068,772,1,1,2295.00,,2295.00
2069,772,2,2,2700.00,,2700.00
2070,773,1,3,3200.00,,3200.00
2071,773,2,4,4100.00,,4100.00
2072,774,1,2,2700.00,,2700.00
2073,774,2,2,2700.00,,2700.00
2074,775,1,3,3200.00,,3200.00
2075,775,2,3,3200.00,,3200.00
2076,775,3,3,3200.00,,3200.00
2077,776,1,3,3200.00,,3200.00
2078,776,2,3,3200.00,,3200.00
2079,777,1,2,2700.00,,2700.00
2080,777,2,2,2700.00,,2700.00
2081,777,3,2,2700.00,,2700.00
2082,778,1,2,2700.00,,2700.00
2083,778,2,2,2700.00,,2700.00
2084,779,1,2,2700.00,,2700.00
2085,779,2,3,3200.00,,3200.00
2086,779,3,2,2700.00,,2700.00
2087,780,1,1,2295.00,,2295.00
2088,780,2,1,2295.00,,2295.00
2089,780,3,1,2295.00,,2295.00
2090,780,4,2,2700.00,,2700.00
2091,780,5,1,2295.00,,2295.00
2092,781,1,1,2295.00,,2295.00
2093,781,2,2,2700.00,,2700.00
2094,782,1,3,3200.00,,3200.00
2095,782,2,3,3200.00,,3200.00
2096,782,3,3,3200.00,,3200.00
2097,783,1,2,2700.00,,2700.00
2098,783,2,2,2700.00,,2700.00
2099,783,3,3,3200.00,,3200.00
2100,784,1,3,3200.00,,3200.00
2101,784,2,2,2700.00,,2700.00
2102,785,1,2,2700.00,,2700.00
2103,785,2,2,2700.00,,2700.00
2104,786,1,1,2295.00,,2295.00
2105,786,2,2,2700.00,,2700.00
2106,786,3,2,2700.00,,2700.00
2107,787,1,3,3200.00,,3200.00
2108,787,2,3,3200.00,,3200.00
2109,787,3,2,2700.00,,2700.00
2110,788,1,2,2700.00,,2700.00
2111,788,2,2,2700.00,,2700.00
2112,789,1,5,5000.00,,5000.00
2113,789,2,5,5000.00,,5000.00
2114,790,1,3,3200.00,,3200.00
2115,790,2,3,3200.00,,3200.00
2116,791,1,3,3200.00,,3200.00
2117,791,2,2,2700.00,,2700.00
2118,791,3,3,3200.00,,3200.00
2119,792,1,3,3200.00,,3200.00
2120,792,2,3,3200.00,,3200.00
2121,792,3,3,3200.00,,3200.00
2122,793,1,2,2700.00,,2700.00
2123,793,2,2,2700.00,,2700.00
2124,794,1,2,2700.00,,2700.00
2125,794,2,2,2700.00,,2700.00
2126,795,1,4,4100.00,,4100.00
2127,795,2,4,4100.00,,4100.00
2128,796,1,3,3200.00,,3200.00
2129,796,2,3,3200.00,,3200.00
2130,797,1,2,2700.00,,2700.00
2131,797,2,2,2700.00,,2700.00
2132,798,1,1,2295.00,,2295.00
2133,798,2,1,2295.00,,2295.00
2134,798,3,1,2295.00,,2295.00
2135,799,1,3,3200.00,,3200.00
2136,799,2,3,3200.00,,3200.00
2137,800,1,2,2700.00,,2700.00
2138,800,2,2,2700.00,,2700.00
2139,801,1,3,3200.00,,3200.00
2140,801,2,3,3200.00,,3200.00
2141,802,1,2,2700.00,,2700.00
2142,802,2,2,2700.00,,2700.00
2143,803,1,3,3200.00,,3200.00
2144,803,2,2,2700.00,,2700.00
2145,803,3,2,2700.00,,2700.00
2146,804,1,2,2700.00,,2700.00
2147,804,2,2,2700.00,,2700.00
2148,805,1,3,3200.00,,3200.00
2149,805,2,2,2700.00,,2700.00
2150,806,1,2,2700.00,,2700.00
2151,806,2,2,2700.00,,2700.00
2152,807,1,2,2700.00,,2700.00
2153,807,2,2,2700.00,,2700.00
2154,807,3,2,2700.00,,2700.00
2155,808,1,3,3200.00,,3200.00
2156,808,2,4,4100.00,,4100.00
2157,809,1,2,2700.00,,2700.00
2158,809,2,2,2700.00,,2700.00
2159,809,3,2,2700.00,,2700.00
2160,810,1,2,2700.00,,2700.00
2161,810,2,2,2700.00,,2700.00
2162,810,3,3,3200.00,,3200.00
2163,811,1,2,2700.00,,2700.00
2164,811,2,1,2295.00,,2295.00
2165,811,3,2,2700.00,,2700.00
2166,812,1,2,2700.00,,2700.00
2167,812,2,2,2700.00,,2700.00
2168,813,1,1,2295.00,,2295.00
2169,813,2,1,2295.00,,2295.00
2170,813,3,2,2700.00,,2700.00
2171,814,1,1,2295.00,,2295.00
2172,814,2,2,2700.00,,2700.00
2173,814,3,1,2295.00,,2295.00
2174,815,1,2,2700.00,,2700.00
2175,815,2,2,2700.00,,2700.00
2176,815,3,3,3200.00,,3200.00
2177,816,1,3,3200.00,,3200.00
2178,816,2,3,3200.00,,3200.00
2179,817,1,3,3200.00,,3200.00
2180,817,2,3,3200.00,,3200.00
2181,817,3,3,3200.00,,3200.00
2182,817,4,3,3200.00,,3200.00
2183,818,1,3,3200.00,,3200.00
2184,818,2,3,3200.00,,3200.00
2185,819,1,1,2295.00,,2295.00
2186,819,2,1,2295.00,,2295.00
2187,819,3,1,2295.00,,2295.00
2188,820,1,4,4100.00,,4100.00
2189,820,2,4,4100.00,,4100.00
2190,821,1,3,3200.00,,3200.00
2191,821,2,3,3200.00,,3200.00
2192,822,1,2,2700.00,,2700.00
2193,822,2,1,2295.00,,2295.00
2194,823,1,2,2700.00,,2700.00
2195,823,2,2,2700.00,,2700.00
2196,823,3,2,2700.00,,2700.00
2197,824,1,2,2700.00,,2700.00
2198,824,2,2,2700.00,,2700.00
2199,824,3,2,2700.00,,2700.00
2200,825,1,2,2700.00,,2700.00
2201,825,2,2,2700.00,,2700.00
2202,826,1,1,2295.00,,2295.00
2203,826,2,1,2295.00,,2295.00
2204,826,3,0,2037.00,,2037.00
2205,826,4,0,2037.00,,2037.00
2206,827,1,2,2700.00,,2700.00
2207,827,2,1,2295.00,,2295.00
2208,827,3,1,2295.00,,2295.00
2209,828,1,3,3200.00,,3200.00
2210,828,2,3,3200.00,,3200.00
2211,829,1,1,2295.00,,2295.00
2212,829,2,1,2295.00,,2295.00
2213,829,3,2,2700.00,,2700.00
2214,829,4,2,2700.00,,2700.00
2215,829,5,2,2700.00,,2700.00
2216,830,1,3,3200.00,,3200.00
2217,830,2,3,3200.00,,3200.00
2218,831,1,3,3200.00,,3200.00
2219,831,2,3,3200.00,,3200.00
2220,832,1,1,2295.00,,2295.00
2221,832,2,1,2295.00,,2295.00
2222,832,3,1,2295.00,,2295.00
2223,832,4,1,2295.00,,2295.00
2224,832,5,1,2295.00,,2295.00
2225,832,6,2,2700.00,,2700.00
2226,832,7,2,2700.00,,2700.00
2227,832,8,1,2295.00,,2295.00
2228,833,1,2,2700.00,,2700.00
2229,833,2,2,2700.00,,2700.00
2230,833,3,2,2700.00,,2700.00
2231,833,4,3,3200.00,,3200.00
2232,834,1,1,2295.00,,2295.00
2233,834,2,1,2295.00,,2295.00
2234,834,3,1,2295.00,,2295.00
2235,835,1,3,3200.00,,3200.00
2236,835,2,3,3200.00,,3200.00
2237,836,1,2,2700.00,,2700.00
2238,836,2,2,2700.00,,2700.00
2239,837,1,2,2700.00,,2700.00
2240,837,2,2,2700.00,,2700.00
2241,838,1,3,3200.00,,3200.00
2242,838,2,2,2700.00,,2700.00
2243,839,1,1,2295.00,,2295.00
2244,839,2,1,2295.00,,2295.00
2245,840,1,2,2700.00,,2700.00
2246,840,2,2,2700.00,,2700.00
2247,841,1,0,2037.00,,2037.00
2248,841,2,0,2037.00,,2037.00
2249,841,3,0,2037.00,,2037.00
2250,842,1,1,2295.00,,2295.00
2251,842,2,2,2700.00,,2700.00
2252,843,1,2,2700.00,,2700.00
2253,843,2,2,2700.00,,2700.00
2254,843,3,2,2700.00,,2700.00
2255,843,4,2,2700.00,,2700.00
2256,844,1,3,3200.00,,3200.00
2257,844,2,2,2700.00,,2700.00
2258,844,3,2,2700.00,,2700.00
2259,845,1,2,2700.00,,2700.00
2260,845,2,2,2700.00,,2700.00
2261,845,3,2,2700.00,,2700.00
2262,845,4,2,2700.00,,2700.00
2263,846,1,1,2295.00,,2295.00
2264,846,2,2,2700.00,,2700.00
2265,847,1,3,3200.00,,3200.00
2266,847,2,2,2700.00,,2700.00
2267,848,1,3,3200.00,,3200.00
2268,848,2,3,3200.00,,3200.00
2269,849,1,3,3200.00,,3200.00
2270,849,2,2,2700.00,,2700.00
2271,850,1,2,2700.00,,2700.00
2272,850,2,3,3200.00,,3200.00
2273,851,1,2,2700.00,,2700.00
2274,851,2,2,2700.00,,2700.00
2275,852,1,2,2700.00,,2700.00
2276,852,2,2,2700.00,,2700.00
2277,853,1,3,3200.00,,3200.00
2278,853,2,3,3200.00,,3200.00
2279,854,1,2,2700.00,,2700.00
2280,854,2,2,2700.00,,2700.00
2281,855,1,3,3200.00,,3200.00
2282,855,2,3,3200.00,,3200.00
2283,856,1,3,3200.00,,3200.00
2284,856,2,2,2700.00,,2700.00
2285,857,1,2,2700.00,,2700.00
2286,857,2,2,2700.00,,2700.00
2287,857,3,2,2700.00,,2700.00
2288,857,4,1,2295.00,,2295.00
2289,858,1,2,2700.00,,2700.00
2290,858,2,3,3200.00,,3200.00
2291,859,1,1,2295.00,,2295.00
2292,859,2,1,2295.00,,2295.00
2293,860,1,4,4100.00,,4100.00
2294,860,2,3,3200.00,,3200.00
2295,861,1,4,4100.00,,4100.00
2296,861,2,4,4100.00,,4100.00
2297,862,1,3,3200.00,,3200.00
2298,862,2,3,3200.00,,3200.00
2299,863,1,1,2295.00,,2295.00
2300,863,2,1,2295.00,,2295.00
2301,864,1,2,2700.00,,2700.00
2302,864,2,2,2700.00,,2700.00
2303,865,1,1,2295.00,,2295.00
2304,865,2,1,2295.00,,2295.00
2305,865,3,1,2295.00,,2295.00
2306,865,4,1,2295.00,,2295.00
2307,865,5,1,2295.00,,2295.00
2308,865,6,1,2295.00,,2295.00
2309,866,1,1,2295.00,,2295.00
2310,866,2,1,2295.00,,2295.00
2311,867,1,5,5000.00,,5000.00
2312,867,2,4,4100.00,,4100.00
2313,867,3,4,4100.00,,4100.00
2314,867,4,4,4100.00,,4100.00
2315,867,5,5,5000.00,,5000.00
2316,867,6,5,5000.00,,5000.00
2317,868,1,1,2295.00,,2295.00
2318,868,2,2,2700.00,,2700.00
2319,869,1,3,3200.00,,3200.00
2320,869,2,2,2700.00,,2700.00
2321,869,3,3,3200.00,,3200.00
2322,870,1,1,2295.00,,2295.00
2323,870,2,1,2295.00,,2295.00
2324,870,3,2,2700.00,,2700.00
2325,871,1,2,2700.00,,2700.00
2326,871,2,1,2295.00,,2295.00
2327,871,3,2,2700.00,,2700.00
2328,872,1,3,3200.00,,3200.00
2329,872,2,3,3200.00,,3200.00
2330,872,3,3,3200.00,,3200.00
2331,873,1,2,2700.00,,2700.00
2332,873,2,3,3200.00,,3200.00
2333,874,1,3,3200.00,,3200.00
2334,874,2,3,3200.00,,3200.00
2335,875,1,2,2700.00,,2700.00
2336,875,2,3,3200.00,,3200.00
2337,875,3,2,2700.00,,2700.00
2338,876,1,3,3200.00,,3200.00
2339,876,2,3,3200.00,,3200.00
2340,876,3,3,3200.00,,3200.00
2341,877,1,4,4100.00,,4100.00
2342,877,2,3,3200.00,,3200.00
2343,878,1,2,2700.00,,2700.00
2344,878,2,3,3200.00,,3200.00
2345,879,1,3,3200.00,,3200.00
2346,879,2,4,4100.00,,4100.00
2347,880,1,1,2295.00,,2295.00
2348,880,2,2,2700.00,,2700.00
2349,880,3,1,2295.00,,2295.00
2350,880,4,2,2700.00,,2700.00
2351,880,5,1,2295.00,,2295.00
2352,880,6,2,2700.00,,2700.00
2353,881,1,3,3200.00,,3200.00
2354,881,2,3,3200.00,,3200.00
2355,882,1,1,2295.00,,2295.00
2356,882,2,1,2295.00,,2295.00
2357,882,3,1,2295.00,,2295.00
2358,882,4,1,2295.00,,2295.00
2359,882,5,1,2295.00,,2295.00
2360,882,6,1,2295.00,,2295.00
2361,883,1,2,2700.00,,2700.00
2362,883,2,2,2700.00,,2700.00
2363,883,3,3,3200.00,,3200.00
2364,884,1,1,2295.00,,2295.00
2365,884,2,2,2700.00,,2700.00
2366,884,3,1,2295.00,,2295.00
2367,884,4,2,2700.00,,2700.00
2368,884,5,1,2295.00,,2295.00
2369,884,6,2,2700.00,,2700.00
2370,885,1,4,4100.00,,4100.00
2371,885,2,4,4100.00,,4100.00
2372,886,1,2,2700.00,,2700.00
2373,886,2,2,2700.00,,2700.00
2374,886,3,3,3200.00,,3200.00
2375,886,4,2,2700.00,,2700.00
2376,887,1,4,4100.00,,4100.00
2377,887,2,3,3200.00,,3200.00
2378,888,1,3,3200.00,,3200.00
2379,888,2,3,3200.00,,3200.00
2380,889,1,2,2700.00,,2700.00
2381,889,2,3,3200.00,,3200.00
2382,890,1,1,2295.00,,2295.00
2383,890,2,1,2295.00,,2295.00
2384,891,1,3,3200.00,,3200.00
2385,891,2,2,2700.00,,2700.00
2386,892,1,3,3200.00,,3200.00
2387,892,2,3,3200.00,,3200.00
2388,893,1,3,3200.00,,3200.00
2389,893,2,3,3200.00,,3200.00
2390,894,1,2,2700.00,,2700.00
2391,894,2,2,2700.00,,2700.00
2392,894,3,1,2295.00,,2295.00
2393,895,1,3,3200.00,,3200.00
2394,895,2,3,3200.00,,3200.00
2395,896,1,2,2700.00,,2700.00
2396,896,2,3,3200.00,,3200.00
2397,896,3,3,3200.00,,3200.00
2398,897,1,3,3200.00,,3200.00
2399,897,2,2,2700.00,,2700.00
2400,898,1,3,3200.00,,3200.00
2401,898,2,3,3200.00,,3200.00
2402,899,1,3,3200.00,,3200.00
2403,899,2,2,2700.00,,2700.00
2404,900,1,3,3200.00,,3200.00
2405,900,2,2,2700.00,,2700.00
2406,901,1,2,2700.00,,2700.00
2407,901,2,2,2700.00,,2700.00
2408,902,1,2,2700.00,,2700.00
2409,902,2,2,2700.00,,2700.00
2410,902,3,2,2700.00,,2700.00
2411,902,4,2,2700.00,,2700.00
2412,903,1,2,2700.00,,2700.00
2413,903,2,3,3200.00,,3200.00
2414,904,1,2,2700.00,,2700.00
2415,904,2,2,2700.00,,2700.00
2416,904,3,1,2295.00,,2295.00
2417,905,1,2,2700.00,,2700.00
2418,905,2,1,2295.00,,2295.00
2419,905,3,2,2700.00,,2700.00
2420,906,1,0,2037.00,,2037.00
2421,906,2,0,2037.00,,2037.00
2422,906,3,1,2295.00,,2295.00
2423,906,4,1,2295.00,,2295.00
2424,906,5,0,2037.00,,2037.00
2425,907,1,1,2295.00,,2295.00
2426,907,2,1,2295.00,,2295.00
2427,907,3,1,2295.00,,2295.00
2428,908,1,2,2700.00,,2700.00
2429,908,2,1,2295.00,,2295.00
2430,908,3,2,2700.00,,2700.00
2431,908,4,1,2295.00,,2295.00
2432,908,5,1,2295.00,,2295.00
2433,908,6,1,2295.00,,2295.00
2434,909,1,3,3200.00,,3200.00
2435,909,2,2,2700.00,,2700.00
2436,909,3,2,2700.00,,2700.00
2437,910,1,2,2700.00,,2700.00
2438,910,2,3,3200.00,,3200.00
2439,911,1,2,2700.00,,2700.00
2440,911,2,2,2700.00,,2700.00
2441,911,3,1,2295.00,,2295.00
2442,911,4,2,2700.00,,2700.00
2443,912,1,0,2037.00,,2037.00
2444,912,2,1,2295.00,,2295.00
2445,912,3,1,2295.00,,2295.00
2446,912,4,1,2295.00,,2295.00
2447,913,1,3,3200.00,,3200.00
2448,913,2,3,3200.00,,3200.00
2449,913,3,3,3200.00,,3200.00
2450,914,1,1,2295.00,,2295.00
2451,914,2,2,2700.00,,2700.00
2452,915,1,1,2295.00,,2295.00
2453,915,2,1,2295.00,,2295.00
2454,915,3,2,2700.00,,2700.00
2455,916,1,2,2700.00,,2700.00
2456,916,2,3,3200.00,,3200.00
2457,917,1,2,2700.00,,2700.00
2458,917,2,2,2700.00,,2700.00
2459,918,1,2,2700.00,,2700.00
2460,918,2,3,3200.00,,3200.00
2461,918,3,2,2700.00,,2700.00
2462,918,4,2,2700.00,,2700.00
2463,918,5,2,2700.00,,2700.00
2464,918,6,2,2700.00,,2700.00
2465,919,1,0,2037.00,,2037.00
2466,919,2,0,2037.00,,2037.00
2467,919,3,0,2037.00,,2037.00
2468,919,4,0,2037.00,,2037.00
2469,919,5,1,2295.00,,2295.00
2470,919,6,1,2295.00,,2295.00
2471,919,7,0,2037.00,,2037.00
2472,919,8,1,2295.00,,2295.00
2473,920,1,2,2700.00,,2700.00
2474,920,2,3,3200.00,,3200.00
2475,920,3,3,3200.00,,3200.00
2476,920,4,2,2700.00,,2700.00
2477,920,5,2,2700.00,,2700.00
2478,920,6,2,2700.00,,2700.00
2479,921,1,1,2295.00,,2295.00
2480,921,2,2,2700.00,,2700.00
2481,921,3,2,2700.00,,2700.00
2482,921,4,2,2700.00,,2700.00
2483,921,5,2,2700.00,,2700.00
2484,921,6,2,2700.00,,2700.00
2485,921,7,2,2700.00,,2700.00
2486,922,1,2,2700.00,,2700.00
2487,922,2,2,2700.00,,2700.00
2488,922,3,2,2700.00,,2700.00
2489,923,1,1,2295.00,,2295.00
2490,923,2,1,2295.00,,2295.00
2491,923,3,0,2037.00,,2037.00
2492,923,4,1,2295.00,,2295.00
2493,923,5,1,2295.00,,2295.00
2494,923,6,1,2295.00,,2295.00
2495,924,1,3,3200.00,,3200.00
2496,924,2,3,3200.00,,3200.00
2497,924,3,2,2700.00,,2700.00
2498,925,1,2,2700.00,,2700.00
2499,925,2,2,2700.00,,2700.00
2500,925,3,2,2700.00,,2700.00
2501,926,1,3,3200.00,,3200.00
2502,926,2,3,3200.00,,3200.00
2503,926,3,2,2700.00,,2700.00
2504,927,1,2,2700.00,,2700.00
2505,927,2,2,2700.00,,2700.00
2506,927,3,2,2700.00,,2700.00
2507,928,1,1,2295.00,,2295.00
2508,928,2,1,2295.00,,2295.00
2509,928,3,1,2295.00,,2295.00
2510,928,4,1,2295.00,,2295.00
2511,928,5,1,2295.00,,2295.00
2512,929,1,2,2700.00,,2700.00
2513,929,2,2,2700.00,,2700.00
2514,929,3,2,2700.00,,2700.00
2515,929,4,2,2700.00,,2700.00
2516,930,1,1,2295.00,,2295.00
2517,930,2,2,2700.00,,2700.00
2518,930,3,1,2295.00,,2295.00
2519,930,4,1,2295.00,,2295.00
2520,930,5,1,2295.00,,2295.00
2521,930,6,2,2700.00,,2700.00
2522,930,7,1,2295.00,,2295.00
2523,930,8,1,2295.00,,2295.00
2524,931,1,1,2295.00,,2295.00
2525,931,2,1,2295.00,,2295.00
2526,931,3,1,2295.00,,2295.00
2527,932,1,2,2700.00,,2700.00
2528,932,2,2,2700.00,,2700.00
2529,932,3,2,2700.00,,2700.00
2530,933,1,2,2700.00,,2700.00
2531,933,2,1,2295.00,,2295.00
2532,933,3,1,2295.00,,2295.00
2533,933,4,2,2700.00,,2700.00
2534,934,1,4,4100.00,,4100.00
2535,934,2,4,4100.00,,4100.00
2536,935,1,3,3200.00,,3200.00
2537,935,2,3,3200.00,,3200.00
2538,936,1,1,2295.00,,2295.00
2539,936,2,1,2295.00,,2295.00
2540,937,1,1,2295.00,,2295.00
2541,937,2,2,2700.00,,2700.00
2542,937,3,1,2295.00,,2295.00
2543,937,4,1,2295.00,,2295.00
2544,938,1,2,2700.00,,2700.00
2545,938,2,2,2700.00,,2700.00
2546,938,3,2,2700.00,,2700.00
2547,938,4,2,2700.00,,2700.00
2548,938,5,2,2700.00,,2700.00
2549,938,6,2,2700.00,,2700.00
2550,939,1,2,2700.00,,2700.00
2551,939,2,2,2700.00,,2700.00
2552,940,1,2,2700.00,,2700.00
2553,940,2,2,2700.00,,2700.00
2554,940,3,2,2700.00,,2700.00
2555,940,4,2,2700.00,,2700.00
2556,941,1,2,2700.00,,2700.00
2557,941,2,1,2295.00,,2295.00
2558,941,3,1,2295.00,,2295.00
2559,942,1,2,2700.00,,2700.00
2560,942,2,3,3200.00,,3200.00
2561,942,3,3,3200.00,,3200.00
2562,943,1,3,3200.00,,3200.00
2563,943,2,3,3200.00,,3200.00
2564,944,1,2,2700.00,,2700.00
2565,944,2,2,2700.00,,2700.00
2566,944,3,2,2700.00,,2700.00
2567,944,4,2,2700.00,,2700.00
2568,944,5,2,2700.00,,2700.00
2569,944,6,2,2700.00,,2700.00
2570,945,1,0,2037.00,,2037.00
2571,945,2,0,2037.00,,2037.00
2572,945,3,1,2295.00,,2295.00
2573,945,4,0,2037.00,,2037.00
2574,945,5,1,2295.00,,2295.00
2575,946,1,3,3200.00,,3200.00
2576,946,2,3,3200.00,,3200.00
2577,947,1,2,2700.00,,2700.00
2578,947,2,1,2295.00,,2295.00
2579,947,3,2,2700.00,,2700.00
2580,947,4,2,2700.00,,2700.00
2581,948,1,3,3200.00,,3200.00
2582,948,2,3,3200.00,,3200.00
2583,948,3,3,3200.00,,3200.00
2584,948,4,2,2700.00,,2700.00
2585,948,5,3,3200.00,,3200.00
2586,948,6,2,2700.00,,2700.00
2587,949,1,1,2295.00,,2295.00
2588,949,2,1,2295.00,,2295.00
2589,949,3,1,2295.00,,2295.00
2590,949,4,1,2295.00,,2295.00
2591,949,5,1,2295.00,,2295.00
2592,949,6,1,2295.00,,2295.00
2593,950,1,0,2037.00,,2037.00
2594,950,2,1,2295.00,,2295.00
2595,950,3,0,2037.00,,2037.00
2596,950,4,1,2295.00,,2295.00
2597,950,5,1,2295.00,,2295.00
2598,950,6,1,2295.00,,2295.00
2599,950,7,1,2295.00,,2295.00
2600,950,8,0,2037.00,,2037.00
2601,951,1,1,2295.00,,2295.00
2602,951,2,1,2295.00,,2295.00
2603,951,3,1,2295.00,,2295.00
2604,951,4,1,2295.00,,2295.00
2605,952,1,3,3200.00,,3200.00
2606,952,2,4,4100.00,,4100.00
2607,953,1,3,3200.00,,3200.00
2608,953,2,3,3200.00,,3200.00
2609,954,1,2,2700.00,,2700.00
2610,954,2,2,2700.00,,2700.00
2611,954,3,2,2700.00,,2700.00
2612,954,4,2,2700.00,,2700.00
2613,954,5,2,2700.00,,2700.00
2614,955,1,3,3200.00,,3200.00
2615,955,2,3,3200.00,,3200.00
2616,955,3,4,4100.00,,4100.00
2617,956,1,3,3200.00,,3200.00
2618,956,2,3,3200.00,,3200.00
2619,956,3,3,3200.00,,3200.00
2620,957,1,3,3200.00,,3200.00
2621,957,2,3,3200.00,,3200.00
2622,958,1,1,2295.00,,2295.00
2623,958,2,1,2295.00,,2295.00
2624,958,3,1,2295.00,,2295.00
2625,958,4,1,2295.00,,2295.00
2626,958,5,1,2295.00,,2295.00
2627,959,1,2,2700.00,,2700.00
2628,959,2,2,2700.00,,2700.00
2629,959,3,2,2700.00,,2700.00
2630,959,4,2,2700.00,,2700.00
2631,960,1,4,4100.00,,4100.00
2632,960,2,4,4100.00,,4100.00
2633,961,1,1,2295.00,,2295.00
2634,961,2,1,2295.00,,2295.00
2635,962,1,4,4100.00,,4100.00
2636,962,2,4,4100.00,,4100.00
2637,963,1,5,5000.00,,5000.00
2638,963,2,4,4100.00,,4100.00
2639,964,1,4,4100.00,,4100.00
2640,964,2,3,3200.00,,3200.00
2641,965,1,1,2295.00,,2295.00
2642,965,2,1,2295.00,,2295.00
2643,965,3,1,2295.00,,2295.00
2644,965,4,1,2295.00,,2295.00
2645,965,5,1,2295.00,,2295.00
2646,966,1,3,3200.00,,3200.00
2647,966,2,3,3200.00,,3200.00
2648,967,1,3,3200.00,,3200.00
2649,967,2,3,3200.00,,3200.00
2650,967,3,2,2700.00,,2700.00
2651,968,1,3,3200.00,,3200.00
2652,968,2,3,3200.00,,3200.00
2653,968,3,2,2700.00,,2700.00
2654,968,4,3,3200.00,,3200.00
2655,969,1,2,2700.00,,2700.00
2656,969,2,1,2295.00,,2295.00
2657,969,3,1,2295.00,,2295.00
2658,969,4,1,2295.00,,2295.00
2659,969,5,1,2295.00,,2295.00
2660,969,6,2,2700.00,,2700.00
2661,969,7,1,2295.00,,2295.00
2662,970,1,3,3200.00,,3200.00
2663,970,2,2,2700.00,,2700.00
2664,970,3,2,2700.00,,2700.00
2665,971,1,1,2295.00,,2295.00
2666,971,2,1,2295.00,,2295.00
2667,971,3,1,2295.00,,2295.00
2668,971,4,1,2295.00,,2295.00
2669,971,5,1,2295.00,,2295.00
2670,971,6,1,2295.00,,2295.00
2671,972,1,1,2295.00,,2295.00
2672,972,2,1,2295.00,,2295.00
2673,972,3,1,2295.00,,2295.00
2674,972,4,1,2295.00,,2295.00
2675,972,5,1,2295.00,,2295.00
2676,973,1,0,2037.00,,2037.00
2677,973,2,1,2295.00,,2295.00
2678,973,3,1,2295.00,,2295.00
2679,973,4,1,2295.00,,2295.00
2680,973,5,0,2037.00,,2037.00
2681,973,6,1,2295.00,,2295.00
2682,973,7,0,2037.00,,2037.00
2683,973,8,1,2295.00,,2295.00
2684,974,1,2,2700.00,,2700.00
2685,974,2,2,2700.00,,2700.00
2686,975,1,1,2295.00,,2295.00
2687,975,2,1,2295.00,,2295.00
2688,975,3,1,2295.00,,2295.00
2689,975,4,1,2295.00,,2295.00
2690,975,5,1,2295.00,,2295.00
2691,976,1,4,4100.00,,4100.00
2692,976,2,3,3200.00,,3200.00
2693,976,3,3,3200.00,,3200.00
2694,977,1,3,3200.00,,3200.00
2695,977,2,3,3200.00,,3200.00
2696,977,3,3,3200.00,,3200.00
2697,978,1,0,2037.00,,2037.00
2698,978,2,1,2295.00,,2295.00
2699,978,3,1,2295.00,,2295.00
2700,978,4,1,2295.00,,2295.00
2701,978,5,1,2295.00,,2295.00
2702,978,6,1,2295.00,,2295.00
2703,979,1,1,2295.00,,2295.00
2704,979,2,0,2037.00,,2037.00
2705,979,3,0,2037.00,,2037.00
2706,979,4,0,2037.00,,2037.00
2707,979,5,0,2037.00,,2037.00
2708,979,6,1,2295.00,,2295.00
2709,980,1,1,2295.00,,2295.00
2710,980,2,2,2700.00,,2700.00
2711,980,3,1,2295.00,,2295.00
2712,980,4,2,2700.00,,2700.00
2713,981,1,2,2700.00,,2700.00
2714,981,2,2,2700.00,,2700.00
2715,981,3,2,2700.00,,2700.00
2716,981,4,2,2700.00,,2700.00
2717,981,5,1,2295.00,,2295.00
2718,981,6,1,2295.00,,2295.00
2719,981,7,2,2700.00,,2700.00
2720,981,8,1,2295.00,,2295.00
2721,982,1,0,2037.00,,2037.00
2722,982,2,0,2037.00,,2037.00
2723,982,3,0,2037.00,,2037.00
2724,982,4,0,2037.00,,2037.00
2725,982,5,0,2037.00,,2037.00
2726,982,6,0,2037.00,,2037.00
2727,983,1,2,2700.00,,2700.00
2728,983,2,2,2700.00,,2700.00
2729,983,3,2,2700.00,,2700.00
2730,983,4,2,2700.00,,2700.00
2731,984,1,4,4100.00,,4100.00
2732,984,2,3,3200.00,,3200.00
2733,985,1,0,2037.00,,2037.00
2734,985,2,1,2295.00,,2295.00
2735,985,3,0,2037.00,,2037.00
2736,985,4,1,2295.00,,2295.00
2737,985,5,1,2295.00,,2295.00
2738,985,6,1,2295.00,,2295.00
2739,985,7,0,2037.00,,2037.00
2740,986,1,3,3200.00,,3200.00
2741,986,2,3,3200.00,,3200.00
2742,987,1,3,3200.00,,3200.00
2743,987,2,3,3200.00,,3200.00
2744,988,1,2,2700.00,,2700.00
2745,988,2,1,2295.00,,2295.00
2746,988,3,2,2700.00,,2700.00
2747,988,4,2,2700.00,,2700.00
2748,988,5,1,2295.00,,2295.00
2749,988,6,2,2700.00,,2700.00
2750,989,1,2,2700.00,,2700.00
2751,989,2,2,2700.00,,2700.00
2752,989,3,1,2295.00,,2295.00
2753,990,1,2,2700.00,,2700.00
2754,990,2,2,2700.00,,2700.00
2755,991,1,2,2700.00,,2700.00
2756,991,2,2,2700.00,,2700.00
2757,992,1,0,2037.00,,2037.00
2758,992,2,0,2037.00,,2037.00
2759,992,3,0,2037.00,,2037.00
2760,992,4,0,2037.00,,2037.00
2761,992,5,0,2037.00,,2037.00
2762,992,6,0,2037.00,,2037.00
2763,992,7,0,2037.00,,2037.00
2764,992,8,0,2037.00,,2037.00
2765,993,1,2,2700.00,,2700.00
2766,993,2,2,2700.00,,2700.00
2767,994,1,1,2295.00,,2295.00
2768,994,2,1,2295.00,,2295.00
2769,994,3,1,2295.00,,2295.00
2770,994,4,1,2295.00,,2295.00
2771,994,5,1,2295.00,,2295.00
2772,995,1,2,2700.00,,2700.00
2773,995,2,2,2700.00,,2700.00
2774,995,3,2,2700.00,,2700.00
2775,996,1,3,3200.00,,3200.00
2776,996,2,2,2700.00,,2700.00
2777,996,3,3,3200.00,,3200.00
2778,997,1,3,3200.00,,3200.00
2779,997,2,3,3200.00,,3200.00
2780,998,1,3,3200.00,,3200.00
2781,998,2,2,2700.00,,2700.00
2782,998,3,2,2700.00,,2700.00
2783,998,4,2,2700.00,,2700.00
2784,999,1,2,2700.00,,2700.00
2785,999,2,2,2700.00,,2700.00
2786,999,3,2,2700.00,,2700.00
2787,1000,1,2,2700.00,,2700.00
2788,1000,2,2,2700.00,,2700.00
2789,1000,3,2,2700.00,,2700.00
2790,1000,4,2,2700.00,,2700.00
2791,1000,5,2,2700.00,,2700.00
2792,1000,6,3,3200.00,,3200.00
2793,1001,1,1,2295.00,,2295.00
2794,1001,2,1,2295.00,,2295.00
2795,1001,3,1,2295.00,,2295.00
2796,1001,4,1,2295.00,,2295.00
2797,1002,1,3,3200.00,,3200.00
2798,1002,2,3,3200.00,,3200.00
2799,1003,1,1,2295.00,,2295.00
2800,1003,2,2,2700.00,,2700.00
2801,1003,3,2,2700.00,,2700.00
2802,1003,4,2,2700.00,,2700.00
2803,1003,5,1,2295.00,,2295.00
2804,1003,6,2,2700.00,,2700.00
2805,1004,1,1,2295.00,,2295.00
2806,1004,2,1,2295.00,,2295.00
2807,1005,1,1,2295.00,,2295.00
2808,1005,2,1,2295.00,,2295.00
2809,1005,3,1,2295.00,,2295.00
2810,1006,1,1,2295.00,,2295.00
2811,1006,2,0,2037.00,,2037.00
2812,1007,1,2,2700.00,,2700.00
2813,1007,2,2,2700.00,,2700.00
2814,1008,1,3,3200.00,,3200.00
2815,1008,2,3,3200.00,,3200.00
2816,1009,1,2,2700.00,,2700.00
2817,1009,2,2,2700.00,,2700.00
2818,1009,3,2,2700.00,,2700.00
2819,1009,4,2,2700.00,,2700.00
2820,1009,5,2,2700.00,,2700.00
2821,1009,6,2,2700.00,,2700.00
2822,1009,7,3,3200.00,,3200.00
2823,1010,1,2,2700.00,,2700.00
2824,1010,2,2,2700.00,,2700.00
2825,1011,1,3,3200.00,,3200.00
2826,1011,2,3,3200.00,,3200.00
2827,1012,1,2,2700.00,,2700.00
2828,1012,2,2,2700.00,,2700.00
2829,1012,3,2,2700.00,,2700.00
2830,1012,4,2,2700.00,,2700.00
2831,1012,5,2,2700.00,,2700.00
2832,1012,6,2,2700.00,,2700.00
2833,1012,7,2,2700.00,,2700.00
2834,1013,1,2,2700.00,,2700.00
2835,1013,2,2,2700.00,,2700.00
2836,1014,1,2,2700.00,,2700.00
2837,1014,2,2,2700.00,,2700.00
2838,1015,1,2,2700.00,,2700.00
2839,1015,2,2,2700.00,,2700.00
2840,1015,3,1,2295.00,,2295.00
2841,1015,4,2,2700.00,,2700.00
2842,1015,5,1,2295.00,,2295.00
2843,1015,6,1,2295.00,,2295.00
2844,1016,1,3,3200.00,,3200.00
2845,1016,2,2,2700.00,,2700.00
2846,1016,3,3,3200.00,,3200.00
2847,1017,1,3,3200.00,,3200.00
2848,1017,2,2,2700.00,,2700.00
2849,1018,1,1,2295.00,,2295.00
2850,1018,2,1,2295.00,,2295.00
2851,1018,3,1,2295.00,,2295.00
2852,1018,4,0,2037.00,,2037.00
2853,1018,5,1,2295.00,,2295.00
2854,1019,1,2,2700.00,,2700.00
2855,1019,2,2,2700.00,,2700.00
2856,1019,3,2,2700.00,,2700.00
2857,1020,1,3,3200.00,,3200.00
2858,1020,2,2,2700.00,,2700.00
2859,1021,1,2,2700.00,,2700.00
2860,1021,2,3,3200.00,,3200.00
2861,1022,1,2,2700.00,,2700.00
2862,1022,2,2,2700.00,,2700.00
2863,1022,3,2,2700.00,,2700.00
2864,1023,1,2,2700.00,,2700.00
2865,1023,2,2,2700.00,,2700.00
2866,1024,1,4,4100.00,,4100.00
2867,1024,2,3,3200.00,,3200.00
2868,1025,1,2,2700.00,,2700.00
2869,1025,2,2,2700.00,,2700.00
2870,1025,3,3,3200.00,,3200.00
2871,1025,4,2,2700.00,,2700.00
2872,1026,1,3,3200.00,,3200.00
2873,1026,2,3,3200.00,,3200.00
2874,1027,1,2,2700.00,,2700.00
2875,1027,2,2,2700.00,,2700.00
2876,1027,3,2,2700.00,,2700.00
2877,1028,1,3,3200.00,,3200.00
2878,1028,2,3,3200.00,,3200.00
2879,1028,3,3,3200.00,,3200.00
2880,1028,4,3,3200.00,,3200.00
2881,1029,1,1,2295.00,,2295.00
2882,1029,2,1,2295.00,,2295.00
2883,1029,3,2,2700.00,,2700.00
2884,1029,4,2,2700.00,,2700.00
2885,1030,1,1,2295.00,,2295.00
2886,1030,2,1,2295.00,,2295.00
2887,1030,3,1,2295.00,,2295.00
2888,1030,4,1,2295.00,,2295.00
2889,1030,5,1,2295.00,,2295.00
2890,1030,6,1,2295.00,,2295.00
2891,1031,1,1,2295.00,,2295.00
2892,1031,2,1,2295.00,,2295.00
2893,1031,3,1,2295.00,,2295.00
2894,1031,4,1,2295.00,,2295.00
2895,1032,1,1,2295.00,,2295.00
2896,1032,2,1,2295.00,,2295.00
2897,1032,3,1,2295.00,,2295.00
2898,1032,4,1,2295.00,,2295.00
2899,1032,5,2,2700.00,,2700.00
2900,1032,6,2,2700.00,,2700.00
2901,1032,7,2,2700.00,,2700.00
2902,1032,8,2,2700.00,,2700.00
2903,1033,1,2,2700.00,,2700.00
2904,1033,2,2,2700.00,,2700.00
2905,1034,1,3,3200.00,,3200.00
2906,1034,2,2,2700.00,,2700.00
2907,1034,3,2,2700.00,,2700.00
2908,1035,1,2,2700.00,,2700.00
2909,1035,2,2,2700.00,,2700.00
2910,1035,3,1,2295.00,,2295.00
2911,1036,1,3,3200.00,,3200.00
2912,1036,2,2,2700.00,,2700.00
2913,1037,1,2,2700.00,,2700.00
2914,1037,2,2,2700.00,,2700.00
2915,1037,3,2,2700.00,,2700.00
2916,1037,4,2,2700.00,,2700.00
2917,1038,1,3,3200.00,,3200.00
2918,1038,2,3,3200.00,,3200.00
2919,1039,1,1,2295.00,,2295.00
2920,1039,2,1,2295.00,,2295.00
2921,1040,1,1,2295.00,,2295.00
2922,1040,2,1,2295.00,,2295.00
2923,1040,3,1,2295.00,,2295.00
2924,1040,4,1,2295.00,,2295.00
2925,1040,5,2,2700.00,,2700.00
2926,1041,1,1,2295.00,,2295.00
2927,1041,2,1,2295.00,,2295.00
2928,1041,3,1,2295.00,,2295.00
2929,1041,4,1,2295.00,,2295.00
2930,1041,5,1,2295.00,,2295.00
2931,1042,1,2,2700.00,,2700.00
2932,1042,2,2,2700.00,,2700.00
2933,1042,3,2,2700.00,,2700.00
2934,1042,4,2,2700.00,,2700.00
2935,1043,1,2,2700.00,,2700.00
2936,1043,2,2,2700.00,,2700.00
2937,1043,3,2,2700.00,,2700.00
2938,1044,1,3,3200.00,,3200.00
2939,1044,2,3,3200.00,,3200.00
2940,1045,1,3,3200.00,,3200.00
2941,1045,2,2,2700.00,,2700.00
2942,1045,3,2,2700.00,,2700.00
2943,1045,4,2,2700.00,,2700.00
2944,1046,1,3,3200.00,,3200.00
2945,1046,2,4,4100.00,,4100.00
2946,1047,1,3,3200.00,,3200.00
2947,1047,2,3,3200.00,,3200.00
2948,1048,1,3,3200.00,,3200.00
2949,1048,2,2,2700.00,,2700.00
2950,1049,1,2,2700.00,,2700.00
2951,1049,2,1,2295.00,,2295.00
2952,1049,3,2,2700.00,,2700.00
2953,1049,4,2,2700.00,,2700.00
2954,1049,5,2,2700.00,,2700.00
2955,1049,6,2,2700.00,,2700.00
2956,1049,7,2,2700.00,,2700.00
2957,1050,1,2,2700.00,,2700.00
2958,1050,2,3,3200.00,,3200.00
2959,1051,1,1,2295.00,,2295.00
2960,1051,2,1,2295.00,,2295.00
2961,1051,3,1,2295.00,,2295.00
2962,1051,4,1,2295.00,,2295.00
2963,1051,5,1,2295.00,,2295.00
2964,1051,6,2,2700.00,,2700.00
2965,1051,7,1,2295.00,,2295.00
2966,1052,1,2,2700.00,,2700.00
2967,1052,2,2,2700.00,,2700.00
2968,1052,3,2,2700.00,,2700.00
2969,1053,1,3,3200.00,,3200.00
2970,1053,2,3,3200.00,,3200.00
2971,1053,3,3,3200.00,,3200.00
2972,1054,1,3,3200.00,,3200.00
2973,1054,2,2,2700.00,,2700.00
2974,1055,1,2,2700.00,,2700.00
2975,1055,2,2,2700.00,,2700.00
2976,1055,3,2,2700.00,,2700.00
2977,1056,1,2,2700.00,,2700.00
2978,1056,2,2,2700.00,,2700.00
2979,1057,1,2,2700.00,,2700.00
2980,1057,2,3,3200.00,,3200.00
2981,1058,1,3,3200.00,,3200.00
2982,1058,2,3,3200.00,,3200.00
2983,1058,3,3,3200.00,,3200.00
2984,1059,1,3,3200.00,,3200.00
2985,1059,2,3,3200.00,,3200.00
2986,1059,3,3,3200.00,,3200.00
2987,1060,1,3,3200.00,,3200.00
2988,1060,2,2,2700.00,,2700.00
2989,1060,3,2,2700.00,,2700.00
2990,1060,4,2,2700.00,,2700.00
2991,1061,1,3,3200.00,,3200.00
2992,1061,2,3,3200.00,,3200.00
2993,1062,1,2,2700.00,,2700.00
2994,1062,2,3,3200.00,,3200.00
2995,1062,3,2,2700.00,,2700.00
2996,1063,1,1,2295.00,,2295.00
2997,1063,2,1,2295.00,,2295.00
2998,1064,1,3,3200.00,,3200.00
2999,1064,2,2,2700.00,,2700.00
3000,1064,3,2,2700.00,,2700.00
3001,1064,4,2,2700.00,,2700.00
3002,1065,1,0,2037.00,,2037.00
3003,1065,2,1,2295.00,,2295.00
3004,1065,3,0,2037.00,,2037.00
3005,1065,4,0,2037.00,,2037.00
3006,1066,1,3,3200.00,,3200.00
3007,1066,2,3,3200.00,,3200.00
3008,1067,1,1,2295.00,,2295.00
3009,1067,2,1,2295.00,,2295.00
3010,1067,3,1,2295.00,,2295.00
3011,1068,1,3,3200.00,,3200.00
3012,1068,2,3,3200.00,,3200.00
3013,1069,1,4,4100.00,,4100.00
3014,1069,2,3,3200.00,,3200.00
3015,1069,3,4,4100.00,,4100.00
3016,1070,1,2,2700.00,,2700.00
3017,1070,2,3,3200.00,,3200.00
3018,1071,1,3,3200.00,,3200.00
3019,1071,2,3,3200.00,,3200.00
3020,1071,3,3,3200.00,,3200.00
3021,1072,1,5,5000.00,,5000.00
3022,1072,2,4,4100.00,,4100.00
3023,1073,1,2,2700.00,,2700.00
3024,1073,2,2,2700.00,,2700.00
3025,1073,3,1,2295.00,,2295.00
3026,1074,1,2,2700.00,,2700.00
3027,1074,2,3,3200.00,,3200.00
3028,1074,3,3,3200.00,,3200.00
3029,1075,1,3,3200.00,,3200.00
3030,1075,2,3,3200.00,,3200.00
3031,1075,3,3,3200.00,,3200.00
3032,1075,4,4,4100.00,,4100.00
3033,1076,1,2,2700.00,,2700.00
3034,1076,2,1,2295.00,,2295.00
3035,1077,1,3,3200.00,,3200.00
3036,1077,2,3,3200.00,,3200.00
3037,1078,1,2,2700.00,,2700.00
3038,1078,2,1,2295.00,,2295.00
3039,1078,3,2,2700.00,,2700.00
3040,1078,4,1,2295.00,,2295.00
3041,1078,5,2,2700.00,,2700.00
3042,1078,6,2,2700.00,,2700.00
3043,1079,1,1,2295.00,,2295.00
3044,1079,2,1,2295.00,,2295.00
3045,1079,3,1,2295.00,,2295.00
3046,1079,4,1,2295.00,,2295.00
3047,1079,5,1,2295.00,,2295.00
3048,1080,1,4,4100.00,,4100.00
3049,1080,2,4,4100.00,,4100.00
3050,1080,3,3,3200.00,,3200.00
3051,1080,4,3,3200.00,,3200.00
3052,1080,5,3,3200.00,,3200.00
3053,1080,6,3,3200.00,,3200.00
3054,1081,1,4,4100.00,,4100.00
3055,1081,2,4,4100.00,,4100.00
3056,1082,1,2,2700.00,,2700.00
3057,1082,2,2,2700.00,,2700.00
3058,1082,3,2,2700.00,,2700.00
3059,1083,1,4,4100.00,,4100.00
3060,1083,2,3,3200.00,,3200.00
3061,1084,1,1,2295.00,,2295.00
3062,1084,2,1,2295.00,,2295.00
3063,1084,3,2,2700.00,,2700.00
3064,1084,4,1,2295.00,,2295.00
3065,1085,1,4,4100.00,,4100.00
3066,1085,2,4,4100.00,,4100.00
3067,1086,1,2,2700.00,,2700.00
3068,1086,2,1,2295.00,,2295.00
3069,1086,3,2,2700.00,,2700.00
3070,1086,4,2,2700.00,,2700.00
3071,1086,5,2,2700.00,,2700.00
3072,1087,1,1,2295.00,,2295.00
3073,1087,2,1,2295.00,,2295.00
3074,1087,3,1,2295.00,,2295.00
3075,1087,4,1,2295.00,,2295.00
3076,1087,5,1,2295.00,,2295.00
3077,1087,6,1,2295.00,,2295.00
3078,1087,7,1,2295.00,,2295.00
3079,1087,8,1,2295.00,,2295.00
3080,1088,1,2,2700.00,,2700.00
3081,1088,2,2,2700.00,,2700.00
3082,1088,3,2,2700.00,,2700.00
3083,1089,1,3,3200.00,,3200.00
3084,1089,2,3,3200.00,,3200.00
3085,1089,3,3,3200.00,,3200.00
3086,1090,1,1,2295.00,,2295.00
3087,1090,2,1,2295.00,,2295.00
3088,1090,3,0,2037.00,,2037.00
3089,1090,4,0,2037.00,,2037.00
3090,1090,5,1,2295.00,,2295.00
3091,1090,6,1,2295.00,,2295.00
3092,1090,7,1,2295.00,,2295.00
3093,1091,1,4,4100.00,,4100.00
3094,1091,2,4,4100.00,,4100.00
3095,1092,1,3,3200.00,,3200.00
3096,1092,2,3,3200.00,,3200.00
3097,1093,1,2,2700.00,,2700.00
3098,1093,2,2,2700.00,,2700.00
3099,1093,3,2,2700.00,,2700.00
3100,1094,1,4,4100.00,,4100.00
3101,1094,2,4,4100.00,,4100.00
3102,1095,1,2,2700.00,,2700.00
3103,1095,2,2,2700.00,,2700.00
3104,1095,3,2,2700.00,,2700.00
3105,1096,1,3,3200.00,,3200.00
3106,1096,2,3,3200.00,,3200.00
3107,1096,3,3,3200.00,,3200.00
3108,1097,1,4,4100.00,,4100.00
3109,1097,2,3,3200.00,,3200.00
3110,1098,1,2,2700.00,,2700.00
3111,1098,2,3,3200.00,,3200.00
3112,1098,3,2,2700.00,,2700.00
3113,1099,1,3,3200.00,,3200.00
3114,1099,2,2,2700.00,,2700.00
3115,1099,3,2,2700.00,,2700.00
3116,1100,1,2,2700.00,,2700.00
3117,1100,2,2,2700.00,,2700.00
3118,1100,3,3,3200.00,,3200.00
3119,1101,1,5,5000.00,,5000.00
3120,1101,2,5,5000.00,,5000.00
3121,1102,1,3,3200.00,,3200.00
3122,1102,2,2,2700.00,,2700.00
3123,1103,1,3,3200.00,,3200.00
3124,1103,2,4,4100.00,,4100.00
3125,1104,1,3,3200.00,,3200.00
3126,1104,2,3,3200.00,,3200.00
3127,1105,1,3,3200.00,,3200.00
3128,1105,2,2,2700.00,,2700.00
3129,1106,1,1,2295.00,,2295.00
3130,1106,2,0,2037.00,,2037.00
3131,1106,3,1,2295.00,,2295.00
3132,1106,4,1,2295.00,,2295.00
3133,1106,5,1,2295.00,,2295.00
3134,1107,1,1,2295.00,,2295.00
3135,1107,2,2,2700.00,,2700.00
3136,1107,3,1,2295.00,,2295.00
3137,1107,4,1,2295.00,,2295.00
3138,1108,1,3,3200.00,,3200.00
3139,1108,2,3,3200.00,,3200.00
3140,1108,3,3,3200.00,,3200.00
3141,1109,1,1,2295.00,,2295.00
3142,1109,2,1,2295.00,,2295.00
3143,1109,3,1,2295.00,,2295.00
3144,1109,4,1,2295.00,,2295.00
3145,1109,5,1,2295.00,,2295.00
3146,1109,6,1,2295.00,,2295.00
3147,1109,7,1,2295.00,,2295.00
3148,1110,1,4,4100.00,,4100.00
3149,1110,2,4,4100.00,,4100.00
3150,1111,1,2,2700.00,,2700.00
3151,1111,2,2,2700.00,,2700.00
3152,1111,3,3,3200.00,,3200.00
3153,1112,1,3,3200.00,,3200.00
3154,1112,2,3,3200.00,,3200.00
3155,1113,1,2,2700.00,,2700.00
3156,1113,2,2,2700.00,,2700.00
3157,1114,1,3,3200.00,,3200.00
3158,1114,2,3,3200.00,,3200.00
3159,1115,1,2,2700.00,,2700.00
3160,1115,2,3,3200.00,,3200.00
3161,1116,1,3,3200.00,,3200.00
3162,1116,2,3,3200.00,,3200.00
3163,1117,1,2,2700.00,,2700.00
3164,1117,2,3,3200.00,,3200.00
3165,1118,1,2,2700.00,,2700.00
3166,1118,2,3,3200.00,,3200.00
3167,1119,1,2,2700.00,,2700.00
3168,1119,2,2,2700.00,,2700.00
3169,1119,3,1,2295.00,,2295.00
3170,1120,1,1,2295.00,,2295.00
3171,1120,2,2,2700.00,,2700.00
3172,1120,3,1,2295.00,,2295.00
3173,1121,1,2,2700.00,,2700.00
3174,1121,2,2,2700.00,,2700.00
3175,1122,1,2,2700.00,,2700.00
3176,1122,2,3,3200.00,,3200.00
3177,1123,1,3,3200.00,,3200.00
3178,1123,2,3,3200.00,,3200.00
3179,1124,1,0,2037.00,,2037.00
3180,1124,2,0,2037.00,,2037.00
3181,1124,3,0,2037.00,,2037.00
3182,1124,4,1,2295.00,,2295.00
3183,1124,5,0,2037.00,,2037.00
3184,1124,6,0,2037.00,,2037.00
3185,1124,7,1,2295.00,,2295.00
3186,1124,8,1,2295.00,,2295.00
3187,1125,1,1,2295.00,,2295.00
3188,1125,2,1,2295.00,,2295.00
3189,1125,3,1,2295.00,,2295.00
3190,1125,4,1,2295.00,,2295.00
3191,1126,1,2,2700.00,,2700.00
3192,1126,2,2,2700.00,,2700.00
3193,1126,3,3,3200.00,,3200.00
3194,1126,4,2,2700.00,,2700.00
3195,1126,5,3,3200.00,,3200.00
3196,1126,6,2,2700.00,,2700.00
3197,1127,1,2,2700.00,,2700.00
3198,1127,2,2,2700.00,,2700.00
3199,1127,3,2,2700.00,,2700.00
3200,1127,4,2,2700.00,,2700.00
3201,1128,1,3,3200.00,,3200.00
3202,1128,2,3,3200.00,,3200.00
3203,1129,1,1,2295.00,,2295.00
3204,1129,2,2,2700.00,,2700.00
3205,1130,1,0,2037.00,,2037.00
3206,1130,2,1,2295.00,,2295.00
3207,1130,3,0,2037.00,,2037.00
3208,1130,4,1,2295.00,,2295.00
3209,1130,5,0,2037.00,,2037.00
3210,1130,6,1,2295.00,,2295.00
3211,1130,7,0,2037.00,,2037.00
3212,1131,1,2,2700.00,,2700.00
3213,1131,2,2,2700.00,,2700.00
3214,1131,3,2,2700.00,,2700.00
3215,1132,1,3,3200.00,,3200.00
3216,1132,2,3,3200.00,,3200.00
3217,1133,1,1,2295.00,,2295.00
3218,1133,2,0,2037.00,,2037.00
3219,1133,3,1,2295.00,,2295.00
3220,1133,4,1,2295.00,,2295.00
3221,1133,5,1,2295.00,,2295.00
3222,1133,6,1,2295.00,,2295.00
3223,1134,1,3,3200.00,,3200.00
3224,1134,2,2,2700.00,,2700.00
3225,1134,3,2,2700.00,,2700.00
3226,1134,4,2,2700.00,,2700.00
3227,1134,5,3,3200.00,,3200.00
3228,1134,6,2,2700.00,,2700.00
3229,1135,1,3,3200.00,,3200.00
3230,1135,2,2,2700.00,,2700.00
3231,1136,1,1,2295.00,,2295.00
3232,1136,2,1,2295.00,,2295.00
3233,1137,1,3,3200.00,,3200.00
3234,1137,2,3,3200.00,,3200.00
3235,1138,1,3,3200.00,,3200.00
3236,1138,2,3,3200.00,,3200.00
3237,1138,3,2,2700.00,,2700.00
3238,1138,4,2,2700.00,,2700.00
3239,1139,1,3,3200.00,,3200.00
3240,1139,2,2,2700.00,,2700.00
3241,1139,3,2,2700.00,,2700.00
3242,1139,4,2,2700.00,,2700.00
3243,1140,1,1,2295.00,,2295.00
3244,1140,2,1,2295.00,,2295.00
3245,1140,3,1,2295.00,,2295.00
3246,1140,4,1,2295.00,,2295.00
3247,1140,5,1,2295.00,,2295.00
3248,1141,1,2,2700.00,,2700.00
3249,1141,2,1,2295.00,,2295.00
3250,1141,3,2,2700.00,,2700.00
3251,1142,1,3,3200.00,,3200.00
3252,1142,2,3,3200.00,,3200.00
3253,1143,1,3,3200.00,,3200.00
3254,1143,2,3,3200.00,,3200.00
3255,1144,1,2,2700.00,,2700.00
3256,1144,2,3,3200.00,,3200.00
3257,1145,1,2,2700.00,,2700.00
3258,1145,2,2,2700.00,,2700.00
3259,1146,1,5,5000.00,,5000.00
3260,1146,2,5,5000.00,,5000.00
3261,1147,1,3,3200.00,,3200.00
3262,1147,2,3,3200.00,,3200.00
3263,1148,1,2,2700.00,,2700.00
3264,1148,2,2,2700.00,,2700.00
3265,1149,1,2,2700.00,,2700.00
3266,1149,2,2,2700.00,,2700.00
3267,1149,3,2,2700.00,,2700.00
3268,1150,1,3,3200.00,,3200.00
3269,1150,2,3,3200.00,,3200.00
3270,1150,3,2,2700.00,,2700.00
3271,1151,1,5,5000.00,,5000.00
3272,1151,2,4,4100.00,,4100.00
3273,1152,1,4,4100.00,,4100.00
3274,1152,2,3,3200.00,,3200.00
3275,1153,1,4,4100.00,,4100.00
3276,1153,2,3,3200.00,,3200.00
3277,1154,1,3,3200.00,,3200.00
3278,1154,2,3,3200.00,,3200.00
3279,1155,1,2,2700.00,,2700.00
3280,1155,2,2,2700.00,,2700.00
3281,1156,1,2,2700.00,,2700.00
3282,1156,2,2,2700.00,,2700.00
3283,1157,1,2,2700.00,,2700.00
3284,1157,2,3,3200.00,,3200.00
3285,1158,1,1,2295.00,,2295.00
3286,1158,2,1,2295.00,,2295.00
3287,1159,1,3,3200.00,,3200.00
3288,1159,2,3,3200.00,,3200.00
3289,1160,1,3,3200.00,,3200.00
3290,1160,2,3,3200.00,,3200.00
3291,1161,1,4,4100.00,,4100.00
3292,1161,2,4,4100.00,,4100.00
3293,1162,1,3,3200.00,,3200.00
3294,1162,2,4,4100.00,,4100.00
3295,1163,1,1,2295.00,,2295.00
3296,1163,2,1,2295.00,,2295.00
3297,1163,3,1,2295.00,,2295.00
3298,1163,4,1,2295.00,,2295.00
3299,1163,5,1,2295.00,,2295.00
3300,1164,1,2,2700.00,,2700.00
3301,1164,2,2,2700.00,,2700.00
3302,1165,1,5,5000.00,,5000.00
3303,1165,2,5,5000.00,,5000.00
3304,1166,1,3,3200.00,,3200.00
3305,1166,2,4,4100.00,,4100.00
3306,1167,1,3,3200.00,,3200.00
3307,1167,2,3,3200.00,,3200.00
3308,1168,1,2,2700.00,,2700.00
3309,1168,2,2,2700.00,,2700.00
3310,1169,1,1,2295.00,,2295.00
3311,1169,2,1,2295.00,,2295.00
3312,1169,3,1,2295.00,,2295.00
3313,1169,4,1,2295.00,,2295.00
3314,1169,5,1,2295.00,,2295.00
3315,1170,1,1,2295.00,,2295.00
3316,1170,2,1,2295.00,,2295.00
3317,1170,3,1,2295.00,,2295.00
3318,1170,4,1,2295.00,,2295.00
3319,1170,5,1,2295.00,,2295.00
3320,1171,1,3,3200.00,,3200.00
3321,1171,2,3,3200.00,,3200.00
3322,1171,3,3,3200.00,,3200.00
3323,1172,1,2,2700.00,,2700.00
3324,1172,2,1,2295.00,,2295.00
3325,1172,3,1,2295.00,,2295.00
3326,1173,1,2,2700.00,,2700.00
3327,1173,2,2,2700.00,,2700.00
3328,1174,1,2,2700.00,,2700.00
3329,1174,2,2,2700.00,,2700.00
3330,1175,1,2,2700.00,,2700.00
3331,1175,2,2,2700.00,,2700.00
3332,1176,1,2,2700.00,,2700.00
3333,1176,2,2,2700.00,,2700.00
3334,1177,1,3,3200.00,,3200.00
3335,1177,2,3,3200.00,,3200.00
3336,1178,1,4,4100.00,,4100.00
3337,1178,2,3,3200.00,,3200.00
3338,1179,1,2,2700.00,,2700.00
3339,1179,2,2,2700.00,,2700.00
3340,1180,1,2,2700.00,,2700.00
3341,1180,2,2,2700.00,,2700.00
3342,1181,1,4,4100.00,,4100.00
3343,1181,2,4,4100.00,,4100.00
3344,1182,1,5,5000.00,,5000.00
3345,1182,2,5,5000.00,,5000.00
3346,1183,1,3,3200.00,,3200.00
3347,1183,2,2,2700.00,,2700.00
3348,1184,1,2,2700.00,,2700.00
3349,1184,2,2,2700.00,,2700.00
3350,1185,1,3,3200.00,,3200.00
3351,1185,2,3,3200.00,,3200.00
3352,1186,1,2,2700.00,,2700.00
3353,1186,2,2,2700.00,,2700.00
3354,1187,1,1,2295.00,,2295.00
3355,1187,2,2,2700.00,,2700.00
3356,1187,3,1,2295.00,,2295.00
3357,1188,1,3,3200.00,,3200.00
3358,1188,2,3,3200.00,,3200.00
3359,1189,1,3,3200.00,,3200.00
3360,1189,2,3,3200.00,,3200.00
3361,1190,1,2,2700.00,,2700.00
3362,1190,2,3,3200.00,,3200.00
3363,1191,1,3,3200.00,,3200.00
3364,1191,2,2,2700.00,,2700.00
3365,1191,3,3,3200.00,,3200.00
3366,1192,1,2,2700.00,,2700.00
3367,1192,2,2,2700.00,,2700.00
3368,1193,1,2,2700.00,,2700.00
3369,1193,2,2,2700.00,,2700.00
3370,1194,1,1,2295.00,,2295.00
3371,1194,2,1,2295.00,,2295.00
3372,1194,3,1,2295.00,,2295.00
3373,1195,1,2,2700.00,,2700.00
3374,1195,2,2,2700.00,,2700.00
3375,1196,1,3,3200.00,,3200.00
3376,1196,2,3,3200.00,,3200.00
3377,1197,1,1,2295.00,,2295.00
3378,1197,2,1,2295.00,,2295.00
3379,1198,1,1,2295.00,,2295.00
3380,1198,2,1,2295.00,,2295.00
3381,1198,3,1,2295.00,,2295.00
3382,1199,1,4,4100.00,,4100.00
3383,1199,2,3,3200.00,,3200.00
3384,1200,1,2,2700.00,,2700.00
3385,1200,2,3,3200.00,,3200.00
3386,1201,1,2,2700.00,,2700.00
3387,1201,2,3,3200.00,,3200.00
3388,1202,1,1,2295.00,,2295.00
3389,1202,2,1,2295.00,,2295.00
3390,1203,1,3,3200.00,,3200.00
3391,1203,2,3,3200.00,,3200.00
3392,1204,1,2,2700.00,,2700.00
3393,1204,2,2,2700.00,,2700.00
3394,1205,1,2,2700.00,,2700.00
3395,1205,2,2,2700.00,,2700.00
3396,1206,1,2,2700.00,,2700.00
3397,1206,2,2,2700.00,,2700.00
3398,1207,1,2,2700.00,,2700.00
3399,1207,2,2,2700.00,,2700.00
3400,1208,1,2,2700.00,,2700.00
3401,1208,2,2,2700.00,,2700.00
3402,1209,1,1,2295.00,,2295.00
3403,1209,2,1,2295.00,,2295.00
3404,1210,1,2,2700.00,,2700.00
3405,1210,2,2,2700.00,,2700.00
3406,1211,1,3,3200.00,,3200.00
3407,1211,2,2,2700.00,,2700.00
3408,1212,1,2,2700.00,,2700.00
3409,1212,2,2,2700.00,,2700.00
3410,1213,1,2,2700.00,,2700.00
3411,1213,2,2,2700.00,,2700.00
3412,1214,1,3,3200.00,,3200.00
3413,1214,2,2,2700.00,,2700.00
3414,1215,1,3,3200.00,,3200.00
3415,1215,2,3,3200.00,,3200.00
3416,1216,1,2,2700.00,,2700.00
3417,1216,2,3,3200.00,,3200.00
3418,1217,1,1,2295.00,,2295.00
3419,1217,2,2,2700.00,,2700.00
3420,1218,1,3,3200.00,,3200.00
3421,1218,2,3,3200.00,,3200.00
3422,1219,1,3,3200.00,,3200.00
3423,1219,2,3,3200.00,,3200.00
3424,1220,1,3,3200.00,,3200.00
3425,1220,2,3,3200.00,,3200.00
3426,1221,1,3,3200.00,,3200.00
3427,1221,2,3,3200.00,,3200.00
3428,1222,1,2,2700.00,,2700.00
3429,1222,2,2,2700.00,,2700.00
3430,1223,1,2,2700.00,,2700.00
3431,1223,2,2,2700.00,,2700.00
3432,1223,3,2,2700.00,,2700.00
3433,1224,1,2,2700.00,,2700.00
3434,1224,2,3,3200.00,,3200.00
3435,1225,1,2,2700.00,,2700.00
3436,1225,2,3,3200.00,,3200.00
3437,1226,1,4,4100.00,,4100.00
3438,1226,2,5,5000.00,,5000.00
3439,1227,1,4,4100.00,,4100.00
3440,1227,2,5,5000.00,,5000.00
3441,1228,1,3,3200.00,,3200.00
3442,1228,2,3,3200.00,,3200.00
3443,1229,1,1,2295.00,,2295.00
3444,1229,2,1,2295.00,,2295.00
3445,1229,3,1,2295.00,,2295.00
3446,1229,4,1,2295.00,,2295.00
3447,1229,5,1,2295.00,,2295.00
3448,1229,6,1,2295.00,,2295.00
3449,1230,1,3,3200.00,,3200.00
3450,1230,2,3,3200.00,,3200.00
3451,1231,1,2,2700.00,,2700.00
3452,1231,2,2,2700.00,,2700.00
3453,1232,1,1,2295.00,,2295.00
3454,1232,2,0,2037.00,,2037.00
3455,1232,3,0,2037.00,,2037.00
3456,1233,1,1,2295.00,,2295.00
3457,1233,2,1,2295.00,,2295.00
3458,1233,3,1,2295.00,,2295.00
3459,1234,1,2,2700.00,,2700.00
3460,1234,2,2,2700.00,,2700.00
3461,1234,3,2,2700.00,,2700.00
3462,1235,1,4,4100.00,,4100.00
3463,1235,2,4,4100.00,,4100.00
